master_record_number,agency,agency_tracking_number,county,city,collision_date,vehicles_involved,number_injured,number_dead,latitude,longitude,roadway_name,roadway_suffix,roadway_number,roadway_local_id,distance_from_reference,miles-feet_indicator,direction_from_reference,intersection_road_name,intersection_road_name_suffix,intersection_road_number,intersection_local_id,mile_marker,intersection_indicator,intersect_type,interchange_related_indicator,relation_to_junction,work_zone_type,construction_maintenance_zone,construction_maintenance_zone_location,fatal_case_number,officer_first_name,officer_last_name,weather_condition(s),manner_of_crash,pedestrian,bicycle,scooter,parking,hitrun,mou
101779990,METROPOLITAN NASHVILLE POLICE DEPT,20170874628,Davidson,Nashville,10/3/2017 12:59:00 PM,2,0,0,36.182550,-86.759820,NEILL AV,,,,50.00,Feet,South,MANSFIELD ST,,,,0.00,N,Not at Intersection, ,Non-Junction,None,,,         ,Richard,Conger,Clear,Front to Rear,no,no,no,no,yes,False
101779992,METROPOLITAN NASHVILLE POLICE DEPT,20170874528,Davidson,Nashville,10/3/2017 12:11:00 PM,2,0,0,36.127080,-86.708390,THOMPSON PL,,,,342.00,Feet,West,PATRICIA DR,,,,0.00,N,Not at Intersection,N,"Driveway, Alley Access, etc",None,,,         ,Michael,Dance,Clear,Angle,no,no,no,no,no,False
101779993,METROPOLITAN NASHVILLE POLICE DEPT,20170874622,Davidson,Nashville,10/3/2017 12:45:00 PM,2,2,0,36.092760,-86.839740,HARDING PL,,,,0.00,,,ESTES RD,,,,0.00,Y,T-Intersection,N,Intersection,None,,,         ,Curtis,Rich,Clear,Front to Rear,no,no,no,no,no,False
101780000,METROPOLITAN NASHVILLE POLICE DEPT,20170874470,Davidson,Nashville,10/3/2017 11:56:00 AM,1,0,0,36.151790,-86.779250,8TH AVS,,,,0.00,,,GLEAVES ST,,,,0.00,Y,T-Intersection, ,Intersection,None,,,         ,Shawn,Taylor,Clear,Not Collision with Motor Vehicle in Transport,no,no,no,no,no,False
101780020,METROPOLITAN NASHVILLE POLICE DEPT,20170873977,Davidson,Nashville,10/3/2017 8:17:00 AM,2,0,0,36.164620,-86.780810,UNION ST,,,,84.00,Feet,East,5TH AVN,,,,0.00,N,Not at Intersection, ,Non-Junction,None,,,         ,Wesley,Henderson,Cloudy,"Sideswipe, Same Direction",no,no,no,no,no,False
101780039,METROPOLITAN NASHVILLE POLICE DEPT,20170873758,Davidson,Nashville,10/3/2017 5:35:00 AM,1,0,0,36.153070,-86.791220,MCGAVOCK ST,,,,292.00,Feet,East,16TH AVS,,,,0.00,N,Not at Intersection, ,Non-Junction,None,,,         ,Jessie,Loy,Clear,Not Collision with Motor Vehicle in Transport,no,no,no,no,no,False
101780054,METROPOLITAN NASHVILLE POLICE DEPT,20170874613,Davidson,Nashville,10/3/2017 12:51:00 PM,2,0,0,36.088940,-86.763070,I 65,,,,0.00,Feet,East,I65 S EXT RAMP,,,,0.00,N,Not at Intersection, ,Non-Junction,None,,,         ,Phillip,Murphy,Clear,"Sideswipe, Same Direction",no,no,no,no,no,False
101780083,METROPOLITAN NASHVILLE POLICE DEPT,20170874711,Davidson,Not in City Limit,10/3/2017 1:38:00 PM,2,2,0,36.260170,-86.712940,GALLATIN PKES,,,,74.00,Feet,South,HICKORY ST,,,,0.00,N,Not at Intersection,N,Non-Junction,None,,,         ,Thomas,Odom,Clear,Front to Rear,no,no,no,no,no,False
101780084,METROPOLITAN NASHVILLE POLICE DEPT,20170874573,Davidson,Madison,10/3/2017 12:30:00 PM,2,0,0,36.296360,-86.698750,MYATT DR,,,,162.00,Feet,North,RIVERGATE STATION PVTDR,,,,0.00,N,Not at Intersection,N,Non-Junction,None,,,         ,Faye,Denson,Clear,"Sideswipe, Opposite Direction",no,no,no,no,no,False
101780085,METROPOLITAN NASHVILLE POLICE DEPT,20170874749,Davidson,Nashville,10/3/2017 1:51:00 PM,2,0,0,36.207650,-86.616380,MONACO DR,,,,0.00,,,SWEDEN DR,,,,0.00,Y,T-Intersection, ,Intersection,None,,,         ,Michael,Dance,Clear,"Sideswipe, Same Direction",no,no,no,no,no,False
101780097,METROPOLITAN NASHVILLE POLICE DEPT,20170874743,Davidson,Nashville,10/3/2017 12:30:00 PM,2,0,0,36.151990,-86.848010,CHARLOTTE AV,,,,164.00,Feet,East,51ST AVN,,,,0.00,N,Not at Intersection, ,Non-Junction,None,,,         ,Michael,Pyle,Clear,"Sideswipe, Same Direction",no,no,no,no,yes,False
101780111,METROPOLITAN NASHVILLE POLICE DEPT,20170874701,Davidson,Bellevue,10/3/2017 1:20:00 PM,2,0,0,36.073830,-86.930020,HIGHWAY 70S,,,,0.00,,,HIGHWAY 70S,,,,0.00,,Not at Intersection, ,Non-Junction,None,,,         ,Kevin,McGinniss,Clear,"Sideswipe, Same Direction",no,no,no,no,no,False
101780140,METROPOLITAN NASHVILLE POLICE DEPT,20170874764,Davidson,Nashville,10/3/2017 2:00:00 PM,2,0,0,36.064190,-86.683950,I 24,,,,0.00,,,,,,,57.50,N,Not at Intersection, ,Non-Junction,None,,,         ,Jessie,Meadows,Clear,"Sideswipe, Same Direction",no,no,no,no,no,False
101780170,METROPOLITAN NASHVILLE POLICE DEPT,20170874784,Davidson,Nashville,10/3/2017 2:09:00 PM,2,2,0,36.191690,-86.784410,I 65,,,,0.00,,,,,,,86.10,N,Not at Intersection,N,Non-Junction,None,,,         ,Michael,McCord,Clear,Front to Rear,no,no,no,no,no,False
101780182,METROPOLITAN NASHVILLE POLICE DEPT,20170874878,Davidson,Antioch,10/3/2017 2:45:00 PM,2,0,0,36.030250,-86.612610,LOGISTICS WAY,,,,0.00,,,OLD HICKORY BLVD,,,,0.00,Y,T-Intersection, ,Intersection,None,,,         ,Candice,Soper,Clear,Front to Rear,no,no,no,no,no,False
101780183,METROPOLITAN NASHVILLE POLICE DEPT,20170874881,Davidson,Nashville,10/3/2017 2:50:00 PM,2,0,0,36.127830,-86.786160,BRADFORD AV,,,,0.00,,,10TH AVS,,,,0.00,Y,T-Intersection, ,,None,,,         ,Hillary,Sherman,,,no,no,no,no,no,False
101780184,METROPOLITAN NASHVILLE POLICE DEPT,20170874868,Davidson,Nashville,10/3/2017 2:25:00 PM,2,0,0,36.170270,-86.805690,I 40,,,,0.00,,,,,,,207.35,N,Not at Intersection, ,Non-Junction,None,,,         ,Kevin,Reynolds,Clear,Front to Rear,no,no,no,no,no,False
101780186,METROPOLITAN NASHVILLE POLICE DEPT,20170874834,Davidson,Nashville,10/3/2017 12:00:00 AM,3,0,0,36.191700,-86.785890,I 65,,,,0.00,,,,,,,86.00,N,Not at Intersection, ,Non-Junction,None,,,         ,Melvin,Taylor,Clear,Front to Rear,no,no,no,no,no,False
101780192,METROPOLITAN NASHVILLE POLICE DEPT,20170874902,Davidson,Nashville,10/3/2017 2:12:00 PM,2,0,0,36.166350,-86.780690,4TH AVN,,,,0.00,,,CHARLOTTE AV,,,,0.00,Y,Four-Way, ,Intersection,None,,,         ,Chad,Wilkinson,Clear,Angle,no,no,no,no,no,False
101780219,METROPOLITAN NASHVILLE POLICE DEPT,20170874846,Davidson,Nashville,10/3/2017 2:43:00 PM,2,3,0,36.156240,-86.802940,MURPHY AV,,,,0.00,,,20TH AVN,,,,0.00,Y,T-Intersection,N,Intersection-Related,None,,,         ,Eric,Burford,Clear,Angle,no,no,no,no,no,False
101780232,METROPOLITAN NASHVILLE POLICE DEPT,20170874889,Davidson,Nashville,10/3/2017 2:55:00 PM,2,1,0,36.079600,-86.726320,NOLENSVILLE PKE,,,,0.00,,,HARDING PL,,,,0.00,Y,Four-Way,Y,Intersection,None,,,         ,Mary,Williams,Clear,Front to Rear,no,no,no,no,yes,False
101780239,METROPOLITAN NASHVILLE POLICE DEPT,20170875099,Davidson,Nashville,10/3/2017 4:11:00 PM,2,0,0,36.079600,-86.726320,NOLENSVILLE PKE,,,,0.00,Feet,,HARDING PL,,,,0.00,Y,Four-Way, ,Intersection-Related,None,,,         ,Alyson,Cook,Clear,Front to Rear,no,no,no,no,no,False
101780243,METROPOLITAN NASHVILLE POLICE DEPT,20170874864,Davidson,Nashville,10/3/2017 2:20:00 PM,2,0,0,36.035010,-86.715200,BRENTWOOD HIGHLANDS DR,,,,29.00,Feet,West,TIMBER RIDGE CIR,,,,0.00,N,Not at Intersection,N,Non-Junction,None,,,         ,Jon,Mcvey,Clear,"Sideswipe, Same Direction",no,no,no,no,no,False
101780250,METROPOLITAN NASHVILLE POLICE DEPT,20170875065,Davidson,Nashville,10/3/2017 3:48:00 PM,2,0,0,36.124330,-86.696730,VULTEE BLVD,,,,117.00,Feet,West,BRILEY PKWY,,,,0.00,N,Not at Intersection, ,Non-Junction,None,,,         ,Patrick,Taylor,Clear,"Sideswipe, Same Direction",no,no,no,no,no,False
101780255,METROPOLITAN NASHVILLE POLICE DEPT,20170874220,Davidson,Nashville,10/3/2017 9:55:00 AM,2,0,0,36.141370,-86.721820,SPENCE LN,,,,90.00,Feet,North,I40 W EXT RAMP,,,,0.00,N,Not at Intersection, ,Non-Junction,None,,,         ,Cody,O'Quinn,Clear,Front to Rear,no,no,no,no,no,False
101780269,METROPOLITAN NASHVILLE POLICE DEPT,20170875131,Davidson,Nashville,10/3/2017 4:00:00 PM,2,0,0,36.135130,-86.725240,I24 W EXT RAMP,,,,0.00,Feet,East,I24 W ENT RAMP,,,,0.00,N,Not at Intersection, ,Entrance/Exit Ramp Related,None,,,         ,Jessie,Meadows,Clear,Front to Rear,no,no,no,no,no,False
101780290,METROPOLITAN NASHVILLE POLICE DEPT,20170874768,Davidson,Nashville,10/3/2017 1:19:00 PM,1,1,0,36.129330,-86.802560,21ST AVS,,,,0.00,,,ASHWOOD AV,,,,0.00,Y,Four-Way,N,Intersection-Related,None,,,         ,Russell,Freeman,Clear,Not Collision with Motor Vehicle in Transport,no,no,no,no,no,False
101780297,METROPOLITAN NASHVILLE POLICE DEPT,20170875172,Davidson,Nashville,10/3/2017 12:00:00 AM,2,0,0,36.175850,-86.771800,I24 W ENT RAMP,,,,0.00,,,I 24,,,,0.00,Y,Roundabout, ,Entrance/Exit Ramp Related,None,,,         ,Michael,Mendenhall,Clear,Front to Rear,no,no,no,no,yes,False
101780300,BERRY HILL POLICE DEPT,17-3383,Davidson,Berry Hill,10/3/2017 2:20:00 PM,2,0,0,36.126240,-86.773410,CRAIGHEAD ST,,,,0.00,,,,,,,0.00,,Not at Intersection,N,Non-Junction,None,,,         ,John,Gleixner,Clear,Angle,no,no,no,yes,no,False
101780302,METROPOLITAN NASHVILLE POLICE DEPT,20170875066,Davidson,Nashville,10/3/2017 4:00:00 PM,3,1,0,36.109020,-86.770030,I 65,,,,0.00,,,,,,,79.70,N,Not at Intersection,N,Non-Junction,None,,,         ,Bradley,Pope,Cloudy,Front to Rear,no,no,no,no,no,False
101780305,METROPOLITAN NASHVILLE POLICE DEPT,20170875185,Davidson,Nashville,10/3/2017 4:30:00 PM,2,0,0,36.172950,-86.795150,10TH AVN,,,,0.00,,,REV DR ENOCH JONES BLVD,,,,0.00,Y,Four-Way,N,Intersection,None,,,         ,Landon,Bagwell,Clear,Angle,no,no,no,no,yes,False
101780309,METROPOLITAN NASHVILLE POLICE DEPT,20170875267,Davidson,Nashville,10/3/2017 4:29:00 PM,2,0,0,36.168470,-86.776690,JAMES ROBERTSON PKWY,,,,243.00,Feet,East,DOWNTOWN GRNWY,,,,0.00,N,Not at Intersection,N,Non-Junction,None,,,         ,Darren,White,Clear,Angle,no,no,no,no,yes,False
101780311,METROPOLITAN NASHVILLE POLICE DEPT,20170875244,Davidson,Antioch,10/3/2017 4:45:00 PM,2,0,0,36.016310,-86.620010,OLD HICKORY BLVD,,,,200.00,Feet,South,FIRESTONE PKWY,,,,0.00,N,Not at Intersection,N,Non-Junction,None,,,         ,Candice,Soper,Clear,Angle,no,no,no,no,no,False
101780318,METROPOLITAN NASHVILLE POLICE DEPT,20170875335,Davidson,Not in City Limit,10/3/2017 5:36:00 PM,2,0,0,36.280780,-86.732760,I 65,,,,0.00,,,,,,,93.40,N,Not at Intersection, ,Non-Junction,None,,,         ,Christopher,Littles,Clear,Front to Rear,no,no,no,no,no,False
101780325,METROPOLITAN NASHVILLE POLICE DEPT,20170875189,Davidson,Nashville,10/3/2017 4:34:00 PM,2,0,0,36.045950,-86.675340,BELL RD,,,,303.00,Feet,West,BLUE HOLE RD,,,,0.00,N,Not at Intersection, ,"Driveway, Alley Access, etc",None,,,         ,Nathaniel,Myers,Clear,Angle,no,no,no,no,no,False
101780335,METROPOLITAN NASHVILLE POLICE DEPT,20170875298,Davidson,Nashville,10/3/2017 5:10:00 PM,3,0,0,36.087680,-86.691600,HARDING PL,,,,201.00,Feet,East,ANTIOCH PKE,,,,0.00,N,Not at Intersection, ,Non-Junction,None,,,         ,Alyson,Cook,Clear,Front to Rear,no,no,no,no,no,False
101780337,METROPOLITAN NASHVILLE POLICE DEPT,20170874885,Davidson,Nashville,10/3/2017 2:01:00 PM,2,0,0,36.169560,-86.603350,I40 E EXT RAMP,,,,0.00,,,I 40,,,,0.00,Y,OTHER,N,Non-Junction,None,,,         ,Sekou,Samassi,Clear,"Sideswipe, Same Direction",yes,no,no,no,no,False
101780338,METROPOLITAN NASHVILLE POLICE DEPT,2017-0875132,Davidson,Nashville,10/3/2017 4:25:00 PM,2,2,0,36.173110,-86.602030,OLD HICKORY BLVD,,,,179.00,Feet,South,CENTRAL PKE,,,,0.00,N,Not at Intersection,N,Non-Junction,None,,,         ,Sandra,Talavera,Clear,Angle,no,no,no,no,no,False
101780340,METROPOLITAN NASHVILLE POLICE DEPT,20170875203,Davidson,Nashville,10/3/2017 4:44:00 PM,3,2,0,36.045730,-86.855430,OLD HICKORY BLVD,,,,0.00,,,WILDWOOD VALLEY DR,,,,0.00,Y,T-Intersection,N,Intersection,None,,,         ,Edin,Plancic,Clear,Angle,no,no,no,no,no,False
101780342,METROPOLITAN NASHVILLE POLICE DEPT,20170875326,Davidson,Not in City Limit,10/3/2017 5:25:00 PM,2,0,0,36.279160,-86.801740,I 24,,,,0.00,,,,,,,40.40,N,Not at Intersection, ,,None,,,         ,Seth,Vaughn,,,no,no,no,no,no,False
101780343,METROPOLITAN NASHVILLE POLICE DEPT,20170875428,Davidson,Nashville,10/3/2017 5:10:00 PM,2,0,0,36.153090,-86.769460,2ND AVS,,,,71.00,Feet,South,ASH ST,,,,0.00,N,Not at Intersection, ,,None,,,         ,Darren,White,,,no,no,no,no,no,False
101780344,METROPOLITAN NASHVILLE POLICE DEPT,2017-0875388,Davidson,Nashville,10/3/2017 5:54:00 PM,2,1,0,36.132280,-86.818610,I 440,,,,0.00,,,,,,,1.80,N,Not at Intersection,Y,Entrance/Exit Ramp Related,None,,,         ,Ryan,Allen,Clear,Front to Rear,no,no,no,no,no,False
101780350,METROPOLITAN NASHVILLE POLICE DEPT,20170875020,Davidson,Nashville,10/3/2017 3:35:00 PM,2,0,0,36.153870,-86.719930,LEBANON PKE,,,,0.00,,,SPENCE ENCLAVE WAY,,,,0.00,Y,T-Intersection,N,Non-Junction,None,,,         ,Jefferson,Hughes,Clear,"Sideswipe, Same Direction",no,no,no,no,no,False
101780351,METROPOLITAN NASHVILLE POLICE DEPT,20170875225,Davidson,Nashville,10/3/2017 4:50:00 PM,3,0,0,36.149530,-86.860510,CHARLOTTE PKE,,,,177.00,Feet,West,OCEOLA AV,,,,0.00,N,Not at Intersection,N,Non-Junction,None,,,         ,Walter,Gray II,Clear,Angle,no,no,no,no,no,False
101780356,METROPOLITAN NASHVILLE POLICE DEPT,20170875357,Davidson,Nashville,10/3/2017 5:48:00 PM,3,2,0,36.100190,-86.625620,BELL RD,,,,0.53,Miles,South,NED SHELTON RD,,,,0.00,N,Not at Intersection,N,Non-Junction,None,,,         ,Michael,Apsey,Clear,Front to Rear,no,no,no,no,no,False
101780360,METROPOLITAN NASHVILLE POLICE DEPT,20170875439,Davidson,Nashville,10/3/2017 5:35:00 AM,2,0,0,36.177490,-86.607170,FRIST BLVD,,,,663.00,Feet,West,I40 W ENT RAMP,,,,0.00,N,Not at Intersection,N,Non-Junction,None,,,         ,Jonathon,Sheppard,Clear,Unknown,no,no,no,yes,yes,False
101780372,METROPOLITAN NASHVILLE POLICE DEPT,20170875330,Davidson,Nashville,10/3/2017 5:37:00 PM,2,0,0,36.129490,-86.714700,MURFREESBORO PKE,,,,0.00,,,MILLWOOD DR,,,,0.00,Y,T-Intersection,Y,Intersection,None,,,         ,Patrick,Taylor,Clear,Angle,no,no,no,no,no,False
101780392,METROPOLITAN NASHVILLE POLICE DEPT,20170875358,Davidson,Not in City Limit,10/3/2017 5:49:00 PM,2,1,0,35.997100,-86.690210,NOLENSVILLE PKE,,,,125.00,Feet,West,CONCORD RD,,,,0.00,N,Not at Intersection,N,Non-Junction,None,,,         ,Alyson,Cook,Clear,Front to Rear,no,no,no,no,no,False
101780408,Metro Park Police,20170872048,Davidson,Nashville,10/2/2017 4:55:00 PM,2,0,0,36.146770,-86.808780,WEST END AV,,,,50.00,Feet,West,25TH AVN,,,,0.00,N,Not at Intersection,N,Non-Junction,None,,,         ,Martin,Owens,Clear,Front to Rear,no,no,no,no,no,Campus
101780410,METROPOLITAN NASHVILLE POLICE DEPT,2017-0875578,Davidson,Nashville,10/3/2017 5:00:00 PM,2,0,0,36.209040,-86.601770,DES MOINES DR,,,,232.00,Feet,South,ANDREW JACKSON PKWY,,,,0.00,N,Not at Intersection,N,Non-Junction,None,,,         ,Sandra,Talavera,Clear,"Sideswipe, Opposite Direction",no,no,no,no,yes,False
101780411,METROPOLITAN NASHVILLE POLICE DEPT,20170875536,Davidson,Nashville,10/3/2017 7:03:00 PM,2,0,0,36.110790,-86.742960,THOMPSON LN,,,,0.00,Feet,,FOSTER AV,,,,0.00,Y,T-Intersection,N,Intersection,None,,,         ,Alyson,Cook,Clear,Angle,no,no,no,no,no,False
101780412,METROPOLITAN NASHVILLE POLICE DEPT,20170875718,Davidson,Nashville,10/3/2017 7:14:00 PM,2,0,0,36.133580,-86.779160,ROYCROFT PL,,,,0.00,,,8TH AVS,,,,0.00,Y,T-Intersection, ,Intersection-Related,None,,,         ,Tien,Nguyen,Clear,Front to Rear,no,no,no,no,no,False
101780415,METROPOLITAN NASHVILLE POLICE DEPT,20170875513,Davidson,Nashville,10/3/2017 6:50:00 PM,2,0,0,36.099370,-86.763830,I 65,,,,0.00,,,,,,,79.00,N,Not at Intersection, ,Non-Junction,Construction Zone,,,         ,Jon,Mcvey,Clear,Front to Rear,no,no,no,no,no,False
101780423,METROPOLITAN NASHVILLE POLICE DEPT,20170875136,Davidson,Nashville,10/3/2017 3:51:00 PM,2,0,0,36.234250,-86.758470,DICKERSON PKE,,,,315.00,Feet,South,HOMESTEAD RD,,,,0.00,N,Not at Intersection, ,,None,,,         ,Samuel,Miller,,,no,no,no,no,no,False
101780424,METROPOLITAN NASHVILLE POLICE DEPT,20170875289,Davidson,Goodlettsville,10/3/2017 5:10:00 PM,2,0,0,36.296480,-86.698840,MYATT DR,,,,184.00,Feet,South,GALLATIN PKEN,,,,0.00,N,Not at Intersection, ,Non-Junction,None,,,         ,Samuel,Miller,Clear,Angle,no,no,no,no,no,False
101780442,METROPOLITAN NASHVILLE POLICE DEPT,20170875597,Davidson,Nashville,10/3/2017 6:15:00 PM,2,0,0,36.143010,-86.744340,FESSLERS LN,,,,78.00,Feet,North,MURFREESBORO PKE,,,,0.00,N,Not at Intersection,N,Non-Junction,None,,,         ,Jefferson,Hughes,Clear,Angle,no,no,no,no,yes,False
101780470,GOODLETTSVILLE POLICE DEPT,17-34806,Davidson,Goodlettsville,10/3/2017 5:45:00 PM,2,0,0,36.326000,-86.705930,I 65,,,,0.00,,,,,,,97.15,N,Not at Intersection, ,Entrance/Exit Ramp Related,None,,,         ,William,Hunter,Clear,"Sideswipe, Same Direction",no,no,no,no,no,False
101780473,METROPOLITAN NASHVILLE POLICE DEPT,20170875549,Davidson,Nashville,10/3/2017 6:55:00 AM,2,0,0,36.203240,-86.738700,GALLATIN PKE,,,,121.00,Feet,South,E TRINITY LN,,,,0.00,N,Not at Intersection, ,Non-Junction,None,,,         ,Amery,Milligan,Clear,Angle,no,no,no,yes,no,False
101780474,METROPOLITAN NASHVILLE POLICE DEPT,20170875722,Davidson,Nashville,10/3/2017 6:45:00 PM,2,0,0,36.103560,-86.772610,GLEN LEVEN DR,,,,0.00,Feet,,FRANKLIN PKE,,,,0.00,Y,T-Intersection, ,Intersection-Related,None,,,         ,Bradley,Pope,Clear,Front to Rear,no,no,no,no,no,False
101780475,METROPOLITAN NASHVILLE POLICE DEPT,20170875661,Davidson,Nashville,10/3/2017 12:00:00 AM,2,1,0,36.229380,-86.759280,BROADMOOR DR,,,,0.00,,,DICKERSON PKE,,,,0.00,Y,Four-Way,N,Intersection,None,,,         ,Gordon,Stovall,Clear,Angle,no,no,no,no,no,False
101780478,METROPOLITAN NASHVILLE POLICE DEPT,20170875719,Davidson,Nashville,10/3/2017 6:15:00 PM,2,1,0,36.148880,-86.746570,I 40,,,,0.00,,,,,,,211.85,N,Not at Intersection,N,Non-Junction,None,,,         ,Jefferson,Hughes,Clear,Front to Rear,no,no,no,no,yes,False
101780482,METROPOLITAN NASHVILLE POLICE DEPT,20170875034,Davidson,Goodlettsville,10/3/2017 2:57:00 PM,2,0,0,36.295220,-86.697810,MYATT DR,,,,50.00,Feet,North,RIVERGATE STATION PVTDR,,,,0.00,N,Not at Intersection, ,Non-Junction,None,,,         ,Samuel,Miller,Clear,"Sideswipe, Same Direction",no,no,no,no,no,False
101780483,METROPOLITAN NASHVILLE POLICE DEPT,20170875594,Davidson,Not in City Limit,10/3/2017 7:21:00 PM,2,2,0,36.269380,-86.689880,MYATT DR,,,,0.00,,,ROOSEVELT AV,,,,0.00,Y,Four-Way,Y,Intersection-Related,None,,,         ,Samuel,Miller,Clear,Front to Rear,no,no,no,no,no,False
101780499,METROPOLITAN NASHVILLE POLICE DEPT,20170875880,Davidson,Not in City Limit,10/3/2017 7:45:00 PM,1,0,0,36.277040,-86.729370,N GRAYCROFT AV,,,,149.00,Feet,North,E CAMPBELL RD,,,,0.00,N,Not at Intersection,N,Non-Junction,None,,,         ,Conor,Cronin,Clear,Not Collision with Motor Vehicle in Transport,no,no,no,no,no,False
101780525,METROPOLITAN NASHVILLE POLICE DEPT,20170875976,Davidson,Nashville,10/3/2017 9:31:00 PM,2,0,0,36.157850,-86.778580,DEMONBREUN ST,,,,0.00,,,6TH AVS,,,,0.00,Y,Four-Way,N,Intersection,Construction Zone,Laneclosure,Unknown,         ,Andrey,Volfson,Clear,Angle,no,no,no,no,no,False
101780532,METROPOLITAN NASHVILLE POLICE DEPT,20170875733,Davidson,Nashville,10/3/2017 7:27:00 PM,2,0,0,36.065070,-86.685810,APACHE TRL,,,,0.00,,,PACKARD DR,,,,0.00,Y,T-Intersection,N,Non-Junction,None,,,         ,Marcus,Darden,Clear,"Sideswipe, Opposite Direction",no,no,no,no,no,False
101780537,METROPOLITAN NASHVILLE POLICE DEPT,20170875848,Davidson,Nashville,10/3/2017 8:37:00 PM,2,1,0,36.067540,-86.631390,MURFREESBORO PKE,,,,62.00,Feet,North,FOREST VIEW DR,,,,0.00,N,Not at Intersection,N,Non-Junction,None,,,         ,Nathaniel,Myers,Clear,Front to Rear,no,no,no,no,no,False
101780541,METROPOLITAN NASHVILLE POLICE DEPT,20170875809,Davidson,Nashville,10/3/2017 7:40:00 PM,2,0,0,36.125840,-86.751980,GLENROSE AV,,,,179.00,Feet,East,NOLENSVILLE PKE,,,,0.00,N,Not at Intersection,N,Non-Junction,None,,,         ,John,Joyce,Clear,Rear to Side,no,no,no,no,no,False
101780569,METROPOLITAN NASHVILLE POLICE DEPT,20170875842,Davidson,Not in City Limit,10/3/2017 8:40:00 PM,1,1,0,36.262970,-86.764120,WESTCHESTER DR,,,,0.00,,,DEVONSHIRE DR,,,,0.00,Y,T-Intersection,Y,Intersection-Related,None,,,         ,Samuel,Miller,Clear,Not Collision with Motor Vehicle in Transport,no,no,no,no,no,False
101780574,METROPOLITAN NASHVILLE POLICE DEPT,20170875048,Davidson,Not in City Limit,10/3/2017 3:00:00 PM,1,0,0,36.262920,-86.824610,KNIGHT DR,,,,1804.00,Feet,East,WHITES CREEK PKE,,,,0.00,N,Not at Intersection,N,Non-Junction,None,,,         ,Lindsey,Anderson,Clear,Not Collision with Motor Vehicle in Transport,no,no,no,no,no,False
101780576,METROPOLITAN NASHVILLE POLICE DEPT,2017-0876061,Davidson,Nashville,10/3/2017 9:17:00 PM,2,0,0,36.215820,-86.588290,BIG HORN DR,,,,167.00,Feet,North,LEBANON PKE,,,,0.00,N,Not at Intersection, ,Non-Junction,None,,,         ,Sandra,Talavera,Clear,Front to Rear,no,no,no,no,no,False
101780582,METROPOLITAN NASHVILLE POLICE DEPT,20170875655,Davidson,Nashville,10/3/2017 7:40:00 PM,2,0,0,36.139110,-86.701180,DABBS AV,,,,127.00,Feet,North,LOUANNE DR,,,,0.00,N,Not at Intersection,N,Non-Junction,None,,,         ,Dontaveous,Eubanks,Clear,Unknown,no,no,no,no,yes,False
101780589,METROPOLITAN NASHVILLE POLICE DEPT,20170876142,Davidson,Nashville,10/3/2017 10:27:00 PM,2,1,0,36.182270,-86.607960,OLD HICKORY BLVD,,,,0.00,,,ANDREW JACKSON WAY,,,,0.00,Y,Four-Way,Y,Intersection,None,,,         ,Tyler,Manivong,Clear,Angle,no,no,no,no,no,False
101780591,METROPOLITAN NASHVILLE POLICE DEPT,20170876143,Davidson,Nashville,10/3/2017 10:50:00 PM,2,2,0,36.062900,-86.716910,NOLENSVILLE PKE,,,,0.00,,,FAIRLANE DR,,,,0.00,Y,T-Intersection,N,Intersection,None,,,         ,Ralph,Smith IV,Clear,Angle,no,no,no,no,no,False
101780602,METROPOLITAN NASHVILLE POLICE DEPT,20170876176,Davidson,Nashville,10/3/2017 11:06:00 PM,3,2,0,36.151310,-86.862540,I 40,,,,0.00,,,,,,,203.70,N,Not at Intersection,N,Non-Junction,None,,,         ,Devonte,Coleman,Clear,Front to Rear,no,no,no,no,no,False
101780608,METROPOLITAN NASHVILLE POLICE DEPT,20170876127,Davidson,Nashville,10/3/2017 10:00:00 PM,2,0,0,36.113950,-86.810880,WOODMONT BLVD,,,,0.00,,,HILLSBORO PKE,,,,0.00,Y,Four-Way, ,,None,,,         ,Kenneth,Bray,,,no,no,no,no,no,False
101780617,METROPOLITAN NASHVILLE POLICE DEPT,20170876448,Davidson,Nashville,10/4/2017 12:50:00 AM,1,1,0,36.203370,-86.615800,LEBANON PKE,,,,581.00,Feet,South,SAMOA DR,,,,0.00,N,Not at Intersection,N,Non-Junction,None,,,         ,Brett,Johns,Clear,Not Collision with Motor Vehicle in Transport,no,yes,no,no,yes,False
101780631,METROPOLITAN NASHVILLE POLICE DEPT,20170876570,Davidson,Nashville,10/4/2017 2:06:00 AM,2,0,0,36.152300,-86.797450,WEST END AV,,,,0.00,,,19TH AVN,,,,0.00,Y,Four-Way,N,Intersection,None,,,         ,Michael,Collazo,Clear,Angle,no,no,no,no,no,False
101780640,METROPOLITAN NASHVILLE POLICE DEPT,20170876536,Davidson,Nashville,10/4/2017 1:30:00 AM,1,0,0,36.252940,-86.776970,BRICK CHURCH PKE,,,,39.00,Feet,South,WESTCHESTER DR,,,,0.00,N,Not at Intersection,N,Non-Junction,None,,,         ,Craig,Amabile,Clear,Not Collision with Motor Vehicle in Transport,no,no,no,no,no,False
101780678,METROPOLITAN NASHVILLE POLICE DEPT,20170876705,Davidson,Nashville,10/4/2017 3:06:00 AM,2,1,0,36.088010,-86.704760,REISCHA DR,,,,96.00,Feet,East,REISCHA SUE CIR,,,,0.00,N,Not at Intersection,N,Non-Junction,None,,,         ,Nicholas,Silinsky,Clear,Front to Rear,no,no,no,no,yes,False