master_record_number,agency,agency_tracking_number,county,city,collision_date,vehicles_involved,number_injured,number_dead,latitude,longitude,roadway_name,roadway_suffix,roadway_number,roadway_local_id,distance_from_reference,miles-feet_indicator,direction_from_reference,intersection_road_name,intersection_road_name_suffix,intersection_road_number,intersection_local_id,mile_marker,intersection_indicator,intersect_type,interchange_related_indicator,relation_to_junction,work_zone_type,construction_maintenance_zone,construction_maintenance_zone_location,fatal_case_number,officer_first_name,officer_last_name,weather_condition(s),manner_of_crash,pedestrian,bicycle,scooter,parking,hitrun,mou
101781368,METROPOLITAN NASHVILLE POLICE DEPT,20170878459,Davidson,Nashville,10/4/2017 1:51:00 PM,2,0,0,36.125820,-86.846490,HARDING PKE,,,,0.00,,,KENNER AVN,,,,0.00,Y,Four-Way,N,Intersection,None,,,         ,Walter,Gray II,Clear,Angle,no,no,no,no,no,False
101781377,METROPOLITAN NASHVILLE POLICE DEPT,20170878271,Davidson,Nashville,10/4/2017 3:02:00 PM,1,1,0,36.227180,-86.746490,ELLINGTON PKWYN,,,,125.00,Feet,South,ELLINGTON PKWY N EXT RAMP,,,,0.00,N,Not at Intersection,N,Non-Junction,None,,,         ,Christopher,Valdez,Clear,Not Collision with Motor Vehicle in Transport,no,no,no,no,no,False
101781378,METROPOLITAN NASHVILLE POLICE DEPT,20170878410,Davidson,Not in City Limit,10/4/2017 2:46:00 PM,2,0,0,36.293830,-86.810820,I 24,,,,0.00,,,,,,,39.20,N,Not at Intersection, ,Non-Junction,None,,,         ,Samuel,Miller,Clear,"Sideswipe, Same Direction",no,no,no,no,no,False
101781379,METROPOLITAN NASHVILLE POLICE DEPT,20170878508,Davidson,Not in City Limit,10/4/2017 4:13:00 PM,2,0,0,36.264150,-86.735630,I65 N EXT RAMP,,,,0.00,Feet,East,OLD HICKORY BLVDW,,,,0.00,N,Not at Intersection, ,Non-Junction,None,,,         ,Samuel,Miller,Clear,Front to Rear,no,no,no,no,no,False
101781385,METROPOLITAN NASHVILLE POLICE DEPT,20170878442,Davidson,Nashville,10/4/2017 3:52:00 PM,2,0,0,36.072670,-86.636940,MURFREESBORO PKE,,,,369.00,Feet,North,BELL RD,,,,0.00,N,Not at Intersection, ,Non-Junction,None,,,         ,Michael,Apsey,Clear,Angle,no,no,no,no,no,False
101781386,METROPOLITAN NASHVILLE POLICE DEPT,20170878568,Davidson,Nashville,10/4/2017 12:00:00 AM,2,0,0,36.156780,-86.805160,CHARLOTTE AV,,,,146.00,Feet,East,SHORTVIEW AV,,,,0.00,N,Not at Intersection, ,Non-Junction,None,,,         ,Melvin,Taylor,Clear,"Sideswipe, Same Direction",no,no,no,no,no,False
101781418,METROPOLITAN NASHVILLE POLICE DEPT,20170878519,Davidson,Nashville,10/4/2017 4:20:00 PM,2,0,0,36.153020,-86.803100,21ST AVN,,,,142.00,Feet,South,STATE ST,,,,0.00,N,Not at Intersection,N,Non-Junction,None,,,         ,Nicholas,Carroll,Clear,"Sideswipe, Same Direction",no,no,no,no,no,False
101781424,METROPOLITAN NASHVILLE POLICE DEPT,20170878737,Davidson,Nashville,10/4/2017 5:43:00 PM,2,0,0,36.137110,-86.629340,BELL RD,,,,348.00,Feet,North,REELFOOT DR,,,,0.00,N,Not at Intersection, ,Non-Junction,None,,,         ,Michael,Apsey,Clear,"Sideswipe, Same Direction",no,no,no,no,no,False
101781425,METROPOLITAN NASHVILLE POLICE DEPT,20170878357,Davidson,Nashville,10/4/2017 2:13:00 PM,2,0,0,36.145950,-86.666600,ROYAL PKWY,,,,0.00,,,DONELSON PKE,,,,0.00,Y,Four-Way,N,Intersection-Related,None,,,         ,Jaby,Djabbarov,Clear,Front to Rear,no,no,no,no,yes,False
101781426,METROPOLITAN NASHVILLE POLICE DEPT,20170878305,Davidson,Nashville,10/4/2017 2:56:00 PM,2,0,0,36.156560,-86.665000,EMERY DR,,,,0.00,,,DONELSON PKE,,,,0.00,Y,Four-Way,N,Intersection,None,,,         ,Jaby,Djabbarov,Clear,Angle,no,no,no,no,no,False
101781427,METROPOLITAN NASHVILLE POLICE DEPT,20170878607,Davidson,Nashville,10/4/2017 4:32:00 PM,2,1,0,36.157850,-86.637520,STEWARTS FERRY PKE,,,,496.00,Feet,West,MCCRORY CREEK RD,,,,0.00,N,Not at Intersection,N,Non-Junction,None,,,         ,Jaby,Djabbarov,Clear,Angle,no,no,no,no,no,False
101781428,METROPOLITAN NASHVILLE POLICE DEPT,20170878527,Davidson,Nashville,10/4/2017 4:30:00 PM,2,1,0,36.140730,-86.732280,I 40,,,,0.00,,,,,,,213.00,N,Not at Intersection,N,Non-Junction,None,,,         ,Jonathan,Cavezza,Clear,Front to Rear,no,no,no,no,no,False
101781434,METROPOLITAN NASHVILLE POLICE DEPT,20170878338,Davidson,Nashville,10/4/2017 3:21:00 PM,1,0,0,36.042050,-86.649370,HICKORY HOLLOW PKWY,,,,91.00,Feet,North,I24 W ENT RAMP,,,,0.00,N,Not at Intersection, ,Entrance/Exit Ramp Related,None,,,         ,Nathaniel,Myers,Clear,Not Collision with Motor Vehicle in Transport,no,no,no,no,no,False
101781435,METROPOLITAN NASHVILLE POLICE DEPT,20170878726,Davidson,Nashville,10/4/2017 5:02:00 PM,2,0,0,36.161040,-86.760260,I 24,,,,0.00,,,,,,,49.40,N,Not at Intersection, ,Non-Junction,None,,,         ,James,Smith,Clear,Front to Rear,no,no,no,no,no,False
101781437,METROPOLITAN NASHVILLE POLICE DEPT,20170878843,Davidson,Nashville,10/4/2017 6:21:00 PM,2,0,0,36.144240,-86.776900,I 65,,,,0.00,,,,,,,82.10,N,Not at Intersection, ,Entrance/Exit Ramp Related,None,,,         ,Tien,Nguyen,Clear,Front to Rear,no,no,no,no,no,False
101781438,METROPOLITAN NASHVILLE POLICE DEPT,20170878711,Davidson,Nashville,10/4/2017 4:15:00 PM,2,0,0,36.209650,-86.734020,GALLATIN PKE,,,,52.00,Feet,South,SHELTON AV,,,,0.00,N,Not at Intersection, ,Non-Junction,None,,,         ,Amery,Milligan,Clear,Angle,no,no,no,no,no,False
101781441,METROPOLITAN NASHVILLE POLICE DEPT,20170878724,Davidson,Nashville,10/4/2017 5:32:00 PM,2,0,0,36.185410,-86.775200,I 24,,,,0.00,,,,,,,47.20,N,Not at Intersection, ,Non-Junction,None,,,         ,Phillip,Box,Clear,"Sideswipe, Same Direction",no,no,no,no,no,False
101781442,METROPOLITAN NASHVILLE POLICE DEPT,20170878670,Davidson,Nashville,10/4/2017 5:20:00 PM,2,3,0,36.115250,-86.791990,BATTLEFIELD DR,,,,0.00,,,GRANNY WHITE PKE,,,,0.00,Y,Four-Way,N,Intersection,None,,,         ,Hillary,Sherman,Clear,Angle,no,no,no,no,no,False
101781444,METROPOLITAN NASHVILLE POLICE DEPT,20170878754,Davidson,Nashville,10/4/2017 4:26:00 PM,2,0,0,36.144660,-86.744040,FESSLERS LN,,,,0.00,,,ELM HILL PKE,,,,0.00,Y,Four-Way, ,Intersection,None,,,         ,Jonathan,Cavezza,Clear,Angle,no,no,no,no,no,False
101781445,METROPOLITAN NASHVILLE POLICE DEPT,20170878739,Davidson,Nashville,10/4/2017 12:00:00 AM,2,0,0,36.164770,-86.794760,12TH AVN,,,,52.00,Feet,South,CLINTON ST,,,,0.00,N,Not at Intersection, ,Non-Junction,Construction Zone,,,         ,Melvin,Taylor,Clear,Front to Rear,no,no,no,no,no,False
101781450,METROPOLITAN NASHVILLE POLICE DEPT,2017-0878435,Davidson,Nashville,10/4/2017 4:00:00 PM,2,0,0,36.155390,-86.773560,4TH AVS,,,,233.00,Feet,South,PEABODY ST,,,,0.00,N,Not at Intersection,N,Non-Junction,None,,,         ,Cory,West,Clear,Angle,no,no,no,no,no,False
101781451,METROPOLITAN NASHVILLE POLICE DEPT,20170878493,Davidson,Nashville,10/4/2017 4:20:00 PM,2,1,0,36.118010,-86.768090,I440 E ENT RAMP,,,,0.00,Feet,East,I 440,,,,0.00,N,Not at Intersection,N,Non-Junction,None,,,         ,Jacob,Paul,Clear,Front to Rear,no,no,no,no,no,False
101781458,METROPOLITAN NASHVILLE POLICE DEPT,20170878807,Davidson,Nashville,10/4/2017 6:00:00 PM,3,0,0,36.171240,-86.769570,JAMES ROBERTSON PKWY,,,,172.00,Feet,West,INTERSTATE DR,,,,0.00,N,Not at Intersection, ,Non-Junction,None,,,         ,Michael,Baron,Clear,Front to Rear,no,no,no,no,no,False
101781459,METROPOLITAN NASHVILLE POLICE DEPT,20170878778,Davidson,Nashville,10/4/2017 5:57:00 PM,2,0,0,36.152350,-86.857670,WHITE BRIDGE PKE,,,,150.00,Feet,North,BRILEY PKWY,,,,0.00,N,Not at Intersection, ,Non-Junction,None,,,         ,Walter,Gray II,Clear,"Sideswipe, Same Direction",no,no,no,no,no,False
101781462,METROPOLITAN NASHVILLE POLICE DEPT,20170878478,Davidson,Nashville,10/4/2017 4:12:00 PM,2,0,0,36.078080,-86.765970,I 65,,,,0.00,,,,,,,77.50,N,Not at Intersection, ,Non-Junction,None,,,         ,William,King,Clear,"Sideswipe, Same Direction",no,no,no,no,no,False
101781463,METROPOLITAN NASHVILLE POLICE DEPT,20170878878,Davidson,Nashville,10/4/2017 6:36:00 PM,1,1,0,36.121810,-86.733840,GLENROSE AV,,,,105.00,Feet,East,SANDRA DR,,,,0.00,N,Not at Intersection,N,Non-Junction,None,,,         ,Alyson,Cook,Clear,Not Collision with Motor Vehicle in Transport,no,no,no,no,no,False
101781469,VANDERBILT UNIVERSITY POLICE,2017-0878861,Davidson,Nashville,10/4/2017 5:45:00 PM,2,0,0,36.139690,-86.805540,24TH AVS,,,,0.00,,,,,,,0.00,,, ,Non-Junction,None,,,         ,Christopher,Dion,Clear,Angle,no,no,no,yes,no,Campus
101781470,METROPOLITAN NASHVILLE POLICE DEPT,20170878518,Davidson,Nashville,10/4/2017 4:22:00 PM,2,0,0,36.232430,-86.624770,OLD HICKORY BLVD,,,,53.00,Feet,North,SHUTE LN,,,,0.00,N,Not at Intersection, ,Non-Junction,None,,,         ,Kyle,Burks,Clear,Angle,no,no,no,no,no,False
101781477,METROPOLITAN NASHVILLE POLICE DEPT,20170878449,Davidson,Nashville,10/4/2017 3:21:00 PM,2,0,0,36.132650,-86.727160,I 24,,,,0.00,,,,,,,52.00,N,Not at Intersection,N,Non-Junction,None,,,         ,Kimberly,Annson,Clear,"Sideswipe, Same Direction",no,no,no,no,yes,False
101781478,METROPOLITAN NASHVILLE POLICE DEPT,20170878427,Davidson,Nashville,10/4/2017 4:01:00 PM,2,2,0,36.059070,-86.716220,TUSCULUM RD,,,,0.00,,,NOLENSVILLE PKE,,,,0.00,Y,Four-Way,N,Intersection,None,,,         ,Ryan,Cagle,Clear,Angle,no,no,no,no,no,False
101781479,METROPOLITAN NASHVILLE POLICE DEPT,20170878809,Davidson,Nashville,10/4/2017 6:09:00 PM,1,1,0,36.164230,-86.777730,CHURCH ST,,,,0.00,,,3RD AVN,,,,0.00,Y,Four-Way,N,Intersection-Related,None,,,         ,Darren,White,Clear,Not Collision with Motor Vehicle in Transport,yes,no,no,no,no,False
101781480,METROPOLITAN NASHVILLE POLICE DEPT,20170878913,Davidson,Nashville,10/4/2017 6:43:00 PM,2,0,0,36.086580,-86.771970,FRANKLIN PKE,,,,0.00,,,HARDING PL,,,,0.00,Y,Four-Way, ,Intersection-Related,None,,,         ,Tien,Nguyen,Clear,Front to Rear,no,no,no,no,no,False
101781491,METROPOLITAN NASHVILLE POLICE DEPT,20170878292,Davidson,Nashville,10/4/2017 2:30:00 PM,2,0,0,36.133540,-86.726900,I24E,,,,63.00,Feet,East,I24 W EXT RAMP,,,,0.00,N,Not at Intersection,N,Non-Junction,None,,,         ,John,Joyce,Clear,Front to Rear,no,no,no,no,no,False
101781500,METROPOLITAN NASHVILLE POLICE DEPT,20170878846,Davidson,Nashville,10/4/2017 6:02:00 PM,2,2,0,36.134280,-86.779090,WEDGEWOOD AV,,,,0.00,,,8TH AVS,,,,0.00,Y,Four-Way,N,Intersection-Related,None,,,         ,Jacob,Paul,Clear,Front to Rear,no,no,no,no,no,False
101781517,METROPOLITAN NASHVILLE POLICE DEPT,20170878468,Davidson,Nashville,10/4/2017 3:50:00 PM,2,0,0,36.074430,-86.745970,BLACKMAN RD,,,,0.00,,,DANBY DR,,,,0.00,Y,Four-Way,N,Non-Junction,None,,,         ,David,Collins,Clear,Front to Rear,no,no,no,no,no,False
101781529,METROPOLITAN NASHVILLE POLICE DEPT,20170878267,Davidson,Nashville,10/4/2017 12:00:00 AM,2,1,0,36.191750,-86.628030,PACIFICA DR,,,,175.00,Feet,West,ALOHA CT,,,,0.00,N,Not at Intersection,N,Non-Junction,None,,,         ,Craig,Gentry,Clear,Angle,no,no,no,yes,no,False
101781534,METROPOLITAN NASHVILLE POLICE DEPT,20170878954,Davidson,Nashville,10/4/2017 6:32:00 PM,3,1,0,36.064330,-86.717180,NOLENSVILLE PKE,,,,526.00,Feet,North,FAIRLANE DR,,,,0.00,N,Not at Intersection,N,Non-Junction,None,,,         ,Ryan,Cagle,Clear,Angle,no,no,no,no,no,False
101781535,METROPOLITAN NASHVILLE POLICE DEPT,20170878757,Davidson,Nashville,10/4/2017 4:50:00 PM,2,0,0,36.141180,-86.792280,VILLA PL,,,,217.00,Feet,North,HORTON AV,,,,0.00,N,Not at Intersection,N,Non-Junction,None,,,         ,John,Stanfield,Clear,Rear to Side,no,no,no,no,yes,False
101781536,Nashville Airport Police,2017-03544,Davidson,Nashville,10/4/2017 6:53:00 PM,2,0,0,36.137170,-86.669000,DISCRETE ACCESS,,,,1000.00,Feet,North,,,I40,,999.90,N,Not at Intersection, ,Non-Junction,None,,,         ,Nathan,Holt,Clear,"Sideswipe, Same Direction",no,no,no,no,no,False
101781542,METROPOLITAN NASHVILLE POLICE DEPT,20170879016,Davidson,Nashville,10/4/2017 12:00:00 AM,2,0,0,36.136140,-86.793250,WEDGEWOOD AV,,,,0.00,Feet,,VILLA PL,,,,0.00,Y,T-Intersection, ,Non-Junction,None,,,         ,David,Collins,Clear,Unknown,no,no,no,no,yes,False
101781548,METROPOLITAN NASHVILLE POLICE DEPT,20170879013,Davidson,Nashville,10/4/2017 7:28:00 PM,3,0,0,36.039260,-86.782130,OLD HICKORY BLVD,,,,133.00,Feet,West,I65 N EXT RAMP,,,,0.00,N,Not at Intersection,N,Non-Junction,None,,,         ,Edin,Plancic,Clear,Front to Rear,no,no,no,no,yes,False
101781549,METROPOLITAN NASHVILLE POLICE DEPT,20170879017,Davidson,Nashville,10/4/2017 5:15:00 PM,2,0,0,36.156170,-86.790000,I40 E EXT RAMP,,,,0.00,Feet,East,I 40,,,,0.00,N,Not at Intersection, ,Non-Junction,None,,,         ,Nicholas,Carroll,Clear,"Sideswipe, Same Direction",no,no,no,no,no,False
101781581,METROPOLITAN NASHVILLE POLICE DEPT,20170878915,Davidson,Not in City Limit,10/4/2017 6:36:00 PM,2,0,0,36.260580,-86.712780,GALLATIN PKES,,,,100.00,Feet,North,HICKORY ST,,,,0.00,N,Not at Intersection,N,Non-Junction,None,,,         ,Christopher,Littles,Clear,Angle,no,no,no,no,no,False
101781594,METROPOLITAN NASHVILLE POLICE DEPT,20170879002,Davidson,Nashville,10/4/2017 7:33:00 PM,2,0,0,36.045740,-86.674350,BELL RD,,,,0.00,,,BLUE HOLE RD,,,,0.00,Y,Four-Way,N,Intersection,None,,,         ,Alyson,Cook,Clear,HeadOn,no,no,no,no,no,False
101781597,METROPOLITAN NASHVILLE POLICE DEPT,20170878948,Davidson,Nashville,10/4/2017 12:00:00 AM,2,0,0,36.191220,-86.811850,18TH AVN,,,,107.00,Feet,South,18TH AV N CT,,,,0.00,N,Not at Intersection, ,Non-Junction,None,,,         ,Melvin,Taylor,Clear,Angle,no,no,no,no,no,False
101781613,METROPOLITAN NASHVILLE POLICE DEPT,20170878879,Davidson,Nashville,10/4/2017 6:35:00 PM,2,1,0,36.113290,-86.772400,I 65,,,,0.00,,,,,,,80.00,N,Not at Intersection,N,Non-Junction,None,,,         ,Jacob,Paul,Clear,Front to Rear,no,no,no,no,yes,False
101781629,METROPOLITAN NASHVILLE POLICE DEPT,20170878629,Davidson,Nashville,10/4/2017 5:06:00 PM,2,1,0,36.044760,-86.781100,FRANKLIN PKE,,,,0.00,,,LAKEMONT DR,,,,0.00,Y,T-Intersection,N,Intersection-Related,None,,,         ,Eric,Burford,Clear,Angle,no,no,no,no,no,False
101781632,METROPOLITAN NASHVILLE POLICE DEPT,20170879009,Davidson,Nashville,10/4/2017 7:33:00 PM,2,1,0,36.152000,-86.792860,DIVISION ST,,,,0.00,,,MUSIC SQW,,,,0.00,Y,OTHER,N,Intersection,None,,,         ,Eric,Burford,Clear,Angle,no,no,no,no,no,False
101781635,METROPOLITAN NASHVILLE POLICE DEPT,20170879092,Davidson,Antioch,10/4/2017 7:26:00 PM,2,0,0,36.039860,-86.578320,GREYSTONE ST,,,,165.00,Feet,South,GREYSTONE CT,,,,0.00,N,Not at Intersection, ,Non-Junction,None,,,         ,Alyson,Cook,Clear,Front to Rear,no,no,no,no,no,False
101781636,METROPOLITAN NASHVILLE POLICE DEPT,20170879235,Davidson,Not in City Limit,10/4/2017 9:21:00 PM,2,2,0,36.067450,-86.934670,OLD HARDING PKE,,,,50.00,Feet,East,MAGNOLIA TRL,,,,0.00,N,Not at Intersection,N,Non-Junction,None,,,         ,Walter,Gray II,Clear,Front to Rear,no,no,no,no,yes,False
101781637,METROPOLITAN NASHVILLE POLICE DEPT,20170879101,Davidson,Not in City Limit,10/4/2017 12:30:00 PM,1,0,0,36.345930,-86.757470,FREEMAN HOLLOW RD,,,,0.00,,,,,,,0.00,,,N,Non-Junction,None,,,         ,Samuel,Miller,Unknown,Not Collision with Motor Vehicle in Transport,no,no,no,yes,yes,False
101781640,METROPOLITAN NASHVILLE POLICE DEPT,20170879195,Davidson,Nashville,10/4/2017 8:45:00 PM,2,0,0,36.141160,-86.733350,I 40,,,,0.00,,,,,,,212.90,N,Not at Intersection,N,Non-Junction,None,,,         ,Alyson,Cook,Clear,Front to Rear,no,no,no,no,yes,False
101781648,METROPOLITAN NASHVILLE POLICE DEPT,20170878972,Davidson,Nashville,10/4/2017 6:00:00 PM,2,0,0,36.126500,-86.752930,NOLENSVILLE PKE,,,,138.00,Feet,North,ROSEDALE CT,,,,0.00,N,Not at Intersection, ,,None,,,         ,John,Joyce,,,no,no,no,no,no,False
101781660,METROPOLITAN NASHVILLE POLICE DEPT,20170878640,Davidson,Nashville,10/4/2017 5:12:00 PM,2,0,0,36.193670,-86.807030,ROSA L PARKS BLVD,,,,0.00,,,GREAT CIRCLE RD,,,,0.00,Y,Four-Way,N,Intersection-Related,None,,,         ,Victor,Alexander,Clear,Front to Rear,no,no,no,no,no,False
101781661,METROPOLITAN NASHVILLE POLICE DEPT,20170879317,Davidson,Antioch,10/4/2017 9:27:00 PM,2,0,0,36.042850,-86.606550,HOBSON PKE,,,,0.00,,,MURFREESBORO PKE,,,,0.00,Y,Four-Way,N,Intersection,None,,,         ,Alyson,Cook,Clear,Angle,no,no,no,no,no,False
101781667,METROPOLITAN NASHVILLE POLICE DEPT,20170879227,Davidson,Nashville,10/4/2017 9:19:00 PM,2,0,0,36.198440,-86.620270,LEBANON PKE,,,,0.00,,,OLD HICKORY BLVD,,,,0.00,Y,Four-Way, ,Non-Junction,None,,,         ,Sekou,Samassi,Clear,"Sideswipe, Opposite Direction",no,no,no,no,no,False
101781685,METROPOLITAN NASHVILLE POLICE DEPT,20170879292,Davidson,Nashville,10/4/2017 9:41:00 PM,2,0,0,36.225480,-86.597810,ANDREW JACKSON PKWY,,,,59.00,Feet,South,SAUNDERSVILLE RD,,,,0.00,N,Not at Intersection,N,Non-Junction,None,,,         ,Jefferson,Hughes,Clear,"Sideswipe, Same Direction",no,no,no,no,no,False
101781706,METROPOLITAN NASHVILLE POLICE DEPT,20170879734,Davidson,Nashville,10/5/2017 12:49:00 AM,2,0,0,36.159010,-86.775860,DEMONBREUN ST,,,,10.00,Feet,East,4TH AVS,,,,0.00,N,Not at Intersection, ,Non-Junction,None,,,         ,Billy,Price,Clear,Angle,no,no,no,no,no,False
101781727,METROPOLITAN NASHVILLE POLICE DEPT,20170879814,Davidson,Nashville,10/5/2017 1:25:00 AM,2,1,0,36.150430,-86.696760,ELM HILL PKE,,,,0.00,Feet,,WANDA DR,,,,0.00,Y,Four-Way,N,Intersection-Related,None,,,         ,Carey,Steel,Clear,Angle,no,no,no,no,yes,False
101781779,METROPOLITAN NASHVILLE POLICE DEPT,20170880259,Davidson,Nashville,10/5/2017 5:25:00 AM,2,0,0,36.226880,-86.778470,I65 N ENT RAMP,,,,0.00,Feet,East,I 24,,,,0.00,N,Not at Intersection, ,Non-Junction,None,,,         ,James,Murphy,Clear,"Sideswipe, Same Direction",no,no,no,no,no,False
101781796,METROPOLITAN NASHVILLE POLICE DEPT,20170880286,Davidson,Nashville,10/5/2017 5:15:00 AM,2,0,0,36.106210,-86.673060,MURFREESBORO PKE,,,,0.00,,,DONELSON PKE,,,,0.00,Y,Four-Way,N,Non-Junction,None,,,         ,Ian,Swander,Clear,Angle,no,no,no,no,no,False
101781806,METROPOLITAN NASHVILLE POLICE DEPT,20170880287,Davidson,Nashville,10/5/2017 5:42:00 AM,2,0,0,36.045490,-86.711950,OLD HICKORY BLVD,,,,389.00,Feet,East,NOLENSVILLE PKE,,,,0.00,N,Not at Intersection,Y,Non-Junction,None,,,         ,Nopel,Stella,Clear,Front to Rear,no,no,no,no,no,False
101781825,METROPOLITAN NASHVILLE POLICE DEPT,20170880317,Davidson,Nashville,10/5/2017 5:32:00 AM,2,0,0,36.150480,-86.770350,4TH AVS,,,,0.00,,,I40 E EXT RAMP,,,,0.00,Y,OTHER, ,Intersection,None,,,         ,Douglas,Sykes,Clear,Front to Rear,no,no,no,no,no,False
101781837,METROPOLITAN NASHVILLE POLICE DEPT,20170880426,Davidson,Nashville,10/5/2017 7:23:00 AM,2,0,0,36.145840,-86.797350,19TH AVS,,,,0.00,,,SCARRITT PL,,,,0.00,Y,T-Intersection, ,Intersection,None,,,         ,Nathan,Kemp,Clear,Angle,no,no,no,no,no,Campus
101781855,METROPOLITAN NASHVILLE POLICE DEPT,20170880475,Davidson,Nashville,10/5/2017 7:40:00 AM,2,0,0,36.171230,-86.803870,I 40,,,,0.00,,,,,,,207.65,N,Not at Intersection, ,,None,,,         ,Chase,Burnett,,,no,no,no,no,no,False
101781866,METROPOLITAN NASHVILLE POLICE DEPT,20170880339,Davidson,Antioch,10/5/2017 12:00:00 AM,4,2,0,36.038390,-86.601850,MURFREESBORO PKE,,,,403.00,Feet,South,OLD HICKORY BLVD,,,,0.00,N,Not at Intersection,N,Non-Junction,None,,,         ,Sandra,Fly,Cloudy,"Sideswipe, Same Direction",no,no,no,no,no,False
101781871,METROPOLITAN NASHVILLE POLICE DEPT,20170880561,Davidson,Nashville,10/5/2017 7:30:00 AM,2,0,0,36.032010,-86.763350,CLOVERLAND DR,,,,150.00,Feet,West,CLOVERLAND PL,,,,0.00,N,Not at Intersection, ,Non-Junction,None,,,         ,Earl,Davis,Clear,Front to Rear,no,no,no,no,no,False
101781872,METROPOLITAN NASHVILLE POLICE DEPT,20170880399,Davidson,Nashville,10/5/2017 7:03:00 AM,2,1,0,36.160780,-86.621370,I 40,,,,0.00,,,,,,,219.55,N,Not at Intersection,N,Non-Junction,None,,,         ,Michael,Dance,Clear,Front to Rear,no,no,no,no,no,False
101781898,METROPOLITAN NASHVILLE POLICE DEPT,20170880435,Davidson,Nashville,10/5/2017 7:24:00 AM,2,0,0,36.183940,-86.760780,ELLINGTON PKWYS,,,,490.00,Feet,South,CLEVELAND ST,,,,0.00,N,Not at Intersection,N,Non-Junction,None,,,         ,Richard,Conger,Clear,"Sideswipe, Same Direction",no,no,no,no,no,False
101781899,METROPOLITAN NASHVILLE POLICE DEPT,20170880572,Davidson,Nashville,10/5/2017 8:10:00 AM,2,1,0,36.064660,-86.840960,ASHLAND DR,,,,0.00,,,OTTER CREEK RD,,,,0.00,Y,Four-Way,N,Intersection,None,,,         ,Nathan,Kemp,Clear,Angle,no,no,no,no,no,False
101781915,METROPOLITAN NASHVILLE POLICE DEPT,20170880359,Davidson,Nashville,10/5/2017 6:48:00 AM,2,0,0,36.149180,-86.781360,I 40,,,,0.00,,,,,,,209.75,N,Not at Intersection, ,Non-Junction,None,,,         ,Kevin,Johnson,Clear,Front to Rear,no,no,no,no,no,False
101781916,METROPOLITAN NASHVILLE POLICE DEPT,20170880568,Davidson,Nashville,10/5/2017 7:56:00 AM,2,0,0,36.168980,-86.751040,S 11TH ST,,,,418.00,Feet,North,SEVIER ST,,,,0.00,N,Not at Intersection, ,Non-Junction,None,,,         ,Richard,Conger,Clear,"Sideswipe, Same Direction",no,no,no,no,no,False
101781917,METROPOLITAN NASHVILLE POLICE DEPT,20170880577,Davidson,Nashville,10/5/2017 8:10:00 AM,1,1,0,36.108050,-86.647180,REYNOLDS RD,,,,2411.00,Feet,South,COUCHVILLE PKE,,,,0.00,N,Not at Intersection,N,Non-Junction,None,,,         ,Gregory,Lindstrom,Clear,Not Collision with Motor Vehicle in Transport,no,no,no,no,no,False
101781922,METROPOLITAN NASHVILLE POLICE DEPT,20170880588,Davidson,Nashville,10/5/2017 8:16:00 AM,2,0,0,36.029150,-86.636810,I 24,,,,0.00,,,,,,,61.10,N,Not at Intersection, ,Non-Junction,None,,,         ,Blake,Lutz,Clear,Front to Rear,no,no,no,no,no,False
101781923,METROPOLITAN NASHVILLE POLICE DEPT,2017-0880484,Davidson,Nashville,10/5/2017 7:41:00 AM,2,0,0,36.111930,-86.689160,MCGAVOCK PKE,,,,354.00,Feet,South,MURFREESBORO PKE,,,,0.00,N,Not at Intersection, ,Non-Junction,None,,,         ,Shelby,Hughes,Clear,"Sideswipe, Same Direction",yes,no,no,yes,no,False
101781927,METROPOLITAN NASHVILLE POLICE DEPT,20170880600,Davidson,Nashville,10/5/2017 8:24:00 AM,2,0,0,36.192710,-86.744370,DOUGLAS AV,,,,0.00,,,GALLATIN AV,,,,0.00,Y,Four-Way, ,Intersection-Related,None,,,         ,Richard,Conger,Clear,"Sideswipe, Opposite Direction",no,no,no,no,yes,False
101781931,METROPOLITAN NASHVILLE POLICE DEPT,20170880706,Davidson,Nashville,10/5/2017 9:00:00 AM,2,0,0,36.152270,-86.839730,CHARLOTTE AV,,,,45.00,Feet,West,44TH AVN,,,,0.00,N,Not at Intersection, ,Non-Junction,None,,,         ,Curtis,Rich,Clear,Angle,no,no,no,no,no,False
101781934,METROPOLITAN NASHVILLE POLICE DEPT,20170880594,Davidson,Nashville,10/5/2017 8:27:00 AM,2,0,0,36.176510,-86.800710,I 65,,,,0.00,,,,,,,84.75,N,Not at Intersection, ,Non-Junction,None,,,         ,Isaac,Wood,Clear,Angle,no,no,no,no,no,False
101781940,METROPOLITAN NASHVILLE POLICE DEPT,20170880603,Davidson,Nashville,10/5/2017 8:30:00 AM,2,0,0,36.123120,-86.778690,DEWEES AV,,,,510.00,Feet,East,VAULX LN,,,,0.00,N,Not at Intersection, ,,None,,,         ,Shedie,Herbert III,,,no,no,no,no,no,False
101781942,METROPOLITAN NASHVILLE POLICE DEPT,20170880598,Davidson,Nashville,10/5/2017 8:00:00 AM,2,1,0,36.141270,-86.731840,I 40,,,,0.00,,,,,,,213.00,N,Not at Intersection,N,Non-Junction,None,,,         ,Ralph,Harvey,Clear,Front to Rear,no,no,no,no,no,False
101781950,METROPOLITAN NASHVILLE POLICE DEPT,20170880775,Davidson,Nashville,10/5/2017 9:39:00 AM,2,1,0,36.112330,-86.767020,THOMPSON LN,,,,0.00,,,POWELL AV,,,,0.00,Y,Four-Way,N,Intersection,None,,,         ,Nathan,Kemp,Clear,Angle,no,no,no,no,no,False