master_record_number,agency,agency_tracking_number,county,city,collision_date,vehicles_involved,number_injured,number_dead,latitude,longitude,roadway_name,roadway_suffix,roadway_number,roadway_local_id,distance_from_reference,miles-feet_indicator,direction_from_reference,intersection_road_name,intersection_road_name_suffix,intersection_road_number,intersection_local_id,mile_marker,intersection_indicator,intersect_type,interchange_related_indicator,relation_to_junction,work_zone_type,construction_maintenance_zone,construction_maintenance_zone_location,fatal_case_number,officer_first_name,officer_last_name,weather_condition(s),manner_of_crash,pedestrian,bicycle,scooter,parking,hitrun,mou
101783401,METROPOLITAN NASHVILLE POLICE DEPT,20170884657,Davidson,Nashville,10/6/2017 1:21:00 PM,2,0,0,36.182770,-86.737250,EASTLAND AV,,,,582.00,Feet,East,BENSON ST,,,,0.00,N,Not at Intersection, ,Non-Junction,None,,,         ,Richard,Conger,Clear,Not Collision with Motor Vehicle in Transport,no,no,no,no,no,False
101783403,METROPOLITAN NASHVILLE POLICE DEPT,20170884707,Davidson,Nashville,10/6/2017 12:55:00 PM,2,0,0,36.145570,-86.666690,DONELSON PKE,,,,141.00,Feet,South,ROYAL PKWY,,,,0.00,N,Not at Intersection, ,,None,,,         ,Michael,Dance,,,no,no,no,no,no,False
101783404,METROPOLITAN NASHVILLE POLICE DEPT,20170884467,Davidson,Nashville,10/6/2017 11:56:00 AM,1,1,0,36.139830,-86.760870,2ND AVS,,,,35.00,Feet,North,OLD RADNOR CAR LINE,,,,0.00,N,Not at Intersection,N,Non-Junction,None,,,         ,Lee,Davis,Clear,Not Collision with Motor Vehicle in Transport,no,yes,no,no,no,False
101783405,METROPOLITAN NASHVILLE POLICE DEPT,20170884418,Davidson,Nashville,10/6/2017 11:39:00 AM,2,0,0,36.043440,-86.655510,I 24,,,,0.00,,,,,,,59.60,N,Not at Intersection, ,Non-Junction,None,,,         ,Caleb,Jernigan,Clear,Angle,no,no,no,no,no,False
101783406,METROPOLITAN NASHVILLE POLICE DEPT,20170884671,Davidson,Nashville,10/6/2017 1:15:00 PM,2,0,0,36.068540,-86.719520,NOLENSVILLE PKE,,,,171.00,Feet,North,HAYWOOD LN,,,,0.00,N,Not at Intersection,N,Non-Junction,None,,,         ,Jason,Hees,Clear,"Sideswipe, Same Direction",no,no,no,no,no,False
101783437,METROPOLITAN NASHVILLE POLICE DEPT,20170884694,Davidson,Nashville,10/6/2017 1:30:00 PM,2,0,0,36.181470,-86.799810,I 65,,,,0.00,,,,,,,85.10,N,Not at Intersection,N,Non-Junction,None,,,         ,Garren,Hoskins,Clear,"Sideswipe, Same Direction",no,no,no,no,yes,False
101783452,METROPOLITAN NASHVILLE POLICE DEPT,20170884645,Davidson,Nashville,10/6/2017 12:59:00 PM,2,0,0,36.159610,-86.796260,CHARLOTTE AV,,,,0.00,Feet,East,16TH AVN,,,,0.00,N,Not at Intersection,N,Non-Junction,None,,,         ,Nicholas,MacDougall,Clear,Front to Rear,no,no,no,no,yes,False
101783570,METROPOLITAN NASHVILLE POLICE DEPT,2017-0884593,Davidson,Nashville,10/6/2017 12:42:00 PM,2,0,0,36.112940,-86.746280,NOLENSVILLE PKE,,,,88.00,Feet,North,MCCLAIN AV,,,,0.00,N,Not at Intersection, ,Non-Junction,None,,,         ,Shelby,Hughes,Clear,Front to Rear,no,no,no,no,no,False
101783592,METROPOLITAN NASHVILLE POLICE DEPT,20170884683,Davidson,Not in City Limit,10/6/2017 12:58:00 PM,2,0,0,36.017200,-86.707160,NOLENSVILLE PKE,,,,50.00,Feet,North,HILLS CHAPEL RD,,,,0.00,N,Not at Intersection, ,Non-Junction,None,,,         ,Caleb,Jernigan,Clear,Front to Rear,no,no,no,no,no,False
101783601,BERRY HILL POLICE DEPT,17-3411,Davidson,Nashville,10/5/2017 3:30:00 PM,2,2,0,36.110610,-86.767030,POWELL AV,,,,129.00,Feet,South,OLD POWELL AV,,,,0.00,N,Not at Intersection,N,Non-Junction,None,,,         ,John,Gleixner,Clear,Angle,no,no,no,no,no,False
101783648,METROPOLITAN NASHVILLE POLICE DEPT,2017-0881671,Davidson,Nashville,10/5/2017 3:40:00 PM,2,0,0,36.171120,-86.782400,HARRISON ST,,,,57.00,Feet,West,3RD AVN,,,,0.00,N,Not at Intersection, ,Non-Junction,None,,,         ,Cory,West,Clear,Rear to Side,no,no,no,no,no,False
101783649,METROPOLITAN NASHVILLE POLICE DEPT,20170884867,Davidson,Nashville,10/6/2017 12:00:00 AM,2,0,0,36.207400,-86.777810,BRICK CHURCH PKE,,,,54.00,Feet,South,I65 S EXT RAMP,,,,0.00,N,Not at Intersection, ,Non-Junction,None,,,         ,Melvin,Taylor,Clear,Front to Rear,no,no,no,no,no,False
101783650,METROPOLITAN NASHVILLE POLICE DEPT,20170884853,Davidson,Nashville,10/6/2017 3:00:00 PM,2,1,0,36.148510,-86.776190,I 40,,,,0.00,,,,,,,210.00,N,Not at Intersection,N,Non-Junction,None,,,         ,Allyson,Reis,Clear,Front to Rear,no,no,no,no,yes,False
101783651,METROPOLITAN NASHVILLE POLICE DEPT,20170884840,Davidson,Nashville,10/6/2017 2:55:00 PM,2,1,0,36.141650,-86.816570,WEST END AV,,,,147.00,Feet,South,32ND AVS,,,,0.00,N,Not at Intersection,N,Non-Junction,None,,,         ,Ryan,Cagle,Clear,Front to Rear,no,no,no,no,no,False
101783652,METROPOLITAN NASHVILLE POLICE DEPT,20170884825,Davidson,Nashville,10/6/2017 2:11:00 PM,2,0,0,36.147460,-86.744290,I 40,,,,0.00,,,,,,,212.00,N,Not at Intersection,N,Non-Junction,None,,,         ,Jonathan,Cavezza,Clear,Front to Rear,no,no,no,no,no,False
101783654,METROPOLITAN NASHVILLE POLICE DEPT,2017-0884807,Davidson,Nashville,10/6/2017 1:56:00 PM,2,0,0,36.173520,-86.602030,CENTRAL PKE,,,,0.00,,,OLD HICKORY BLVD,,,,0.00,Y,Four-Way, ,,None,,,         ,Sandra,Talavera,,,no,no,no,no,no,False
101783681,METROPOLITAN NASHVILLE POLICE DEPT,20170884932,Davidson,Nashville,10/6/2017 2:55:00 PM,2,0,0,36.150390,-86.666510,DONELSON PKE,,,,118.00,Feet,South,OLD ELM HILL PKE,,,,0.00,N,Not at Intersection,N,Non-Junction,None,,,         ,Johnathan,Pannell,Clear,Front to Rear,no,no,no,yes,yes,False
101783732,METROPOLITAN NASHVILLE POLICE DEPT,20170884769,Davidson,Nashville,10/6/2017 2:17:00 PM,2,2,0,36.107840,-86.922380,OLD HICKORY BLVD,,,,0.00,,,ROCKY LN,,,,0.00,Y,T-Intersection,N,Intersection,None,,,         ,Walter,Gray II,Clear,Angle,no,no,no,no,no,False
101783748,METROPOLITAN NASHVILLE POLICE DEPT,20170884865,Davidson,Nashville,10/6/2017 2:45:00 PM,2,0,0,36.214130,-86.730760,GALLATIN PKE,,,,0.00,,,GILLOCK ST,,,,0.00,Y,OTHER, ,Intersection,None,,,         ,Phillip,Box,Clear,Angle,no,no,no,no,no,False
101783753,METROPOLITAN NASHVILLE POLICE DEPT,20170884872,Davidson,Nashville,10/6/2017 12:00:00 AM,2,0,0,36.040010,-86.743470,OLD HICKORY BLVD,,,,0.00,Feet,,EDMONDSON PKE,,,,0.00,Y,Four-Way, ,Intersection,None,,,         ,David,Robberson,Clear,Front to Rear,no,no,no,no,no,False
101783761,METROPOLITAN NASHVILLE POLICE DEPT,20170884910,Davidson,Nashville,10/6/2017 1:36:00 PM,2,0,0,36.137330,-86.798140,WEDGEWOOD AV,,,,0.00,,,19TH AVS,,,,0.00,Y,Four-Way, ,Intersection,None,,,         ,David,Collins,Clear,"Sideswipe, Same Direction",no,no,no,no,no,Campus
101783780,METROPOLITAN NASHVILLE POLICE DEPT,20170885005,Davidson,Nashville,10/6/2017 12:00:00 AM,2,0,0,36.191690,-86.779700,I24 E ENT RAMP,,,,0.00,Feet,East,I 65,,,,0.00,N,Not at Intersection, ,Non-Junction,None,,,         ,Melvin,Taylor,Clear,Front to Rear,no,no,no,no,no,False
101783790,METROPOLITAN NASHVILLE POLICE DEPT,20170884890,Davidson,Nashville,10/6/2017 3:10:00 PM,2,3,0,36.153480,-86.721580,SPENCE LN,,,,84.00,Feet,South,LEBANON PKE,,,,0.00,N,Not at Intersection,N,Non-Junction,None,,,         ,Samuel,Sundra,Clear,Angle,no,no,no,no,no,False
101783820,METROPOLITAN NASHVILLE POLICE DEPT,20170885068,Davidson,Nashville,10/6/2017 12:00:00 AM,2,0,0,36.169800,-86.809000,I 40,,,,0.00,,,,,,,207.15,N,Not at Intersection, ,Non-Junction,None,,,         ,Adam,Gartner,Clear,Front to Rear,no,no,no,no,no,False
101783828,METROPOLITAN NASHVILLE POLICE DEPT,2017-0881770,Davidson,Nashville,10/5/2017 4:19:00 PM,2,0,0,36.154830,-86.763340,HERMITAGE AV,,,,0.00,,,ANTHES DR,,,,0.00,Y,T-Intersection,N,Intersection,None,,,         ,Cory,West,Clear,"Sideswipe, Same Direction",no,no,no,no,no,False
101783878,METROPOLITAN NASHVILLE POLICE DEPT,20170885004,Davidson,Nashville,10/6/2017 3:54:00 PM,2,0,0,36.247100,-86.743940,I 65,,,,0.00,,,,,,,91.00,N,Not at Intersection,N,Non-Junction,None,,,         ,Ryan,Sabel,Clear,Front to Rear,no,no,no,no,no,False
101783903,THP District 3 - Nashville,317058815,Davidson,Not in City Limit,10/5/2017 7:19:00 AM,4,0,0,36.320370,-86.850800,I 24,,,,0.00,,,,,,,36.00,N,Not at Intersection, ,Non-Junction,None,,,         ,Vincent,Meaker,Clear,Front to Rear,no,no,no,no,yes,False
101783912,METROPOLITAN NASHVILLE POLICE DEPT,20170885125,Davidson,Not in City Limit,10/6/2017 4:11:00 PM,2,0,0,36.077990,-86.947780,HIGHWAY 70S,,,,272.00,Feet,North,BELLEVUE CTR PVTDR,,,,0.00,N,Not at Intersection,N,Non-Junction,None,,,         ,Walter,Gray II,Clear,Front to Rear,no,no,no,yes,yes,False
101783913,VANDERBILT UNIVERSITY POLICE,2017-0885089,Davidson,Nashville,10/6/2017 12:00:00 AM,2,0,0,36.141580,-86.774160,CHESTNUT ST,,,,0.00,,,,,,,0.00,,, ,Non-Junction,None,,,         ,V,Greene,Clear,"Sideswipe, Same Direction",no,no,no,yes,yes,False
101783914,METROPOLITAN NASHVILLE POLICE DEPT,20170885219,Davidson,Nashville,10/6/2017 12:00:00 AM,2,0,0,36.182050,-86.792940,GARFIELD ST,,,,137.00,Feet,West,5TH AVN,,,,0.00,N,Not at Intersection, ,Non-Junction,None,,,         ,Melvin,Taylor,Clear,"Sideswipe, Same Direction",no,no,no,no,yes,False
101783924,METROPOLITAN NASHVILLE POLICE DEPT,20170885120,Davidson,Nashville,10/6/2017 4:52:00 PM,2,0,0,36.088340,-86.701550,I24 W ENT RAMP,,,,0.00,,,I 24,,,,0.00,Y,T-Intersection, ,Non-Junction,None,,,         ,Je-Marc,Sears,Clear,Front to Rear,no,no,no,no,no,False
101783925,METROPOLITAN NASHVILLE POLICE DEPT,20170885099,Davidson,Not in City Limit,10/6/2017 4:37:00 PM,2,0,0,35.992820,-86.684990,NOLENSVILLE RD,,,,86.00,Feet,North,OLD BURKITT RD,,,,0.00,N,Not at Intersection,N,Non-Junction,None,,,         ,Darryl,Williams,Clear,Front to Rear,no,no,no,no,no,False
101783926,METROPOLITAN NASHVILLE POLICE DEPT,20170885153,Davidson,Nashville,10/6/2017 4:50:00 PM,2,0,0,36.145940,-86.767330,4TH AVS,,,,418.00,Feet,North,CHESTNUT ST,,,,0.00,N,Not at Intersection, ,Non-Junction,None,,,         ,Hillary,Sherman,Clear,"Sideswipe, Same Direction",no,no,no,no,no,False
101783928,METROPOLITAN NASHVILLE POLICE DEPT,20170885244,Davidson,Nashville,10/6/2017 5:50:00 PM,2,0,0,36.142920,-86.666640,DONELSON PKE,,,,229.00,Feet,North,I40 W ENT RAMP,,,,0.00,N,Not at Intersection, ,Non-Junction,None,,,         ,Johnathan,Pannell,Clear,Angle,no,no,no,no,no,False
101783931,METROPOLITAN NASHVILLE POLICE DEPT,20170885287,Davidson,Nashville,10/6/2017 5:56:00 PM,2,0,0,36.168820,-86.684550,LEBANON PKE,,,,0.00,,,THE CROSSINGS PVTDR,,,,0.00,Y,T-Intersection, ,Intersection,None,,,         ,Craig,Gentry,Clear,Angle,no,no,no,no,no,False
101783935,METROPOLITAN NASHVILLE POLICE DEPT,20170885189,Davidson,Nashville,10/6/2017 5:20:00 PM,2,0,0,36.141790,-86.762130,2ND AVS,,,,0.00,,,HART ST,,,,0.00,Y,T-Intersection,N,Intersection,None,,,         ,John,Joyce,Clear,Angle,no,no,no,no,yes,False
101783936,METROPOLITAN NASHVILLE POLICE DEPT,20170885313,Davidson,Nashville,10/6/2017 5:45:00 PM,2,0,0,36.102510,-86.713760,I 24,,,,0.00,,,,,,,54.40,N,Not at Intersection, ,Non-Junction,None,,,         ,Andrew,Mullen,Clear,Front to Rear,no,no,no,no,no,False
101783937,METROPOLITAN NASHVILLE POLICE DEPT,20170884948,Davidson,Nashville,10/6/2017 2:50:00 PM,2,0,0,36.165640,-86.778640,3RD AVN,,,,0.00,,,UNION ST,,,,0.00,Y,Four-Way, ,Intersection,None,,,         ,David,Snowden,Clear,Angle,no,no,no,no,no,False
101783953,METROPOLITAN NASHVILLE POLICE DEPT,20170885110,Davidson,Nashville,10/6/2017 5:20:00 PM,2,3,0,36.081530,-86.646330,SHIAWAY DR,,,,0.00,,,MURFREESBORO PKE,,,,0.00,Y,OTHER,N,Non-Junction,None,,,         ,Luis,De Los Santos,Clear,HeadOn,no,no,no,no,no,False
101783978,METROPOLITAN NASHVILLE POLICE DEPT,20170885416,Davidson,Not in City Limit,10/6/2017 12:00:00 AM,1,1,0,36.311760,-86.860070,WHITES CREEK PKE,,,,1496.00,Feet,East,OLD CLARKSVILLE PKE,,,,0.00,N,Not at Intersection,N,Non-Junction,None,,,         ,Adam,Gartner,Clear,Unknown,no,no,no,no,no,False
101783979,METROPOLITAN NASHVILLE POLICE DEPT,20170885261,Davidson,Nashville,10/6/2017 5:10:00 PM,2,0,0,36.127680,-86.712370,MURFREESBORO PKE,,,,261.00,Feet,East,PHILFRE CT,,,,0.00,N,Not at Intersection,N,Non-Junction,None,,,         ,Aimee,Ortiz,Clear,Other,no,no,no,no,yes,False
101783981,METROPOLITAN NASHVILLE POLICE DEPT,20170885152,Davidson,Nashville,10/6/2017 3:55:00 PM,1,0,0,36.051760,-86.659620,HICKORY HOLLOW MALL PVTDR PL,,,,404.00,Feet,North,HICKORY HOLLOW PL,,,,0.00,N,Not at Intersection,N,Non-Junction,None,,,         ,Mary,Williams,Clear,Not Collision with Motor Vehicle in Transport,no,no,no,no,no,False
101783982,METROPOLITAN NASHVILLE POLICE DEPT,20170885428,Davidson,Nashville,10/6/2017 6:46:00 PM,2,0,0,36.164860,-86.767910,S 2ND ST,,,,0.00,,,SHELBY AV,,,,0.00,Y,Four-Way, ,Intersection,None,,,         ,Brian,Woodard,Clear,Front to Rear,no,no,no,no,no,False
101783991,METROPOLITAN NASHVILLE POLICE DEPT,20170885340,Davidson,Not in City Limit,10/6/2017 6:13:00 PM,1,1,0,36.303360,-86.885300,CLARKSVILLE PKE,,,,640.00,Feet,North,EATONS CREEK RD,,,,0.00,N,Not at Intersection,N,Non-Junction,None,,,         ,Melvin,Taylor,Clear,Not Collision with Motor Vehicle in Transport,no,no,no,no,no,False
101783992,METROPOLITAN NASHVILLE POLICE DEPT,20170884990,Davidson,Nashville,10/6/2017 3:56:00 PM,2,0,0,36.038170,-86.786370,FRANKLIN PKE,,,,286.00,Feet,North,FRANKLIN PIKE CIR,,,,0.00,N,Not at Intersection, ,Non-Junction,None,,,         ,Trenton,Searcy,Clear,Angle,no,no,no,no,no,False
101783993,METROPOLITAN NASHVILLE POLICE DEPT,20170885183,Davidson,Nashville,10/6/2017 4:30:00 PM,2,0,0,36.092810,-86.678860,HARDING PL,,,,0.00,,,DONELSON PKE,,,,0.00,Y,T-Intersection, ,Intersection-Related,None,,,         ,Eric,Keller,Clear,Front to Rear,no,no,no,no,no,False
101783996,METROPOLITAN NASHVILLE POLICE DEPT,20170885215,Davidson,Nashville,10/6/2017 5:05:00 PM,2,0,0,36.120990,-86.791540,KIRKWOOD AV,,,,301.00,Feet,West,12TH AVS,,,,0.00,N,Not at Intersection, ,Non-Junction,None,,,         ,Jacob,Paul,Clear,"Sideswipe, Same Direction",no,no,no,no,no,False
101783997,METROPOLITAN NASHVILLE POLICE DEPT,20170885187,Davidson,Goodlettsville,10/6/2017 5:20:00 PM,2,0,0,36.296360,-86.699660,GALLATIN PKEN,,,,170.00,Feet,North,MCHENRY CENTER PVTDR,,,,0.00,N,Not at Intersection, ,Non-Junction,None,,,         ,Conor,Cronin,Clear,"Sideswipe, Same Direction",no,no,no,no,no,False
101784000,METROPOLITAN NASHVILLE POLICE DEPT,20170885480,Davidson,Nashville,10/6/2017 7:00:00 PM,2,0,0,36.164860,-86.767910,S 2ND ST,,,,0.00,Feet,East,SHELBY AV,,,,0.00,N,Not at Intersection, ,,None,,,         ,Gregory,Scott,,,no,no,no,no,no,False
101784006,METROPOLITAN NASHVILLE POLICE DEPT,20170884961,Davidson,Nashville,10/6/2017 3:43:00 PM,2,4,0,36.115780,-86.783420,CRAIG AV,,,,17.00,Feet,South,BATTLEFIELD DR,,,,0.00,N,Not at Intersection,N,Non-Junction,None,,,         ,Jacob,Paul,Clear,"Sideswipe, Same Direction",no,no,no,no,no,False
101784011,METROPOLITAN NASHVILLE POLICE DEPT,20170885374,Davidson,Nashville,10/6/2017 6:00:00 PM,2,0,0,36.244310,-86.747360,I 65,,,,0.00,,,,,,,90.70,N,Not at Intersection, ,Non-Junction,None,,,         ,Jerry,Pirtle,Cloudy,Front to Rear,no,no,no,no,no,False
101784019,METROPOLITAN NASHVILLE POLICE DEPT,20170885447,Davidson,Not in City Limit,10/6/2017 7:39:00 PM,2,0,0,36.258490,-86.713890,MADISON ST,,,,97.00,Feet,East,DUVAL CT,,,,0.00,N,Not at Intersection, ,OtherLocation,None,,,         ,Paul,Goebel,Clear,Front to Rear,no,no,no,no,no,False
101784024,METROPOLITAN NASHVILLE POLICE DEPT,20170884979,Davidson,Nashville,10/6/2017 3:40:00 PM,2,1,0,36.123840,-86.814260,SHARONDALE DR,,,,165.00,Feet,East,23RD AVS,,,,0.00,N,Not at Intersection,N,Non-Junction,None,,,         ,Regina,Lewis,Clear,Front to Rear,no,no,no,no,no,False
101784027,METROPOLITAN NASHVILLE POLICE DEPT,20170885600,Davidson,Nashville,10/6/2017 7:50:00 PM,2,1,0,36.103620,-86.666480,FAIRCLOTH LN,,,,0.00,,,OLD MURFREESBORO PKE,,,,0.00,Y,Four-Way,N,Intersection,None,,,         ,Marcus,Mitchell,Clear,Angle,no,no,no,no,no,False
101784038,VANDERBILT UNIVERSITY POLICE,2017-0885522,Davidson,Nashville,10/6/2017 5:17:00 PM,2,0,0,36.155770,-86.789790,I40 E EXT RAMP,,,,0.00,,,I 40,,,,0.00,Y,Y-Intersection,N,Entrance/Exit Ramp Related,None,,,         ,Christopher,Dion,Clear,"Sideswipe, Same Direction",no,no,no,no,yes,False
101784039,METROPOLITAN NASHVILLE POLICE DEPT,20170885555,Davidson,Nashville,10/6/2017 7:25:00 PM,2,0,0,36.147130,-86.779060,8TH AVS,,,,167.00,Feet,North,SOUTH ST,,,,0.00,N,Not at Intersection, ,Non-Junction,None,,,         ,Darren,White,Clear,Front to Rear,no,no,no,no,yes,False
101784044,METROPOLITAN NASHVILLE POLICE DEPT,20170885687,Davidson,Nashville,10/6/2017 7:46:00 PM,2,0,0,36.159900,-86.773860,2ND AVS,,,,0.00,,,DEMONBREUN ST,,,,0.00,Y,Four-Way,N,Intersection,None,,,         ,Chad,Wilkinson,Clear,Angle,no,no,no,no,yes,False
101784047,METROPOLITAN NASHVILLE POLICE DEPT,20170882626,Davidson,Nashville,10/5/2017 9:54:00 PM,1,1,0,36.243460,-86.780400,BRICK CHURCH PKE,,,,242.00,Feet,North,MASONWOOD DR,,,,0.00,N,Not at Intersection,N,Non-Junction,None,,,         ,Christopher,Augustin,Clear,Not Collision with Motor Vehicle in Transport,yes,no,no,no,no,False
101784052,METROPOLITAN NASHVILLE POLICE DEPT,20170885607,Davidson,Nashville,10/6/2017 7:53:00 PM,2,1,0,36.132890,-86.796030,PORTLAND AV,,,,47.00,Feet,West,BELMONT BLVD,,,,0.00,N,Not at Intersection,N,Non-Junction,None,,,         ,Ryan,Cagle,Clear,Angle,no,no,no,no,yes,False
101784064,METROPOLITAN NASHVILLE POLICE DEPT,20170884777,Davidson,Nashville,10/6/2017 2:18:00 PM,2,2,0,36.157770,-86.799570,18TH AVN,,,,147.00,Feet,South,CHARLOTTE AV,,,,0.00,N,Not at Intersection,N,Non-Junction,None,,,         ,Jacob,Paul,Clear,Angle,no,no,no,no,no,False
101784093,METROPOLITAN NASHVILLE POLICE DEPT,20170885455,Davidson,Nashville,10/6/2017 6:08:00 PM,2,0,0,36.108680,-86.812130,GLEN ECHO RD,,,,0.00,,,HILLSBORO PKE,,,,0.00,Y,T-Intersection, ,Intersection-Related,None,,,         ,Jacob,Paul,Clear,Front to Rear,no,no,no,no,no,False
101784094,METROPOLITAN NASHVILLE POLICE DEPT,20170885074,Davidson,Nashville,10/6/2017 3:52:00 PM,2,0,0,36.164030,-86.786240,CHARLOTTE AV,,,,0.00,,,ROSA L PARKS BLVD,,,,0.00,Y,T-Intersection,N,Intersection,None,,,         ,Andrey,Volfson,Clear,"Sideswipe, Same Direction",no,no,no,no,yes,False
101784099,METROPOLITAN NASHVILLE POLICE DEPT,2017-0885194,Davidson,Nashville,10/6/2017 5:25:00 PM,2,0,0,36.169340,-86.774680,JAMES ROBERTSON PKWY,,,,1830.00,Feet,West,INTERSTATE DR,,,,0.00,N,Not at Intersection, ,Non-Junction,None,,,         ,Cory,West,Clear,Front to Rear,no,no,no,no,no,False
101784106,METROPOLITAN NASHVILLE POLICE DEPT,2017-0885475,Davidson,Nashville,10/6/2017 6:52:00 PM,2,2,0,36.174040,-86.605870,CENTRAL PKE,,,,20.00,Feet,East,I40 E EXT RAMP,,,,0.00,N,Not at Intersection,N,Non-Junction,None,,,         ,Sandra,Talavera,Clear,Angle,no,no,no,no,no,False
101784109,METROPOLITAN NASHVILLE POLICE DEPT,20170885450,Davidson,Nashville,10/6/2017 6:36:00 PM,2,0,0,36.117460,-86.826630,HAMPTON AV,,,,0.00,,,BOWLING AV,,,,0.00,Y,Four-Way, ,Intersection,None,,,         ,Walter,Gray II,Clear,Angle,no,no,no,no,no,False
101784110,METROPOLITAN NASHVILLE POLICE DEPT,20170885770,Davidson,Nashville,10/6/2017 8:41:00 PM,2,0,0,36.157490,-86.877180,WESTBORO DR,,,,215.00,Feet,South,ROBERTSON AV,,,,0.00,N,Not at Intersection, ,Non-Junction,None,,,         ,Walter,Gray II,Clear,"Sideswipe, Same Direction",no,no,no,no,no,False
101784112,METROPOLITAN NASHVILLE POLICE DEPT,20170885991,Davidson,Nashville,10/6/2017 9:48:00 PM,2,0,0,36.204220,-86.744500,E TRINITY LN,,,,37.00,Feet,West,KEELING AV,,,,0.00,N,Not at Intersection, ,Non-Junction,None,,,         ,Thomas,Miller,Clear,Front to Rear,no,no,no,no,yes,False
101784113,METROPOLITAN NASHVILLE POLICE DEPT,20170884826,Davidson,Nashville,10/6/2017 2:25:00 PM,2,0,0,36.147170,-86.743560,I 40,,,,0.00,,,,,,,212.00,N,Not at Intersection,N,Non-Junction,None,,,         ,John,Daugherty,Clear,Front to Rear,no,no,no,no,no,False
101784114,METROPOLITAN NASHVILLE POLICE DEPT,20170885649,Davidson,Not in City Limit,10/6/2017 7:30:00 PM,2,0,0,36.263180,-86.713090,OLD HICKORY BLVDW,,,,0.00,,,OLD TIME VILLAGE PVTDR,,,,0.00,Y,OTHER,N,Intersection-Related,None,,,         ,Johnathon,Birdwell,Clear,Angle,no,no,no,no,yes,False
101784128,METROPOLITAN NASHVILLE POLICE DEPT,2017 855932,Davidson,Nashville,10/6/2017 9:21:00 PM,2,0,0,36.110940,-86.745220,THOMPSON LN,,,,0.00,,,NOLENSVILLE PKE,,,,0.00,Y,Four-Way, ,Intersection-Related,None,,,         ,Jacob,Paul,Clear,"Sideswipe, Same Direction",no,no,no,no,no,False
101784129,METROPOLITAN NASHVILLE POLICE DEPT,20170885357,Davidson,Nashville,10/6/2017 5:30:00 PM,2,0,0,36.074060,-86.922980,HIGHWAY 70S,,,,100.00,Feet,East,OLD HARDING PKE RAMP,,,,0.00,N,Not at Intersection, ,Non-Junction,None,,,         ,Walter,Gray II,Clear,"Sideswipe, Same Direction",no,no,no,no,no,False
101784164,METROPOLITAN NASHVILLE POLICE DEPT,20170885874,Davidson,Nashville,10/6/2017 9:00:00 PM,2,0,0,36.103600,-86.666480,FAIRCLOTH LN,,,,10.00,Feet,South,OLD MURFREESBORO PKE,,,,0.00,N,Not at Intersection, ,Non-Junction,None,,,         ,Marcus,Mitchell,Clear,Front to Rear,no,no,no,no,no,False
101784173,METROPOLITAN NASHVILLE POLICE DEPT,20170885955,Davidson,Nashville,10/6/2017 9:26:00 PM,1,1,0,36.130870,-86.695210,BRILEY PKWYS,,,,172.00,Feet,South,BRILEY PKWYN,,,,0.00,N,Not at Intersection,N,Non-Junction,None,,,         ,Johnathan,Pannell,Clear,Not Collision with Motor Vehicle in Transport,no,no,no,no,no,False
101784175,METROPOLITAN NASHVILLE POLICE DEPT,20170885992,Davidson,Nashville,10/6/2017 9:50:00 PM,2,0,0,36.170740,-86.812440,HEIMAN ST PVTDR,,,,0.00,,,23RD AVN,,,,0.00,Y,Four-Way, ,Non-Junction,None,,,         ,Melvin,Taylor,Clear,"Sideswipe, Opposite Direction",no,no,no,yes,no,False
101784188,METROPOLITAN NASHVILLE POLICE DEPT,20170886046,Davidson,Nashville,10/6/2017 12:00:00 AM,1,0,0,36.195480,-86.775000,FERN AV,,,,25.00,Feet,East,WHITES CREEK PKE,,,,0.00,N,Not at Intersection,N,Non-Junction,None,,,         ,Gordon,Stovall,Clear,Not Collision with Motor Vehicle in Transport,no,no,no,no,no,False
101784189,METROPOLITAN NASHVILLE POLICE DEPT,20170885589,Davidson,Antioch,10/6/2017 7:25:00 PM,2,0,0,36.026670,-86.588620,MURFREESBORO PKE,,,,114.00,Feet,North,HICKORY WOODS DR,,,,0.00,N,Not at Intersection,N,Non-Junction,None,,,         ,Nathaniel,Myers,Clear,Front to Rear,no,no,no,no,no,False
101784190,METROPOLITAN NASHVILLE POLICE DEPT,20170885039,Davidson,Nashville,10/6/2017 12:00:00 AM,4,4,0,36.165310,-86.794470,I 40,,,,0.00,,,,,,,208.40,N,Not at Intersection,N,Non-Junction,None,,,         ,Honorio,Canchola,Clear,Other,no,no,no,no,no,False
101784195,METROPOLITAN NASHVILLE POLICE DEPT,20170886103,Davidson,Nashville,10/6/2017 9:28:00 PM,2,0,0,36.151070,-86.784340,DIVISION ST,,,,0.00,,,12TH AVS,,,,0.00,Y,Four-Way, ,Non-Junction,None,,,         ,Hunter,Fikes,Clear,Front to Rear,no,no,no,no,yes,False
101784237,METROPOLITAN NASHVILLE POLICE DEPT,20170886194,Davidson,Nashville,10/6/2017 11:18:00 PM,2,0,0,36.082990,-86.727370,NOLENSVILLE PKE,,,,153.00,Feet,South,WELCH RD,,,,0.00,N,Not at Intersection,N,Non-Junction,None,,,         ,Jacob,West,Clear,Front to Rear,no,no,no,no,yes,False
101784296,METROPOLITAN NASHVILLE POLICE DEPT,20170886211,Davidson,Nashville,10/6/2017 10:05:00 PM,2,0,0,36.200660,-86.742090,SPAIN AV,,,,539.00,Feet,West,DELMAS AV,,,,0.00,N,Not at Intersection,N,Non-Junction,None,,,         ,Samuel,Kersten,Clear,Angle,no,no,no,no,yes,False