master_record_number,agency,agency_tracking_number,county,city,collision_date,vehicles_involved,number_injured,number_dead,latitude,longitude,roadway_name,roadway_suffix,roadway_number,roadway_local_id,distance_from_reference,miles-feet_indicator,direction_from_reference,intersection_road_name,intersection_road_name_suffix,intersection_road_number,intersection_local_id,mile_marker,intersection_indicator,intersect_type,interchange_related_indicator,relation_to_junction,work_zone_type,construction_maintenance_zone,construction_maintenance_zone_location,fatal_case_number,officer_first_name,officer_last_name,weather_condition(s),manner_of_crash,pedestrian,bicycle,scooter,parking,hitrun,mou
101785229,METROPOLITAN NASHVILLE POLICE DEPT,20170889004,Davidson,Nashville,10/8/2017 12:50:00 AM,2,0,0,36.138670,-86.810870,BLAKEMORE AV,,,,0.00,,,NATCHEZ TRC,,,,0.00,Y,Four-Way,N,Intersection,None,,,         ,Deandera,Payne,Clear,Front to Rear,no,no,no,no,no,Campus
101785233,METROPOLITAN NASHVILLE POLICE DEPT,20170889030,Davidson,Nashville,10/8/2017 12:59:00 AM,1,1,0,36.165210,-86.611100,BELL RD,,,,909.00,Feet,North,ALTA LAKE GRNWY,,,,0.00,N,Not at Intersection,N,Non-Junction,None,,,         ,Emily,Mulready,Rain,Not Collision with Motor Vehicle in Transport,no,no,no,no,no,False
101785238,METROPOLITAN NASHVILLE POLICE DEPT,20170889095,Davidson,Nashville,10/8/2017 12:59:00 AM,1,1,0,36.166280,-86.603840,THE COVE APT PVTDR,,,,290.00,Feet,North,ALTA LAKE GRNWY,,,,0.00,N,Not at Intersection,N,Non-Junction,None,,,         ,Brett,Johns,Rain,Not Collision with Motor Vehicle in Transport,no,no,no,no,yes,False
101785240,METROPOLITAN NASHVILLE POLICE DEPT,20170888875,Davidson,Nashville,10/7/2017 12:00:00 AM,2,0,0,36.206840,-86.777880,BRICK CHURCH PKE,,,,0.00,Feet,North,W TRINITY LN,,,,0.00,N,Not at Intersection,N,Non-Junction,None,,,         ,Myriah,Iles,Rain,Front to Rear,no,no,no,no,yes,False
101785241,METROPOLITAN NASHVILLE POLICE DEPT,20170888867,Davidson,Nashville,10/7/2017 11:10:00 PM,2,0,0,36.134430,-86.727110,I 24,,,,0.00,,,,,,,52.10,N,Not at Intersection,N,Non-Junction,None,,,         ,Erik,Dabbs,Cloudy,Front to Rear,no,no,no,no,no,False
101785244,METROPOLITAN NASHVILLE POLICE DEPT,20170889034,Davidson,Nashville,10/8/2017 12:00:00 AM,1,0,0,36.154810,-86.842340,46TH AVN,,,,130.00,Feet,North,DELAWARE AV,,,,0.00,N,Not at Intersection,N,Non-Junction,None,,,         ,Terrance,Stuckey,Rain,Not Collision with Motor Vehicle in Transport,no,no,no,no,no,False
101785250,METROPOLITAN NASHVILLE POLICE DEPT,20170889136,Davidson,Nashville,10/8/2017 12:58:00 AM,1,0,0,36.063620,-86.695140,PACKARD DR,,,,286.00,Feet,West,CREEKSIDE DR,,,,0.00,N,Not at Intersection,N,Non-Junction,None,,,         ,Gary,Peters,Clear,Not Collision with Motor Vehicle in Transport,no,no,no,no,yes,False
101785267,METROPOLITAN NASHVILLE POLICE DEPT,20170889100,Davidson,Nashville,10/8/2017 1:37:00 AM,2,3,0,36.052910,-86.687460,TUSCULUM RD,,,,1.00,Feet,South,OCALA DR,,,,0.00,N,Not at Intersection,N,Non-Junction,None,,,         ,Shaquille,Graham,Clear,HeadOn,no,no,no,no,yes,False
101785268,METROPOLITAN NASHVILLE POLICE DEPT,20170889238,Davidson,Nashville,10/8/2017 3:00:00 AM,2,0,0,36.154020,-86.757500,I 40,,,,0.00,,,,,,,211.10,N,Not at Intersection,N,Non-Junction,None,,,         ,Mekisha,Page,Clear,Front to Rear,no,no,no,no,yes,False
101785270,METROPOLITAN NASHVILLE POLICE DEPT,20170889084,Davidson,Not in City Limit,10/8/2017 1:25:00 AM,2,1,0,36.084540,-86.949730,I 40,,,,0.00,,,,,,,196.80,N,Not at Intersection,N,Non-Junction,None,,,         ,Kristen,Morgan,Rain,Front to Rear,no,no,no,no,yes,False
101785272,METROPOLITAN NASHVILLE POLICE DEPT,20170889275,Davidson,Nashville,10/8/2017 3:22:00 AM,1,0,0,36.153830,-86.649460,LAKELAND DR,,,,394.00,Feet,West,PHILWOOD DR,,,,0.00,N,Not at Intersection,N,Unknown,None,,,         ,Brett,Johns,Clear,Not Collision with Motor Vehicle in Transport,no,no,no,no,no,False
101785275,METROPOLITAN NASHVILLE POLICE DEPT,20170888903,Davidson,Nashville,10/7/2017 11:18:00 PM,2,0,0,36.148680,-86.746270,I40 E EXT RAMP,,,,0.00,Feet,East,I 40,,,,0.00,N,Not at Intersection, ,Non-Junction,None,,,         ,Johan,Kinberg,Cloudy,"Sideswipe, Same Direction",no,no,no,no,no,False
101785277,METROPOLITAN NASHVILLE POLICE DEPT,20170889256,Davidson,Nashville,10/8/2017 3:08:00 AM,2,0,0,36.183440,-86.744890,EASTLAND AV,,,,0.00,,,N 14TH ST,,,,0.00,Y,Four-Way,N,Intersection-Related,None,,,         ,Christopher,Dameron,Clear,"Sideswipe, Opposite Direction",no,no,no,no,yes,False
101785280,METROPOLITAN NASHVILLE POLICE DEPT,20170889278,Davidson,Nashville,10/8/2017 3:28:00 AM,1,2,0,36.036580,-86.783700,I65 S EXT RAMP,,,,77.00,Feet,West,I 65,,,,0.00,N,Not at Intersection,N,Entrance/Exit Ramp Related,None,,,         ,Jacob,West,Clear,Not Collision with Motor Vehicle in Transport,no,no,no,no,no,False
101785285,METROPOLITAN NASHVILLE POLICE DEPT,20170889134,Davidson,Nashville,10/8/2017 1:50:00 AM,3,1,0,36.153080,-86.857140,I40 W EXT RAMP,,,,0.00,Feet,East,I 40,,,,0.00,N,Not at Intersection,Y,Entrance/Exit Ramp Related,None,,,         ,Kenneth,Bray,Rain,Front to Rear,no,no,no,no,yes,False
101785318,METROPOLITAN NASHVILLE POLICE DEPT,20170889220,Davidson,Nashville,10/8/2017 2:45:00 AM,6,0,0,36.181430,-86.771650,BERRY ST,,,,0.00,Feet,West,N 2ND ST,,,,0.00,N,Not at Intersection,N,Non-Junction,None,,,         ,Juan,Gonzalez,Clear,"Sideswipe, Same Direction",no,no,no,no,yes,False
101785319,METROPOLITAN NASHVILLE POLICE DEPT,20170889188,Davidson,Nashville,10/8/2017 2:15:00 AM,2,0,0,36.151010,-86.796490,19TH AVS,,,,0.00,Feet,,BROADWAY,,,,0.00,Y,Four-Way,N,Intersection,None,,,         ,Ian,Ward,Cloudy,Angle,no,no,no,no,no,False
101785325,METROPOLITAN NASHVILLE POLICE DEPT,20170889422,Davidson,Nashville,10/8/2017 5:17:00 AM,1,1,0,36.047960,-86.757010,HILL RD,,,,90.00,Feet,West,HEATHER LN,,,,0.00,N,Not at Intersection,N,Non-Junction,None,,,         ,Nicholas,Smith,Rain,Not Collision with Motor Vehicle in Transport,no,no,no,no,no,False
101785327,METROPOLITAN NASHVILLE POLICE DEPT,20170889442,Davidson,Nashville,10/8/2017 5:20:00 AM,1,2,0,36.210220,-86.733630,GALLATIN PKE,,,,15.00,Feet,North,HOME RD,,,,0.00,N,Not at Intersection,N,Non-Junction,None,,,         ,Ky,Luu,Rain,Not Collision with Motor Vehicle in Transport,no,no,no,no,no,False
101785328,METROPOLITAN NASHVILLE POLICE DEPT,20170889491,Davidson,Nashville,10/8/2017 6:20:00 AM,2,0,0,36.165570,-86.778600,3RD AVN,,,,0.00,,,UNION ST,,,,0.00,Y,T-Intersection, ,Non-Junction,None,,,         ,Darrien,Spann,Rain,Angle,no,no,no,no,yes,False
101785333,METROPOLITAN NASHVILLE POLICE DEPT,20170889499,Davidson,Nashville,10/8/2017 6:00:00 AM,1,0,0,36.072440,-86.691550,I 24,,,,0.00,,,,,,,56.75,N,Not at Intersection,N,Non-Junction,None,,,         ,Daniel,Garrett,Rain,Not Collision with Motor Vehicle in Transport,no,no,no,no,no,False
101785337,METROPOLITAN NASHVILLE POLICE DEPT,20170889343,Davidson,Nashville,10/7/2017 11:13:00 PM,2,0,0,36.073980,-86.689150,RADER DR,,,,138.00,Feet,East,BAKERTOWN RD,,,,0.00,N,Not at Intersection,N,Non-Junction,None,,,         ,Gary,Peters,Clear,Angle,no,no,no,no,yes,False
101785339,METROPOLITAN NASHVILLE POLICE DEPT,20170889501,Davidson,Not in City Limit,10/8/2017 6:17:00 AM,1,1,0,36.266110,-86.791280,I 24,,,,0.00,,,,,,,41.40,N,Not at Intersection,N,Non-Junction,None,,,         ,James,Murphy,Rain,Not Collision with Motor Vehicle in Transport,no,no,no,no,no,False
101785340,METROPOLITAN NASHVILLE POLICE DEPT,20170889293,Davidson,Nashville,10/8/2017 3:42:00 AM,2,1,0,36.223400,-86.773340,I 65,,,,0.00,,,,,,,88.50,N,Not at Intersection,N,Non-Junction,None,,,         ,Christopher,Dameron,Clear,"Sideswipe, Same Direction",no,no,no,no,no,False
101785377,METROPOLITAN NASHVILLE POLICE DEPT,20170889513,Davidson,Nashville,10/8/2017 6:45:00 AM,1,0,0,36.153970,-86.758360,I 40,,,,0.00,,,,,,,211.10,N,Not at Intersection,Y,Entrance/Exit Ramp Related,None,,,         ,Michael,Brooks,Rain,Not Collision with Motor Vehicle in Transport,no,no,no,no,no,False
101785379,METROPOLITAN NASHVILLE POLICE DEPT,20170889539,Davidson,Nashville,10/8/2017 6:24:00 AM,1,0,0,36.150010,-86.748180,I 40,,,,0.00,,,,,,,211.70,N,Not at Intersection, ,Non-Junction,None,,,         ,Ralph,Harvey,Rain,Not Collision with Motor Vehicle in Transport,no,no,no,no,no,False
101785405,METROPOLITAN NASHVILLE POLICE DEPT,20170889530,Davidson,Nashville,10/8/2017 6:28:00 AM,1,0,0,36.174680,-86.770740,OLDHAM ST,,,,57.00,Feet,East,I24 W EXT RAMP,,,,0.00,N,Not at Intersection,N,Non-Junction,None,,,         ,Christopher,Dickerson,Rain,Not Collision with Motor Vehicle in Transport,no,no,no,no,no,False
101785407,METROPOLITAN NASHVILLE POLICE DEPT,20170889541,Davidson,Nashville,10/8/2017 6:51:00 AM,1,0,0,36.132130,-86.695640,BRILEY PKWYN,,,,0.00,,,,,,,0.00,,,N,Non-Junction,None,,,         ,Cassandra,Del Bosco,Cloudy,Not Collision with Motor Vehicle in Transport,no,no,no,no,yes,False
101785412,METROPOLITAN NASHVILLE POLICE DEPT,20170889636,Davidson,Nashville,10/8/2017 7:51:00 AM,2,0,0,36.125820,-86.846490,KENNER AV,,,,0.00,,,HARDING PKE,,,,0.00,Y,Four-Way, ,Intersection,None,,,         ,Adam,Reese,Rain,"Sideswipe, Same Direction",no,no,no,no,no,False
101785419,METROPOLITAN NASHVILLE POLICE DEPT,20170889676,Davidson,Nashville,10/8/2017 8:27:00 AM,1,0,0,36.030180,-86.638350,I 24,,,,0.00,,,,,,,61.00,N,Not at Intersection, ,,None,,,         ,Robert,Erickson,,,no,no,no,no,no,False
101785441,METROPOLITAN NASHVILLE POLICE DEPT,20170889726,Davidson,Nashville,10/8/2017 9:25:00 AM,1,0,0,36.119480,-86.766820,I 440,,,,0.00,,,,,,,5.35,N,Not at Intersection,N,Non-Junction,None,,,         ,Nathan,Kemp,Rain,Not Collision with Motor Vehicle in Transport,no,no,no,no,no,False
101785442,METROPOLITAN NASHVILLE POLICE DEPT,20170889677,Davidson,Nashville,10/8/2017 8:46:00 AM,1,1,0,36.155670,-86.692120,BRILEY PKWYN,,,,194.00,Feet,South,BRILEY PKWY N ENT RAMP,,,,0.00,N,Not at Intersection,N,Non-Junction,None,,,         ,Ralph,Harvey,Rain,Not Collision with Motor Vehicle in Transport,no,no,no,no,no,False
101785465,METROPOLITAN NASHVILLE POLICE DEPT,20170889782,Davidson,Nashville,10/8/2017 10:08:00 AM,1,0,0,36.024920,-86.646320,CANE RIDGE RD,,,,1000.00,Feet,North,BLAIRFIELD DR,,,,0.00,N,Not at Intersection,N,Non-Junction,None,,,         ,Caleb,Jernigan,Clear,Not Collision with Motor Vehicle in Transport,no,no,no,no,no,False
101785475,METROPOLITAN NASHVILLE POLICE DEPT,20170889753,Davidson,Nashville,10/8/2017 9:45:00 AM,1,1,0,36.169490,-86.606550,I40 E EXT RAMP,,,,0.00,Feet,East,I 40,,,,0.00,N,Not at Intersection,Y,Entrance/Exit Ramp Related,None,,,         ,Jessica,Johann,Rain,Not Collision with Motor Vehicle in Transport,no,no,no,no,no,False
101785478,METROPOLITAN NASHVILLE POLICE DEPT,20170889754,Davidson,Nashville,10/8/2017 9:45:00 AM,1,0,0,36.237790,-86.787140,I24 E EXT RAMP,,,,0.00,,,I 24,,,,0.00,Y,OTHER,N,Entrance/Exit Ramp Related,None,,,         ,Royce,McLester,Rain,Not Collision with Motor Vehicle in Transport,no,no,no,no,no,False
101785493,METROPOLITAN NASHVILLE POLICE DEPT,20170889620,Davidson,Nashville,10/8/2017 7:50:00 AM,1,0,0,36.153260,-86.853460,I 40,,,,0.00,,,,,,,204.20,N,Not at Intersection,N,Non-Junction,None,,,         ,Christopher,Royer,Rain,Not Collision with Motor Vehicle in Transport,no,no,no,no,yes,False
101785507,METROPOLITAN NASHVILLE POLICE DEPT,20170889793,Davidson,Nashville,10/8/2017 10:19:00 AM,2,0,0,36.150940,-86.804550,LOUISE AV,,,,0.00,,,ELLISTON PL,,,,0.00,Y,Four-Way, ,Intersection,None,,,         ,Nathan,Kemp,Rain,Angle,no,no,no,no,no,Campus
101785508,METROPOLITAN NASHVILLE POLICE DEPT,20170889816,Davidson,Nashville,10/8/2017 10:44:00 AM,2,0,0,36.157930,-86.791610,14TH AVN,,,,0.00,,,CHURCH ST,,,,0.00,Y,Four-Way,N,Intersection,None,,,         ,Nathan,Kemp,Rain,Angle,no,no,no,no,no,False
101785509,METROPOLITAN NASHVILLE POLICE DEPT,20170889845,Davidson,Nashville,10/8/2017 11:08:00 AM,1,1,0,36.115530,-86.773060,I440 W ENT RAMP,,,,0.00,Feet,East,I 65,,,,0.00,N,Not at Intersection,N,Non-Junction,None,,,         ,Nathan,Kemp,Rain,Not Collision with Motor Vehicle in Transport,no,no,no,no,no,False
101785514,METROPOLITAN NASHVILLE POLICE DEPT,20170889872,Davidson,Nashville,10/8/2017 11:39:00 AM,1,1,0,36.160380,-86.670010,WOODBERRY DR,,,,1659.00,Feet,West,DONELSON PKE,,,,0.00,N,Not at Intersection,N,Non-Junction,None,,,         ,FELIKS,ABRAHAMYAN,Rain,Not Collision with Motor Vehicle in Transport,yes,no,no,no,no,False
101785516,METROPOLITAN NASHVILLE POLICE DEPT,20170889864,Davidson,Nashville,10/8/2017 12:00:00 AM,2,0,0,36.144310,-86.686540,CENTURY BLVD,,,,498.00,Feet,West,MCGAVOCK PKE,,,,0.00,N,Not at Intersection, ,Non-Junction,None,,,         ,Ralph,Harvey,Clear,Unknown,no,no,no,yes,yes,False
101785518,THP District 3 - Nashville,317059478,Davidson,Nashville,10/7/2017 12:16:00 PM,2,0,0,36.039480,-86.781770,OLD HICKORY BLVD,,,,0.00,,,I65 N EXT RAMP,,,,0.00,Y,OTHER, ,Entrance/Exit Ramp Related,None,,,         ,Christopher,Vance,Cloudy,Front to Rear,no,no,no,no,no,False
101785519,METROPOLITAN NASHVILLE POLICE DEPT,20170889756,Davidson,Nashville,10/8/2017 9:51:00 AM,2,2,0,36.088580,-86.615360,CASTLEGATE DR,,,,251.00,Feet,South,SMITH SPRINGS RD,,,,0.00,N,Not at Intersection,N,Non-Junction,None,,,         ,Terry,Denton,Rain,Angle,no,no,no,no,no,False
101785521,METROPOLITAN NASHVILLE POLICE DEPT,20170889832,Davidson,Not in City Limit,10/8/2017 10:58:00 AM,2,0,0,36.259460,-86.706820,IDLEWILD AV,,,,0.00,,,HICKORY ST,,,,0.00,Y,OTHER,N,Intersection-Related,None,,,         ,Michelle,Steidl,Rain,Angle,no,no,no,no,no,False
101785522,METROPOLITAN NASHVILLE POLICE DEPT,20170889848,Davidson,Not in City Limit,10/8/2017 11:12:00 AM,2,2,0,36.041290,-86.961160,HIGHWAY 100,,,,0.00,Feet,,CHAFFIN DR,,,,0.00,Y,T-Intersection,N,Intersection-Related,None,,,         ,Douglas,Atwood,Rain,Front to Rear,no,no,no,no,no,False
101785524,METROPOLITAN NASHVILLE POLICE DEPT,20170889828,Davidson,Nashville,10/8/2017 9:38:00 AM,2,1,0,36.231400,-86.700390,BRILEY PKWYS,,,,114.00,Feet,South,BRILEY PKWYE,,,,0.00,N,Not at Intersection,N,Non-Junction,None,,,         ,Tyler,Adcock,Rain,"Sideswipe, Same Direction",no,no,no,no,no,False
101785535,GOODLETTSVILLE POLICE DEPT,17-35425,Davidson,Goodlettsville,10/8/2017 11:15:00 AM,2,0,0,36.311490,-86.683640,,,SR386,,1.00,Miles,East,CONFERENCE,DR,,,0.00,N,Not at Intersection,N,Entrance/Exit Ramp Related,None,,,         ,George,Forbes,Rain,"Sideswipe, Same Direction",no,no,no,no,no,False
101785544,METROPOLITAN NASHVILLE POLICE DEPT,20170889924,Davidson,Nashville,10/8/2017 12:34:00 PM,2,0,0,36.113820,-86.809210,WOODMONT BLVD,,,,0.00,,,GOLF CLUB LN,,,,0.00,Y,Four-Way, ,Intersection,None,,,         ,Nathan,Kemp,Rain,Angle,no,no,no,no,no,False
101785546,METROPOLITAN NASHVILLE POLICE DEPT,20170889892,Davidson,Nashville,10/8/2017 12:07:00 PM,1,0,0,36.154950,-86.788180,I40 W EXT RAMP,,,,0.00,,,I 40,,,,0.00,Y,Four-Way,N,Intersection-Related,None,,,         ,Darren,Key,Rain,Not Collision with Motor Vehicle in Transport,no,no,no,no,no,False
101785553,METROPOLITAN NASHVILLE POLICE DEPT,20170889891,Davidson,Nashville,10/8/2017 12:05:00 PM,1,0,0,36.165720,-86.612940,I 40,,,,0.00,,,,,,,220.15,N,Not at Intersection,N,Non-Junction,None,,,         ,Michael,Brooks,Rain,Not Collision with Motor Vehicle in Transport,no,no,no,no,no,False
101785567,METROPOLITAN NASHVILLE POLICE DEPT,20170889919,Davidson,Nashville,10/8/2017 12:29:00 PM,1,0,0,36.254350,-86.701350,NEELYS BEND RD,,,,212.00,Feet,West,IDLEWILD DR,,,,0.00,N,Not at Intersection,N,Non-Junction,None,,,         ,Michael,Agee,Rain,Not Collision with Motor Vehicle in Transport,no,no,no,no,no,False
101785592,METROPOLITAN NASHVILLE POLICE DEPT,20170889897,Davidson,Nashville,10/8/2017 12:12:00 PM,2,1,0,36.200410,-86.740230,GALLATIN PKE,,,,131.00,Feet,North,SPAIN AV,,,,0.00,N,Not at Intersection,N,Non-Junction,None,,,         ,Anthony,Rizo,Rain,Angle,no,no,no,no,no,False
101785599,VANDERBILT UNIVERSITY POLICE,17-0889709,Davidson,Nashville,10/8/2017 9:05:00 AM,1,0,0,36.142420,-86.800830,MEDICAL CENTER DR,,,,0.00,,,,,,,0.00,,Not at Intersection, ,Non-Junction,None,,,         ,Casey,Campbell,Rain,Not Collision with Motor Vehicle in Transport,no,no,no,yes,no,Campus
101785600,METROPOLITAN NASHVILLE POLICE DEPT,20170889963,Davidson,Nashville,10/8/2017 1:00:00 PM,2,0,0,36.039860,-86.741400,OLD HICKORY BLVD,,,,614.00,Feet,East,HIGHLAND WAY,,,,0.00,N,Not at Intersection, ,Non-Junction,None,,,         ,Ian,Hammond,Rain,Front to Rear,no,no,no,no,no,False
101785602,METROPOLITAN NASHVILLE POLICE DEPT,20170889943,Davidson,Nashville,10/8/2017 12:36:00 PM,2,0,0,36.197150,-86.687670,BRILEY PKWY N EXT RAMP,,,,0.00,Feet,East,BRILEY PKWY N ENT RAMP,,,,0.00,N,Not at Intersection, ,Entrance/Exit Ramp Related,None,,,         ,Tyler,Adcock,Rain,Front to Rear,no,no,no,no,no,False
101785605,METROPOLITAN NASHVILLE POLICE DEPT,20170889907,Davidson,Nashville,10/8/2017 12:18:00 PM,2,0,0,36.206530,-86.776480,I 65,,,,0.00,,,,,,,87.30,N,Not at Intersection, ,,None,,,         ,James,Wray,,,no,no,no,no,no,False
101785611,METROPOLITAN NASHVILLE POLICE DEPT,20170889791,Davidson,Nashville,10/8/2017 10:05:00 AM,3,0,0,36.177220,-86.597990,ROCKWOOD DR,,,,0.00,,,,,,,0.00,,,N,Non-Junction,None,,,         ,Cassandra,Del Bosco,Rain,HeadOn,no,no,no,no,no,False
101785613,METROPOLITAN NASHVILLE POLICE DEPT,20170889989,Davidson,Nashville,10/8/2017 1:30:00 PM,2,0,0,36.039700,-86.759820,TOWNHOMES OF FREDERICKSBURG PV,,,,0.00,,,OLD HICKORY BLVD,,,,0.00,Y,Four-Way, ,Intersection-Related,None,,,         ,Ian,Hammond,Rain,"Sideswipe, Same Direction",no,no,no,no,no,False
101785620,METROPOLITAN NASHVILLE POLICE DEPT,20170889961,Davidson,Nashville,10/8/2017 12:31:00 PM,2,0,0,36.072080,-86.694740,SYFERT LN,,,,371.00,Feet,West,EZELL RD,,,,0.00,N,Not at Intersection, ,Non-Junction,None,,,         ,Sara,Lober,Rain,Rear to Rear,no,no,no,no,no,False
101785621,METROPOLITAN NASHVILLE POLICE DEPT,20170889939,Davidson,Nashville,10/8/2017 12:46:00 PM,2,2,0,36.188510,-86.581950,LANDINGS WAY,,,,0.00,Feet,,N NEW HOPE RD,,,,0.00,Y,T-Intersection,N,Intersection,None,,,         ,Terry,Denton,Rain,Angle,no,no,no,no,no,False
101785628,METROPOLITAN NASHVILLE POLICE DEPT,20170889980,Davidson,Nashville,10/8/2017 12:42:00 PM,2,0,0,36.166520,-86.764880,I 24,,,,0.00,,,,,,,49.00,N,Not at Intersection, ,Non-Junction,None,,,         ,Seth,Quiles,Rain,Front to Rear,no,no,no,no,no,False
101785629,METROPOLITAN NASHVILLE POLICE DEPT,2017-0887658,Davidson,Nashville,10/7/2017 12:20:00 PM,2,1,0,36.199190,-86.620490,OLD HICKORY BLVD,,,,113.00,Feet,South,LEBANON PKE WB EXT RAMP,,,,0.00,N,Not at Intersection,N,Non-Junction,None,,,         ,John,Henry,Cloudy,Angle,no,no,no,no,no,False
101785630,METROPOLITAN NASHVILLE POLICE DEPT,20170889968,Davidson,Nashville,10/8/2017 12:51:00 PM,3,0,0,36.135310,-86.823550,WEST END AV,,,,0.00,,,I440 WEST END AV ENT RAMP,,,,0.00,Y,T-Intersection,Y,Intersection,None,,,         ,Brian,Myatt,Cloudy,"Sideswipe, Opposite Direction",no,no,no,no,no,False
101785633,METROPOLITAN NASHVILLE POLICE DEPT,20170889994,Davidson,Nashville,10/8/2017 1:35:00 PM,2,0,0,36.170670,-86.740170,S 17TH ST,,,,157.00,Feet,North,SHELBY AV,,,,0.00,N,Not at Intersection, ,Non-Junction,None,,,         ,Gregory,Cenicola,Cloudy,Angle,no,no,no,no,no,False
101785635,METROPOLITAN NASHVILLE POLICE DEPT,20170889966,Davidson,Nashville,10/8/2017 1:12:00 PM,2,0,0,36.125010,-86.727850,I 24,,,,0.00,,,,,,,52.55,N,Not at Intersection,N,Non-Junction,None,,,         ,Sharissa,Perez,Cloudy,Front to Rear,no,no,no,no,yes,False
101785685,METROPOLITAN NASHVILLE POLICE DEPT,20170890015,Davidson,Nashville,10/8/2017 1:52:00 PM,2,0,0,36.148650,-86.666290,DONELSON PKE,,,,57.00,Feet,South,ELM HILL PKE,,,,0.00,N,Not at Intersection,N,OtherLocation,None,,,         ,Ralph,Harvey,Rain,Angle,no,no,no,no,yes,False
101785700,METROPOLITAN NASHVILLE POLICE DEPT,2017-0889975,Davidson,Nashville,10/8/2017 12:00:00 AM,2,0,0,36.082100,-86.761700,HARDING PL,,,,0.00,,,SIDCO DR,,,,0.00,Y,Four-Way,N,Intersection,None,,,         ,Shedie,Herbert III,Cloudy,Front to Rear,no,no,no,no,no,False
101785713,METROPOLITAN NASHVILLE POLICE DEPT,20170890006,Davidson,Nashville,10/8/2017 12:00:00 AM,2,0,0,36.169550,-86.678380,LEBANON PKE,,,,451.00,Feet,East,MCGAVOCK PKE,,,,0.00,N,Not at Intersection, ,,None,,,         ,Craig,Gentry,,,no,no,no,no,no,False
101785732,METROPOLITAN NASHVILLE POLICE DEPT,20170890090,Davidson,Nashville,10/8/2017 12:00:00 AM,2,0,0,36.191270,-86.778580,I24 E ENT RAMP,,,,0.00,,,I 65,,,,0.00,Y,OTHER, ,Non-Junction,None,,,         ,Adam,Gartner,Rain,Front to Rear,no,no,no,no,no,False
101785750,METROPOLITAN NASHVILLE POLICE DEPT,2017-0890078,Davidson,Nashville,10/8/2017 12:28:00 PM,2,0,0,36.206210,-86.622560,OLD HICKORY BLVD,,,,185.00,Feet,North,HILLS LN,,,,0.00,N,Not at Intersection, ,Non-Junction,None,,,         ,Sandra,Talavera,Rain,"Sideswipe, Same Direction",no,no,no,no,no,False
101785757,METROPOLITAN NASHVILLE POLICE DEPT,20170890058,Davidson,Nashville,10/8/2017 2:51:00 PM,1,0,0,36.100030,-86.672360,EZELL PKE,,,,153.00,Feet,South,CITATION DR,,,,0.00,N,Not at Intersection,N,"Driveway, Alley Access, etc",None,,,         ,Nakia,Reid,Rain,Not Collision with Motor Vehicle in Transport,no,no,no,no,no,False
101785765,METROPOLITAN NASHVILLE POLICE DEPT,20170890149,Davidson,Nashville,10/8/2017 2:52:00 PM,2,0,0,36.124580,-86.806830,I440 W ENT RAMP,,,,0.00,Feet,East,I 440,,,,0.00,N,Not at Intersection, ,Non-Junction,None,,,         ,Ryan,Cagle,Rain,Front to Rear,no,no,no,no,no,False
101785769,VANDERBILT UNIVERSITY POLICE,2017-0890163,Davidson,Nashville,10/8/2017 3:25:00 PM,1,0,0,36.148050,-86.803360,WEST END AV,,,,0.00,,,,,,,0.00,,, ,Non-Junction,None,,,         ,Christopher,Dion,Rain,Not Collision with Motor Vehicle in Transport,no,no,no,yes,no,Campus
101785776,METROPOLITAN NASHVILLE POLICE DEPT,20170890103,Davidson,Nashville,10/8/2017 3:10:00 PM,1,1,0,36.060030,-86.667390,UNA ANTIOCH PKE,,,,156.00,Feet,West,ANTIOCH WOODS WAY,,,,0.00,N,Not at Intersection,N,Non-Junction,None,,,         ,Patrick,Martin,Rain,Not Collision with Motor Vehicle in Transport,no,no,no,no,no,False
101785780,METROPOLITAN NASHVILLE POLICE DEPT,20170890084,Davidson,Nashville,10/8/2017 2:18:00 PM,2,1,0,36.096560,-86.644460,SMITH SPRINGS RD,,,,1020.00,Feet,West,UNA RECREATION RD,,,,0.00,N,Not at Intersection,N,Non-Junction,None,,,         ,Tyler,Maupin,Rain,Not Collision with Motor Vehicle in Transport,no,no,no,no,no,False
101785781,METROPOLITAN NASHVILLE POLICE DEPT,20170890130,Davidson,Nashville,10/8/2017 3:05:00 PM,2,1,0,36.096560,-86.644460,SMITH SPRINGS RD,,,,1020.00,Feet,West,UNA RECREATION RD,,,,0.00,N,Not at Intersection,N,Non-Junction,None,,,         ,Tyler,Maupin,Rain,Not Collision with Motor Vehicle in Transport,no,no,no,no,no,False
101785784,METROPOLITAN NASHVILLE POLICE DEPT,20170890198,Davidson,Nashville,10/8/2017 4:05:00 PM,2,2,0,36.151960,-86.762020,CHARLES E DAVIS BLVD,,,,40.00,Feet,South,FAIN ST,,,,0.00,N,Not at Intersection,N,Non-Junction,None,,,         ,Samuel,Sundra,Cloudy,"Sideswipe, Same Direction",no,no,no,no,no,False
101785787,METROPOLITAN NASHVILLE POLICE DEPT,20170890194,Davidson,Nashville,10/8/2017 12:00:00 AM,3,0,0,36.131670,-86.777530,GRANTLAND AV,,,,260.00,Feet,South,BENTON AV,,,,0.00,N,Not at Intersection,N,Non-Junction,None,,,         ,Tien,Nguyen,Unknown,Front to Rear,no,no,no,no,yes,False