master_record_number,agency,agency_tracking_number,county,city,collision_date,vehicles_involved,number_injured,number_dead,latitude,longitude,roadway_name,roadway_suffix,roadway_number,roadway_local_id,distance_from_reference,miles-feet_indicator,direction_from_reference,intersection_road_name,intersection_road_name_suffix,intersection_road_number,intersection_local_id,mile_marker,intersection_indicator,intersect_type,interchange_related_indicator,relation_to_junction,work_zone_type,construction_maintenance_zone,construction_maintenance_zone_location,fatal_case_number,officer_first_name,officer_last_name,weather_condition(s),manner_of_crash,pedestrian,bicycle,scooter,parking,hitrun,mou
101785788,METROPOLITAN NASHVILLE POLICE DEPT,20170890094,Davidson,Nashville,10/8/2017 2:46:00 PM,2,0,0,36.168660,-86.784980,JAMES ROBERTSON PKWY,,,,82.00,Feet,East,6TH AVN,,,,0.00,N,Not at Intersection,N,Non-Junction,None,,,         ,Michael,Baron,Cloudy,Front to Rear,no,no,no,no,no,False
101785789,METROPOLITAN NASHVILLE POLICE DEPT,20170890164,Davidson,Nashville,10/8/2017 2:50:00 PM,2,0,0,36.166980,-86.787510,ROSA L PARKS BLVD,,,,244.00,Feet,South,10TH CIRN,,,,0.00,N,Not at Intersection, ,Non-Junction,None,,,         ,Michael,Baron,Rain,Front to Rear,no,no,no,no,no,False
101785792,METROPOLITAN NASHVILLE POLICE DEPT,20170890221,Davidson,Not in City Limit,10/8/2017 4:09:00 PM,2,0,0,36.270600,-86.689740,MYATT DR,,,,444.00,Feet,North,ROOSEVELT AV,,,,0.00,N,Not at Intersection,N,Non-Junction,None,,,         ,Cecilia,Gomez,Cloudy,"Sideswipe, Same Direction",no,no,no,yes,yes,False
101785793,METROPOLITAN NASHVILLE POLICE DEPT,2017-0890257,Davidson,Nashville,10/8/2017 3:38:00 PM,2,1,0,36.120700,-86.807970,LOMBARDY AV,,,,0.00,,,HILLSBORO PKE,,,,0.00,Y,Four-Way,N,Intersection,None,,,         ,Ryan,Allen,Rain,Front to Rear,no,no,no,no,no,False
101785799,METROPOLITAN NASHVILLE POLICE DEPT,20170889978,Davidson,Nashville,10/8/2017 1:20:00 PM,2,4,0,36.192130,-86.780290,I 65,,,,0.00,,,,,,,86.30,N,Not at Intersection,Y,Entrance/Exit Ramp Related,None,,,         ,Royce,McLester,Rain,"Sideswipe, Same Direction",no,no,no,no,no,False
101785805,METROPOLITAN NASHVILLE POLICE DEPT,2017-0890226,Davidson,Nashville,10/8/2017 4:06:00 PM,2,0,0,36.076300,-86.920740,OLD HICKORY BLVD,,,,200.00,Feet,South,BELLE FOREST CIR,,,,0.00,N,Not at Intersection, ,Non-Junction,None,,,         ,Michael,Rogers,Rain,Angle,no,no,no,no,no,False
101785807,METROPOLITAN NASHVILLE POLICE DEPT,20170890173,Davidson,Nashville,10/8/2017 3:45:00 PM,2,3,0,36.034600,-86.660200,PRESTON RD,,,,1032.00,Feet,West,CANE RIDGE RD,,,,0.00,N,Not at Intersection,N,Non-Junction,None,,,         ,Candice,Soper,Rain,HeadOn,no,no,no,no,no,False
101785810,METROPOLITAN NASHVILLE POLICE DEPT,20170890288,Davidson,Nashville,10/8/2017 4:33:00 PM,2,0,0,36.207030,-86.791610,WHITES CREEK PKE,,,,4.00,Feet,North,W TRINITY LN,,,,0.00,N,Not at Intersection, ,Non-Junction,None,,,         ,Walter,Cothran,Cloudy,"Sideswipe, Same Direction",no,no,no,no,no,False
101785816,METROPOLITAN NASHVILLE POLICE DEPT,20170890284,Davidson,Nashville,10/8/2017 4:42:00 PM,1,0,0,36.103870,-86.875300,HAVERFORD DR,,,,447.00,Feet,East,KEYWAY DR,,,,0.00,N,Not at Intersection,N,Non-Junction,None,,,         ,Regina,Lewis,Rain,Not Collision with Motor Vehicle in Transport,no,no,no,no,no,False
101785825,METROPOLITAN NASHVILLE POLICE DEPT,20170890325,Davidson,Nashville,10/8/2017 5:20:00 PM,2,0,0,36.217320,-86.693130,MCGAVOCK PKE EB ENT RAMP,,,,0.00,Feet,East,MCGAVOCK PKE WB ENT RAMP,,,,0.00,N,Not at Intersection, ,,None,,,         ,John,Kelley,,,no,no,no,no,no,False
101785826,METROPOLITAN NASHVILLE POLICE DEPT,20170890176,Davidson,Not in City Limit,10/8/2017 3:52:00 PM,2,0,0,36.263160,-86.712590,OLD TIME VILLAGE PVTDR,,,,200.00,Feet,West,STATE RT 45,,,,0.00,N,Not at Intersection,N,Non-Junction,None,,,         ,Christopher,Littles,Rain,Angle,no,no,no,no,no,False
101785830,METROPOLITAN NASHVILLE POLICE DEPT,2017-0890274,Davidson,Nashville,10/8/2017 3:05:00 AM,1,0,0,36.091710,-86.711100,JESSIE DR,,,,78.00,Feet,West,JASMIN DR,,,,0.00,N,Not at Intersection,N,Non-Junction,None,,,         ,William,McDaniel,Cloudy,Not Collision with Motor Vehicle in Transport,no,no,no,no,yes,False
101785835,METROPOLITAN NASHVILLE POLICE DEPT,20170890305,Davidson,Nashville,10/8/2017 4:38:00 PM,2,0,0,36.228920,-86.591340,SAUNDERSVILLE RD,,,,0.00,Feet,,WOODSIDE DR,,,,0.00,Y,Four-Way, ,Intersection,None,,,         ,Adam,Nicholson,Rain,Front to Rear,no,no,no,no,no,False
101785840,METROPOLITAN NASHVILLE POLICE DEPT,20170890328,Davidson,Not in City Limit,10/8/2017 4:47:00 PM,2,0,0,36.062370,-86.942840,SAWYER BROWN RD,,,,32.00,Feet,West,BEECH BEND DR,,,,0.00,N,Not at Intersection, ,Non-Junction,None,,,         ,Andrew,Brazee,Rain,Front to Rear,no,no,no,no,no,False
101785843,METROPOLITAN NASHVILLE POLICE DEPT,20170890070,Davidson,Not in City Limit,10/8/2017 2:00:00 PM,2,0,0,36.014700,-86.699840,SUGARBERRY CT,,,,0.00,,,SUNNYWOOD DR,,,,0.00,Y,T-Intersection, ,Intersection,None,,,         ,Jedidayah,Merriweather,Rain,Angle,no,no,no,no,no,False
101785844,METROPOLITAN NASHVILLE POLICE DEPT,20170890196,Davidson,Nashville,10/8/2017 3:57:00 PM,2,0,0,36.149060,-86.863160,CHARLOTTE PKE,,,,413.00,Feet,South,OBRIEN AV,,,,0.00,N,Not at Intersection,N,Non-Junction,None,,,         ,Barrett,Teague,Rain,Angle,no,no,no,no,no,False
101785845,METROPOLITAN NASHVILLE POLICE DEPT,20170890350,Davidson,Nashville,10/8/2017 5:41:00 PM,1,0,0,36.153640,-86.856810,I40 E EXT RAMP,,,,0.00,,,URBANDALE AV,,,,0.00,Y,OTHER,N,Entrance/Exit Ramp Related,None,,,         ,Barrett,Teague,Clear,Not Collision with Motor Vehicle in Transport,no,no,no,no,no,False
101785847,METROPOLITAN NASHVILLE POLICE DEPT,20170890309,Davidson,Nashville,10/8/2017 5:10:00 PM,1,1,0,36.136380,-86.728510,I24 E EXT RAMP,,,,0.00,Feet,East,I 24,,,,0.00,N,Not at Intersection,N,OtherLocation,None,,,         ,William,McDaniel,Cloudy,Not Collision with Motor Vehicle in Transport,no,no,no,no,no,False
101785853,METROPOLITAN NASHVILLE POLICE DEPT,20170890381,Davidson,Nashville,10/8/2017 4:45:00 PM,2,0,0,36.207110,-86.693920,OPRY MILLS DR,,,,1409.00,Feet,West,OPRYLAND DR,,,,0.00,N,Not at Intersection,N,Non-Junction,None,,,         ,John,Kelley,Cloudy,Other,no,no,no,yes,yes,False
101785865,METROPOLITAN NASHVILLE POLICE DEPT,20170890456,Davidson,Nashville,10/8/2017 6:40:00 PM,2,1,0,36.197610,-86.837320,CLARKSVILLE PKE,,,,0.00,,,ASHLAND CITY HWY,,,,0.00,Y,Four-Way,Y,Non-Junction,None,,,         ,Seth,Vaughn,Clear,Angle,no,no,no,no,no,False
101785866,METROPOLITAN NASHVILLE POLICE DEPT,2017-0890333,Davidson,Nashville,10/8/2017 5:28:00 PM,2,0,0,36.062320,-86.904630,HIGHWAY 100,,,,0.00,,,OLD HICKORY BLVD,,,,0.00,Y,Four-Way,N,Intersection,None,,,         ,Ryan,Allen,Rain,Front to Rear,no,no,no,no,no,False
101785873,METROPOLITAN NASHVILLE POLICE DEPT,20170890043,Davidson,Nashville,10/8/2017 2:37:00 PM,2,0,0,36.092040,-86.762730,I 65,,,,0.00,,,,,,,78.50,N,Not at Intersection,N,Non-Junction,None,,,         ,Allyson,Reis,Rain,Angle,no,no,no,no,no,False
101785876,METROPOLITAN NASHVILLE POLICE DEPT,2017-0890509,Davidson,Not in City Limit,10/8/2017 7:23:00 PM,2,0,0,36.074030,-86.935310,HIGHWAY 70S,,,,0.00,,,CROSS TIMBERS DR,,,,0.00,Y,Four-Way, ,Intersection-Related,None,,,         ,Michael,Rogers,Cloudy,"Sideswipe, Same Direction",no,no,no,no,no,False
101785878,Nashville Airport Police,17-03594,Davidson,Nashville,10/8/2017 5:30:00 PM,2,0,0,36.132420,-86.668950,TERMINAL DR,,,,1209.00,Feet,West,TERMINAL DR,,,,0.00,N,Not at Intersection, ,Non-Junction,None,,,         ,John,Herd,Rain,"Sideswipe, Same Direction",no,no,no,no,no,False
101785879,METROPOLITAN NASHVILLE POLICE DEPT,20170890508,Davidson,Nashville,10/8/2017 7:23:00 PM,2,0,0,36.163250,-86.776070,COMMERCE ST,,,,0.00,,,2ND AVN,,,,0.00,Y,T-Intersection, ,Intersection,None,,,         ,David,Snowden,Clear,Angle,no,no,no,no,yes,False
101785886,METROPOLITAN NASHVILLE POLICE DEPT,20170890517,Davidson,Not in City Limit,10/8/2017 7:08:00 PM,1,0,0,36.092870,-86.997220,HIGHWAY 70,,,,882.00,Feet,East,HARPETH RIV RIVERWALK GRNWY,,,,0.00,N,Not at Intersection, ,Non-Junction,None,,,         ,Andrew,Brazee,Rain,Not Collision with Motor Vehicle in Transport,no,no,no,no,no,False
101785902,METROPOLITAN NASHVILLE POLICE DEPT,20170890600,Davidson,Nashville,10/8/2017 7:39:00 PM,2,0,0,36.153260,-86.792180,MCGAVOCK ST,,,,0.00,,,16TH AVS,,,,0.00,Y,Four-Way, ,Intersection,None,,,         ,Ryan,Cagle,Rain,Angle,no,no,no,no,no,False
101785918,METROPOLITAN NASHVILLE POLICE DEPT,20170890584,Davidson,Not in City Limit,10/8/2017 8:07:00 PM,1,0,0,36.007840,-86.666520,PETTUS RD,,,,190.00,Feet,West,OLD HICKORY BLVD,,,,0.00,N,Not at Intersection,N,Non-Junction,None,,,         ,Patrick,Martin,Rain,Not Collision with Motor Vehicle in Transport,no,no,no,no,no,False
101785933,METROPOLITAN NASHVILLE POLICE DEPT,20170890186,Davidson,Nashville,10/8/2017 3:50:00 PM,2,1,0,36.032010,-86.756590,CLOVERLAND DR,,,,214.00,Feet,East,PORTSMOUTH CV,,,,0.00,N,Not at Intersection,N,Non-Junction,None,,,         ,David,Robberson,Rain,Front to Rear,no,no,no,no,no,False
101785953,METROPOLITAN NASHVILLE POLICE DEPT,20170890611,Davidson,Nashville,10/8/2017 8:20:00 PM,2,7,0,36.207020,-86.791600,W TRINITY LN,,,,0.00,,,WHITES CREEK PKE,,,,0.00,Y,Four-Way,Y,Intersection,None,,,         ,Brent,Hedgcoth,Rain,Angle,no,no,no,no,no,False
101785956,METROPOLITAN NASHVILLE POLICE DEPT,20170890640,Davidson,Nashville,10/8/2017 8:44:00 PM,2,1,0,36.238810,-86.723860,GALLATIN PKES,,,,0.00,,,GALLATIN PKE,,,,0.00,Y,T-Intersection,N,Intersection,None,,,         ,Christopher,Littles,Cloudy,Front to Rear,no,no,no,no,yes,False
101785959,METROPOLITAN NASHVILLE POLICE DEPT,20170889383,Davidson,Nashville,10/8/2017 4:55:00 AM,2,0,0,36.112360,-86.922490,I40 W EXT RAMP,,,,0.00,Feet,East,I 40,,,,0.00,N,Not at Intersection,N,Entrance/Exit Ramp Related,None,,,         ,Kristen,Morgan,Rain,Front to Rear,no,no,no,no,no,False
101785961,METROPOLITAN NASHVILLE POLICE DEPT,20170890277,Davidson,Nashville,10/8/2017 4:51:00 PM,1,1,0,36.174200,-86.751990,FATHERLAND ST,,,,0.00,,,S 10TH ST,,,,0.00,Y,Four-Way,Y,Intersection-Related,None,,,         ,Benjamin,Williams,Rain,Not Collision with Motor Vehicle in Transport,no,no,no,no,no,False
101785980,METROPOLITAN NASHVILLE POLICE DEPT,20170890713,Davidson,Nashville,10/8/2017 6:47:00 PM,1,0,0,36.059860,-86.667810,UNA ANTIOCH PKE,,,,296.00,Feet,West,ANTIOCH WOODS WAY,,,,0.00,N,Not at Intersection,N,Non-Junction,None,,,         ,Luis,De Los Santos,Cloudy,Not Collision with Motor Vehicle in Transport,no,no,no,no,yes,False
101785984,METROPOLITAN NASHVILLE POLICE DEPT,20170890591,Davidson,Nashville,10/8/2017 7:32:00 PM,2,0,0,36.041610,-86.749250,OLD HICKORY BLVD,,,,0.00,Feet,,HILL RD,,,,0.00,Y,T-Intersection,N,Intersection,None,,,         ,David,Robberson,Rain,Front to Rear,no,no,no,no,no,False
101785988,METROPOLITAN NASHVILLE POLICE DEPT,20170890792,Davidson,Nashville,10/8/2017 8:45:00 PM,2,0,0,36.201800,-86.776840,I 65,,,,0.00,,,,,,,87.00,N,Not at Intersection,N,Non-Junction,None,,,         ,Seth,Vaughn,Clear,Front to Rear,no,no,no,no,yes,False
101786019,METROPOLITAN NASHVILLE POLICE DEPT,20170890760,Davidson,Nashville,10/8/2017 6:59:00 PM,2,0,0,36.170080,-86.808000,I 40,,,,0.00,,,,,,,207.20,N,Not at Intersection, ,Non-Junction,None,,,         ,Andrew,Delke,Rain,"Sideswipe, Same Direction",no,no,no,no,no,False
101786028,METROPOLITAN NASHVILLE POLICE DEPT,20170890802,Davidson,Nashville,10/8/2017 10:15:00 PM,1,0,0,36.049150,-86.652200,BELL RD,,,,148.00,Feet,West,HICKORY HOLLOW MALL PVTDR PL,,,,0.00,N,Not at Intersection,N,Non-Junction,None,,,         ,Patrick,Martin,Rain,Not Collision with Motor Vehicle in Transport,no,no,no,no,no,False
101786029,METROPOLITAN NASHVILLE POLICE DEPT,20170890593,Davidson,Nashville,10/8/2017 8:10:00 PM,1,1,0,36.080840,-86.687270,ANTIOCH CT,,,,195.00,Feet,South,ANTIOCH PKE,,,,0.00,N,Not at Intersection,N,Non-Junction,None,,,         ,Marcus,Darden,Clear,Not Collision with Motor Vehicle in Transport,no,no,no,no,no,False
101786062,METROPOLITAN NASHVILLE POLICE DEPT,20170890954,Davidson,Nashville,10/8/2017 11:48:00 PM,1,1,0,36.024300,-86.742390,EDMONDSON PKE,,,,0.00,,,BANBURY STA,,,,0.00,Y,Four-Way,N,Non-Junction,None,,,         ,Justan,Vance,Rain,Not Collision with Motor Vehicle in Transport,no,no,no,no,no,False
101786085,METROPOLITAN NASHVILLE POLICE DEPT,20170891110,Davidson,Nashville,10/8/2017 10:02:00 PM,2,0,0,36.044860,-86.663290,BELL RD,,,,521.00,Feet,West,CANE RIDGE RD,,,,0.00,N,Not at Intersection,N,Non-Junction,None,,,         ,Douglas,Sykes,Clear,Rear to Rear,no,no,no,yes,yes,False
101786107,METROPOLITAN NASHVILLE POLICE DEPT,20170891236,Davidson,Nashville,10/9/2017 2:00:00 AM,1,0,0,36.154070,-86.839750,BRILEY PKWY N ENT RAMP,,,,0.00,Feet,East,I 40,,,,0.00,N,Not at Intersection,N,Non-Junction,None,,,         ,Ian,Ward,Cloudy,Not Collision with Motor Vehicle in Transport,no,no,no,no,no,False
101786136,METROPOLITAN NASHVILLE POLICE DEPT,20170891229,Davidson,Nashville,10/9/2017 1:55:00 AM,1,0,0,36.178990,-86.783580,MONROE ST,,,,18.00,Feet,East,ADAMS ST,,,,0.00,N,Not at Intersection,N,Unknown,Unknown,Unknown,Unknown,         ,Jason,Hogan,Clear,Unknown,no,no,no,no,no,False
101786178,METROPOLITAN NASHVILLE POLICE DEPT,20170891501,Davidson,Nashville,10/9/2017 5:00:00 AM,1,1,0,36.086930,-86.777870,BATTERY,LN,,885,30.00,Feet,West,,,,,80.00,N,Not at Intersection,N,Non-Junction,None,,,         ,Justan,Vance,Clear,Not Collision with Motor Vehicle in Transport,no,no,no,no,no,False
101786181,METROPOLITAN NASHVILLE POLICE DEPT,20170891509,Davidson,Nashville,10/9/2017 5:22:00 AM,2,0,0,36.192710,-86.744370,DOUGLAS AV,,,,0.00,,,GALLATIN AV,,,,0.00,Y,Four-Way,N,Intersection,None,,,         ,Brady,Reynolds,Clear,Front to Rear,no,no,no,no,yes,False
101786187,METROPOLITAN NASHVILLE POLICE DEPT,20170891191,Davidson,Nashville,10/9/2017 2:00:00 AM,3,0,0,36.154060,-86.761860,CARROLL ST,,,,38.00,Feet,West,OLD HERMITAGE AV,,,,0.00,N,Not at Intersection,N,Non-Junction,None,,,         ,Bradley,Fort,Cloudy,Angle,no,no,no,no,yes,False
101786189,METROPOLITAN NASHVILLE POLICE DEPT,20170891568,Davidson,Nashville,10/9/2017 6:00:00 AM,2,0,0,36.199010,-86.620440,OLD HICKORY BLVD,,,,180.00,Feet,South,LEBANON PKE WB EXT RAMP,,,,0.00,N,Not at Intersection,N,Non-Junction,None,,,         ,Ian,Swander,Cloudy,"Sideswipe, Same Direction",no,no,no,no,yes,False
101786198,METROPOLITAN NASHVILLE POLICE DEPT,20170891607,Davidson,Nashville,10/9/2017 6:29:00 AM,2,0,0,36.164790,-86.614900,I 40,,,,0.00,,,,,,,220.00,N,Not at Intersection, ,Non-Junction,None,,,         ,Tyler,Manivong,Clear,Front to Rear,no,no,no,no,no,False
101786201,METROPOLITAN NASHVILLE POLICE DEPT,20170891582,Davidson,Not in City Limit,10/9/2017 2:00:00 AM,2,0,0,36.072210,-86.943020,DORAL COUNTRY DR,,,,188.00,Feet,East,ALBAR DR,,,,0.00,N,Not at Intersection, ,Unknown,None,,,         ,Edward,Holden,Clear,Unknown,no,no,no,yes,yes,False
101786241,METROPOLITAN NASHVILLE POLICE DEPT,20170889903,Davidson,Not in City Limit,10/8/2017 12:00:00 PM,2,0,0,36.118960,-86.945260,OLD CHARLOTTE PKE,,,,79.00,Feet,West,SULLIVAN HOLLOW RD PVTDR,,,,0.00,N,Not at Intersection,N,Non-Junction,None,,,         ,Benjamin,Cantrell,Rain,Not Collision with Motor Vehicle in Transport,no,no,no,no,no,False
101786242,METROPOLITAN NASHVILLE POLICE DEPT,20170889990,Davidson,Not in City Limit,10/8/2017 1:13:00 PM,1,0,0,36.129160,-86.997890,POND CREEK RD,,,,1656.00,Feet,South,NATIER DR,,,,0.00,N,Not at Intersection,N,Non-Junction,None,,,         ,Benjamin,Cantrell,Rain,Not Collision with Motor Vehicle in Transport,no,no,no,no,no,False
101786245,BERRY HILL POLICE DEPT,17-3425,Davidson,Berry Hill,10/6/2017 12:00:00 AM,2,0,0,36.112330,-86.767020,THOMPSON LN,,,,0.00,,,BRANSFORD AV,,,,0.00,Y,Four-Way, ,,None,,,         ,John,Gleixner,,,no,no,no,no,no,False
101786247,METROPOLITAN NASHVILLE POLICE DEPT,20170891713,Davidson,Nashville,10/9/2017 7:35:00 AM,1,1,0,36.144930,-86.766660,4TH AVS,,,,0.00,,,CHESTNUT ST,,,,0.00,Y,Four-Way,N,Intersection,None,,,         ,Nathan,Kemp,Clear,Not Collision with Motor Vehicle in Transport,yes,no,no,no,yes,False
101786248,METROPOLITAN NASHVILLE POLICE DEPT,2017-0891672,Davidson,Goodlettsville,10/9/2017 7:20:00 AM,2,0,0,36.302750,-86.691850,RIVERGATE MARKETPLACE PVTDR,,,,0.00,,,GALLATIN PKEN,,,,0.00,Y,Four-Way, ,Intersection,None,,,         ,Arthur,Hipp,Cloudy,Front to Rear,no,no,no,no,no,False
101786293,METROPOLITAN NASHVILLE POLICE DEPT,20170891856,Davidson,Nashville,10/9/2017 8:15:00 AM,2,0,0,36.155770,-86.819200,DELAWARE AV,,,,122.00,Feet,West,28TH AVN,,,,0.00,N,Not at Intersection, ,Non-Junction,None,,,         ,Isaac,Wood,Cloudy,Front to Rear,no,no,no,no,no,False
101786296,METROPOLITAN NASHVILLE POLICE DEPT,20170891698,Davidson,Nashville,10/9/2017 7:31:00 AM,2,0,0,36.209680,-86.776070,I 65,,,,0.00,,,,,,,87.60,N,Not at Intersection,N,Non-Junction,None,,,         ,James,Wray,Clear,Front to Rear,no,no,no,no,no,False
101786297,METROPOLITAN NASHVILLE POLICE DEPT,20170891707,Davidson,Nashville,10/9/2017 7:35:00 AM,3,1,0,36.051430,-86.885470,OLD HICKORY BLVD,,,,0.00,,,EDINBURGH DR,,,,0.00,Y,T-Intersection,N,Non-Junction,None,,,         ,Kevin,McGinniss,Cloudy,Angle,no,no,no,no,no,False
101786306,METROPOLITAN NASHVILLE POLICE DEPT,20170891823,Davidson,Nashville,10/9/2017 8:11:00 AM,2,0,0,36.153250,-86.775530,LAFAYETTE ST,,,,0.00,,,6TH AVS,,,,0.00,Y,Four-Way, ,,None,,,         ,Darren,Key,,,no,no,no,no,no,False
101786316,METROPOLITAN NASHVILLE POLICE DEPT,20170891789,Davidson,Nashville,10/9/2017 7:45:00 AM,2,1,0,36.152820,-86.824190,CHARLOTTE AV,,,,0.00,Feet,,33RD AVN,,,,0.00,Y,T-Intersection,N,Intersection-Related,None,,,         ,Christopher,Royer,Cloudy,Front to Rear,no,no,no,no,no,False
101786321,THP District 9 - Administrative,317058994,Davidson,Nashville,10/6/2017 12:20:00 AM,2,1,0,36.191740,-86.783410,I 65,,,,0.00,,,,,,,86.15,N,Not at Intersection,N,Non-Junction,Construction Zone,Laneclosure,Activity Area,         ,Quinton,Bell,Clear,Front to Rear,no,no,no,no,no,False
101786322,METROPOLITAN NASHVILLE POLICE DEPT,2017-0891679,Davidson,Nashville,10/9/2017 6:19:00 AM,1,0,0,36.248090,-86.878540,EATONS CREEK RD,,,,0.65,Miles,East,TAZ HYDE RD,,,,0.00,N,Not at Intersection,N,Non-Junction,None,,,         ,Carlos,angulo,Fog,Not Collision with Motor Vehicle in Transport,no,no,no,no,no,False
101786323,METROPOLITAN NASHVILLE POLICE DEPT,20170891826,Davidson,Nashville,10/9/2017 7:45:00 AM,2,0,0,36.166530,-86.793440,11TH AVN,,,,62.00,Feet,North,HARRISON ST,,,,0.00,N,Not at Intersection, ,Non-Junction,None,,,         ,Gregory,Julia,Clear,"Sideswipe, Same Direction",no,no,no,no,yes,False
101786324,THP District 9 - Administrative,317058618,Davidson,Not in City Limit,10/4/2017 8:00:00 AM,2,0,0,36.350810,-86.935730,I 24,,,,0.00,,,,,,,30.70,N,Not at Intersection,N,Non-Junction,None,,,         ,Billy,Smith,Clear,Front to Rear,no,no,no,no,no,False
101786333,METROPOLITAN NASHVILLE POLICE DEPT,2017-0891651,Davidson,Nashville,10/9/2017 6:59:00 AM,2,1,0,36.120300,-86.726690,I 24,,,,0.00,,,,,,,52.90,N,Not at Intersection,N,Non-Junction,None,,,         ,William,Whitworth,Cloudy,Front to Rear,no,no,no,no,yes,False
101786334,METROPOLITAN NASHVILLE POLICE DEPT,2017-0891728,Davidson,Nashville,10/9/2017 7:47:00 AM,2,0,0,36.122080,-86.727260,I 24,,,,0.00,,,,,,,52.80,N,Not at Intersection,N,Non-Junction,None,,,         ,William,Whitworth,Cloudy,Front to Rear,no,no,no,no,no,False
101786357,METROPOLITAN NASHVILLE POLICE DEPT,20170891937,Davidson,Nashville,10/9/2017 8:30:00 AM,2,0,0,36.045020,-86.659520,BELL RD,,,,71.00,Feet,East,I24 E ENT RAMP,,,,0.00,N,Not at Intersection, ,Non-Junction,None,,,         ,Peter,Vaught,Clear,"Sideswipe, Same Direction",no,no,no,no,no,False
101786376,METROPOLITAN NASHVILLE POLICE DEPT,20170891986,Davidson,Nashville,10/9/2017 9:10:00 AM,2,0,0,36.174260,-86.782930,2ND AVN,,,,53.00,Feet,South,JUNIOR GILLIAM WAY,,,,0.00,N,Not at Intersection, ,Non-Junction,None,,,         ,Gregory,Julia,Cloudy,Angle,no,no,no,no,yes,False
101786414,VANDERBILT UNIVERSITY POLICE,17-0892025,Davidson,Nashville,10/9/2017 10:30:00 AM,2,0,0,36.142150,-86.800650,21ST AVS,,,,0.00,,,,,,,0.00,,, ,,None,,,         ,William,Gladu,,,no,no,no,yes,no,Campus
101786423,METROPOLITAN NASHVILLE POLICE DEPT,20170892183,Davidson,Nashville,10/9/2017 12:01:00 PM,2,0,0,36.170400,-86.768450,INTERSTATE DR,,,,0.00,,,WOODLAND ST,,,,0.00,Y,Four-Way, ,,None,,,         ,Steven,Folliard,,,no,no,no,no,no,False
101786436,METROPOLITAN NASHVILLE POLICE DEPT,20170892017,Davidson,Nashville,10/9/2017 10:15:00 AM,2,0,0,36.140250,-86.827450,ACKLEN PARK DR,,,,44.00,Feet,North,MURPHY RD,,,,0.00,N,Not at Intersection, ,Non-Junction,None,,,         ,Brian,Myatt,Cloudy,Front to Rear,no,no,no,no,no,False
101786437,METROPOLITAN NASHVILLE POLICE DEPT,20170892236,Davidson,Nashville,10/9/2017 12:31:00 PM,2,0,0,36.174330,-86.796260,MONROE ST,,,,161.00,Feet,East,ARTHUR AV,,,,0.00,N,Not at Intersection,N,Non-Junction,None,,,         ,YUNUS,ADAK,Clear,"Sideswipe, Same Direction",no,no,no,no,yes,False
101786439,METROPOLITAN NASHVILLE POLICE DEPT,2017-0889592,Davidson,Nashville,10/8/2017 7:28:00 AM,3,1,0,36.086830,-86.726820,ELYSIAN FIELDS RD,,,,312.00,Feet,East,SAM BONEY DR,,,,0.00,N,Not at Intersection,N,Non-Junction,None,,,         ,Shelby,Hughes,Rain,Angle,no,no,no,no,no,False
101786441,METROPOLITAN NASHVILLE POLICE DEPT,20170892085,Davidson,Nashville,10/9/2017 10:45:00 AM,2,0,0,36.194660,-86.775570,I 65,,,,0.00,,,,,,,86.50,N,Not at Intersection,N,Non-Junction,None,,,         ,Michael,Thompson,Cloudy,Angle,no,no,no,no,yes,False
101786449,METROPOLITAN NASHVILLE POLICE DEPT,20170892241,Davidson,Nashville,10/9/2017 12:33:00 PM,2,1,0,36.135810,-86.885150,BROOK HOLLOW RD,,,,0.00,Feet,,CHARLOTTE PKE,,,,0.00,Y,Four-Way,N,Intersection,None,,,         ,Benjamin,Cantrell,Clear,Angle,no,no,no,no,no,False
101786465,METROPOLITAN NASHVILLE POLICE DEPT,20170892280,Davidson,Nashville,10/9/2017 12:51:00 PM,2,0,0,36.141900,-86.816290,WEST END AV,,,,0.00,,,32ND AVS,,,,0.00,Y,T-Intersection, ,Intersection-Related,None,,,         ,Russell,Freeman,Cloudy,Front to Rear,no,no,no,no,no,False
101786527,METROPOLITAN NASHVILLE POLICE DEPT,2017-0892148,Davidson,Nashville,10/9/2017 1:18:00 AM,1,0,0,36.240120,-86.808200,TISDALL DR,,,,27.00,Feet,South,FLINT RIDGE DR,,,,0.00,N,Not at Intersection, ,Non-Junction,None,,,         ,Carlos,angulo,Rain,Not Collision with Motor Vehicle in Transport,no,no,no,no,no,False
101786543,METROPOLITAN NASHVILLE POLICE DEPT,20170892198,Davidson,Nashville,10/4/2017 12:00:00 AM,1,0,0,36.085890,-86.894850,BROOKMONT TER,,,,0.00,,,,,,,0.00,,, ,Non-Junction,None,,,         ,Kevin,McGinniss,Unknown,Not Collision with Motor Vehicle in Transport,no,no,no,no,yes,False
101786548,METROPOLITAN NASHVILLE POLICE DEPT,20170892159,Davidson,Nashville,10/9/2017 10:52:00 AM,2,0,0,36.079600,-86.726320,NOLENSVILLE PKE,,,,0.00,,,HARDING PL,,,,0.00,Y,Four-Way,N,Intersection-Related,None,,,         ,Stephen,Soule,Cloudy,Front to Rear,no,no,no,no,no,False