master_record_number,agency,agency_tracking_number,county,city,collision_date,vehicles_involved,number_injured,number_dead,latitude,longitude,roadway_name,roadway_suffix,roadway_number,roadway_local_id,distance_from_reference,miles-feet_indicator,direction_from_reference,intersection_road_name,intersection_road_name_suffix,intersection_road_number,intersection_local_id,mile_marker,intersection_indicator,intersect_type,interchange_related_indicator,relation_to_junction,work_zone_type,construction_maintenance_zone,construction_maintenance_zone_location,fatal_case_number,officer_first_name,officer_last_name,weather_condition(s),manner_of_crash,pedestrian,bicycle,scooter,parking,hitrun,mou
101787302,METROPOLITAN NASHVILLE POLICE DEPT,20170895156,Davidson,Nashville,10/10/2017 11:15:00 AM,2,0,0,36.137570,-86.800760,BLAKEMORE AV,,,,0.00,,,21ST AVS,,,,0.00,Y,Four-Way, ,Intersection-Related,None,,,         ,Russell,Freeman,Rain,Front to Rear,no,no,no,no,no,Campus
101787325,METROPOLITAN NASHVILLE POLICE DEPT,20170895294,Davidson,Not in City Limit,10/10/2017 12:20:00 PM,1,0,0,36.076390,-86.982670,I 40,,,,0.00,,,,,,,194.70,N,Not at Intersection,N,Non-Junction,None,,,         ,Wesley,Tilley,Rain,Not Collision with Motor Vehicle in Transport,no,no,no,no,no,False
101787328,METROPOLITAN NASHVILLE POLICE DEPT,2017-0895152,Davidson,Nashville,10/10/2017 11:16:00 AM,1,0,0,36.080080,-86.719730,RECOVERY RD,,,,430.00,Feet,North,HARDING PL,,,,0.00,N,Not at Intersection,N,Non-Junction,None,,,         ,William,Whitworth,Cloudy,Not Collision with Motor Vehicle in Transport,no,no,no,no,no,False
101787329,METROPOLITAN NASHVILLE POLICE DEPT,2017-0895312,Davidson,Nashville,10/10/2017 11:35:00 AM,2,0,0,36.086770,-86.694450,HARDING PL,,,,444.00,Feet,East,METROPLEX DR,,,,0.00,N,Not at Intersection, ,"Driveway, Alley Access, etc",None,,,         ,William,Whitworth,Cloudy,Angle,no,no,no,no,no,False
101787332,METROPOLITAN NASHVILLE POLICE DEPT,20170895270,Davidson,Nashville,10/10/2017 12:12:00 PM,2,0,0,36.152230,-86.802550,21ST AVN,,,,100.00,Feet,South,CHURCH ST,,,,0.00,N,Not at Intersection, ,Non-Junction,Construction Zone,,,         ,Russell,Freeman,Rain,"Sideswipe, Same Direction",no,no,no,no,no,Campus
101787333,METROPOLITAN NASHVILLE POLICE DEPT,20170895234,Davidson,Nashville,10/10/2017 11:40:00 AM,2,0,0,36.198150,-86.776340,I 65,,,,0.00,,,,,,,86.75,N,Not at Intersection,N,Non-Junction,None,,,         ,Michael,Parman,Clear,Front to Rear,no,no,no,no,no,False
101787334,METROPOLITAN NASHVILLE POLICE DEPT,20170895370,Davidson,Nashville,10/10/2017 1:01:00 PM,2,0,0,36.163980,-86.762850,I 24,,,,0.00,,,,,,,49.15,N,Not at Intersection, ,Non-Junction,None,,,         ,Ronald,Bright,Rain,Angle,no,no,no,no,no,False
101787336,METROPOLITAN NASHVILLE POLICE DEPT,2017-0895073,Davidson,Nashville,10/10/2017 11:45:00 AM,2,0,0,36.232380,-86.624760,OLD HICKORY BLVD,,,,34.00,Feet,North,SHUTE LN,,,,0.00,N,Not at Intersection,N,Non-Junction,None,,,         ,Calvin,Graham,Rain,Angle,no,no,no,no,no,False
101787366,METROPOLITAN NASHVILLE POLICE DEPT,20170895211,Davidson,Nashville,10/10/2017 11:40:00 AM,2,0,0,36.192060,-86.780860,I 65,,,,0.00,,,,,,,86.30,N,Not at Intersection,N,Entrance/Exit Ramp Related,None,,,         ,Brandon,Evans,Rain,Angle,no,no,no,no,no,False
101787370,METROPOLITAN NASHVILLE POLICE DEPT,20170895303,Davidson,Nashville,10/10/2017 11:12:00 AM,1,0,0,36.154770,-86.680060,LAKELAND DR,,,,587.00,Feet,South,MCGAVOCK PKE,,,,0.00,N,Not at Intersection, ,Non-Junction,None,,,         ,James,Curtis,Cloudy,Not Collision with Motor Vehicle in Transport,no,no,no,no,no,False
101787383,METROPOLITAN NASHVILLE POLICE DEPT,20170895245,Davidson,Nashville,10/10/2017 11:23:00 AM,3,0,0,36.113050,-86.800030,WOODMONT BLVD,,,,0.00,,,BELMONT BLVD,,,,0.00,Y,Four-Way, ,Intersection-Related,None,,,         ,Phillip,Murphy,Rain,"Sideswipe, Opposite Direction",no,no,no,no,no,False
101787390,METROPOLITAN NASHVILLE POLICE DEPT,20170895426,Davidson,Nashville,10/10/2017 1:26:00 PM,1,0,0,36.154830,-86.680110,LAKELAND DR,,,,557.00,Feet,South,MCGAVOCK PKE,,,,0.00,N,Not at Intersection, ,Non-Junction,None,,,         ,Kevin,Clausius,Rain,Not Collision with Motor Vehicle in Transport,no,no,no,no,no,False
101787403,METROPOLITAN NASHVILLE POLICE DEPT,2017-0895353,Davidson,Nashville,10/10/2017 12:39:00 PM,2,1,0,36.102070,-86.740700,NOLENSVILLE PKE,,,,109.00,Feet,North,ANTIOCH PKE,,,,0.00,N,Not at Intersection,N,Non-Junction,None,,,         ,Timothy,Edwards,Clear,HeadOn,no,no,no,no,yes,False
101787411,GOODLETTSVILLE POLICE DEPT,17-35616,Davidson,Goodlettsville,10/9/2017 4:26:00 PM,2,0,0,36.296840,-86.714630,I 65,,,,0.00,,,,,,,94.90,N,Not at Intersection,N,Non-Junction,None,,,         ,John,Spencer,Clear,Front to Rear,no,no,no,no,no,False
101787413,METROPOLITAN NASHVILLE POLICE DEPT,2017-0894622,Davidson,Nashville,10/10/2017 6:58:00 AM,2,0,0,36.109140,-86.725680,BRILEY PKWYS,,,,89.00,Feet,West,I24 E EXT RAMP,,,,0.00,N,Not at Intersection, ,Non-Junction,None,,,         ,William,Whitworth,Cloudy,"Sideswipe, Same Direction",no,no,no,no,no,False
101787417,METROPOLITAN NASHVILLE POLICE DEPT,20170895371,Davidson,Nashville,10/10/2017 12:57:00 PM,2,0,0,36.206620,-86.777900,BRICK CHURCH PKE,,,,0.00,,,W TRINITY LN,,,,0.00,Y,Four-Way, ,Intersection-Related,None,,,         ,Richard,Conger,Cloudy,"Sideswipe, Same Direction",no,no,no,no,no,False
101787418,METROPOLITAN NASHVILLE POLICE DEPT,20170895254,Davidson,Nashville,10/10/2017 11:15:00 AM,2,0,0,36.156810,-86.771900,PEABODY ST,,,,0.00,,,2ND AVS,,,,0.00,Y,OTHER,N,Unknown,None,,,         ,Frank,Campbell,Rain,Front to Rear,no,no,no,no,yes,False
101787423,METROPOLITAN NASHVILLE POLICE DEPT,2017-0895382,Davidson,Nashville,10/10/2017 1:07:00 PM,2,0,0,36.049030,-86.652580,BELL RD,,,,267.00,Feet,West,HICKORY HOLLOW MALL PVTDR PL,,,,0.00,N,Not at Intersection, ,,None,,,         ,Stanley,Collins,,,no,no,no,no,no,False
101787444,METROPOLITAN NASHVILLE POLICE DEPT,20170895399,Davidson,Nashville,10/10/2017 1:13:00 PM,2,1,0,36.082490,-86.646730,MURFREESBORO PKE,,,,77.00,Feet,South,SCOTT VALLEY DR,,,,0.00,N,Not at Intersection,N,Non-Junction,None,,,         ,Todd,Watson,Cloudy,Front to Rear,no,no,no,no,no,False
101787453,METROPOLITAN NASHVILLE POLICE DEPT,20170895452,Davidson,Nashville,10/10/2017 1:42:00 PM,2,0,0,36.193270,-86.751920,ELLINGTON PKWY N EXT RAMP,,,,0.00,,,DOUGLAS AV,,,,0.00,Y,T-Intersection, ,Intersection-Related,None,,,         ,Michael,Thompson,Rain,Front to Rear,no,no,no,no,no,False
101787454,METROPOLITAN NASHVILLE POLICE DEPT,20170895388,Davidson,Nashville,10/10/2017 1:08:00 PM,2,0,0,36.154030,-86.835380,I 40,,,,0.00,,,,,,,205.20,N,Not at Intersection,N,Non-Junction,None,,,         ,Kevin,McGinniss,Cloudy,"Sideswipe, Same Direction",no,no,no,no,no,False
101787490,METROPOLITAN NASHVILLE POLICE DEPT,20170895327,Davidson,Nashville,10/10/2017 12:28:00 PM,3,2,0,36.139400,-86.819040,WEST END AV,,,,0.00,,,ORLEANS DR,,,,0.00,Y,Four-Way,N,Intersection-Related,None,,,         ,Russell,Freeman,Rain,Front to Rear,no,no,no,no,no,False
101787491,METROPOLITAN NASHVILLE POLICE DEPT,20170895544,Davidson,Nashville,10/10/2017 2:22:00 PM,2,0,0,36.190790,-86.745290,GREENWOOD AV,,,,0.00,,,GALLATIN AV,,,,0.00,Y,T-Intersection, ,Intersection-Related,None,,,         ,Richard,Conger,Rain,Angle,no,no,no,no,no,False
101787521,METROPOLITAN NASHVILLE POLICE DEPT,20170894882,Davidson,Nashville,10/10/2017 8:47:00 AM,2,0,0,36.034020,-86.611600,OLD HICKORY BLVD,,,,500.00,Feet,North,PRESERVE BLVD,,,,0.00,N,Not at Intersection, ,,None,,,         ,Caleb,Jernigan,,,no,no,no,no,no,False
101787524,METROPOLITAN NASHVILLE POLICE DEPT,20170895604,Davidson,Nashville,10/10/2017 2:35:00 PM,2,0,0,36.097140,-86.624930,BELL RD,,,,1187.00,Feet,North,HARBOR LIGHTS DR,,,,0.00,N,Not at Intersection, ,Non-Junction,None,,,         ,Michael,Apsey,Rain,"Sideswipe, Opposite Direction",no,no,no,no,no,False
101787544,METROPOLITAN NASHVILLE POLICE DEPT,20170895561,Davidson,Nashville,10/10/2017 2:45:00 PM,2,1,0,36.134020,-86.722560,MURFREESBORO PKE,,,,0.00,Feet,,PLUS PARK BLVD,,,,0.00,Y,T-Intersection,Y,Intersection,None,,,         ,Andrew,Mullen,Rain,Angle,no,no,no,no,no,False
101787557,METROPOLITAN NASHVILLE POLICE DEPT,20170895657,Davidson,Nashville,10/10/2017 2:35:00 AM,1,0,0,36.147440,-86.822420,I 440,,,,0.00,,,,,,,1.30,N,Not at Intersection, ,,None,,,         ,Ethan,Usherwood,,,no,no,no,no,no,False
101787561,GOODLETTSVILLE POLICE DEPT,17-35704,Davidson,Goodlettsville,10/10/2017 9:57:00 AM,3,0,0,36.323520,-86.701080,CONFERENCE DR,,,,0.00,,,NORTHGATE CIR,,,,0.00,Y,Four-Way,N,Intersection,None,,,         ,John,Spencer,Rain,Rear to Side,no,no,no,no,no,False
101787574,METROPOLITAN NASHVILLE POLICE DEPT,20170895598,Davidson,Nashville,10/10/2017 2:56:00 PM,2,3,0,36.169150,-86.775090,JAMES ROBERTSON PKWY,,,,767.00,Feet,West,MAIN ST,,,,0.00,N,Not at Intersection,N,Non-Junction,None,,,         ,Darren,White,Rain,"Sideswipe, Same Direction",no,no,no,no,no,False
101787576,METROPOLITAN NASHVILLE POLICE DEPT,20170895764,Davidson,Nashville,10/10/2017 3:54:00 PM,1,0,0,36.241520,-86.758010,BRILEY PKWYW,,,,235.00,Feet,West,BRILEY PKWY W ENT RAMP,,,,0.00,N,Not at Intersection, ,Entrance/Exit Ramp Related,None,,,         ,Christopher,Littles,Rain,Not Collision with Motor Vehicle in Transport,no,no,no,no,no,False
101787578,METROPOLITAN NASHVILLE POLICE DEPT,20170895681,Davidson,Nashville,10/10/2017 3:20:00 PM,2,0,0,36.152310,-86.690710,BRILEY PKWYN,,,,72.00,Feet,West,ELM HILL PKE,,,,0.00,N,Not at Intersection,N,Non-Junction,None,,,         ,Jonathan,Cavezza,Rain,Angle,no,no,no,no,no,False
101787579,METROPOLITAN NASHVILLE POLICE DEPT,20170895680,Davidson,Nashville,10/10/2017 3:23:00 PM,1,2,0,36.097030,-86.660690,CANTERCHASE PVTDR,,,,134.00,Feet,South,OLD MURFREESBORO PKE,,,,0.00,N,Not at Intersection,N,Non-Junction,None,,,         ,Marcus,Darden,Rain,Not Collision with Motor Vehicle in Transport,no,no,no,yes,no,False
101787598,METROPOLITAN NASHVILLE POLICE DEPT,20170895742,Davidson,Nashville,10/10/2017 3:45:00 PM,1,1,0,36.229550,-86.736100,BROADMOOR DR,,,,0.00,,,,,,,0.00,,,N,Non-Junction,None,,,         ,Christopher,Valdez,Rain,Not Collision with Motor Vehicle in Transport,no,no,no,yes,no,False
101787610,METROPOLITAN NASHVILLE POLICE DEPT,20170895823,Davidson,Nashville,10/10/2017 3:44:00 PM,1,0,0,36.038410,-86.658460,CANE RIDGE RD,,,,295.00,Feet,South,MOUNTAINHIGH DR,,,,0.00,N,Not at Intersection,N,Non-Junction,None,,,         ,Alyson,Cook,Rain,Not Collision with Motor Vehicle in Transport,no,no,no,no,no,False
101787618,METROPOLITAN NASHVILLE POLICE DEPT,2017-0895706,Davidson,Not in City Limit,10/10/2017 3:35:00 PM,2,2,0,36.076890,-86.945220,SAWYER BROWN RD,,,,0.00,,,HIGHWAY 70S,,,,0.00,Y,Four-Way,N,Intersection,None,,,         ,Michael,Rogers,Cloudy,Angle,no,no,no,no,no,False
101787620,METROPOLITAN NASHVILLE POLICE DEPT,20170895762,Davidson,Nashville,10/10/2017 3:54:00 PM,2,1,0,36.072230,-86.631370,KOTHE WAY,,,,292.00,Feet,North,BRUIN DR,,,,0.00,N,Not at Intersection,N,Non-Junction,None,,,         ,Je-Marc,Sears,Rain,Angle,no,no,no,yes,no,False
101787626,METROPOLITAN NASHVILLE POLICE DEPT,20170895775,Davidson,Nashville,10/10/2017 4:00:00 PM,2,0,0,36.159650,-86.792480,I 40,,,,0.00,,,,,,,208.80,N,Not at Intersection, ,Non-Junction,None,,,         ,Russell,Freeman,Rain,Front to Rear,no,no,no,no,no,False
101787629,METROPOLITAN NASHVILLE POLICE DEPT,20170895716,Davidson,Nashville,10/10/2017 3:30:00 PM,1,0,0,36.254060,-86.777170,BRICK CHURCH PKE,,,,374.00,Feet,North,WESTCHESTER DR,,,,0.00,N,Not at Intersection,N,Non-Junction,None,,,         ,Jerry,Pirtle,Rain,Not Collision with Motor Vehicle in Transport,no,no,no,no,no,False
101787641,METROPOLITAN NASHVILLE POLICE DEPT,20170892577,Davidson,Bellevue,10/9/2017 3:04:00 PM,2,1,0,36.017470,-87.030940,HIGHWAY 96,,,,0.00,,,HIGHWAY 100,,,,0.00,Y,T-Intersection,N,Intersection,None,,,         ,Russell,Ward,Clear,Angle,no,no,no,no,no,False
101787649,METROPOLITAN NASHVILLE POLICE DEPT,20170895960,Davidson,Antioch,10/10/2017 5:03:00 PM,2,0,0,36.037130,-86.586430,LAVERGNE COUCHVILLE PKE,,,,95.00,Feet,South,MAXWELL RD,,,,0.00,N,Not at Intersection,N,Non-Junction,None,,,         ,Alyson,Cook,Clear,Front to Rear,no,no,no,no,no,False
101787650,METROPOLITAN NASHVILLE POLICE DEPT,20170895531,Davidson,Nashville,10/10/2017 2:10:00 PM,2,0,0,36.093040,-86.680530,HARDING PL,,,,0.00,,,AIRPARK CENTER DR,,,,0.00,Y,T-Intersection, ,Non-Junction,None,,,         ,Jedidayah,Merriweather,Cloudy,"Sideswipe, Same Direction",no,no,no,no,no,False
101787655,METROPOLITAN NASHVILLE POLICE DEPT,2017-0895686,Davidson,Nashville,10/10/2017 3:19:00 PM,2,0,0,36.200010,-86.608090,RACHEL DONELSON PASS,,,,0.00,,,ANDREW JACKSON PKWY,,,,0.00,Y,T-Intersection, ,Intersection-Related,None,,,         ,Sandra,Talavera,Rain,Angle,no,no,no,no,no,False
101787669,METROPOLITAN NASHVILLE POLICE DEPT,2017-0896005,Davidson,Not in City Limit,10/10/2017 3:42:00 PM,2,0,0,36.077030,-87.029850,I 40,,,,0.00,,,,,,,192.00,N,Not at Intersection, ,Non-Junction,None,,,         ,Michael,Rogers,Clear,Front to Rear,no,no,no,no,no,False
101787672,METROPOLITAN NASHVILLE POLICE DEPT,20170895891,Davidson,Nashville,10/10/2017 4:50:00 PM,2,0,0,36.242480,-86.723120,GALLATIN PKES,,,,767.00,Feet,South,LAKEWOOD DR,,,,0.00,N,Not at Intersection, ,Non-Junction,None,,,         ,Cecilia,Gomez,Rain,Front to Rear,no,no,no,no,no,False
101787675,METROPOLITAN NASHVILLE POLICE DEPT,20170895927,Davidson,Nashville,10/10/2017 4:58:00 PM,2,0,0,36.142380,-86.709470,I 40,,,,0.00,,,,,,,214.25,N,Not at Intersection, ,Non-Junction,None,,,         ,Michael,Apsey,Clear,Front to Rear,no,no,no,no,no,False
101787681,METROPOLITAN NASHVILLE POLICE DEPT,20170895915,Davidson,Nashville,10/10/2017 4:37:00 PM,2,0,0,36.146340,-86.870440,CHARLOTTE PKE,,,,123.00,Feet,East,WESTBORO DR,,,,0.00,N,Not at Intersection,N,Non-Junction,None,,,         ,John,Hoesli,Clear,Front to Rear,no,no,no,no,yes,False
101787686,METROPOLITAN NASHVILLE POLICE DEPT,2017-896040,Davidson,Nashville,10/10/2017 5:44:00 PM,2,0,0,36.153780,-86.772500,4TH AVS,,,,195.00,Feet,North,ELM ST,,,,0.00,N,Not at Intersection, ,Non-Junction,None,,,         ,Michael,Schlegel,Cloudy,Angle,no,no,no,no,no,False
101787687,METROPOLITAN NASHVILLE POLICE DEPT,20170895879,Davidson,Nashville,10/10/2017 12:00:00 AM,2,0,0,36.188740,-86.775390,I 24,,,,0.00,,,,,,,47.00,N,Not at Intersection, ,Non-Junction,None,,,         ,Gordon,Stovall,Cloudy,Front to Rear,no,no,no,no,no,False
101787688,METROPOLITAN NASHVILLE POLICE DEPT,20170895837,Davidson,Nashville,10/10/2017 4:26:00 PM,2,0,0,36.163450,-86.783530,7TH AVN,,,,0.00,,,UNION ST,,,,0.00,Y,Four-Way, ,Intersection,None,,,         ,Michael,Douglas,Cloudy,"Sideswipe, Same Direction",no,no,no,no,no,False
101787691,METROPOLITAN NASHVILLE POLICE DEPT,20170895888,Davidson,Nashville,10/10/2017 4:45:00 PM,4,0,0,36.127810,-86.815660,I 440,,,,0.00,,,,,,,2.15,N,Not at Intersection,N,Non-Junction,None,,,         ,Jacob,Paul,Rain,Front to Rear,no,no,no,no,no,False
101787697,METROPOLITAN NASHVILLE POLICE DEPT,20170896132,Davidson,Nashville,10/10/2017 6:22:00 PM,2,0,0,36.120350,-86.782480,KIRKWOOD AV,,,,424.00,Feet,West,W KIRKWOOD AV,,,,0.00,N,Not at Intersection, ,,None,,,         ,Hillary,Sherman,,,no,no,no,no,no,False
101787699,METROPOLITAN NASHVILLE POLICE DEPT,20170895964,Davidson,Nashville,10/10/2017 5:00:00 PM,2,1,0,36.118910,-86.755900,EUGENIA AV,,,,0.00,Feet,,MELROSE AV,,,,0.00,Y,Four-Way,N,Intersection,None,,,         ,Jon,Mcvey,Cloudy,Angle,no,no,no,no,no,False
101787702,METROPOLITAN NASHVILLE POLICE DEPT,20170895984,Davidson,Nashville,10/10/2017 5:20:00 PM,2,0,0,36.171420,-86.802900,I 40,,,,0.00,,,,,,,207.70,N,Not at Intersection, ,Non-Junction,None,,,         ,Seth,Vaughn,Clear,Front to Rear,no,no,no,no,no,False
101787707,METROPOLITAN NASHVILLE POLICE DEPT,20170896178,Davidson,Nashville,10/10/2017 5:17:00 PM,2,0,0,36.086010,-86.763590,I65 S EXT RAMP,,,,0.00,Feet,East,I 65,,,,0.00,N,Not at Intersection, ,Non-Junction,None,,,         ,Tien,Nguyen,Clear,Front to Rear,no,no,no,no,no,False
101787711,METROPOLITAN NASHVILLE POLICE DEPT,20170896067,Davidson,Nashville,10/10/2017 12:00:00 AM,2,0,0,36.204330,-86.806260,YOUNGS LN,,,,74.00,Feet,East,ROY ST,,,,0.00,N,Not at Intersection, ,Non-Junction,None,,,         ,Melvin,Taylor,Clear,Angle,no,no,no,no,no,False
101787714,METROPOLITAN NASHVILLE POLICE DEPT,20170896018,Davidson,Nashville,10/10/2017 5:01:00 PM,2,0,0,36.091300,-86.704350,I 24,,,,0.00,,,,,,,55.30,N,Not at Intersection, ,Non-Junction,None,,,         ,Madison,Meiss,Cloudy,Front to Rear,no,no,no,no,no,False
101787717,METROPOLITAN NASHVILLE POLICE DEPT,20170895867,Davidson,Nashville,10/10/2017 4:41:00 PM,2,0,0,36.146160,-86.666570,DONELSON PKE,,,,77.00,Feet,North,ROYAL PKWY,,,,0.00,N,Not at Intersection, ,,None,,,         ,Jonathon,Sheppard,,,no,no,no,no,no,False
101787718,METROPOLITAN NASHVILLE POLICE DEPT,20170896044,Davidson,Nashville,10/10/2017 5:12:00 PM,2,0,0,36.118200,-86.699140,BRILEY PKWY N ENT RAMP,,,,0.00,Feet,East,BRILEY PKWYN,,,,0.00,N,Not at Intersection, ,,None,,,         ,Jonathon,Sheppard,,,no,no,no,no,no,False
101787729,METROPOLITAN NASHVILLE POLICE DEPT,20170895947,Davidson,Nashville,10/10/2017 12:00:00 AM,2,0,0,36.081250,-86.752910,HARDING PL,,,,396.00,Feet,West,WAUFORD DR,,,,0.00,N,Not at Intersection,N,Non-Junction,None,,,         ,David,Robberson,Cloudy,Front to Rear,no,no,no,no,no,False
101787731,METROPOLITAN NASHVILLE POLICE DEPT,20170895592,Davidson,Nashville,10/10/2017 2:17:00 PM,2,0,0,36.144790,-86.812800,WEST END AV,,,,125.00,Feet,East,29TH AVN,,,,0.00,N,Not at Intersection,N,Unknown,None,,,         ,Jacob,Paul,Clear,Other,no,no,no,no,yes,Campus
101787734,METROPOLITAN NASHVILLE POLICE DEPT,20170896275,Davidson,Not in City Limit,10/10/2017 7:07:00 PM,2,0,0,36.259320,-86.757780,DICKERSON PKE,,,,0.00,,,VILLAGE HILLS PVTDR,,,,0.00,Y,T-Intersection, ,Intersection,None,,,         ,Christopher,Littles,Cloudy,"Sideswipe, Same Direction",no,no,no,no,no,False
101787736,METROPOLITAN NASHVILLE POLICE DEPT,20170896288,Davidson,Nashville,10/10/2017 12:00:00 AM,2,2,0,36.221190,-86.837240,CLARKSVILLE PKE,,,,171.00,Feet,South,FAIRMEADE DR,,,,0.00,N,Not at Intersection,N,Non-Junction,None,,,         ,Melvin,Taylor,Clear,Front to Rear,no,no,no,no,no,False
101787738,METROPOLITAN NASHVILLE POLICE DEPT,20170896169,Davidson,Nashville,10/10/2017 5:42:00 PM,2,0,0,36.174930,-86.756630,S 9TH ST,,,,0.00,,,WOODLAND ST,,,,0.00,Y,Four-Way,N,Intersection,None,,,         ,Charles,Wakefield,Clear,Angle,no,no,no,no,yes,False
101787747,METROPOLITAN NASHVILLE POLICE DEPT,20170895981,Davidson,Nashville,10/10/2017 4:54:00 PM,2,0,0,36.137170,-86.727480,MURFREESBORO PKE,,,,71.00,Feet,East,I24 E EXT RAMP,,,,0.00,N,Not at Intersection, ,Entrance/Exit Ramp Related,None,,,         ,Andrew,Mullen,Rain,Front to Rear,no,no,no,no,no,False
101787750,METROPOLITAN NASHVILLE POLICE DEPT,2017-0896181,Davidson,Nashville,10/10/2017 4:30:00 PM,2,0,0,36.173690,-86.605440,CENTRAL PKE ENT RAMP,,,,147.00,Feet,South,CENTRAL PKE,,,,0.00,N,Not at Intersection,N,Entrance/Exit Ramp Related,None,,,         ,Sandra,Talavera,Rain,Front to Rear,no,no,no,no,no,False
101787761,METROPOLITAN NASHVILLE POLICE DEPT,20170895767,Davidson,Not in City Limit,10/10/2017 3:58:00 PM,3,0,0,36.073810,-86.933730,HIGHWAY 70S,,,,124.00,Feet,West,MYHR GREEN,,,,0.00,N,Not at Intersection, ,Non-Junction,None,,,         ,Jeremy,Huffine,Clear,Front to Rear,no,no,no,no,no,False
101787783,METROPOLITAN NASHVILLE POLICE DEPT,20170896247,Davidson,Nashville,10/10/2017 6:51:00 PM,2,0,0,36.086070,-86.698660,I24 W EXT RAMP,,,,0.00,Feet,East,I 24,,,,0.00,N,Not at Intersection,N,Entrance/Exit Ramp Related,None,,,         ,Alyson,Cook,Clear,"Sideswipe, Same Direction",no,no,no,no,no,False
101787784,METROPOLITAN NASHVILLE POLICE DEPT,20170895988,Davidson,Nashville,10/10/2017 5:17:00 PM,2,0,0,36.226310,-86.603190,SAUNDERSVILLE RD,,,,0.00,,,SHUTE LN,,,,0.00,Y,T-Intersection, ,Intersection,None,,,         ,Codey,Mullins,Cloudy,Front to Rear,no,no,no,no,no,False
101787797,METROPOLITAN NASHVILLE POLICE DEPT,20170896434,Davidson,Nashville,10/10/2017 12:00:00 AM,2,0,0,36.175770,-86.793070,ROSA L PARKS BLVD,,,,219.00,Feet,North,MONROE ST,,,,0.00,N,Not at Intersection, ,Non-Junction,None,,,         ,Melvin,Taylor,Clear,Front to Rear,no,no,no,yes,yes,False
101787799,METROPOLITAN NASHVILLE POLICE DEPT,20170896392,Davidson,Not in City Limit,10/10/2017 8:08:00 PM,2,0,0,36.262370,-86.681120,E OLD HICKORY BLVD,,,,18.00,Feet,West,RIO VISTA DR,,,,0.00,N,Not at Intersection,N,Non-Junction,None,,,         ,Cecilia,Gomez,Cloudy,Front to Rear,no,no,no,no,yes,False
101787817,METROPOLITAN NASHVILLE POLICE DEPT,20170896489,Davidson,Nashville,10/10/2017 8:15:00 PM,2,0,0,36.182560,-86.735030,EASTLAND AV,,,,163.00,Feet,West,SCOTT AV,,,,0.00,N,Not at Intersection, ,,None,,,         ,Amery,Milligan,,,no,no,no,no,no,False
101787823,METROPOLITAN NASHVILLE POLICE DEPT,20170896147,Davidson,Nashville,10/10/2017 6:33:00 PM,1,1,0,36.204460,-86.724170,RIVERSIDE DR,,,,136.00,Feet,South,MCGAVOCK PKE,,,,0.00,N,Not at Intersection,N,Non-Junction,None,,,         ,Christopher,Valdez,Clear,Not Collision with Motor Vehicle in Transport,no,no,no,no,no,False
101787824,METROPOLITAN NASHVILLE POLICE DEPT,20170896577,Davidson,Nashville,10/10/2017 9:09:00 PM,2,1,0,36.200580,-86.740140,GALLATIN PKE,,,,149.00,Feet,South,BURCHWOOD AV,,,,0.00,N,Not at Intersection,N,Non-Junction,None,,,         ,Christopher,Valdez,Clear,Front to Rear,no,no,no,no,no,False
101787826,METROPOLITAN NASHVILLE POLICE DEPT,20170896228,Davidson,Nashville,10/10/2017 7:04:00 PM,2,0,0,36.196250,-86.775600,I 65,,,,0.00,,,,,,,86.60,N,Not at Intersection, ,Non-Junction,None,,,         ,Joshua,Lackey,Clear,"Sideswipe, Same Direction",no,no,no,no,no,False
101787828,METROPOLITAN NASHVILLE POLICE DEPT,20170896017,Davidson,Nashville,10/10/2017 4:59:00 PM,4,0,0,36.175340,-86.771710,I 24,,,,0.00,,,,,,,48.00,N,Not at Intersection,N,Non-Junction,None,,,         ,Andrey,Volfson,Clear,Front to Rear,no,no,no,no,no,False
101787829,METROPOLITAN NASHVILLE POLICE DEPT,20170896618,Davidson,Nashville,10/10/2017 8:32:00 PM,2,0,0,36.158100,-86.776870,5TH AVS,,,,156.00,Feet,South,DEMONBREUN ST,,,,0.00,N,Not at Intersection, ,Non-Junction,None,,,         ,Michael,Baron,Clear,Front to Rear,no,no,no,no,no,False
101787835,METROPOLITAN NASHVILLE POLICE DEPT,2017-0895953,Davidson,Nashville,10/10/2017 4:50:00 PM,2,0,0,36.150940,-86.783140,DIVISION ST,,,,0.00,,,MAGAZINE ST,,,,0.00,Y,T-Intersection,N,Intersection,None,,,         ,Cory,West,Clear,HeadOn,no,no,no,no,no,False
101787839,METROPOLITAN NASHVILLE POLICE DEPT,20170896689,Davidson,Nashville,10/10/2017 9:47:00 PM,2,0,0,36.173590,-86.602150,CENTRAL PKE,,,,0.00,,,OLD HICKORY BLVD,,,,0.00,Y,Four-Way,Y,Intersection,None,,,         ,Brian,Smith,Cloudy,Angle,no,no,no,no,yes,False
101787849,METROPOLITAN NASHVILLE POLICE DEPT,20170896571,Davidson,Nashville,10/10/2017 7:58:00 PM,2,0,0,36.167810,-86.599810,OLD HICKORY BLVD,,,,276.00,Feet,South,SELLS DR,,,,0.00,N,Not at Intersection,N,Non-Junction,None,,,         ,Sekou,Samassi,Clear,Angle,no,no,no,no,yes,False
101787850,METROPOLITAN NASHVILLE POLICE DEPT,20170896641,Davidson,Nashville,10/10/2017 12:00:00 AM,2,0,0,36.182980,-86.791440,4TH AVN,,,,100.00,Feet,North,GARFIELD ST,,,,0.00,N,Not at Intersection, ,Non-Junction,None,,,         ,Melvin,Taylor,Clear,Front to Rear,no,no,no,no,no,False