master_record_number,agency,agency_tracking_number,county,city,collision_date,vehicles_involved,number_injured,number_dead,latitude,longitude,roadway_name,roadway_suffix,roadway_number,roadway_local_id,distance_from_reference,miles-feet_indicator,direction_from_reference,intersection_road_name,intersection_road_name_suffix,intersection_road_number,intersection_local_id,mile_marker,intersection_indicator,intersect_type,interchange_related_indicator,relation_to_junction,work_zone_type,construction_maintenance_zone,construction_maintenance_zone_location,fatal_case_number,officer_first_name,officer_last_name,weather_condition(s),manner_of_crash,pedestrian,bicycle,scooter,parking,hitrun,mou
101788659,METROPOLITAN NASHVILLE POLICE DEPT,20170899517,Davidson,Nashville,10/11/2017 5:50:00 PM,2,0,0,36.152390,-86.842230,46TH AVN,,,,70.00,Feet,North,CHARLOTTE AV,,,,0.00,N,Not at Intersection,N,Non-Junction,None,,,         ,Walter,Gray II,Cloudy,Front to Rear,no,no,no,no,no,False
101788672,METROPOLITAN NASHVILLE POLICE DEPT,20170899368,Davidson,Nashville,10/11/2017 3:40:00 PM,2,0,0,36.172500,-86.765150,S 5TH ST,,,,138.00,Feet,South,MAIN ST,,,,0.00,N,Not at Intersection, ,,None,,,         ,Alexander,Georgeson,,,no,no,no,no,no,False
101788673,METROPOLITAN NASHVILLE POLICE DEPT,20170899511,Davidson,Nashville,10/11/2017 5:30:00 PM,2,1,0,36.137690,-86.775690,I 65,,,,0.00,,,,,,,81.65,N,Not at Intersection,N,Non-Junction,None,,,         ,Jon,Mcvey,Cloudy,Front to Rear,no,no,no,no,yes,False
101788675,METROPOLITAN NASHVILLE POLICE DEPT,20170899510,Davidson,Nashville,10/11/2017 5:30:00 PM,2,0,0,36.128990,-86.773030,I 65,,,,0.00,,,,,,,81.00,N,Not at Intersection, ,Non-Junction,None,,,         ,Brian,Etchison,Cloudy,"Sideswipe, Same Direction",no,no,no,no,no,False
101788681,METROPOLITAN NASHVILLE POLICE DEPT,20170899582,Davidson,Nashville,10/11/2017 6:14:00 PM,2,0,0,36.153460,-86.752100,HERMITAGE AV,,,,326.00,Feet,East,DECATUR AV,,,,0.00,N,Not at Intersection,N,Non-Junction,None,,,         ,John,Daugherty,Cloudy,"Sideswipe, Same Direction",no,no,no,no,yes,False
101788687,METROPOLITAN NASHVILLE POLICE DEPT,20170899637,Davidson,Nashville,10/11/2017 4:21:00 PM,2,0,0,36.188220,-86.629320,LEBANON PKE,,,,0.00,,,HICKORY HILL LN,,,,0.00,Y,T-Intersection,N,Intersection,None,,,         ,Jonathan,Cavezza,Cloudy,Angle,no,no,no,no,yes,False
101788688,METROPOLITAN NASHVILLE POLICE DEPT,20170899679,Davidson,Nashville,10/11/2017 7:03:00 PM,1,1,0,36.197470,-86.741810,GALLATIN PKE,,,,184.00,Feet,North,CAROLYN AV,,,,0.00,N,Not at Intersection,N,Non-Junction,None,,,         ,Amanda,Fox,Clear,Not Collision with Motor Vehicle in Transport,yes,no,no,no,no,False
101788689,METROPOLITAN NASHVILLE POLICE DEPT,20170899619,Davidson,Nashville,10/11/2017 6:16:00 PM,2,0,0,36.109450,-86.728050,SOUTHLAKE DR,,,,0.00,,,BRILEY PKWYS,,,,0.00,Y,Four-Way,N,Intersection,None,,,         ,Patrick,Martin,Clear,Front to Rear,no,no,no,no,yes,False
101788691,METROPOLITAN NASHVILLE POLICE DEPT,20170899704,Davidson,Nashville,10/11/2017 6:00:00 PM,2,0,0,36.119270,-86.801970,I 440,,,,0.00,,,,,,,3.05,N,Not at Intersection, ,Non-Junction,None,,,         ,Tien,Nguyen,Clear,Front to Rear,no,no,no,no,no,False
101788692,METROPOLITAN NASHVILLE POLICE DEPT,20170899133,Davidson,Nashville,10/11/2017 3:31:00 PM,2,0,0,36.150540,-86.856360,CHARLOTTE PKE,,,,313.00,Feet,East,ORLANDO AV,,,,0.00,N,Not at Intersection,N,"Driveway, Alley Access, etc",None,,,         ,Walter,Gray II,Cloudy,Angle,no,no,no,no,no,False
101788693,METROPOLITAN NASHVILLE POLICE DEPT,20170899349,Davidson,Nashville,10/11/2017 4:28:00 PM,2,0,0,36.074600,-86.920950,OLD HICKORY BLVD,,,,50.00,Feet,North,HIGHWAY 70S,,,,0.00,N,Not at Intersection, ,Non-Junction,None,,,         ,Walter,Gray II,Cloudy,Front to Rear,no,no,no,no,no,False
101788701,METROPOLITAN NASHVILLE POLICE DEPT,20170899631,Davidson,Nashville,10/11/2017 4:45:00 PM,2,0,0,36.114470,-86.816040,WOODMONT BLVD,,,,0.00,,,23RD AVS,,,,0.00,Y,T-Intersection, ,Intersection,None,,,         ,John,Hoesli,Clear,Front to Rear,no,no,no,no,no,False
101788711,METROPOLITAN NASHVILLE POLICE DEPT,20170899591,Davidson,Nashville,10/11/2017 12:00:00 AM,2,0,0,36.218270,-86.803570,WHITES CREEK PKE,,,,50.00,Feet,North,MOORMANS ARM RD,,,,0.00,N,Not at Intersection, ,Non-Junction,None,,,         ,Melvin,Taylor,Clear,Front to Rear,no,no,no,no,no,False
101788713,METROPOLITAN NASHVILLE POLICE DEPT,20170899307,Davidson,Goodlettsville,10/11/2017 4:16:00 PM,2,0,0,36.286350,-86.727390,I 65,,,,0.00,,,,,,,93.90,N,Not at Intersection,N,Non-Junction,None,,,         ,Samuel,Miller,Cloudy,"Sideswipe, Same Direction",no,no,no,no,yes,False
101788714,METROPOLITAN NASHVILLE POLICE DEPT,20170899257,Davidson,Nashville,10/11/2017 4:07:00 PM,1,0,0,36.234400,-86.721070,BRILEY PKWYW,,,,50.00,Feet,East,BRILEY PKWY W EXT RAMP,,,,0.00,N,Not at Intersection,N,Non-Junction,None,,,         ,Samuel,Miller,Cloudy,Not Collision with Motor Vehicle in Transport,no,no,no,no,yes,False
101788715,METROPOLITAN NASHVILLE POLICE DEPT,20170899627,Davidson,Nashville,10/11/2017 6:28:00 PM,2,0,0,36.256420,-86.675520,CHEYENNE BLVD,,,,150.00,Feet,West,RIVER RETREAT PVTDR,,,,0.00,N,Not at Intersection, ,Non-Junction,None,,,         ,Samuel,Miller,Clear,Angle,no,no,no,no,no,False
101788716,METROPOLITAN NASHVILLE POLICE DEPT,20170899123,Davidson,Not in City Limit,10/11/2017 5:40:00 PM,2,0,0,36.260050,-86.788180,I 24,,,,0.00,,,,,,,41.85,N,Not at Intersection,N,Non-Junction,None,,,         ,Samuel,Miller,Cloudy,"Sideswipe, Same Direction",no,no,no,no,yes,False
101788733,METROPOLITAN NASHVILLE POLICE DEPT,20170899687,Davidson,Nashville,10/11/2017 7:00:00 AM,2,2,0,36.235270,-86.781220,BRICK CHURCH PKE,,,,226.00,Feet,South,RICHMOND HILL DR,,,,0.00,N,Not at Intersection,N,Non-Junction,None,,,         ,Conor,Cronin,Clear,"Sideswipe, Same Direction",no,no,no,no,no,False
101788734,METROPOLITAN NASHVILLE POLICE DEPT,20170899727,Davidson,Nashville,10/11/2017 7:16:00 PM,2,1,0,36.168350,-86.656860,STEWARTS FERRY PKE,,,,0.00,,,MUNN RD,,,,0.00,Y,Four-Way,N,Intersection-Related,None,,,         ,Jaby,Djabbarov,Clear,Front to Rear,no,no,no,no,no,False
101788738,METROPOLITAN NASHVILLE POLICE DEPT,20170899632,Davidson,Nashville,10/11/2017 6:36:00 PM,2,0,0,36.187090,-86.773400,DICKERSON PKE,,,,124.00,Feet,South,CLEVELAND ST,,,,0.00,N,Not at Intersection, ,Non-Junction,None,,,         ,Christopher,Valdez,Clear,Angle,no,no,no,no,no,False
101788740,METROPOLITAN NASHVILLE POLICE DEPT,20170899645,Davidson,Nashville,10/11/2017 6:43:00 PM,2,1,0,36.196850,-86.775650,I 65,,,,0.00,,,,,,,86.65,N,Not at Intersection,N,Non-Junction,None,,,         ,Joshua,Lackey,Clear,"Sideswipe, Same Direction",no,no,no,no,no,False
101788743,METROPOLITAN NASHVILLE POLICE DEPT,20170899476,Davidson,Nashville,10/11/2017 7:05:00 PM,2,0,0,36.149670,-86.857930,WHITE BRIDGE PKE,,,,174.00,Feet,South,CHARLOTTE PKE,,,,0.00,N,Not at Intersection, ,,None,,,         ,Barrett,Teague,,,no,no,no,no,no,False
101788768,METROPOLITAN NASHVILLE POLICE DEPT,20170899658,Davidson,Nashville,10/11/2017 6:49:00 PM,2,0,0,36.216500,-86.837560,CLARKSVILLE PKE,,,,672.00,Feet,West,KINGS LN,,,,0.00,N,Not at Intersection,N,Non-Junction,None,,,         ,Roy,Sain Jr.,Clear,Front to Rear,no,no,no,no,no,False
101788769,METROPOLITAN NASHVILLE POLICE DEPT,20170899893,Davidson,Nashville,10/11/2017 7:44:00 PM,2,0,0,36.178090,-86.794680,ROSA L PARKS BLVD,,,,3.00,Feet,South,CHEATHAM PL,,,,0.00,N,Not at Intersection, ,Non-Junction,None,,,         ,Kevin,Reynolds,Clear,Angle,no,no,no,no,no,False
101788771,METROPOLITAN NASHVILLE POLICE DEPT,20170899670,Davidson,Nashville,10/11/2017 6:56:00 PM,2,1,0,36.120900,-86.727130,I 24,,,,0.00,,,,,,,52.85,N,Not at Intersection,N,Non-Junction,None,,,         ,Alyson,Cook,Clear,Front to Rear,no,no,no,no,no,False
101788776,METROPOLITAN NASHVILLE POLICE DEPT,20170899739,Davidson,Nashville,10/11/2017 7:03:00 PM,2,0,0,36.124870,-86.734640,I 440,,,,0.00,,,,,,,7.15,N,Not at Intersection, ,Non-Junction,None,,,         ,Alyson,Cook,Clear,Front to Rear,no,no,no,no,no,False
101788824,METROPOLITAN NASHVILLE POLICE DEPT,20170899896,Davidson,Nashville,10/11/2017 8:15:00 PM,2,0,0,36.167880,-86.783210,5TH AVN,,,,0.00,,,GAY ST,,,,0.00,Y,Four-Way, ,Intersection,None,,,         ,Darren,White,Clear,Angle,no,no,no,no,no,False
101788834,METROPOLITAN NASHVILLE POLICE DEPT,20170899841,Davidson,Nashville,10/11/2017 8:15:00 PM,2,1,0,36.216870,-86.692980,MCGAVOCK PKE,,,,0.00,Feet,,MCGAVOCK PKE WB ENT RAMP,,,,0.00,Y,Five Point Or More,Y,Intersection,Work Zone,,,         ,John,Kelley,Clear,Angle,no,no,no,no,no,False
101788851,METROPOLITAN NASHVILLE POLICE DEPT,20170899973,Davidson,Nashville,10/11/2017 9:13:00 PM,2,0,0,36.226960,-86.597620,SAUNDERSVILLE RD,,,,0.00,Feet,East,WYNTERGRACE FARM RD,,,,0.00,N,Not at Intersection, ,Non-Junction,None,,,         ,Sekou,Samassi,Clear,Angle,no,no,no,no,no,False
101788859,METROPOLITAN NASHVILLE POLICE DEPT,20170899756,Davidson,Not in City Limit,10/11/2017 12:00:00 AM,1,0,0,36.336110,-86.853120,MORGAN RD,,,,1747.00,Feet,West,WILKINSON RD,,,,0.00,N,Not at Intersection,N,Non-Junction,None,,,         ,Melvin,Taylor,Clear,Not Collision with Motor Vehicle in Transport,no,no,no,no,no,False
101788879,METROPOLITAN NASHVILLE POLICE DEPT,20170900193,Davidson,Nashville,10/11/2017 10:14:00 PM,2,0,0,36.043003,-86.606327,HOBSON,PIKE,,,0.00,,,MURFREESBORO,PIKE,,,0.00,Y,Four-Way, ,Intersection-Related,None,,,         ,Dale,Dameron,Cloudy,"Sideswipe, Same Direction",no,no,no,no,no,False
101788882,METROPOLITAN NASHVILLE POLICE DEPT,20170900294,Davidson,Nashville,10/11/2017 11:38:00 PM,1,1,0,36.136000,-86.791940,WEDGEWOOD AV,,,,0.00,,,15TH AVS,,,,0.00,Y,Four-Way,N,Intersection-Related,None,,,         ,Steven,Wiser,Cloudy,Not Collision with Motor Vehicle in Transport,no,no,no,no,no,False
101788897,METROPOLITAN NASHVILLE POLICE DEPT,20170900299,Davidson,Nashville,10/11/2017 11:44:00 PM,2,1,0,36.218370,-86.692780,BRILEY PKWYN,,,,272.00,Feet,North,BRILEY PKWY N ENT RAMP,,,,0.00,N,Not at Intersection,N,Non-Junction,Construction Zone,Lane Shift-Crossover,Activity Area,         ,Curtis,Fisher,Clear,Front to Rear,no,no,no,no,no,False
101788905,METROPOLITAN NASHVILLE POLICE DEPT,20170900134,Davidson,Nashville,10/11/2017 10:34:00 PM,2,0,0,36.206490,-86.776300,W TRINITY LN,,,,13.00,Feet,South,I65 S ENT RAMP,,,,0.00,N,Not at Intersection,N,Non-Junction,None,,,         ,Harris,Smith,Clear,Angle,no,no,no,no,no,False
101788920,METROPOLITAN NASHVILLE POLICE DEPT,2017-0900670,Davidson,Nashville,10/12/2017 2:46:00 AM,1,0,0,36.230540,-86.747370,ELLINGTON PKWYN,,,,37.00,Feet,South,BROADMOOR DR,,,,0.00,N,Not at Intersection,N,Non-Junction,None,,,         ,Wallis,Massey,Rain,Not Collision with Motor Vehicle in Transport,no,no,no,no,no,False
101788938,METROPOLITAN NASHVILLE POLICE DEPT,20170900541,Davidson,Nashville,10/12/2017 1:30:00 AM,2,0,0,36.041700,-86.721130,STEFFISBURG DR,,,,0.00,,,,,,,0.00,,, ,Non-Junction,None,,,         ,Joshua,Dickall,Clear,Front to Rear,no,no,no,no,no,False
101789012,METROPOLITAN NASHVILLE POLICE DEPT,2017-0898914,Davidson,Nashville,10/11/2017 2:00:00 PM,2,0,0,36.138220,-86.807140,BLAKEMORE AV,,,,0.00,,,25TH AVS,,,,0.00,Y,Four-Way, ,Intersection-Related,None,,,         ,Aaron,Jones,Cloudy,Front to Rear,no,no,no,no,no,Campus
101789015,METROPOLITAN NASHVILLE POLICE DEPT,20170901111,Davidson,Nashville,10/12/2017 5:55:00 AM,2,0,0,36.048410,-86.657400,HICKORY HOLLOW PKWY,,,,0.00,,,HICKORY HOLLOW MALL PVTDR PL,,,,0.00,Y,Four-Way, ,Intersection,None,,,         ,Kevin,Breeding,Clear,Angle,no,no,no,no,no,False
101789057,METROPOLITAN NASHVILLE POLICE DEPT,20170901431,Davidson,Nashville,10/12/2017 8:29:00 AM,2,1,0,36.137510,-86.800060,WEDGEWOOD AV,,,,205.00,Feet,East,21ST AVS,,,,0.00,N,Not at Intersection,N,Non-Junction,None,,,         ,Nathan,Kemp,Clear,Front to Rear,no,no,no,no,no,Campus
101789134,METROPOLITAN NASHVILLE POLICE DEPT,20170901732,Davidson,Nashville,10/12/2017 12:00:00 AM,2,0,0,36.176970,-86.783980,MADISON,,,,100.00,Feet,East,,,,,0.01,N,Not at Intersection, ,Non-Junction,Construction Zone,,,         ,Daniel,Russett,Clear,"Sideswipe, Same Direction",no,no,no,no,no,False
101789150,METROPOLITAN NASHVILLE POLICE DEPT,20170901645,Davidson,Nashville,10/12/2017 12:00:00 AM,3,0,0,36.223020,-86.693830,BRILEY PKWYN,,,,1162.00,Feet,North,BRILEY PKWYS,,,,0.00,N,Not at Intersection,N,Non-Junction,None,,,         ,Michael,Dance,Cloudy,"Sideswipe, Same Direction",no,no,no,no,yes,False
101789159,METROPOLITAN NASHVILLE POLICE DEPT,20170901603,Davidson,Nashville,10/12/2017 9:39:00 AM,2,0,0,36.065720,-86.770920,I 65,,,,0.00,,,,,,,76.65,N,Not at Intersection,N,Non-Junction,None,,,         ,Nathan,Kemp,Clear,"Sideswipe, Same Direction",no,no,no,no,yes,False
101789160,METROPOLITAN NASHVILLE POLICE DEPT,20170901709,Davidson,Nashville,10/12/2017 10:14:00 AM,2,0,0,36.074860,-86.724870,NOLENSVILLE PKE,,,,70.00,Feet,South,FLORA MAXWELL RD,,,,0.00,N,Not at Intersection, ,Non-Junction,None,,,         ,Nathan,Kemp,Clear,"Sideswipe, Same Direction",no,no,no,no,no,False
101789229,METROPOLITAN NASHVILLE POLICE DEPT,20170901789,Davidson,Nashville,10/12/2017 10:50:00 AM,2,0,0,36.128120,-86.852180,WHITE BRIDGE PKE,,,,80.00,Feet,West,POST PL,,,,0.00,N,Not at Intersection, ,Non-Junction,None,,,         ,Kevin,McGinniss,Cloudy,Front to Rear,no,no,no,no,no,False
101789250,METROPOLITAN NASHVILLE POLICE DEPT,20170902016,Davidson,Not in City Limit,10/12/2017 11:33:00 AM,2,0,0,36.263070,-86.711920,STATE RT 45,,,,0.00,,,GALLATIN PKEN,,,,0.00,Y,Four-Way, ,Intersection-Related,None,,,         ,Michelle,Steidl,Cloudy,Angle,no,no,no,no,yes,False
101789267,METROPOLITAN NASHVILLE POLICE DEPT,20170902020,Davidson,Nashville,10/12/2017 12:36:00 PM,2,0,0,36.149620,-86.772810,I 40,,,,0.00,,,,,,,210.25,N,Not at Intersection, ,Non-Junction,None,,,         ,Brent,Bauer,Cloudy,Angle,no,no,no,no,no,False
101789268,METROPOLITAN NASHVILLE POLICE DEPT,20170901803,Davidson,Nashville,10/12/2017 11:03:00 AM,2,1,0,36.080550,-86.642210,EDGE O LAKE DR,,,,75.00,Feet,East,LAKEVILLA DR,,,,0.00,N,Not at Intersection,N,Non-Junction,None,,,         ,Terry,Denton,Clear,"Sideswipe, Same Direction",no,no,no,no,no,False
101789290,METROPOLITAN NASHVILLE POLICE DEPT,20170902096,Davidson,Nashville,10/12/2017 1:05:00 PM,2,0,0,36.207600,-86.839810,CLARKSVILLE PKE,,,,71.00,Feet,North,W HAMILTON AV,,,,0.00,N,Not at Intersection, ,Non-Junction,None,,,         ,Michael,Parman,Clear,Front to Rear,no,no,no,no,no,False
101789291,METROPOLITAN NASHVILLE POLICE DEPT,20170901637,Davidson,Nashville,10/12/2017 9:39:00 AM,2,0,0,36.041700,-86.823950,OLD HICKORY BLVD,,,,266.00,Feet,East,RIVER OAKS RD,,,,0.00,N,Not at Intersection,N,Non-Junction,None,,,         ,Phillip,Murphy,Clear,Front to Rear,no,no,no,no,no,False
101789306,METROPOLITAN NASHVILLE POLICE DEPT,20170901913,Davidson,Nashville,10/12/2017 11:40:00 AM,2,0,0,36.174400,-86.774190,OLDHAM ST,,,,0.00,Feet,,N 1ST ST,,,,0.00,Y,Four-Way,N,Intersection-Related,None,,,         ,Gregory,Julia,Cloudy,Angle,no,no,no,no,no,False
101789310,METROPOLITAN NASHVILLE POLICE DEPT,20170901986,Davidson,Nashville,10/12/2017 12:26:00 PM,2,0,0,36.144970,-86.696190,BRILEY PKWYN,,,,378.00,Feet,East,I40 E EXT RAMP,,,,0.00,N,Not at Intersection, ,Non-Junction,None,,,         ,James,Curtis,Cloudy,"Sideswipe, Same Direction",no,no,no,no,no,False
101789339,METROPOLITAN NASHVILLE POLICE DEPT,20170902045,Davidson,Goodlettsville,10/12/2017 12:40:00 PM,2,0,0,36.311880,-86.701850,I 65,,,,0.00,,,,,,,96.15,N,Not at Intersection,N,Non-Junction,None,,,         ,Royce,McLester,Cloudy,"Sideswipe, Same Direction",no,no,no,no,yes,False
101789385,METROPOLITAN NASHVILLE POLICE DEPT,20170899686,Davidson,Nashville,10/11/2017 6:32:00 PM,2,0,0,36.233250,-86.820870,BRILEY PKWYW,,,,118.00,Feet,East,BRILEY PKWY E EXT RAMP,,,,0.00,N,Not at Intersection, ,Non-Junction,None,,,         ,Victor,Alexander,Cloudy,"Sideswipe, Same Direction",no,no,no,no,no,False
101789396,METROPOLITAN NASHVILLE POLICE DEPT,2017-0902102,Davidson,Nashville,10/12/2017 1:24:00 PM,2,3,0,36.116010,-86.725030,I 24,,,,0.00,,,,,,,53.20,N,Not at Intersection,N,Non-Junction,None,,,         ,William,Whitworth,Cloudy,Front to Rear,no,no,no,no,no,False
101789431,GOODLETTSVILLE POLICE DEPT,17-35992,Davidson,Goodlettsville,10/12/2017 10:29:00 AM,2,0,0,36.316980,-86.712896,404 SOUTH MAIN,ST,,,100.00,Feet,East,SOUTH MAIN,ST,,,0.00,N,Not at Intersection,N,Non-Junction,None,,,         ,Jeremy,Baker,Cloudy,Angle,no,no,no,yes,no,False
101789465,METROPOLITAN NASHVILLE POLICE DEPT,20170902233,Davidson,Nashville,10/12/2017 2:43:00 PM,3,3,0,36.074390,-86.638570,MURFREESBORO PKE,,,,39.00,Feet,South,RURAL HILL RD,,,,0.00,N,Not at Intersection,N,Non-Junction,None,,,         ,Cody,O'Quinn,Cloudy,Front to Rear,no,no,no,no,no,False
101789471,METROPOLITAN NASHVILLE POLICE DEPT,20170902357,Davidson,Nashville,10/12/2017 12:40:00 PM,2,0,0,36.176190,-86.678770,MCGAVOCK PKE,,,,150.00,Feet,South,MAPLECREST DR,,,,0.00,N,Not at Intersection, ,,None,,,         ,Brent,Hedgcoth,,,no,no,no,no,no,False
101789478,METROPOLITAN NASHVILLE POLICE DEPT,20170902453,Davidson,Nashville,10/12/2017 4:07:00 PM,2,0,0,36.137670,-86.888500,I 40,,,,0.00,,,,,,,201.85,N,Not at Intersection,N,Non-Junction,None,,,         ,Walter,Gray II,Cloudy,Other,no,no,no,yes,yes,False
101789479,METROPOLITAN NASHVILLE POLICE DEPT,20170902507,Davidson,Nashville,10/12/2017 4:36:00 PM,2,0,0,36.115980,-86.787260,I 440,,,,0.00,,,,,,,4.10,N,Not at Intersection, ,Non-Junction,None,,,         ,Hillary,Sherman,Cloudy,Front to Rear,no,no,no,no,no,False
101789489,METROPOLITAN NASHVILLE POLICE DEPT,20170902434,Davidson,Nashville,10/12/2017 12:00:00 AM,2,0,0,36.181040,-86.800020,I 65,,,,0.00,,,,,,,85.10,N,Not at Intersection, ,Non-Junction,None,,,         ,Melvin,Taylor,Clear,"Sideswipe, Same Direction",no,no,no,no,no,False
101789501,METROPOLITAN NASHVILLE POLICE DEPT,20170902556,Davidson,Nashville,10/12/2017 4:28:00 PM,2,0,0,36.153370,-86.721600,SPENCE LN,,,,150.00,Feet,South,LEBANON PKE,,,,0.00,N,Not at Intersection,N,Non-Junction,None,,,         ,Jonathan,Cavezza,Cloudy,Front to Rear,no,no,no,no,yes,False
101789502,METROPOLITAN NASHVILLE POLICE DEPT,20170902307,Davidson,Nashville,10/12/2017 1:24:00 PM,2,0,0,36.168150,-86.777410,GAY ST,,,,601.00,Feet,South,1ST AVN,,,,0.00,N,Not at Intersection, ,Non-Junction,None,,,         ,Andrey,Volfson,Cloudy,Not Collision with Motor Vehicle in Transport,no,no,no,no,no,False
101789513,METROPOLITAN NASHVILLE POLICE DEPT,20170902523,Davidson,Nashville,10/12/2017 3:39:00 PM,2,0,0,36.148710,-86.743300,FESSLERS LN,,,,164.00,Feet,South,FESSLERS PKWY,,,,0.00,N,Not at Intersection,N,Non-Junction,None,,,         ,Samuel,Sundra,Cloudy,Front to Rear,no,no,no,no,yes,False
101789544,METROPOLITAN NASHVILLE POLICE DEPT,20170902600,Davidson,Nashville,10/12/2017 4:20:00 PM,2,0,0,36.227920,-86.827410,BUENAVIEW BLVD,,,,0.00,,,BOYD DR,,,,0.00,Y,Four-Way,N,Intersection,None,,,         ,Roy,Sain Jr.,Cloudy,Angle,no,no,no,no,no,False
101789547,VANDERBILT UNIVERSITY POLICE,2017-0899791,Davidson,Nashville,10/12/2017 3:50:00 PM,2,0,0,36.138490,-86.802640,CHILDRENS WAY,,,,0.00,,,,,,,0.00,,,N,Non-Junction,None,,,         ,Robert,Skucy,Cloudy,"Sideswipe, Same Direction",no,no,no,yes,no,Campus
101789550,METROPOLITAN NASHVILLE POLICE DEPT,20170902631,Davidson,Nashville,10/12/2017 12:00:00 AM,2,3,0,36.202190,-86.820790,BUENA VISTA PKE,,,,143.00,Feet,South,W TRINITY LN,,,,0.00,N,Not at Intersection,N,Non-Junction,None,,,         ,Melvin,Taylor,Cloudy,HeadOn,no,no,no,no,no,False
101789551,METROPOLITAN NASHVILLE POLICE DEPT,20170902724,Davidson,Goodlettsville,10/12/2017 5:58:00 PM,2,0,0,36.293540,-86.696130,MYATT DR,,,,150.00,Feet,South,SPRING BRANCH DR,,,,0.00,N,Not at Intersection,N,Non-Junction,None,,,         ,Samuel,Miller,Cloudy,Angle,no,no,no,no,yes,False
101789560,METROPOLITAN NASHVILLE POLICE DEPT,20170902607,Davidson,Nashville,10/12/2017 5:00:00 PM,1,1,0,36.036040,-86.713320,NOLENSVILLE PKE,,,,200.00,Feet,North,BRENTWOOD HIGHLANDS DR,,,,0.00,N,Not at Intersection,N,Non-Junction,None,,,         ,Joseph,Progar,Cloudy,Not Collision with Motor Vehicle in Transport,no,no,no,no,no,False
101789564,GOODLETTSVILLE POLICE DEPT,17-35883,Davidson,Goodlettsville,10/11/2017 6:05:00 PM,2,0,0,36.295760,-86.715990,I 65,,,,0.00,,,,,,,94.80,N,Not at Intersection, ,Non-Junction,None,,,         ,William,Hunter,Cloudy,Front to Rear,no,no,no,no,no,False
101789565,METROPOLITAN NASHVILLE POLICE DEPT,20170902748,Davidson,Nashville,10/12/2017 6:07:00 PM,2,0,0,36.197770,-86.837490,CLARKSVILLE PKE,,,,12.00,Feet,South,COURTNEY AV,,,,0.00,N,Not at Intersection,N,Non-Junction,None,,,         ,Victor,Alexander,Cloudy,Angle,no,no,no,no,yes,False
101789566,METROPOLITAN NASHVILLE POLICE DEPT,20170902605,Davidson,Nashville,10/12/2017 5:15:00 PM,3,0,0,36.127240,-86.753330,NOLENSVILLE PKE,,,,141.00,Feet,North,VIVELLE AV,,,,0.00,N,Not at Intersection, ,Non-Junction,None,,,         ,Jacob,Paul,Clear,Front to Rear,no,no,no,no,no,False
101789572,METROPOLITAN NASHVILLE POLICE DEPT,20170902630,Davidson,Nashville,10/12/2017 5:25:00 PM,2,2,0,36.077380,-86.740070,HARDING PL,,,,0.00,,,BINKLEY DR,,,,0.00,Y,Four-Way,N,Intersection,None,,,         ,Allyson,Reis,Clear,Angle,no,no,no,no,no,False
101789574,METROPOLITAN NASHVILLE POLICE DEPT,20170902660,Davidson,Nashville,10/12/2017 3:50:00 PM,2,0,0,36.169680,-86.797300,I 40,,,,0.00,,,,,,,207.95,N,Not at Intersection,N,Non-Junction,None,,,         ,Landon,Bagwell,Cloudy,Front to Rear,no,no,no,no,yes,False
101789576,VANDERBILT UNIVERSITY POLICE,2017-0902487,Davidson,Nashville,10/12/2017 12:00:00 AM,2,0,0,36.140920,-86.811380,NATCHEZ TRC,,,,519.00,Feet,North,CHILDRENS WAY,,,,0.00,N,Not at Intersection, ,Non-Junction,None,,,         ,Alan,Reed,Cloudy,Angle,no,no,no,yes,no,Campus
101789577,METROPOLITAN NASHVILLE POLICE DEPT,20170902332,Davidson,Nashville,10/12/2017 3:17:00 PM,2,1,0,36.166040,-86.820320,28TH AVN,,,,159.00,Feet,North,ALAMEDA ST,,,,0.00,N,Not at Intersection,N,Non-Junction,None,,,         ,Andrew,Delke,Cloudy,Front to Rear,no,no,no,no,no,False
101789585,METROPOLITAN NASHVILLE POLICE DEPT,20170902875,Davidson,Nashville,10/12/2017 7:15:00 PM,2,1,0,36.088090,-86.690790,HARDING PL,,,,482.00,Feet,East,ANTIOCH PKE,,,,0.00,N,Not at Intersection,N,Non-Junction,None,,,         ,Benny,Pittman,Clear,Front to Rear,no,no,no,no,no,False
101789600,METROPOLITAN NASHVILLE POLICE DEPT,20170902812,Davidson,Nashville,10/12/2017 6:45:00 PM,2,0,0,36.081070,-86.726800,NOLENSVILLE PKE,,,,551.00,Feet,North,HARDING PL,,,,0.00,N,Not at Intersection,N,Non-Junction,None,,,         ,Jon,Mcvey,Clear,Angle,no,no,no,no,no,False
101789602,METROPOLITAN NASHVILLE POLICE DEPT,2017-0902478,Davidson,Nashville,10/12/2017 4:25:00 PM,2,0,0,36.166010,-86.766310,SHELBY AV,,,,177.00,Feet,West,INTERSTATE DR,,,,0.00,N,Not at Intersection, ,,None,,,         ,Cory,West,,,no,no,no,no,no,False
101789625,METROPOLITAN NASHVILLE POLICE DEPT,2017-0902591,Davidson,Nashville,10/12/2017 5:05:00 PM,2,0,0,36.166090,-86.776430,GAY ST,,,,428.00,Feet,North,1ST AVN,,,,0.00,N,Not at Intersection, ,,None,,,         ,Cory,West,,,no,no,no,no,no,False