master_record_number,agency,agency_tracking_number,county,city,collision_date,vehicles_involved,number_injured,number_dead,latitude,longitude,roadway_name,roadway_suffix,roadway_number,roadway_local_id,distance_from_reference,miles-feet_indicator,direction_from_reference,intersection_road_name,intersection_road_name_suffix,intersection_road_number,intersection_local_id,mile_marker,intersection_indicator,intersect_type,interchange_related_indicator,relation_to_junction,work_zone_type,construction_maintenance_zone,construction_maintenance_zone_location,fatal_case_number,officer_first_name,officer_last_name,weather_condition(s),manner_of_crash,pedestrian,bicycle,scooter,parking,hitrun,mou
101791780,METROPOLITAN NASHVILLE POLICE DEPT,20170906474,Davidson,Nashville,10/13/2017 9:53:00 PM,2,0,0,36.114600,-86.775800,I65 S ENT RAMP,,,,0.00,Feet,East,I65 N ENT RAMP,,,,0.00,N,Not at Intersection,N,Non-Junction,Construction Zone,Work On Shoulder Or Median,Transition Area,         ,Joshua,Billotte,Clear,Front to Rear,no,no,no,no,yes,False
101791789,METROPOLITAN NASHVILLE POLICE DEPT,20170906974,Davidson,Nashville,10/14/2017 3:30:00 AM,1,0,0,36.047930,-86.658120,HICKORY HOLLOW PKWY,,,,0.00,,,,,,,0.00,,, ,OtherLocation,None,,,         ,Christopher,Holden,Clear,Not Collision with Motor Vehicle in Transport,no,no,no,yes,no,False
101791791,METROPOLITAN NASHVILLE POLICE DEPT,20170906914,Davidson,Nashville,10/14/2017 3:00:00 AM,2,2,0,36.151080,-86.768190,2ND AVS,,,,103.00,Feet,South,LAFAYETTE ST,,,,0.00,N,Not at Intersection,N,Unknown,None,,,         ,Mekisha,Page,Clear,Angle,no,no,no,no,no,False
101791794,METROPOLITAN NASHVILLE POLICE DEPT,20170906479,Davidson,Nashville,10/13/2017 11:44:00 PM,2,2,0,36.161580,-86.783890,ROSA L PARKS BLVD,,,,0.00,,,CHURCH ST,,,,0.00,Y,OTHER,N,Intersection,None,,,         ,Kelcey,Bell,Clear,Angle,no,no,no,no,no,False
101791799,METROPOLITAN NASHVILLE POLICE DEPT,20170906943,Davidson,Not in City Limit,10/14/2017 3:23:00 AM,2,0,0,36.277060,-86.795670,OLD HICKORY BLVD,,,,157.00,Feet,East,HICKORY HILLS BLVD,,,,0.00,N,Not at Intersection,N,Non-Junction,None,,,         ,Zachariah,Bush,Clear,Angle,no,no,no,no,no,False
101791804,METROPOLITAN NASHVILLE POLICE DEPT,20170906388,Davidson,Nashville,10/13/2017 10:50:00 PM,2,0,0,36.176580,-86.770320,SPRING ST,,,,0.00,,,DICKERSON PKE,,,,0.00,Y,Y-Intersection, ,Entrance/Exit Ramp Related,None,,,         ,David,Williford,Clear,"Sideswipe, Same Direction",no,no,no,no,no,False
101791808,METROPOLITAN NASHVILLE POLICE DEPT,20170907189,Davidson,Nashville,10/14/2017 5:31:00 AM,1,2,0,36.200630,-86.769790,DICKERSON PKE,,,,167.00,Feet,North,GATEWOOD AV,,,,0.00,N,Not at Intersection,N,Non-Junction,None,,,         ,Brandon,Hughes,Clear,Not Collision with Motor Vehicle in Transport,no,no,no,no,no,False
101791860,METROPOLITAN NASHVILLE POLICE DEPT,20170907260,Davidson,Nashville,10/14/2017 6:18:00 AM,2,1,0,36.166350,-86.780690,4TH AVN,,,,0.00,,,CHARLOTTE AV,,,,0.00,Y,Four-Way,N,Intersection,None,,,         ,Jason,Hogan,Clear,Angle,no,no,no,no,no,False
101791865,BERRY HILL POLICE DEPT,17-3489,Davidson,Berry Hill,10/12/2017 1:30:00 PM,2,0,0,36.111930,-86.762920,THOMPSON LN,,,,0.00,,,E IRIS DR,,,,0.00,Y,OTHER, ,,None,,,         ,Larry,Carter,,,no,no,no,yes,no,False
101791882,METROPOLITAN NASHVILLE POLICE DEPT,20170907295,Davidson,Nashville,10/14/2017 12:00:00 AM,1,0,0,36.242880,-86.925300,BULL RUN RD,,,,93.00,Feet,West,BULL RUN RD PVTDR,,,,0.00,N,Not at Intersection,N,Non-Junction,None,,,         ,Jeanine,Sarno,Unknown,Not Collision with Motor Vehicle in Transport,no,no,no,no,no,False
101791889,METROPOLITAN NASHVILLE POLICE DEPT,20170907469,Davidson,Nashville,10/14/2017 8:36:00 AM,1,1,0,36.113200,-86.773470,I65 S ENT RAMP,,,,0.00,Feet,East,I 65,,,,0.00,N,Not at Intersection,N,Non-Junction,None,,,         ,Citlaly,Juarez,Clear,Not Collision with Motor Vehicle in Transport,no,no,no,no,yes,False
101791902,VANDERBILT UNIVERSITY POLICE,17-097364,Davidson,Nashville,10/14/2017 7:09:00 AM,2,0,0,36.139470,-86.804380,CHILDRENS WAY,,,,0.00,,,,,,,0.00,,, ,Non-Junction,None,,,         ,Casey,Campbell,Clear,Angle,no,no,no,yes,no,Campus
101791906,METROPOLITAN NASHVILLE POLICE DEPT,20170907516,Davidson,Nashville,10/14/2017 8:45:00 AM,2,0,0,36.128840,-86.790220,ASHWOOD AV,,,,0.00,,,EASTWOOD AV,,,,0.00,Y,T-Intersection,N,Intersection,None,,,         ,Ian,Hammond,Cloudy,Angle,no,no,no,no,no,False
101791910,METROPOLITAN NASHVILLE POLICE DEPT,20170907510,Davidson,Nashville,10/14/2017 9:09:00 AM,1,1,0,36.152030,-86.680570,ELM HILL PKE,,,,118.00,Feet,East,AIRWAYS CIR,,,,0.00,N,Not at Intersection,N,Non-Junction,None,,,         ,Carey,Steel,Clear,Not Collision with Motor Vehicle in Transport,no,no,no,no,yes,False
101791915,METROPOLITAN NASHVILLE POLICE DEPT,20170907435,Davidson,Nashville,10/14/2017 1:30:00 AM,2,0,0,36.187700,-86.737780,CHAPEL AV,,,,39.00,Feet,South,SHARPE AV,,,,0.00,N,Not at Intersection,N,Non-Junction,None,,,         ,Anthony,Rizo,Unknown,Angle,no,no,no,no,yes,False
101791940,METROPOLITAN NASHVILLE POLICE DEPT,20170907526,Davidson,Nashville,10/14/2017 9:15:00 AM,1,1,0,36.161340,-86.597130,BELL RD,,,,0.00,,,OLD HICKORY BLVD,,,,0.00,Y,T-Intersection,N,Intersection-Related,None,,,         ,William,Mckay,Clear,Not Collision with Motor Vehicle in Transport,no,no,no,no,no,False
101791943,METROPOLITAN NASHVILLE POLICE DEPT,20170907641,Davidson,Not in City Limit,10/14/2017 10:15:00 AM,2,0,0,36.269260,-86.755740,OLD HICKORY BLVDW,,,,0.00,,,DICKERSON PKE,,,,0.00,Y,Four-Way, ,,None,,,         ,Cyretha,Frazier,,,no,no,no,no,no,False
101791962,METROPOLITAN NASHVILLE POLICE DEPT,20170907717,Davidson,Nashville,10/14/2017 11:02:00 AM,2,1,0,36.130180,-86.755030,NOLENSVILLE PKE,,,,0.00,,,POLK AV,,,,0.00,Y,T-Intersection,N,Intersection,None,,,         ,Brent,Bauer,Clear,Front to Rear,no,no,no,no,no,False
101791964,METROPOLITAN NASHVILLE POLICE DEPT,20170907751,Davidson,Nashville,10/14/2017 11:49:00 AM,2,0,0,36.184080,-86.773760,DICKERSON PKE,,,,122.00,Feet,South,HANCOCK ST,,,,0.00,N,Not at Intersection, ,Non-Junction,None,,,         ,Jared,Eaves,Clear,"Sideswipe, Same Direction",no,no,no,no,no,False
101791999,METROPOLITAN NASHVILLE POLICE DEPT,20170907668,Davidson,Nashville,10/14/2017 10:39:00 AM,2,0,0,36.198540,-86.741240,GALLATIN PKE,,,,204.00,Feet,South,DELMAS AV,,,,0.00,N,Not at Intersection,N,Non-Junction,None,,,         ,Michael,Thompson,Clear,Front to Rear,no,no,no,no,no,False
101792013,METROPOLITAN NASHVILLE POLICE DEPT,20170907606,Davidson,Nashville,10/14/2017 9:35:00 AM,3,0,0,36.161900,-86.785310,ROSA L PARKS BLVD EXT RAMP,,,,0.00,Feet,East,YMCA WAY,,,,0.00,N,Not at Intersection,N,Non-Junction,None,,,         ,William,Gibbs,Clear,"Sideswipe, Same Direction",no,no,no,no,no,False
101792030,METROPOLITAN NASHVILLE POLICE DEPT,20170907720,Davidson,Nashville,10/14/2017 11:00:00 AM,2,0,0,36.174470,-86.761100,MAIN ST,,,,52.00,Feet,West,N 7TH ST,,,,0.00,N,Not at Intersection, ,Non-Junction,None,,,         ,Tony,Folad,Clear,Front to Rear,no,no,no,no,no,False
101792042,METROPOLITAN NASHVILLE POLICE DEPT,20170907680,Davidson,Nashville,10/14/2017 10:05:00 AM,2,2,0,36.217010,-86.693420,MCGAVOCK PKE WB ENT RAMP,,,,0.00,Feet,East,MCGAVOCK PKE,,,,0.00,N,Not at Intersection,N,OtherLocation,None,,,         ,Gerry,Hutcheson,Clear,Front to Rear,no,no,no,no,no,False
101792060,METROPOLITAN NASHVILLE POLICE DEPT,20170907829,Davidson,Nashville,10/14/2017 11:41:00 AM,2,0,0,36.160910,-86.793320,CHARLOTTE AV,,,,0.00,,,I40 E EXT RAMP,,,,0.00,Y,Four-Way, ,Intersection-Related,None,,,         ,YUNUS,ADAK,Clear,Front to Rear,no,no,no,no,no,False
101792080,METROPOLITAN NASHVILLE POLICE DEPT,20170907821,Davidson,Nashville,10/14/2017 11:45:00 AM,2,1,0,36.192880,-86.623830,JUAREZ DR,,,,0.00,,,LEBANON PKE,,,,0.00,Y,Four-Way,N,Intersection-Related,None,,,         ,Scott,Toney,Clear,Front to Rear,no,no,no,no,no,False
101792081,METROPOLITAN NASHVILLE POLICE DEPT,20170907773,Davidson,Nashville,10/14/2017 11:39:00 AM,2,0,0,36.159840,-86.779910,6TH AVS,,,,0.00,,,BROADWAY,,,,0.00,Y,Four-Way, ,,None,,,         ,Steven,Folliard,,,no,no,no,no,no,False
101792085,METROPOLITAN NASHVILLE POLICE DEPT,20170907851,Davidson,Nashville,10/14/2017 12:08:00 PM,2,0,0,36.161600,-86.760450,I 24,,,,0.00,,,,,,,49.40,N,Not at Intersection, ,Non-Junction,None,,,         ,Anthony,Rizo,Cloudy,Angle,no,no,no,no,no,False
101792087,METROPOLITAN NASHVILLE POLICE DEPT,20170907787,Davidson,Nashville,10/14/2017 11:29:00 AM,2,2,0,36.156260,-86.760290,I40 E ENT RAMP,,,,0.00,,,I 24,,,,0.00,Y,Y-Intersection,Y,Entrance/Exit Ramp Related,None,,,         ,Byron,Carter,Clear,Front to Rear,no,no,no,no,no,False
101792091,METROPOLITAN NASHVILLE POLICE DEPT,2017-0907852,Davidson,Nashville,10/14/2017 12:30:00 PM,2,1,0,36.239840,-86.631310,ANTHONY ST,,,,16.00,Feet,North,OLD HICKORY BLVD,,,,0.00,N,Not at Intersection,N,Non-Junction,None,,,         ,Calvin,Graham,Cloudy,Front to Rear,no,no,no,no,no,False
101792102,METROPOLITAN NASHVILLE POLICE DEPT,20170907727,Davidson,Nashville,10/14/2017 11:11:00 AM,2,2,0,36.167620,-86.659240,LEBANON PKE,,,,753.00,Feet,West,DONELSONWOOD DR,,,,0.00,N,Not at Intersection,N,Non-Junction,None,,,         ,Terry,Denton,Clear,Angle,no,no,no,no,no,False
101792104,GOODLETTSVILLE POLICE DEPT,17-36284,Davidson,Goodlettsville,10/14/2017 11:40:00 AM,2,1,0,36.309470,-86.695630,VIETNAM VETERANS BLVD SB EXT R,,,,0.00,,,CONFERENCE DR,,,,0.00,Y,T-Intersection,Y,Entrance/Exit Ramp Related,None,,,         ,John,Spencer,Clear,Front to Rear,no,no,no,no,no,False
101792116,BERRY HILL POLICE DEPT,17-3490,Davidson,Berry Hill,10/12/2017 2:00:00 PM,1,1,0,36.124570,-86.776540,FRANKLIN PKE,,,,155.00,Feet,South,INVERNESS AV,,,,0.00,N,Not at Intersection,N,Non-Junction,None,,,         ,Timothy,Coleman,Clear,Not Collision with Motor Vehicle in Transport,no,yes,no,no,no,False
101792140,METROPOLITAN NASHVILLE POLICE DEPT,20170907954,Davidson,Nashville,10/14/2017 1:40:00 PM,2,2,0,36.169920,-86.800720,14TH AVN,,,,0.00,,,MEHARRY BLVD,,,,0.00,Y,Four-Way,N,Non-Junction,None,,,         ,Chase,Burnett,Clear,Angle,no,no,no,no,no,False
101792148,METROPOLITAN NASHVILLE POLICE DEPT,20170907998,Davidson,Nashville,10/14/2017 1:25:00 PM,2,0,0,36.171390,-86.807430,DR D B TODD JR BLVD,,,,0.00,Feet,,HEIMAN ST,,,,0.00,Y,Four-Way,N,Intersection-Related,None,,,         ,Brandon,Evans,Clear,Angle,no,no,no,no,no,False
101792170,METROPOLITAN NASHVILLE POLICE DEPT,20170907942,Davidson,Nashville,10/14/2017 1:20:00 PM,2,0,0,36.163250,-86.776070,2ND AVN,,,,0.00,,,COMMERCE ST,,,,0.00,Y,T-Intersection,N,Intersection-Related,None,,,         ,Frank,Campbell,Clear,"Sideswipe, Same Direction",no,no,no,no,yes,False
101792179,METROPOLITAN NASHVILLE POLICE DEPT,20170907960,Davidson,Nashville,10/14/2017 1:30:00 PM,2,5,0,36.208230,-86.789180,W TRINITY LN,,,,93.00,Feet,West,OLD MATTHEWS RD,,,,0.00,N,Not at Intersection,N,Non-Junction,None,,,         ,Michael,Parman,Clear,Angle,no,no,no,no,no,False
101792180,METROPOLITAN NASHVILLE POLICE DEPT,20170908087,Davidson,Nashville,10/14/2017 2:47:00 PM,2,0,0,36.176960,-86.751430,S 10TH ST,,,,0.00,,,WOODLAND ST,,,,0.00,Y,Four-Way, ,Intersection-Related,None,,,         ,Charles,Wakefield,Clear,"Sideswipe, Same Direction",no,no,no,no,no,False
101792228,METROPOLITAN NASHVILLE POLICE DEPT,20170907996,Davidson,Nashville,10/14/2017 2:13:00 PM,2,0,0,36.086510,-86.698530,HARDING PL,,,,50.00,Feet,East,I24 W EXT RAMP,,,,0.00,N,Not at Intersection, ,Non-Junction,None,,,         ,Patrick,Martin,Clear,Angle,no,no,no,no,no,False
101792232,METROPOLITAN NASHVILLE POLICE DEPT,2017-908130,Davidson,Nashville,10/14/2017 3:33:00 PM,2,0,0,36.156870,-86.780840,DEMONBREUN ST,,,,0.00,,,8TH AVS,,,,0.00,Y,Four-Way, ,Intersection-Related,Construction Zone,,,         ,Michael,Schlegel,Clear,Front to Rear,no,no,no,no,no,False
101792233,METROPOLITAN NASHVILLE POLICE DEPT,20170908172,Davidson,Nashville,10/14/2017 3:52:00 PM,2,0,0,36.153920,-86.857610,BRILEY PKWY S EXT RAMP,,,,0.00,,,ROBERTSON AV,,,,0.00,Y,Four-Way, ,Intersection-Related,None,,,         ,Ky,Luu,Clear,Front to Rear,no,no,no,no,no,False
101792246,METROPOLITAN NASHVILLE POLICE DEPT,20170908139,Davidson,Nashville,10/14/2017 2:42:00 PM,2,0,0,36.231510,-86.792450,EWING DR,,,,0.00,,,GWYNNWOOD DR,,,,0.00,Y,Four-Way,N,OtherLocation,None,,,         ,Brandon,Rardin,Rain,Angle,no,no,no,no,no,False
101792250,METROPOLITAN NASHVILLE POLICE DEPT,20170908211,Davidson,Nashville,10/14/2017 4:09:00 PM,2,0,0,36.172790,-86.765490,JAMES ROBERTSON PKWY,,,,29.00,Feet,East,MAIN ST,,,,0.00,N,Not at Intersection, ,Non-Junction,None,,,         ,Thomas,Miller,Clear,Front to Rear,no,no,no,no,no,False
101792253,METROPOLITAN NASHVILLE POLICE DEPT,20170908194,Davidson,Nashville,10/14/2017 4:01:00 PM,1,1,0,36.155040,-86.797520,18TH AVN,,,,0.00,,,CHURCH ST,,,,0.00,Y,Four-Way,N,Intersection,None,,,         ,David,Collins,Clear,Not Collision with Motor Vehicle in Transport,yes,no,no,no,yes,False
101792272,METROPOLITAN NASHVILLE POLICE DEPT,20170908163,Davidson,Nashville,10/14/2017 3:41:00 PM,2,1,0,36.094240,-86.653230,MURFREESBORO PKE,,,,80.00,Feet,South,FRANKLIN LIMESTONE RD,,,,0.00,N,Not at Intersection,N,Non-Junction,None,,,         ,Marcus,Darden,Clear,Angle,no,no,no,no,no,False
101792284,METROPOLITAN NASHVILLE POLICE DEPT,20170908141,Davidson,Not in City Limit,10/14/2017 2:55:00 PM,3,0,0,36.318380,-86.841480,I 24,,,,0.00,,,,,,,36.65,N,Not at Intersection,N,Non-Junction,None,,,         ,Landon,Bagwell,Clear,Front to Rear,no,no,no,no,no,False
101792289,METROPOLITAN NASHVILLE POLICE DEPT,20170908308,Davidson,Nashville,10/14/2017 4:50:00 PM,2,0,0,36.068990,-86.681200,RICHARDS RD,,,,0.00,,,CUMMINGS PARK DR,,,,0.00,Y,T-Intersection, ,Non-Junction,None,,,         ,Eric,Keller,Clear,Angle,no,no,no,no,no,False
101792291,METROPOLITAN NASHVILLE POLICE DEPT,20170908290,Davidson,Nashville,10/14/2017 4:50:00 PM,2,0,0,36.196960,-86.687640,BRILEY PKWY N EXT RAMP,,,,0.00,,,BRILEY PKWY N ENT RAMP,,,,0.00,Y,Y-Intersection, ,Entrance/Exit Ramp Related,None,,,         ,John,Kelley,Clear,Front to Rear,no,no,no,no,no,False
101792292,METROPOLITAN NASHVILLE POLICE DEPT,20170908231,Davidson,Nashville,10/14/2017 4:25:00 PM,2,1,0,36.200900,-86.776770,I 65,,,,0.00,,,,,,,86.95,N,Not at Intersection,N,Non-Junction,None,,,         ,Andrew,Delke,Clear,Front to Rear,no,no,no,no,no,False
101792302,METROPOLITAN NASHVILLE POLICE DEPT,20170908295,Davidson,Nashville,10/14/2017 5:01:00 PM,1,0,0,36.036650,-86.645160,I 24,,,,0.00,,,,,,,60.40,N,Not at Intersection,N,Non-Junction,None,,,         ,Pamela,Caulder,Clear,Not Collision with Motor Vehicle in Transport,no,no,no,no,no,False
101792308,BERRY HILL POLICE DEPT,17-3513,Davidson,Nashville,10/14/2017 4:45:00 PM,2,2,0,36.129580,-86.778230,8TH AVS,,,,345.00,Feet,South,PRENTICE AV,,,,0.00,N,Not at Intersection,N,Non-Junction,None,,,         ,Stephen,Reece,Clear,Front to Rear,no,no,no,no,no,False
101792320,METROPOLITAN NASHVILLE POLICE DEPT,20170908371,Davidson,Nashville,10/14/2017 5:45:00 PM,1,1,0,36.068430,-86.693820,APACHE TRL,,,,32.00,Feet,South,HAYWOOD SQUARE PVTDR,,,,0.00,N,Not at Intersection,N,Non-Junction,None,,,         ,Nakia,Reid,Clear,Not Collision with Motor Vehicle in Transport,no,no,no,no,yes,False
101792321,METROPOLITAN NASHVILLE POLICE DEPT,20170908033,Davidson,Nashville,10/14/2017 2:14:00 PM,2,0,0,36.187910,-86.862670,BRILEY PKWYS,,,,109.00,Feet,North,COUNTY HOSPITAL RD,,,,0.00,N,Not at Intersection,N,Non-Junction,None,,,         ,Roy,Sain Jr.,Rain,Not Collision with Motor Vehicle in Transport,no,no,no,no,no,False
101792331,METROPOLITAN NASHVILLE POLICE DEPT,20170908416,Davidson,Nashville,10/14/2017 6:25:00 PM,2,0,0,36.172060,-86.796250,JEFFERSON ST,,,,86.00,Feet,West,WARREN ST,,,,0.00,N,Not at Intersection,N,Non-Junction,None,,,         ,Seth,Vaughn,Clear,Angle,no,no,no,no,no,False
101792334,METROPOLITAN NASHVILLE POLICE DEPT,20170908465,Davidson,Nashville,10/14/2017 6:30:00 PM,3,0,0,36.166670,-86.764800,I 24,,,,0.00,,,,,,,48.95,N,Not at Intersection,N,Non-Junction,None,,,         ,Steven,Frazier Jr.,Clear,Front to Rear,no,no,no,no,no,False
101792337,METROPOLITAN NASHVILLE POLICE DEPT,2017-0908190,Davidson,Nashville,10/14/2017 4:00:00 PM,2,0,0,36.164580,-86.768100,KOREAN VETERANS BLVD,,,,117.00,Feet,South,S 2ND ST,,,,0.00,N,Not at Intersection, ,Non-Junction,None,,,         ,William,Whitworth,Clear,"Sideswipe, Same Direction",no,no,no,no,no,False
101792347,METROPOLITAN NASHVILLE POLICE DEPT,20170908571,Davidson,Nashville,10/14/2017 7:05:00 PM,2,0,0,36.155380,-86.789110,I 40,,,,0.00,,,,,,,209.20,N,Not at Intersection,Y,Entrance/Exit Ramp Related,None,,,         ,David,Collins,Clear,Front to Rear,no,no,no,no,no,False
101792349,METROPOLITAN NASHVILLE POLICE DEPT,20170908574,Davidson,Nashville,10/14/2017 7:21:00 PM,2,0,0,36.163960,-86.806610,HERMOSA ST,,,,421.00,Feet,West,19TH AVN,,,,0.00,N,Not at Intersection, ,Non-Junction,None,,,         ,Samuel,Galluzzi,Clear,"Sideswipe, Same Direction",no,no,no,no,no,False
101792350,METROPOLITAN NASHVILLE POLICE DEPT,20170908603,Davidson,Nashville,10/14/2017 7:11:00 PM,2,0,0,36.084370,-86.703210,LARGO DR,,,,0.00,,,TRAVELERS INN DR,,,,0.00,Y,T-Intersection, ,Intersection-Related,None,,,         ,Nakia,Reid,Clear,"Sideswipe, Opposite Direction",no,no,no,no,no,False
101792360,METROPOLITAN NASHVILLE POLICE DEPT,20170908580,Davidson,Nashville,10/14/2017 7:13:00 PM,2,0,0,36.158990,-86.775890,DEMONBREUN ST,,,,0.00,,,4TH AVS,,,,0.00,Y,Four-Way,N,Intersection,None,,,         ,Joshua,Reece,Clear,Front to Rear,no,no,no,no,yes,False
101792366,METROPOLITAN NASHVILLE POLICE DEPT,20170908676,Davidson,Nashville,10/14/2017 7:58:00 PM,2,1,0,36.174740,-86.771020,I 24,,,,0.00,,,,,,,48.10,N,Not at Intersection,N,Non-Junction,None,,,         ,Steven,Frazier Jr.,Clear,Front to Rear,no,no,no,no,no,False
101792373,METROPOLITAN NASHVILLE POLICE DEPT,20170908707,Davidson,Nashville,10/14/2017 7:55:00 PM,2,0,0,36.049980,-86.649500,MT VIEW RD,,,,0.00,,,BELL RD,,,,0.00,Y,Four-Way, ,Non-Junction,None,,,         ,Eric,Keller,Clear,Front to Rear,no,no,no,no,no,False
101792374,METROPOLITAN NASHVILLE POLICE DEPT,20170908661,Davidson,Not in City Limit,10/14/2017 8:02:00 PM,2,0,0,36.264120,-86.711550,GALLATIN PKEN,,,,100.00,Feet,North,OLD TIME VILLAGE PVTDR,,,,0.00,N,Not at Intersection,N,Non-Junction,None,,,         ,Christopher,Littles,Cloudy,"Sideswipe, Same Direction",no,no,no,yes,no,False
101792389,METROPOLITAN NASHVILLE POLICE DEPT,20170908486,Davidson,Nashville,10/14/2017 6:31:00 PM,2,0,0,36.206930,-86.791910,W TRINITY LN,,,,97.00,Feet,West,WHITES CREEK PKE,,,,0.00,N,Not at Intersection,Y,Non-Junction,None,,,         ,Andrew,Delke,Clear,Angle,no,no,no,no,yes,False
101792392,METROPOLITAN NASHVILLE POLICE DEPT,20170908656,Davidson,Nashville,10/14/2017 8:01:00 PM,2,2,0,36.134340,-86.780980,WEDGEWOOD AV,,,,0.00,,,ACKLEN AV,,,,0.00,Y,Y-Intersection,N,Intersection-Related,None,,,         ,Brian,Etchison,Clear,Front to Rear,no,no,no,no,no,False
101792394,METROPOLITAN NASHVILLE POLICE DEPT,20170908759,Davidson,Nashville,10/14/2017 8:50:00 PM,2,0,0,36.208710,-86.734700,GALLATIN PKE,,,,83.00,Feet,North,W KIRKLAND AV,,,,0.00,N,Not at Intersection,N,Non-Junction,None,,,         ,James,Smith,Clear,"Sideswipe, Same Direction",no,no,no,no,yes,False
101792398,METROPOLITAN NASHVILLE POLICE DEPT,20170908775,Davidson,Nashville,10/14/2017 8:42:00 PM,2,0,0,36.221700,-86.761670,HART LN,,,,0.00,,,DICKERSON PKE,,,,0.00,Y,T-Intersection, ,Intersection-Related,None,,,         ,Michael,Moss,Clear,Angle,no,no,no,no,no,False
101792400,METROPOLITAN NASHVILLE POLICE DEPT,20170908657,Davidson,Nashville,10/14/2017 8:00:00 PM,1,0,0,36.145570,-86.776980,I 65,,,,0.00,,,,,,,82.20,N,Not at Intersection,N,Non-Junction,None,,,         ,Allyson,Reis,Clear,Not Collision with Motor Vehicle in Transport,no,no,no,no,yes,False
101792404,METROPOLITAN NASHVILLE POLICE DEPT,20170908767,Davidson,Nashville,10/14/2017 8:56:00 PM,2,0,0,36.170860,-86.767490,I 24,,,,0.00,,,,,,,48.60,N,Not at Intersection, ,Non-Junction,None,,,         ,Charles,Wakefield,Clear,Front to Rear,no,no,no,no,no,False
101792407,METROPOLITAN NASHVILLE POLICE DEPT,20170908781,Davidson,Nashville,10/14/2017 8:35:00 PM,2,0,0,36.176400,-86.767430,SPRING ST,,,,0.00,,,SPRING ST ENT RAMP,,,,0.00,Y,Y-Intersection, ,Intersection-Related,None,,,         ,Benjamin,Williams,Clear,"Sideswipe, Same Direction",no,no,no,no,no,False
101792408,METROPOLITAN NASHVILLE POLICE DEPT,20170908803,Davidson,Nashville,10/14/2017 9:15:00 PM,2,2,0,36.150150,-86.857950,CHARLOTTE PKE,,,,0.00,,,WHITE BRIDGE PKE,,,,0.00,Y,Four-Way,Y,Intersection,None,,,         ,John,Hoesli,Clear,HeadOn,no,no,no,no,no,False
101792415,METROPOLITAN NASHVILLE POLICE DEPT,20170908825,Davidson,Nashville,10/14/2017 9:33:00 PM,2,0,0,36.163540,-86.819180,I40 E ENT RAMP,,,,0.00,,,I 40,,,,0.00,Y,Y-Intersection,N,Entrance/Exit Ramp Related,None,,,         ,Samuel,Galluzzi,Clear,Front to Rear,no,no,no,no,no,False
101792416,METROPOLITAN NASHVILLE POLICE DEPT,20170908851,Davidson,Nashville,10/14/2017 8:58:00 PM,2,0,0,36.177880,-86.771620,DICKERSON PKE,,,,225.00,Feet,East,MERIDIAN ST,,,,0.00,N,Not at Intersection,N,Non-Junction,None,,,         ,Benjamin,Williams,Clear,Front to Rear,no,no,no,no,yes,False
101792430,METROPOLITAN NASHVILLE POLICE DEPT,20170908594,Davidson,Nashville,10/14/2017 7:32:00 PM,1,1,0,36.187570,-86.593470,STROMBURY DR,,,,4.00,Feet,West,TULIP GROVE RD,,,,0.00,N,Not at Intersection,N,Non-Junction,None,,,         ,Jefferson,Hughes,Clear,Not Collision with Motor Vehicle in Transport,no,no,no,no,no,False
101792432,METROPOLITAN NASHVILLE POLICE DEPT,20170908826,Davidson,Nashville,10/14/2017 9:32:00 PM,2,4,0,36.077090,-86.725560,EDMONDSON PKE,,,,0.00,,,WALLACE RD,,,,0.00,Y,Four-Way,N,Intersection,None,,,         ,Marcus,Darden,Clear,HeadOn,no,no,no,no,yes,False
101792438,METROPOLITAN NASHVILLE POLICE DEPT,20170908894,Davidson,Nashville,10/14/2017 12:00:00 AM,2,3,0,36.162350,-86.749940,S 12TH ST,,,,0.00,,,DAVIDSON ST,,,,0.00,Y,T-Intersection,N,Intersection,None,,,         ,Gordon,Stovall,Clear,Front to Rear,no,no,no,no,no,False
101792455,METROPOLITAN NASHVILLE POLICE DEPT,2017-0908754,Davidson,Nashville,10/14/2017 6:55:00 PM,2,0,0,36.173880,-86.788700,JEFFERSON ST,,,,0.00,,,6TH AVN,,,,0.00,Y,Four-Way, ,Intersection,None,,,         ,Clayton,Lewis,Clear,"Sideswipe, Same Direction",no,no,no,no,no,False
101792476,METROPOLITAN NASHVILLE POLICE DEPT,20170909021,Davidson,Nashville,10/14/2017 11:28:00 PM,1,0,0,36.180680,-86.695770,BRILEY PKWYS,,,,866.00,Feet,West,TWO RIVERS CT,,,,0.00,N,Not at Intersection,N,Non-Junction,None,,,         ,Mekisha,Page,Clear,Not Collision with Motor Vehicle in Transport,no,no,no,no,no,False
101792477,METROPOLITAN NASHVILLE POLICE DEPT,20170908466,Davidson,Nashville,10/14/2017 5:24:00 PM,2,0,0,36.060090,-86.716400,NOLENSVILLE PKE,,,,0.00,,,STRASSER DR,,,,0.00,Y,T-Intersection,N,Intersection,None,,,         ,David,Robberson,Clear,Angle,no,no,no,no,no,False
101792478,METROPOLITAN NASHVILLE POLICE DEPT,20170909053,Davidson,Nashville,10/14/2017 11:48:00 PM,2,2,0,36.155170,-86.797250,CHURCH ST,,,,95.00,Feet,East,18TH AVN,,,,0.00,N,Not at Intersection,N,Non-Junction,None,,,         ,Eric,Westbrook,Clear,Angle,no,no,no,no,no,False