master_record_number,agency,agency_tracking_number,county,city,collision_date,vehicles_involved,number_injured,number_dead,latitude,longitude,roadway_name,roadway_suffix,roadway_number,roadway_local_id,distance_from_reference,miles-feet_indicator,direction_from_reference,intersection_road_name,intersection_road_name_suffix,intersection_road_number,intersection_local_id,mile_marker,intersection_indicator,intersect_type,interchange_related_indicator,relation_to_junction,work_zone_type,construction_maintenance_zone,construction_maintenance_zone_location,fatal_case_number,officer_first_name,officer_last_name,weather_condition(s),manner_of_crash,pedestrian,bicycle,scooter,parking,hitrun,mou
101792514,METROPOLITAN NASHVILLE POLICE DEPT,20170908963,Davidson,Nashville,10/14/2017 8:15:00 PM,3,0,0,36.130180,-86.755030,NOLENSVILLE PKE,,,,0.00,,,POLK AV,,,,0.00,Y,Four-Way, ,Intersection-Related,None,,,         ,Daniel,Garrett,Clear,Not Collision with Motor Vehicle in Transport,no,no,no,no,no,False
101792515,METROPOLITAN NASHVILLE POLICE DEPT,20170909085,Davidson,Nashville,10/14/2017 10:10:00 PM,2,0,0,36.218950,-86.817930,CROUCH DR,,,,0.00,Feet,,ROWAN DR,,,,0.00,Y,Four-Way, ,Intersection,None,,,         ,Bryant,Presley,Clear,Angle,no,no,no,no,no,False
101792518,METROPOLITAN NASHVILLE POLICE DEPT,20170908869,Davidson,Nashville,10/14/2017 9:50:00 PM,2,0,0,36.175010,-86.784680,3RD AVN,,,,0.00,,,JEFFERSON ST,,,,0.00,Y,Four-Way,N,Intersection,None,,,         ,David,Snowden,Clear,Front to Rear,no,no,no,no,yes,False
101792519,METROPOLITAN NASHVILLE POLICE DEPT,20170909016,Davidson,Nashville,10/14/2017 11:20:00 PM,1,1,0,36.190000,-86.742150,GREENWOOD AV,,,,0.00,Feet,East,N 14TH ST,,,,0.00,N,Not at Intersection,Y,Non-Junction,None,,,         ,Juan,Gonzalez,Clear,Not Collision with Motor Vehicle in Transport,no,no,no,no,no,False
101792520,METROPOLITAN NASHVILLE POLICE DEPT,20170908863,Davidson,Nashville,10/14/2017 9:53:00 PM,1,0,0,36.172850,-86.765380,MAIN ST,,,,0.00,,,SPRING ST,,,,0.00,Y,OTHER,N,Non-Junction,None,,,         ,Alex,Moore,Clear,Not Collision with Motor Vehicle in Transport,no,no,no,yes,no,False
101792522,METROPOLITAN NASHVILLE POLICE DEPT,20170909237,Davidson,Nashville,10/14/2017 12:00:00 AM,2,0,0,36.156670,-86.796910,STATE ST,,,,88.00,Feet,West,17TH AVN,,,,0.00,N,Not at Intersection,N,Non-Junction,None,,,         ,Eric,Westbrook,Clear,Unknown,no,no,no,no,yes,False
101792523,METROPOLITAN NASHVILLE POLICE DEPT,20170908974,Davidson,Nashville,10/14/2017 10:35:00 PM,2,0,0,36.176720,-86.774580,N 1ST ST,,,,69.00,Feet,South,SPRING ST,,,,0.00,N,Not at Intersection,N,Non-Junction,None,,,         ,Jason,Hogan,Clear,Angle,no,no,no,no,yes,False
101792528,METROPOLITAN NASHVILLE POLICE DEPT,20170909056,Davidson,Nashville,10/14/2017 11:35:00 PM,2,0,0,36.209860,-86.753480,OAKWOOD AV,,,,277.00,Feet,North,PAULAWOOD DR,,,,0.00,N,Not at Intersection,N,Non-Junction,None,,,         ,Audrean,Manquero,Clear,"Sideswipe, Opposite Direction",no,no,no,no,no,False
101792535,METROPOLITAN NASHVILLE POLICE DEPT,20170909156,Davidson,Nashville,10/14/2017 11:54:00 PM,2,0,0,36.151800,-86.771250,LAFAYETTE ST,,,,0.00,,,4TH AVS,,,,0.00,Y,Four-Way, ,Intersection-Related,None,,,         ,John,Anderson,Clear,"Sideswipe, Same Direction",no,no,no,no,no,False
101792537,METROPOLITAN NASHVILLE POLICE DEPT,20170909246,Davidson,Nashville,10/14/2017 10:10:00 PM,3,0,0,36.049280,-86.651730,BELL RD,,,,0.00,,,HICKORY HOLLOW MALL PVTDR PL,,,,0.00,Y,Four-Way,N,Intersection,None,,,         ,Daniel,Garrett,Clear,Angle,no,no,no,no,yes,False
101792554,METROPOLITAN NASHVILLE POLICE DEPT,20170908993,Davidson,Nashville,10/14/2017 11:12:00 PM,2,5,0,36.158810,-86.798160,CHARLOTTE AV,,,,0.00,,,17TH AVN,,,,0.00,Y,Four-Way,N,Intersection,None,,,         ,John,Tyree,Clear,Angle,no,no,no,no,no,False
101792556,METROPOLITAN NASHVILLE POLICE DEPT,20170909027,Davidson,Nashville,10/14/2017 9:02:00 PM,2,0,0,36.045590,-86.719610,OLD HICKORY BLVD,,,,46.00,Feet,East,ZERMATT AV,,,,0.00,N,Not at Intersection, ,,None,,,         ,Cody,Jaworski,,,no,no,no,no,no,False
101792566,METROPOLITAN NASHVILLE POLICE DEPT,20170909030,Davidson,Nashville,10/14/2017 11:25:00 PM,2,4,0,36.169050,-86.772240,S 1ST ST,,,,0.00,Feet,,WOODLAND ST,,,,0.00,Y,Four-Way,N,Intersection,None,,,         ,Jason,Hogan,Clear,Angle,no,no,no,no,no,False
101792571,METROPOLITAN NASHVILLE POLICE DEPT,20170909398,Davidson,Not in City Limit,10/15/2017 2:40:00 AM,1,0,0,36.278300,-86.709280,GALLATIN PKEN,,,,405.00,Feet,South,ONE MILE PKWY,,,,0.00,N,Not at Intersection,N,Non-Junction,None,,,         ,Abbey,Sawl,Clear,Not Collision with Motor Vehicle in Transport,no,no,no,no,no,False
101792572,METROPOLITAN NASHVILLE POLICE DEPT,20170909134,Davidson,Nashville,10/15/2017 12:23:00 AM,2,0,0,36.181070,-86.811520,DR D B TODD JR BLVD,,,,0.00,Feet,West,ST LOUIS ST,,,,0.00,N,Not at Intersection,N,Non-Junction,None,,,         ,Jamel,Griffin,Clear,Angle,no,no,no,yes,no,False
101792574,METROPOLITAN NASHVILLE POLICE DEPT,20170909055,Davidson,Nashville,10/14/2017 11:44:00 PM,2,0,0,36.153660,-86.775870,LEA AV,,,,0.00,,,6TH AVS,,,,0.00,Y,Four-Way, ,Intersection-Related,None,,,         ,Hunter,Fikes,Clear,Angle,no,no,no,no,no,False
101792583,METROPOLITAN NASHVILLE POLICE DEPT,20170909513,Davidson,Nashville,10/15/2017 3:56:00 AM,1,0,0,36.216780,-86.694850,MCGAVOCK PKE,,,,0.00,,,,,,,0.00,,,N,Non-Junction,None,,,         ,Mekisha,Page,Clear,Not Collision with Motor Vehicle in Transport,no,no,no,no,no,False
101792600,METROPOLITAN NASHVILLE POLICE DEPT,20170909325,Davidson,Nashville,10/15/2017 1:30:00 AM,2,0,0,36.157030,-86.786090,11TH AVS,,,,0.00,,,BROADWAY,,,,0.00,Y,OTHER, ,Non-Junction,None,,,         ,Darrien,Spann,Clear,Front to Rear,no,no,no,no,no,False
101792614,METROPOLITAN NASHVILLE POLICE DEPT,20170909567,Davidson,Not in City Limit,10/15/2017 4:39:00 AM,2,0,0,36.292250,-86.810170,I 24,,,,0.00,,,,,,,39.35,N,Not at Intersection,N,Non-Junction,None,,,         ,James,Murphy,Clear,"Sideswipe, Same Direction",no,no,no,no,no,False
101792615,METROPOLITAN NASHVILLE POLICE DEPT,20170909020,Davidson,Nashville,10/14/2017 11:26:00 PM,4,2,0,36.172970,-86.792640,JEFFERSON ST,,,,77.00,Feet,West,9TH AVN,,,,0.00,N,Not at Intersection,N,Non-Junction,None,,,         ,Armonty,Houston,Clear,Front to Rear,no,no,no,no,yes,False
101792622,METROPOLITAN NASHVILLE POLICE DEPT,20170909362,Davidson,Nashville,10/15/2017 2:10:00 AM,2,2,0,36.121630,-86.910630,I 40,,,,0.00,,,,,,,200.20,N,Not at Intersection,N,Non-Junction,None,,,         ,Edward,Holden,Clear,Front to Rear,no,no,no,no,no,False
101792623,VANDERBILT UNIVERSITY POLICE,17-0909465,Davidson,Nashville,10/15/2017 12:00:00 AM,1,0,0,36.137630,-86.801120,BLAKEMORE AV,,,,0.00,,,MEDICAL CENTER DR,,,,0.00,Y,T-Intersection,N,Intersection,None,,,         ,Christopher,Clawson,Clear,Not Collision with Motor Vehicle in Transport,no,no,no,no,yes,Campus
101792637,METROPOLITAN NASHVILLE POLICE DEPT,20170909685,Davidson,Nashville,10/15/2017 6:05:00 AM,2,0,0,36.235100,-86.785260,I 24,,,,0.00,,,,,,,43.75,N,Not at Intersection,N,Entrance/Exit Ramp Related,None,,,         ,Patrick,McGinnis,Clear,Front to Rear,no,no,no,no,yes,False
101792641,METROPOLITAN NASHVILLE POLICE DEPT,20170909695,Davidson,Nashville,10/15/2017 6:10:00 AM,2,0,0,36.153300,-86.857570,BRILEY PKWY,,,,111.00,Feet,North,I40 W EXT RAMP,,,,0.00,N,Not at Intersection, ,Non-Junction,None,,,         ,Benjamin,Cantrell,Cloudy,Angle,no,no,no,no,no,False
101792651,METROPOLITAN NASHVILLE POLICE DEPT,20170909385,Davidson,Nashville,10/15/2017 2:28:00 AM,2,1,0,36.152280,-86.690460,BRILEY PKWY N EXT RAMP,,,,0.00,,,ELM HILL PKE,,,,0.00,Y,OTHER,N,Entrance/Exit Ramp Related,None,,,         ,Austin,Childress,Clear,Angle,no,no,no,no,yes,False
101792662,METROPOLITAN NASHVILLE POLICE DEPT,2017-0909690,Davidson,Not in City Limit,10/15/2017 6:22:00 AM,1,1,0,36.289400,-86.880220,CLARKSVILLE PKE,,,,490.00,Feet,North,ST LAWRENCE DR,,,,0.00,N,Not at Intersection,N,Non-Junction,None,,,         ,Bryant,Presley,Clear,Not Collision with Motor Vehicle in Transport,no,no,no,no,no,False
101792667,BERRY HILL POLICE DEPT,17-3508,Davidson,Berry Hill,10/14/2017 1:17:00 PM,2,0,0,36.124980,-86.776670,FRANKLIN PKE,,,,0.00,,,INVERNESS AV,,,,0.00,Y,T-Intersection,N,Intersection-Related,None,,,         ,Larry,Carter,Clear,HeadOn,no,no,no,no,no,False
101792687,METROPOLITAN NASHVILLE POLICE DEPT,20170909759,Davidson,Nashville,10/15/2017 7:35:00 AM,2,0,0,36.103350,-86.816090,WARFIELD DR,,,,0.00,,,HILLSBORO PKE,,,,0.00,Y,Four-Way, ,,None,,,         ,Ian,Hammond,,,no,no,no,no,no,False
101792707,METROPOLITAN NASHVILLE POLICE DEPT,2017-0909816,Davidson,Nashville,10/15/2017 8:06:00 AM,2,0,0,36.157930,-86.791610,14TH AVN,,,,0.00,,,CHURCH ST,,,,0.00,Y,Four-Way, ,Intersection,None,,,         ,Jonathan,Seidl,Cloudy,Angle,no,no,no,no,no,False
101792721,METROPOLITAN NASHVILLE POLICE DEPT,20170909868,Davidson,Nashville,10/15/2017 8:54:00 AM,2,1,0,36.172980,-86.750510,S 11TH ST,,,,237.00,Feet,North,BOSCOBEL ST,,,,0.00,N,Not at Intersection,N,Non-Junction,None,,,         ,Gregory,Cenicola,Clear,Angle,no,no,no,no,no,False
101792722,METROPOLITAN NASHVILLE POLICE DEPT,20170909709,Davidson,Nashville,10/15/2017 6:50:00 AM,2,2,0,36.169830,-86.591250,I 40,,,,0.00,,,,,,,221.40,N,Not at Intersection,N,Non-Junction,None,,,         ,Gregory,Lindstrom,Cloudy,Angle,no,no,no,no,no,False
101792739,METROPOLITAN NASHVILLE POLICE DEPT,20170909980,Davidson,Nashville,10/15/2017 10:09:00 AM,2,0,0,36.173440,-86.802330,14TH AVN,,,,64.00,Feet,South,HEIMAN ST,,,,0.00,N,Not at Intersection, ,Non-Junction,None,,,         ,Nathan,Mayo,Clear,Angle,no,no,no,no,yes,False
101792743,METROPOLITAN NASHVILLE POLICE DEPT,20170909539,Davidson,Nashville,10/15/2017 3:52:00 AM,2,0,0,36.134000,-86.722580,PLUS PARK BLVD,,,,11.00,Feet,South,MURFREESBORO PKE,,,,0.00,N,Not at Intersection,N,Non-Junction,None,,,         ,Gary,Peters,Clear,Angle,no,no,no,no,no,False
101792758,METROPOLITAN NASHVILLE POLICE DEPT,20170909975,Davidson,Nashville,10/15/2017 10:06:00 AM,1,0,0,36.159720,-86.654230,SUSAN DR,,,,110.00,Feet,West,IRONWOOD DR,,,,0.00,N,Not at Intersection,N,Non-Junction,None,,,         ,Michael,Brooks,Unknown,Not Collision with Motor Vehicle in Transport,no,no,no,no,yes,False
101792759,METROPOLITAN NASHVILLE POLICE DEPT,20170910044,Davidson,Nashville,10/15/2017 9:44:00 AM,2,0,0,36.040010,-86.743470,OLD HICKORY BLVD,,,,0.00,,,EDMONDSON PKE,,,,0.00,Y,Four-Way, ,Intersection-Related,None,,,         ,Kevin,Crawford,Clear,Front to Rear,no,no,no,no,no,False
101792760,METROPOLITAN NASHVILLE POLICE DEPT,20170909745,Davidson,Antioch,10/14/2017 7:30:00 PM,1,0,0,36.037390,-86.586900,MAXWELL RD,,,,149.00,Feet,West,LAVERGNE COUCHVILLE PKE,,,,0.00,N,Not at Intersection,N,Non-Junction,None,,,         ,Roy,McElwee,Unknown,Not Collision with Motor Vehicle in Transport,no,no,no,yes,yes,False
101792814,METROPOLITAN NASHVILLE POLICE DEPT,20170909937,Davidson,Nashville,10/15/2017 9:41:00 AM,1,0,0,36.177200,-86.772720,I 24,,,,0.00,,,,,,,47.90,N,Not at Intersection, ,Entrance/Exit Ramp Related,Construction Zone,,,         ,Doyle,Price,Clear,Not Collision with Motor Vehicle in Transport,no,no,no,no,no,False
101792832,METROPOLITAN NASHVILLE POLICE DEPT,20170910191,Davidson,Nashville,10/15/2017 12:36:00 PM,1,0,0,36.141170,-86.655590,I 40,,,,0.00,,,,,,,217.75,N,Not at Intersection, ,Non-Junction,None,,,         ,MIchael,Mihajlov,Rain,Not Collision with Motor Vehicle in Transport,no,no,no,no,no,False
101792869,METROPOLITAN NASHVILLE POLICE DEPT,2017-0910192,Davidson,Nashville,10/15/2017 12:39:00 PM,2,0,0,36.137050,-86.805130,24TH AVS,,,,0.00,,,BELCOURT AV,,,,0.00,Y,OTHER, ,"Driveway, Alley Access, etc",None,,,         ,Jonathan,Seidl,Rain,Angle,no,no,no,no,no,Campus
101792873,METROPOLITAN NASHVILLE POLICE DEPT,20170910227,Davidson,Nashville,10/15/2017 1:00:00 PM,2,1,0,36.082070,-86.761720,I65 N EXT RAMP,,,,0.00,,,SIDCO DR,,,,0.00,Y,Four-Way,N,Entrance/Exit Ramp Related,None,,,         ,Ian,Hammond,Cloudy,Front to Rear,no,no,no,no,no,False
101792902,METROPOLITAN NASHVILLE POLICE DEPT,20170910234,Davidson,Not in City Limit,10/15/2017 1:03:00 PM,1,0,0,36.272010,-86.684590,RIO VISTA DR,,,,0.00,,,ANDERSON LN,,,,0.00,Y,OTHER,N,Intersection,None,,,         ,Michelle,Steidl,Cloudy,Not Collision with Motor Vehicle in Transport,no,no,no,no,no,False
101792915,METROPOLITAN NASHVILLE POLICE DEPT,20170910261,Davidson,Nashville,10/15/2017 1:15:00 PM,2,0,0,36.044600,-86.661540,CANE RIDGE RD,,,,64.00,Feet,South,BELL RD,,,,0.00,N,Not at Intersection, ,,None,,,         ,Roderic,Williams,,,no,no,no,no,no,False
101792917,METROPOLITAN NASHVILLE POLICE DEPT,2017-0910065,Davidson,Nashville,10/15/2017 10:04:00 AM,2,0,0,36.126810,-86.804210,21ST AVS,,,,100.00,Feet,South,BEECHWOOD AV,,,,0.00,N,Not at Intersection, ,,None,,,         ,Allen,Bates,,,no,no,no,no,no,False
101792918,METROPOLITAN NASHVILLE POLICE DEPT,20170910203,Davidson,Nashville,10/15/2017 12:30:00 PM,2,0,0,36.151910,-86.834720,SYLVAN HEIGHTS WAY,,,,199.00,Feet,South,CHARLOTTE AV,,,,0.00,N,Not at Intersection, ,,None,,,         ,Michael,Pyle,,,no,no,no,no,no,False
101792934,METROPOLITAN NASHVILLE POLICE DEPT,20170910245,Davidson,Nashville,10/15/2017 12:55:00 PM,2,0,0,36.058560,-86.597750,HAMILTON CHURCH RD,,,,0.00,,,HOBSON PKE,,,,0.00,Y,Four-Way,N,Intersection,None,,,         ,Michael,Dudley,Rain,Front to Rear,no,no,no,no,yes,False
101792935,METROPOLITAN NASHVILLE POLICE DEPT,20170910198,Davidson,Nashville,10/15/2017 12:30:00 PM,2,0,0,36.146870,-86.743090,I 40,,,,0.00,,,,,,,212.10,N,Not at Intersection,N,Non-Junction,None,,,         ,Gregory,Lindstrom,Rain,"Sideswipe, Same Direction",no,no,no,no,yes,False
101792937,METROPOLITAN NASHVILLE POLICE DEPT,20170910222,Davidson,Antioch,10/15/2017 12:58:00 PM,1,1,0,36.052780,-86.599300,HOBSON PKE,,,,0.00,,,LAKEWALK DR,,,,0.00,Y,T-Intersection,N,Intersection-Related,None,,,         ,Robert,Erickson,Rain,Not Collision with Motor Vehicle in Transport,no,no,no,no,no,False
101792938,METROPOLITAN NASHVILLE POLICE DEPT,2017-0910270,Davidson,Nashville,10/15/2017 1:29:00 PM,2,2,0,36.204770,-86.776680,I 65,,,,0.00,,,,,,,87.20,N,Not at Intersection,N,Non-Junction,None,,,         ,William,Caillouette,Clear,Front to Rear,no,no,no,no,no,False
101792950,METROPOLITAN NASHVILLE POLICE DEPT,20170910273,Davidson,Nashville,10/15/2017 1:39:00 PM,2,0,0,36.140570,-86.723100,I 40,,,,0.00,,,,,,,213.50,N,Not at Intersection, ,,None,,,         ,Ralph,Harvey,,,no,no,no,no,no,False
101792960,METROPOLITAN NASHVILLE POLICE DEPT,2017-0910280,Davidson,Nashville,10/15/2017 1:49:00 PM,1,0,0,36.130640,-86.792320,15TH AVS,,,,7.00,Feet,North,COMPTON AV,,,,0.00,N,Not at Intersection, ,Non-Junction,None,,,         ,Shedie,Herbert III,Clear,Not Collision with Motor Vehicle in Transport,no,no,no,yes,no,False
101792961,METROPOLITAN NASHVILLE POLICE DEPT,20170910243,Davidson,Nashville,10/15/2017 1:20:00 PM,2,0,0,36.188960,-86.792600,I 65,,,,0.00,,,,,,,85.60,N,Not at Intersection,N,Non-Junction,None,,,         ,Brandon,Evans,Clear,Front to Rear,no,no,no,no,no,False
101793011,METROPOLITAN NASHVILLE POLICE DEPT,20170910305,Davidson,Nashville,10/15/2017 2:23:00 PM,2,0,0,36.160230,-86.821510,I 40,,,,0.00,,,,,,,206.10,N,Not at Intersection,N,Non-Junction,None,,,         ,Ethan,Usherwood,Clear,Angle,no,no,no,no,no,False
101793035,METROPOLITAN NASHVILLE POLICE DEPT,20170910361,Davidson,Nashville,10/15/2017 2:39:00 PM,2,0,0,36.153270,-86.769560,2ND AVS,,,,0.00,,,ASH ST,,,,0.00,Y,T-Intersection, ,Intersection,None,,,         ,Chad,Wilkinson,Cloudy,Angle,no,no,no,no,no,False
101793050,METROPOLITAN NASHVILLE POLICE DEPT,20170910356,Davidson,Nashville,10/15/2017 12:00:00 AM,2,0,0,36.167600,-86.587880,PORT CLEBURNE LN,,,,0.00,,,PORT CLEBURNE CT,,,,0.00,,Not at Intersection,N,Non-Junction,None,,,         ,Adam,Nicholson,Unknown,Unknown,no,no,no,no,yes,False
101793057,GOODLETTSVILLE POLICE DEPT,17-36398,Davidson,Goodlettsville,10/15/2017 10:09:00 AM,2,2,0,36.305660,-86.703030,RIVERGATE PKWY,,,,0.00,,,MEADOW LARK LN,,,,0.00,Y,Four-Way,N,Intersection-Related,None,,,         ,Charles,Hauskin,Clear,Front to Rear,no,no,no,no,no,False
101793065,METROPOLITAN NASHVILLE POLICE DEPT,20170910406,Davidson,Nashville,10/15/2017 3:42:00 PM,2,0,0,36.146710,-86.808900,WEST END AV,,,,91.00,Feet,West,25TH AVN,,,,0.00,N,Not at Intersection,N,Non-Junction,None,,,         ,Ryan,Cagle,Clear,Angle,no,no,no,no,no,Campus
101793066,METROPOLITAN NASHVILLE POLICE DEPT,20170910326,Davidson,Nashville,10/15/2017 2:50:00 PM,2,1,0,36.164440,-86.614980,I 40,,,,0.00,,,,,,,220.00,N,Not at Intersection,N,Non-Junction,None,,,         ,Jonathon,Sheppard,Clear,Front to Rear,no,no,no,no,yes,False
101793097,METROPOLITAN NASHVILLE POLICE DEPT,20170910336,Davidson,Nashville,10/15/2017 2:44:00 PM,1,0,0,36.237780,-86.757940,I 65,,,,0.00,,,,,,,89.95,N,Not at Intersection,Y,Non-Junction,None,,,         ,Janelle,Keslar,Clear,Not Collision with Motor Vehicle in Transport,no,no,no,no,no,False
101793105,METROPOLITAN NASHVILLE POLICE DEPT,20170910488,Davidson,Nashville,10/15/2017 4:30:00 PM,2,0,0,36.198630,-86.620330,OLD HICKORY BLVD,,,,72.00,Feet,North,LEBANON PKE,,,,0.00,N,Not at Intersection,N,Non-Junction,None,,,         ,Jefferson,Hughes,Rain,Front to Rear,no,no,no,no,yes,False
101793107,METROPOLITAN NASHVILLE POLICE DEPT,20170910453,Davidson,Nashville,10/15/2017 3:09:00 PM,2,0,0,36.040940,-86.743700,EDMONDSON PKE,,,,346.00,Feet,North,OLD HICKORY BLVD,,,,0.00,N,Not at Intersection, ,Non-Junction,None,,,         ,Trenton,Searcy,Cloudy,Angle,no,no,no,no,no,False
101793117,METROPOLITAN NASHVILLE POLICE DEPT,20170910535,Davidson,Not in City Limit,10/15/2017 5:01:00 PM,2,0,0,36.272020,-86.684700,ANDERSON LN,,,,29.00,Feet,West,RIO VISTA DR,,,,0.00,N,Not at Intersection, ,Non-Junction,None,,,         ,Bradley,Campbell,Rain,HeadOn,no,no,no,no,no,False
101793120,METROPOLITAN NASHVILLE POLICE DEPT,20170910509,Davidson,Nashville,10/15/2017 3:59:00 PM,2,0,0,36.079070,-86.720740,WALLACE RD,,,,0.00,,,BROOKRIDGE TRL,,,,0.00,Y,Four-Way,N,Intersection,None,,,         ,Mary,Williams,Clear,Front to Rear,no,no,no,no,yes,False
101793121,METROPOLITAN NASHVILLE POLICE DEPT,20170910500,Davidson,Nashville,10/15/2017 4:15:00 PM,2,0,0,36.046390,-86.661110,I 24,,,,0.00,,,,,,,59.30,N,Not at Intersection, ,Non-Junction,None,,,         ,Candice,Soper,Cloudy,Front to Rear,no,no,no,no,yes,False
101793165,METROPOLITAN NASHVILLE POLICE DEPT,20170910561,Davidson,Not in City Limit,10/15/2017 5:14:00 PM,2,0,0,36.262770,-86.703370,FOREST PARK RD,,,,31.00,Feet,South,E OLD HICKORY BLVD,,,,0.00,N,Not at Intersection,N,Non-Junction,None,,,         ,Brittani,Campbell,Rain,HeadOn,no,no,no,no,no,False
101793175,METROPOLITAN NASHVILLE POLICE DEPT,20170910584,Davidson,Nashville,10/15/2017 5:36:00 PM,2,2,0,36.230970,-86.611100,SHUTE LN,,,,0.00,,,WILLOW BOUGH LN,,,,0.00,Y,T-Intersection,N,Intersection,None,,,         ,Codey,Mullins,Rain,"Sideswipe, Opposite Direction",no,no,no,no,no,False
101793176,METROPOLITAN NASHVILLE POLICE DEPT,20170910491,Davidson,Nashville,10/15/2017 12:00:00 AM,2,0,0,36.218670,-86.689680,PENNINGTON BEND RD,,,,846.00,Feet,North,MCGAVOCK PKE,,,,0.00,N,Not at Intersection,N,Non-Junction,None,,,         ,John,Kelley,Cloudy,Unknown,no,no,no,yes,yes,False
101793178,METROPOLITAN NASHVILLE POLICE DEPT,20170910653,Davidson,Nashville,10/15/2017 6:25:00 PM,2,0,0,36.166780,-86.765040,I 24,,,,0.00,,,,,,,48.95,N,Not at Intersection,N,Non-Junction,None,,,         ,Chad,Wilkinson,Rain,Not Collision with Motor Vehicle in Transport,no,no,no,no,no,False
101793186,GOODLETTSVILLE POLICE DEPT,17-36447,Davidson,Goodlettsville,10/15/2017 6:20:00 PM,2,0,0,36.315990,-86.701200,I 65,,,,0.00,,,,,,,96.45,N,Not at Intersection, ,Non-Junction,None,,,         ,Rico,Jones,Rain,Front to Rear,no,no,no,no,no,False
101793189,METROPOLITAN NASHVILLE POLICE DEPT,20170910619,Davidson,Nashville,10/15/2017 6:01:00 PM,1,1,0,36.215130,-86.600130,LEBANON PKE,,,,428.00,Feet,North,ANDREW JACKSON PKWY,,,,0.00,N,Not at Intersection,N,Non-Junction,None,,,         ,Adam,Nicholson,Rain,Not Collision with Motor Vehicle in Transport,yes,no,no,yes,yes,False
101793192,METROPOLITAN NASHVILLE POLICE DEPT,2017-0910711,Davidson,Nashville,10/15/2017 6:18:00 PM,2,0,0,36.149520,-86.860560,CHARLOTTE PKE,,,,194.00,Feet,West,OCEOLA AV,,,,0.00,N,Not at Intersection,N,Non-Junction,None,,,         ,Ryan,Allen,Cloudy,Angle,no,no,no,no,yes,False
101793194,METROPOLITAN NASHVILLE POLICE DEPT,20170910618,Davidson,Nashville,10/15/2017 5:59:00 PM,2,1,0,36.158690,-86.615820,BELL RD,,,,1870.00,Feet,South,DODSON CHAPEL RD,,,,0.00,N,Not at Intersection,N,Non-Junction,None,,,         ,Patrick,Taylor,Rain,Front to Rear,no,no,no,no,no,False
101793214,METROPOLITAN NASHVILLE POLICE DEPT,20170910801,Davidson,Nashville,10/15/2017 7:36:00 PM,1,0,0,36.123630,-86.630390,BELL RD,,,,327.00,Feet,North,WOODLAND POINTE DR,,,,0.00,N,Not at Intersection, ,Non-Junction,None,,,         ,Patrick,Taylor,Rain,Not Collision with Motor Vehicle in Transport,no,no,no,no,no,False
101793217,METROPOLITAN NASHVILLE POLICE DEPT,20170910760,Davidson,Nashville,10/15/2017 7:29:00 PM,1,0,0,36.239390,-86.784730,I24 W ENT RAMP,,,,0.00,,,I 24,,,,0.00,Y,OTHER,N,Entrance/Exit Ramp Related,None,,,         ,Christopher,Littles,Rain,Not Collision with Motor Vehicle in Transport,no,no,no,no,no,False
101793222,METROPOLITAN NASHVILLE POLICE DEPT,20170910772,Davidson,Nashville,10/15/2017 7:56:00 PM,2,0,0,36.151600,-86.635680,I 40,,,,0.00,,,,,,,218.50,N,Not at Intersection,N,Non-Junction,None,,,         ,Adam,Nicholson,Cloudy,Front to Rear,no,no,no,no,yes,False
101793225,METROPOLITAN NASHVILLE POLICE DEPT,20170910706,Davidson,Nashville,10/15/2017 7:00:00 PM,3,0,0,36.190000,-86.775410,I 24,,,,0.00,,,,,,,46.90,N,Not at Intersection,N,Non-Junction,None,,,         ,Thomas,Miller,Cloudy,Front to Rear,no,no,no,no,no,False
101793232,METROPOLITAN NASHVILLE POLICE DEPT,20170910674,Davidson,Nashville,10/15/2017 6:42:00 PM,2,2,0,36.055010,-86.642410,ZELIDA AV,,,,0.00,,,BELL RD,,,,0.00,Y,Four-Way,Y,Intersection,None,,,         ,Benny,Pittman,Rain,HeadOn,no,no,no,no,no,False
101793234,METROPOLITAN NASHVILLE POLICE DEPT,20170910621,Davidson,Nashville,10/15/2017 6:05:00 PM,1,0,0,36.058380,-86.720820,TUSCULUM RD,,,,457.00,Feet,West,HASTY DR,,,,0.00,N,Not at Intersection,N,Non-Junction,None,,,         ,Melissa,Flores,Rain,Not Collision with Motor Vehicle in Transport,no,no,no,no,no,False
101793250,METROPOLITAN NASHVILLE POLICE DEPT,20170910681,Davidson,Nashville,10/15/2017 6:50:00 PM,2,2,0,36.093420,-86.736270,NOLENSVILLE PKE,,,,0.00,Feet,East,NATCHEZ CT,,,,0.00,N,Not at Intersection,N,OtherLocation,None,,,         ,Benjamin,Froehlich,Cloudy,Angle,no,no,no,no,no,False
101793254,THP District 3 - Nashville,317060477,Davidson,Nashville,10/12/2017 7:06:00 PM,2,0,0,36.168180,-86.796240,I 40,,,,0.00,,,,,,,208.20,N,Not at Intersection, ,Non-Junction,None,,,         ,Corey,Brock,Clear,"Sideswipe, Same Direction",no,no,no,no,no,False
101793289,METROPOLITAN NASHVILLE POLICE DEPT,20170910866,Davidson,Nashville,10/15/2017 8:32:00 PM,1,0,0,36.065010,-86.630640,HAMILTON CROSSINGS,,,,437.00,Feet,West,MURFREESBORO PKE,,,,0.00,N,Not at Intersection,N,Non-Junction,None,,,         ,Luis,De Los Santos,Cloudy,Not Collision with Motor Vehicle in Transport,no,no,no,no,yes,False