master_record_number,agency,agency_tracking_number,county,city,collision_date,vehicles_involved,number_injured,number_dead,latitude,longitude,roadway_name,roadway_suffix,roadway_number,roadway_local_id,distance_from_reference,miles-feet_indicator,direction_from_reference,intersection_road_name,intersection_road_name_suffix,intersection_road_number,intersection_local_id,mile_marker,intersection_indicator,intersect_type,interchange_related_indicator,relation_to_junction,work_zone_type,construction_maintenance_zone,construction_maintenance_zone_location,fatal_case_number,officer_first_name,officer_last_name,weather_condition(s),manner_of_crash,pedestrian,bicycle,scooter,parking,hitrun,mou
101797516,METROPOLITAN NASHVILLE POLICE DEPT,20170924370,Davidson,Not in City Limit,10/19/2017 7:41:00 PM,2,0,0,36.263850,-86.706640,STATE RT 45,,,,228.00,Feet,East,KATE ST,,,,0.00,N,Not at Intersection, ,Non-Junction,None,,,         ,Samuel,Miller,Clear,Front to Rear,no,no,no,no,no,False
101797526,METROPOLITAN NASHVILLE POLICE DEPT,20170924520,Davidson,Nashville,10/19/2017 6:50:00 PM,2,0,0,36.167500,-86.795770,I 40,,,,0.00,,,,,,,208.20,N,Not at Intersection,N,Non-Junction,None,,,         ,Roy,Sain Jr.,Cloudy,Front to Rear,no,no,no,no,yes,False
101797547,METROPOLITAN NASHVILLE POLICE DEPT,20170924647,Davidson,Nashville,10/19/2017 9:31:00 PM,2,0,0,36.129940,-86.838890,HARDING PKE,,,,75.00,Feet,West,MONTGOMERY BELL AV,,,,0.00,N,Not at Intersection, ,Non-Junction,None,,,         ,Walter,Gray II,Clear,"Sideswipe, Same Direction",no,no,no,no,no,False
101797549,METROPOLITAN NASHVILLE POLICE DEPT,20170924357,Davidson,Antioch,10/19/2017 7:39:00 PM,2,3,0,36.013520,-86.619750,I 24,,,,0.00,,,,,,,62.60,N,Not at Intersection,N,Non-Junction,None,,,         ,Nathaniel,Myers,Clear,Front to Rear,no,no,no,no,no,False
101797551,METROPOLITAN NASHVILLE POLICE DEPT,20170924234,Davidson,Nashville,10/19/2017 6:55:00 PM,2,1,0,36.081100,-86.758360,HARDING PL,,,,0.00,,,TROUSDALE DR,,,,0.00,Y,Four-Way,Y,Intersection,None,,,         ,Allyson,Reis,Clear,Angle,no,no,no,no,no,False
101797553,METROPOLITAN NASHVILLE POLICE DEPT,20170924602,Davidson,Nashville,10/19/2017 9:16:00 PM,2,1,0,36.205890,-86.768610,E TRINITY LN,,,,0.00,,,DICKERSON PKE,,,,0.00,Y,Four-Way,N,Intersection,None,,,         ,Joshua,Lackey,Clear,"Sideswipe, Same Direction",no,no,no,no,no,False
101797559,METROPOLITAN NASHVILLE POLICE DEPT,20170924030,Davidson,Not in City Limit,10/19/2017 5:28:00 PM,2,2,0,36.264450,-86.732280,OLD HICKORY BLVDW,,,,0.00,,,N GRAYCROFT AV,,,,0.00,Y,Four-Way,N,Intersection,None,,,         ,Christopher,Augustin,Clear,Angle,no,no,no,no,no,False
101797591,METROPOLITAN NASHVILLE POLICE DEPT,20170906451,Davidson,Nashville,10/13/2017 11:09:00 PM,4,0,0,36.055710,-86.651590,RURAL HILL RD,,,,738.00,Feet,West,TOOK DR,,,,0.00,N,Not at Intersection,N,OtherLocation,None,,,         ,Christopher,Holden,Clear,Angle,no,no,no,yes,yes,False
101797592,METROPOLITAN NASHVILLE POLICE DEPT,20170924164,Davidson,Not in City Limit,10/19/2017 6:24:00 PM,2,0,0,35.995920,-86.688510,NOLENSVILLE PKE,,,,250.00,Feet,West,PETTUS RD,,,,0.00,N,Not at Intersection, ,Non-Junction,None,,,         ,Pamela,Caulder,Clear,Front to Rear,no,no,no,no,no,False
101797595,METROPOLITAN NASHVILLE POLICE DEPT,2017-0924551,Davidson,Nashville,10/19/2017 8:53:00 PM,2,1,0,36.123200,-86.696480,BRILEY PKWY,,,,0.00,,,VENUS DR,,,,0.00,Y,Four-Way,N,Intersection,None,,,         ,Brian,Gant,Clear,Front to Rear,no,no,no,no,no,False
101797599,METROPOLITAN NASHVILLE POLICE DEPT,20170924718,Davidson,Nashville,10/19/2017 9:00:00 PM,1,0,0,36.044650,-86.725020,OLD HICKORY BLVD,,,,66.00,Feet,South,AMALIE DR,,,,0.00,N,Not at Intersection,N,Non-Junction,None,,,         ,Jon,Mcvey,Clear,Not Collision with Motor Vehicle in Transport,no,no,no,no,no,False
101797627,METROPOLITAN NASHVILLE POLICE DEPT,20170924952,Davidson,Nashville,10/19/2017 10:18:00 PM,1,0,0,36.245400,-86.751230,SKYLINE MEMORIAL CT,,,,860.00,Feet,North,I65 S EXT RAMP,,,,0.00,N,Not at Intersection, ,Non-Junction,None,,,         ,Byron,Dewalt,Clear,Not Collision with Motor Vehicle in Transport,no,no,no,yes,no,False
101797631,Nashville Airport Police,2017-03676,Davidson,Nashville,10/15/2017 12:00:00 AM,1,0,0,36.133710,-86.657820,MCCRORY CREEK RD,,,,0.00,,,,,,,0.00,,, ,Non-Junction,None,,,         ,William,Green,Unknown,Unknown,no,no,no,yes,no,False
101797645,METROPOLITAN NASHVILLE POLICE DEPT,20170924915,Davidson,Nashville,10/19/2017 7:18:00 PM,2,0,0,36.167640,-86.820710,28TH AVN,,,,56.00,Feet,South,JEFFERSON ST,,,,0.00,N,Not at Intersection,N,Non-Junction,None,,,         ,James,Murphy,Clear,"Sideswipe, Same Direction",no,no,no,no,yes,False
101797660,METROPOLITAN NASHVILLE POLICE DEPT,20170925221,Davidson,Nashville,10/19/2017 11:59:00 PM,2,0,0,36.077100,-86.641410,MURFREESBORO PKE,,,,20.00,Feet,East,LAKEVILLA DR,,,,0.00,N,Not at Intersection,Y,Non-Junction,None,,,         ,Shaquille,Graham,Clear,Angle,no,no,no,no,yes,False
101797669,METROPOLITAN NASHVILLE POLICE DEPT,20170925352,Davidson,Nashville,10/20/2017 2:58:00 AM,2,2,0,36.079370,-86.632570,EDGE O LAKE DR,,,,0.00,,,BELL RD,,,,0.00,Y,Four-Way,N,Intersection-Related,None,,,         ,Justin,McCormick,Clear,"Sideswipe, Same Direction",no,no,no,no,no,False
101797717,METROPOLITAN NASHVILLE POLICE DEPT,20170925692,Davidson,Nashville,10/20/2017 5:38:00 AM,1,0,0,36.055080,-86.900730,OLD HICKORY BLVD,,,,730.00,Feet,West,GAUCHO ROAD PVTDR,,,,0.00,N,Not at Intersection, ,Non-Junction,None,,,         ,Albert,Wilson,Clear,Not Collision with Motor Vehicle in Transport,no,no,no,no,no,False
101797727,METROPOLITAN NASHVILLE POLICE DEPT,20170925715,Davidson,Nashville,10/20/2017 5:42:00 AM,2,0,0,36.126410,-86.729120,I440 W ENT RAMP,,,,0.00,Feet,East,I 24,,,,0.00,N,Not at Intersection, ,Entrance/Exit Ramp Related,None,,,         ,Douglas,Sykes,Clear,"Sideswipe, Same Direction",no,no,no,no,no,False
101797728,METROPOLITAN NASHVILLE POLICE DEPT,20170925642,Davidson,Not in City Limit,10/20/2017 5:01:00 AM,2,0,0,36.288900,-86.809400,I 24,,,,0.00,,,,,,,39.60,N,Not at Intersection, ,Non-Junction,None,,,         ,Armonty,Houston,Clear,"Sideswipe, Same Direction",no,no,no,no,no,False
101797730,METROPOLITAN NASHVILLE POLICE DEPT,20170925683,Davidson,Nashville,10/20/2017 5:36:00 AM,2,0,0,36.173270,-86.791400,JEFFERSON ST,,,,0.00,,,ROSA L PARKS BLVD,,,,0.00,Y,Four-Way,Y,Intersection,None,,,         ,Troy,Loewen,Clear,Angle,no,no,no,no,no,False
101797740,METROPOLITAN NASHVILLE POLICE DEPT,20170925724,Davidson,Nashville,10/20/2017 6:00:00 AM,3,1,0,36.199260,-86.776520,I 65,,,,0.00,,,,,,,86.80,N,Not at Intersection,N,Non-Junction,None,,,         ,Geoffrey,Daugherty,Clear,Front to Rear,no,no,no,no,no,False
101797743,METROPOLITAN NASHVILLE POLICE DEPT,20170925780,Davidson,Madison,10/20/2017 6:10:00 AM,2,0,0,36.262620,-86.684380,E OLD HICKORY BLVD,,,,0.00,,,LARKIN SPRINGS RD,,,,0.00,Y,Four-Way, ,Non-Junction,None,,,         ,Caesar,Harris,Clear,Front to Rear,no,no,no,no,no,False
101797756,METROPOLITAN NASHVILLE POLICE DEPT,20170923324,Davidson,Nashville,10/19/2017 12:00:00 PM,2,0,0,36.134280,-86.780570,WEDGEWOOD AV,,,,0.00,,,BEECH AV,,,,0.00,Y,Four-Way, ,Intersection-Related,None,,,         ,Phillip,Murphy,Clear,"Sideswipe, Same Direction",no,no,no,no,no,False
101797758,METROPOLITAN NASHVILLE POLICE DEPT,20170925837,Davidson,Nashville,10/20/2017 7:11:00 AM,2,0,0,36.077630,-86.919930,BELLE FOREST CONDOS PVTDR,,,,0.00,,,OLD HICKORY BLVD,,,,0.00,Y,T-Intersection,N,Intersection-Related,None,,,         ,Curtis,Rich,Cloudy,Angle,no,no,no,no,no,False
101797782,METROPOLITAN NASHVILLE POLICE DEPT,20170925816,Davidson,Not in City Limit,10/20/2017 6:05:00 AM,2,0,0,36.337420,-86.913700,I 24,,,,0.00,,,,,,,32.15,N,Not at Intersection, ,Non-Junction,None,,,         ,Jeanine,Sarno,Clear,Front to Rear,no,no,no,no,no,False
101797785,METROPOLITAN NASHVILLE POLICE DEPT,20170925786,Davidson,Not in City Limit,10/19/2017 12:00:00 AM,2,0,0,36.070110,-86.933620,COLICE JEANNE RD,,,,338.00,Feet,North,BAUGH RD,,,,0.00,N,Not at Intersection,N,OtherLocation,None,,,         ,Wesley,Tilley,Clear,Angle,no,no,no,yes,yes,False
101797794,METROPOLITAN NASHVILLE POLICE DEPT,20170925926,Davidson,Nashville,10/20/2017 7:44:00 AM,2,0,0,36.150450,-86.857890,WHITE BRIDGE PKE,,,,94.00,Feet,South,OBRIEN AV,,,,0.00,N,Not at Intersection, ,Non-Junction,None,,,         ,Curtis,Rich,Clear,Angle,no,no,no,no,yes,False
101797806,METROPOLITAN NASHVILLE POLICE DEPT,20170925830,Davidson,Nashville,10/20/2017 6:37:00 AM,2,0,0,36.162300,-86.618920,I 40,,,,0.00,,,,,,,219.75,N,Not at Intersection, ,Non-Junction,None,,,         ,James,Curtis,Clear,Front to Rear,no,no,no,no,no,False
101797807,METROPOLITAN NASHVILLE POLICE DEPT,20170925849,Davidson,Nashville,10/20/2017 7:13:00 AM,2,0,0,36.206820,-86.768260,DICKERSON PKE,,,,0.00,,,OLD TRINITY LN,,,,0.00,Y,T-Intersection, ,Non-Junction,None,,,         ,Richard,Conger,Clear,Angle,no,no,no,no,no,False
101797810,METROPOLITAN NASHVILLE POLICE DEPT,20170925815,Davidson,Nashville,10/20/2017 6:49:00 AM,3,0,0,36.157320,-86.760420,I40 W ENT RAMP,,,,0.00,Feet,East,I 24,,,,0.00,N,Not at Intersection, ,Non-Junction,None,,,         ,Kevin,Johnson,Clear,Front to Rear,no,no,no,no,yes,False
101797814,THP District 3 - Nashville,317061942,Davidson,Nashville,10/19/2017 7:20:00 AM,2,0,0,36.169390,-86.579860,I 40,,,,0.00,,,,,,,222.00,N,Not at Intersection, ,Non-Junction,None,,,         ,Kasey,Anauo,Clear,Front to Rear,no,no,no,no,no,False
101797820,METROPOLITAN NASHVILLE POLICE DEPT,20170925844,Davidson,Antioch,10/20/2017 6:47:00 AM,2,1,0,36.011720,-86.617350,I 24,,,,0.00,,,,,,,62.80,N,Not at Intersection,N,Non-Junction,None,,,         ,Blake,Lutz,Clear,Front to Rear,no,no,no,no,no,False
101797838,METROPOLITAN NASHVILLE POLICE DEPT,20170925826,Davidson,Nashville,10/20/2017 6:34:00 AM,3,0,0,36.133000,-86.726870,I24E,,,,81.00,Feet,East,I24 W EXT RAMP,,,,0.00,N,Not at Intersection,N,Non-Junction,None,,,         ,Todd,Watson,Clear,Front to Rear,no,no,no,no,yes,False
101797839,METROPOLITAN NASHVILLE POLICE DEPT,20170926052,Davidson,Nashville,10/20/2017 8:00:00 AM,2,0,0,36.142650,-86.749550,WOODARD AV,,,,0.00,,,NANCE LN,,,,0.00,Y,Four-Way, ,Intersection,None,,,         ,David,Smith,Clear,Angle,no,no,no,no,no,False
101797844,METROPOLITAN NASHVILLE POLICE DEPT,20170925954,Davidson,Nashville,10/20/2017 8:00:00 AM,3,0,0,36.101620,-86.740460,NOLENSVILLE PKE,,,,84.00,Feet,North,MCCLELLAN AV,,,,0.00,N,Not at Intersection, ,Non-Junction,None,,,         ,Sarah,Ortkiese,Clear,Front to Rear,no,no,no,no,no,False
101797848,METROPOLITAN NASHVILLE POLICE DEPT,20170926023,Davidson,Nashville,10/20/2017 7:55:00 AM,2,0,0,36.074330,-86.741490,BLACKMAN RD,,,,550.00,Feet,West,DARLINGTON DR,,,,0.00,N,Not at Intersection, ,Non-Junction,None,,,         ,Earl,Davis,Clear,Front to Rear,no,no,no,no,no,False
101797878,METROPOLITAN NASHVILLE POLICE DEPT,20170926112,Davidson,Nashville,10/20/2017 7:59:00 AM,2,0,0,36.230390,-86.771310,I 65,,,,0.00,,,,,,,89.00,N,Not at Intersection, ,Non-Junction,None,,,         ,Ronald,Bright,Clear,Front to Rear,no,no,no,no,no,False
101797891,METROPOLITAN NASHVILLE POLICE DEPT,20170925918,Davidson,Nashville,10/20/2017 7:44:00 AM,2,0,0,36.056320,-86.774390,I 65,,,,0.00,,,,,,,75.00,N,Not at Intersection,N,Non-Junction,None,,,         ,Kevin,Crawford,Clear,Front to Rear,no,no,no,no,no,False
101797908,METROPOLITAN NASHVILLE POLICE DEPT,20170926243,Davidson,Nashville,10/20/2017 9:55:00 AM,2,0,0,36.158020,-86.791260,I40 E EXT RAMP,,,,0.00,Feet,East,I 40,,,,0.00,N,Not at Intersection,N,Entrance/Exit Ramp Related,None,,,         ,Bryan,Musgrave,Clear,Front to Rear,no,no,no,no,no,False
101797914,METROPOLITAN NASHVILLE POLICE DEPT,20170925914,Davidson,Nashville,10/20/2017 7:43:00 AM,2,2,0,36.253130,-86.777000,BRICK CHURCH PKE,,,,29.00,Feet,North,WESTCHESTER DR,,,,0.00,N,Not at Intersection,N,Non-Junction,None,,,         ,Cyretha,Frazier,Clear,Other,no,no,no,no,no,False
101797921,METROPOLITAN NASHVILLE POLICE DEPT,20170925874,Davidson,Nashville,10/20/2017 7:23:00 AM,2,0,0,36.137590,-86.820710,I440 W EXT RAMP,,,,96.00,Feet,South,I 440,,,,0.00,N,Not at Intersection,N,Entrance/Exit Ramp Related,None,,,         ,Carey,Steel,Clear,"Sideswipe, Same Direction",no,no,no,no,no,False
101797922,METROPOLITAN NASHVILLE POLICE DEPT,20170925913,Davidson,Nashville,10/20/2017 7:42:00 AM,2,0,0,36.116240,-86.778110,I440 W ENT RAMP,,,,0.00,Feet,East,I 440,,,,0.00,N,Not at Intersection,N,Entrance/Exit Ramp Related,None,,,         ,Nathan,Kemp,Clear,Front to Rear,no,no,no,no,no,False
101797923,METROPOLITAN NASHVILLE POLICE DEPT,20170926374,Davidson,Nashville,10/20/2017 10:54:00 AM,2,1,0,36.145840,-86.792690,16TH AVS,,,,334.00,Feet,South,MUSIC SQE,,,,0.00,N,Not at Intersection,N,Non-Junction,None,,,         ,Nathan,Kemp,Clear,Front to Rear,no,no,no,no,no,False
101797940,METROPOLITAN NASHVILLE POLICE DEPT,20170926184,Davidson,Not in City Limit,10/20/2017 9:38:00 AM,2,0,0,36.268410,-86.756120,DICKERSON PKE,,,,27.00,Feet,North,BELL GRIMES LN,,,,0.00,N,Not at Intersection, ,Non-Junction,None,,,         ,Brandon,Wood,Clear,Front to Rear,no,no,no,no,no,False
101797955,METROPOLITAN NASHVILLE POLICE DEPT,20170926404,Davidson,Nashville,10/19/2017 7:15:00 AM,2,0,0,36.048020,-86.713580,NOLENSVILLE PKE,,,,282.00,Feet,South,HICKORYVIEW DR,,,,0.00,N,Not at Intersection,N,Non-Junction,None,,,         ,Sarah,Ortkiese,Clear,"Sideswipe, Opposite Direction",no,no,no,no,yes,False
101797967,METROPOLITAN NASHVILLE POLICE DEPT,20170926470,Davidson,Nashville,10/20/2017 11:23:00 AM,2,0,0,36.040900,-86.779380,OLD HICKORY BLVD,,,,0.00,,,FRANKLIN PIKE CIR,,,,0.00,Y,Four-Way,N,Intersection,None,,,         ,Nathan,Kemp,Clear,Angle,no,no,no,no,yes,False
101797969,METROPOLITAN NASHVILLE POLICE DEPT,20170926139,Davidson,Nashville,10/20/2017 9:00:00 AM,2,0,0,36.222040,-86.774590,I 65,,,,0.00,,,,,,,88.40,N,Not at Intersection, ,Non-Junction,None,,,         ,Jeanine,Sarno,Clear,Front to Rear,no,no,no,no,no,False
101797970,VANDERBILT UNIVERSITY POLICE,2017- 0926331,Davidson,Nashville,10/20/2017 10:10:00 AM,2,0,0,36.136840,-86.803080,BELCOURT AV,,,,0.00,,,24TH AVS,,,,0.00,,Not at Intersection, ,SharedUsePathOrTrail,None,,,         ,Charles,Payton,Clear,Rear to Side,no,no,no,yes,no,Campus
101797973,METROPOLITAN NASHVILLE POLICE DEPT,2017925949,Davidson,Nashville,10/20/2017 7:47:00 AM,2,1,0,36.128980,-86.786920,LAWRENCE AV,,,,174.00,Feet,East,11TH AVS,,,,0.00,N,Not at Intersection,N,Non-Junction,None,,,         ,Erik,Wagner,Clear,Front to Rear,yes,no,no,no,no,False
101797988,METROPOLITAN NASHVILLE POLICE DEPT,20170925880,Davidson,Nashville,10/20/2017 6:28:00 AM,2,0,0,36.166510,-86.787370,ROSA L PARKS BLVD,,,,0.00,,,JAMES ROBERTSON PKWY,,,,0.00,Y,Four-Way, ,Intersection,None,,,         ,William,Gibbs,Clear,Front to Rear,no,no,no,no,no,False
101797997,METROPOLITAN NASHVILLE POLICE DEPT,20170926502,Davidson,Not in City Limit,10/20/2017 12:00:00 PM,2,0,0,36.078760,-86.947230,BELLEVUE CTR PVTDR,,,,77.00,Feet,North,HIGHWAY 70S,,,,0.00,N,Not at Intersection, ,Non-Junction,None,,,         ,Curtis,Rich,Clear,Rear to Rear,no,no,no,yes,yes,False
101797999,METROPOLITAN NASHVILLE POLICE DEPT,20170925961,Davidson,Not in City Limit,10/20/2017 8:02:00 AM,2,2,0,36.267470,-86.713980,WILLIAMS AV,,,,1008.00,Feet,East,HERITAGE VIEW BLVD,,,,0.00,N,Not at Intersection,N,Non-Junction,None,,,         ,Terrence,Bradley,Clear,Angle,no,no,no,no,no,False
101798001,METROPOLITAN NASHVILLE POLICE DEPT,20170925982,Davidson,Nashville,10/20/2017 8:05:00 AM,2,2,0,36.055010,-86.642410,ZELIDA AV,,,,0.00,,,BELL RD,,,,0.00,Y,Four-Way,N,Intersection,None,,,         ,Sharissa,Perez,Clear,HeadOn,no,no,no,no,no,False
101798005,METROPOLITAN NASHVILLE POLICE DEPT,20170926527,Davidson,Nashville,10/20/2017 12:10:00 PM,2,0,0,36.166740,-86.761750,S 5TH ST,,,,94.00,Feet,North,SYLVAN ST,,,,0.00,N,Not at Intersection, ,Non-Junction,None,,,         ,Richard,Conger,Clear,"Sideswipe, Same Direction",no,no,no,no,yes,False
101798013,METROPOLITAN NASHVILLE POLICE DEPT,20170926526,Davidson,Nashville,10/20/2017 12:08:00 PM,2,0,0,36.173380,-86.601760,CENTRAL PKE,,,,140.00,Feet,East,OLD HICKORY BLVD,,,,0.00,N,Not at Intersection, ,Non-Junction,None,,,         ,Wesley,Young,Clear,Front to Rear,no,no,no,no,no,False
101798039,METROPOLITAN NASHVILLE POLICE DEPT,20170926425,Davidson,Madison,10/20/2017 11:20:00 AM,2,1,0,36.245730,-86.721730,GALLATIN PKES,,,,383.00,Feet,South,BERKLEY DR,,,,0.00,N,Not at Intersection,N,Non-Junction,None,,,         ,DuJuan,Kendrick,Clear,Angle,no,no,no,no,no,False
101798041,METROPOLITAN NASHVILLE POLICE DEPT,20170926489,Davidson,Nashville,10/20/2017 11:55:00 AM,2,0,0,36.079500,-86.644590,EDGE O LAKE DR,,,,2.00,Feet,North,MURFREESBORO PKE,,,,0.00,N,Not at Intersection, ,Non-Junction,Unknown,,,         ,Peter,Vaught,Clear,Front to Rear,no,no,no,no,no,False
101798042,METROPOLITAN NASHVILLE POLICE DEPT,2017-0926259,Davidson,Nashville,10/20/2017 12:00:00 AM,2,0,0,36.112470,-86.735960,ROLYNN DR,,,,513.00,Feet,West,DRUID DR,,,,0.00,N,Not at Intersection,N,Non-Junction,None,,,         ,William,Whitworth,Clear,"Sideswipe, Same Direction",no,no,no,no,yes,False
101798043,METROPOLITAN NASHVILLE POLICE DEPT,2017-0926446,Davidson,Nashville,10/20/2017 11:32:00 AM,2,1,0,36.103230,-86.666480,FAIRCLOTH LN,,,,0.00,,,MURFREESBORO PKE,,,,0.00,Y,T-Intersection,N,Intersection,None,,,         ,William,Whitworth,Clear,Angle,no,no,no,no,no,False
101798055,METROPOLITAN NASHVILLE POLICE DEPT,20170926129,Davidson,Nashville,10/20/2017 8:50:00 AM,2,0,0,36.204840,-86.776670,I 65,,,,0.00,,,,,,,87.20,N,Not at Intersection, ,Non-Junction,None,,,         ,Royce,McLester,Clear,"Sideswipe, Same Direction",no,no,no,no,no,False
101798056,METROPOLITAN NASHVILLE POLICE DEPT,20170926387,Davidson,Nashville,10/20/2017 12:00:00 AM,2,0,0,36.223320,-86.808500,ROWAN DR,,,,289.00,Feet,East,REVELS DR,,,,0.00,N,Not at Intersection,N,Non-Junction,None,,,         ,Royce,McLester,Unknown,Angle,no,no,no,no,yes,False
101798062,METROPOLITAN NASHVILLE POLICE DEPT,20170926382,Davidson,Nashville,10/20/2017 11:00:00 AM,2,0,0,36.162900,-86.776860,3RD AVN,,,,0.00,,,COMMERCE ST,,,,0.00,Y,T-Intersection, ,Intersection-Related,None,,,         ,Daniel,Russett,Clear,"Sideswipe, Same Direction",no,no,no,no,no,False
101798070,METROPOLITAN NASHVILLE POLICE DEPT,20170926578,Davidson,Nashville,10/20/2017 12:36:00 PM,2,0,0,36.137570,-86.800760,BLAKEMORE AV,,,,0.00,,,21ST AVS,,,,0.00,Y,Four-Way, ,Intersection,None,,,         ,Nathan,Kemp,Clear,"Sideswipe, Same Direction",no,no,no,no,no,Campus
101798107,METROPOLITAN NASHVILLE POLICE DEPT,20170926675,Davidson,Nashville,10/20/2017 1:15:00 PM,2,0,0,36.045800,-86.720780,HICKORY VILLA DR,,,,34.00,Feet,North,OLD HICKORY BLVD,,,,0.00,N,Not at Intersection, ,Non-Junction,None,,,         ,Sarah,Ortkiese,Clear,HeadOn,no,no,no,no,no,False
101798113,METROPOLITAN NASHVILLE POLICE DEPT,20170926504,Davidson,Nashville,10/20/2017 11:58:00 AM,2,0,0,36.243170,-86.760990,SKYLINE COMMONS PVTDR,,,,307.00,Feet,South,DOVERSIDE DR,,,,0.00,N,Not at Intersection, ,Non-Junction,None,,,         ,Thomas,Odom,Clear,Front to Rear,no,no,no,yes,no,False
101798168,METROPOLITAN NASHVILLE POLICE DEPT,20170926401,Davidson,Nashville,10/20/2017 11:14:00 AM,2,0,0,36.172840,-86.765340,JAMES ROBERTSON PKWY,,,,0.00,,,MAIN ST,,,,0.00,Y,Four-Way, ,Intersection,None,,,         ,Jared,Eaves,Clear,Angle,no,no,no,no,no,False
101798180,METROPOLITAN NASHVILLE POLICE DEPT,20170926722,Davidson,Nashville,10/20/2017 1:34:00 PM,2,0,0,36.164070,-86.689000,BRILEY PKWYN,,,,231.00,Feet,South,BRILEY PKWYS,,,,0.00,N,Not at Intersection, ,Non-Junction,None,,,         ,Richard,Conger,Clear,"Sideswipe, Same Direction",no,no,no,no,yes,False
101798195,METROPOLITAN NASHVILLE POLICE DEPT,20170926606,Davidson,Nashville,10/20/2017 12:52:00 PM,2,0,0,36.144860,-86.680260,CENTURY BLVD,,,,985.00,Feet,South,PERIMETER PLACE DR,,,,0.00,N,Not at Intersection,N,"Driveway, Alley Access, etc",None,,,         ,Michael,Dance,Clear,Angle,no,no,no,no,no,False
101798224,METROPOLITAN NASHVILLE POLICE DEPT,20170926759,Davidson,Nashville,10/20/2017 1:52:00 PM,1,1,0,36.076280,-86.727450,EDMONDSON PKE,,,,632.00,Feet,West,PROVIDENCE HTS,,,,0.00,N,Not at Intersection,N,Non-Junction,None,,,         ,Kevin,Crawford,Clear,Not Collision with Motor Vehicle in Transport,yes,no,no,yes,no,False
101798253,METROPOLITAN NASHVILLE POLICE DEPT,20170924734,Davidson,Nashville,10/19/2017 10:14:00 PM,2,0,0,36.106420,-86.819270,ABBOTT MARTIN RD,,,,50.00,Feet,East,CLEGHORN AV,,,,0.00,N,Not at Intersection, ,Non-Junction,None,,,         ,Walter,Gray II,Clear,Other,no,no,no,no,no,False
101798294,METROPOLITAN NASHVILLE POLICE DEPT,20170926769,Davidson,Nashville,10/20/2017 1:48:00 PM,2,0,0,36.174430,-86.770980,I 24,,,,0.00,,,,,,,48.10,N,Not at Intersection, ,Non-Junction,None,,,         ,Derek,Betty,Clear,Front to Rear,no,no,no,no,yes,False
101798299,METROPOLITAN NASHVILLE POLICE DEPT,20170926803,Davidson,Nashville,10/20/2017 2:11:00 PM,2,0,0,36.161720,-86.646440,STEWARTS FERRY PKE,,,,0.00,,,CREEKSTONE CIR,,,,0.00,Y,T-Intersection,N,Intersection,None,,,         ,Wesley,Young,Clear,Angle,no,no,no,no,yes,False
101798300,METROPOLITAN NASHVILLE POLICE DEPT,20170926868,Davidson,Nashville,10/20/2017 2:50:00 PM,2,0,0,36.159150,-86.821800,I 40,,,,0.00,,,,,,,206.05,N,Not at Intersection,N,Non-Junction,None,,,         ,Joseph,Jakes,Clear,Front to Rear,no,no,no,no,yes,False
101798302,METROPOLITAN NASHVILLE POLICE DEPT,20170926842,Davidson,Nashville,10/20/2017 12:00:00 AM,1,0,0,36.175400,-86.800670,I65 N ENT RAMP,,,,0.00,Feet,East,I40 W ENT RAMP,,,,0.00,N,Not at Intersection,N,Non-Junction,None,,,         ,Melvin,Taylor,Cloudy,Not Collision with Motor Vehicle in Transport,no,no,no,no,no,False
101798323,METROPOLITAN NASHVILLE POLICE DEPT,20170926890,Davidson,Nashville,10/20/2017 2:38:00 PM,2,0,0,36.197010,-86.742060,GALLATIN AV,,,,0.00,,,CAROLYN AV,,,,0.00,Y,T-Intersection,N,Intersection,None,,,         ,James,Smith,Clear,Front to Rear,no,no,no,no,yes,False
101798327,BERRY HILL POLICE DEPT,17-3583,Davidson,Berry Hill,10/20/2017 12:00:00 AM,2,0,0,36.120060,-86.771660,BERRY RD,,,,0.00,,,,,,,0.00,,,N,Non-Junction,None,,,         ,John,Gleixner,Clear,"Sideswipe, Opposite Direction",no,no,no,no,yes,False
101798357,METROPOLITAN NASHVILLE POLICE DEPT,20170926912,Davidson,Nashville,10/20/2017 3:16:00 PM,2,0,0,36.132340,-86.726750,I 24,,,,0.00,,,,,,,52.00,N,Not at Intersection, ,Non-Junction,None,,,         ,Andrew,Mullen,Clear,Front to Rear,no,no,no,no,no,False
101798367,METROPOLITAN NASHVILLE POLICE DEPT,20170926898,Davidson,Nashville,10/20/2017 2:02:00 PM,2,0,0,36.183870,-86.750150,W EASTLAND AV,,,,7.00,Feet,South,BAILEY ST,,,,0.00,N,Not at Intersection, ,Non-Junction,None,,,         ,Michael,Mendenhall,Clear,Angle,no,no,no,no,no,False
101798373,METROPOLITAN NASHVILLE POLICE DEPT,20170926829,Davidson,Nashville,10/20/2017 2:25:00 PM,2,0,0,36.186750,-86.745320,N 12TH ST,,,,215.00,Feet,North,PETWAY AV,,,,0.00,N,Not at Intersection,N,Non-Junction,None,,,         ,Amery,Milligan,Clear,Angle,no,no,no,yes,no,False
101798374,METROPOLITAN NASHVILLE POLICE DEPT,20170926946,Davidson,Nashville,10/20/2017 3:31:00 PM,2,0,0,36.061170,-86.772250,I 65,,,,0.00,,,,,,,75.30,N,Not at Intersection, ,Non-Junction,None,,,         ,Trenton,Searcy,Clear,Front to Rear,no,no,no,no,no,False