master_record_number,agency,agency_tracking_number,county,city,collision_date,vehicles_involved,number_injured,number_dead,latitude,longitude,roadway_name,roadway_suffix,roadway_number,roadway_local_id,distance_from_reference,miles-feet_indicator,direction_from_reference,intersection_road_name,intersection_road_name_suffix,intersection_road_number,intersection_local_id,mile_marker,intersection_indicator,intersect_type,interchange_related_indicator,relation_to_junction,work_zone_type,construction_maintenance_zone,construction_maintenance_zone_location,fatal_case_number,officer_first_name,officer_last_name,weather_condition(s),manner_of_crash,pedestrian,bicycle,scooter,parking,hitrun,mou
101798377,METROPOLITAN NASHVILLE POLICE DEPT,20170927027,Davidson,Nashville,10/20/2017 4:05:00 PM,2,0,0,36.246540,-86.744830,I 65,,,,0.00,,,I65 S EXT RAMP,,,,0.00,Y,OTHER,Y,Entrance/Exit Ramp Related,None,,,         ,Samuel,Miller,Clear,Front to Rear,no,no,no,no,no,False
101798391,METROPOLITAN NASHVILLE POLICE DEPT,20170926917,Davidson,Nashville,10/20/2017 2:43:00 PM,2,0,0,36.139810,-86.722750,CORNELIA CT,,,,0.00,,,SPENCE LN,,,,0.00,Y,T-Intersection, ,Intersection,None,,,         ,Patrick,Taylor,,HeadOn,no,no,no,no,no,False
101798409,METROPOLITAN NASHVILLE POLICE DEPT,20170926975,Davidson,Nashville,10/20/2017 3:47:00 PM,2,1,0,36.043410,-86.781370,I 65,,,,0.00,,,,,,,74.90,N,Not at Intersection,N,Non-Junction,None,,,         ,Melissa,Flores,Clear,Front to Rear,no,no,no,no,no,False
101798414,METROPOLITAN NASHVILLE POLICE DEPT,20170926851,Davidson,Nashville,10/20/2017 12:00:00 AM,2,0,0,36.184710,-86.797620,I 65,,,,0.00,,,,,,,85.35,N,Not at Intersection, ,Non-Junction,None,,,         ,Melvin,Taylor,Clear,"Sideswipe, Same Direction",no,no,no,no,no,False
101798419,METROPOLITAN NASHVILLE POLICE DEPT,20170927034,Davidson,Nashville,10/20/2017 4:05:00 PM,2,0,0,36.147460,-86.744290,I 40,,,,0.00,,,,,,,212.00,N,Not at Intersection,N,Non-Junction,None,,,         ,Jonathan,Cavezza,Clear,Front to Rear,no,no,no,no,no,False
101798431,METROPOLITAN NASHVILLE POLICE DEPT,20170926881,Davidson,Nashville,10/20/2017 2:28:00 PM,2,0,0,36.137720,-86.857750,WHITE BRIDGE PKE,,,,50.00,Feet,South,KNOB RD,,,,0.00,N,Not at Intersection, ,Non-Junction,None,,,         ,Walter,Gray II,Clear,Front to Rear,no,no,no,no,no,False
101798441,METROPOLITAN NASHVILLE POLICE DEPT,20170927158,Davidson,Nashville,10/20/2017 4:35:00 PM,2,0,0,36.154780,-86.760780,I 40,,,,0.00,,,,,,,210.95,N,Not at Intersection, ,,None,,,         ,Pedro,Rivera Chaparro,,,no,no,no,no,no,False
101798442,METROPOLITAN NASHVILLE POLICE DEPT,20170927195,Davidson,Nashville,10/20/2017 12:00:00 AM,2,0,0,36.198410,-86.776380,I 65,,,,0.00,,,,,,,86.75,N,Not at Intersection, ,Non-Junction,None,,,         ,Melvin,Taylor,Clear,Front to Rear,no,no,no,no,yes,False
101798443,METROPOLITAN NASHVILLE POLICE DEPT,20170926887,Davidson,Nashville,10/20/2017 3:00:00 PM,2,0,0,36.156510,-86.794530,16TH AVN,,,,0.00,,,CHURCH ST,,,,0.00,Y,T-Intersection, ,Non-Junction,None,,,         ,Jon,Mcvey,Clear,Angle,no,no,no,no,no,False
101798444,METROPOLITAN NASHVILLE POLICE DEPT,20170927039,Davidson,Nashville,10/20/2017 3:20:00 PM,2,0,0,36.109120,-86.811890,HILLSBORO PKE,,,,6.00,Feet,South,CRESTMOOR RD,,,,0.00,N,Not at Intersection, ,Non-Junction,None,,,         ,Jon,Mcvey,Clear,Front to Rear,no,no,no,no,no,False
101798450,METROPOLITAN NASHVILLE POLICE DEPT,20170927130,Davidson,Nashville,10/20/2017 4:40:00 PM,2,1,0,36.112760,-86.772130,I 65,,,,0.00,,,,,,,80.00,N,Not at Intersection,N,Non-Junction,None,,,         ,Hillary,Sherman,Clear,Front to Rear,no,no,no,no,no,False
101798451,METROPOLITAN NASHVILLE POLICE DEPT,20170924746,Davidson,Nashville,10/19/2017 10:25:00 PM,3,0,0,36.151720,-86.752090,I 40,,,,0.00,,,,,,,211.45,N,Not at Intersection, ,Non-Junction,None,,,         ,John,Daugherty,Clear,Front to Rear,no,no,no,no,no,False
101798453,METROPOLITAN NASHVILLE POLICE DEPT,20170927036,Davidson,Nashville,10/20/2017 4:08:00 PM,1,1,0,36.079740,-86.956960,I40 E EXT RAMP,,,,0.00,Feet,East,I 40,,,,0.00,N,Not at Intersection,N,Non-Junction,None,,,         ,Walter,Gray II,Clear,Not Collision with Motor Vehicle in Transport,no,no,no,no,no,False
101798454,METROPOLITAN NASHVILLE POLICE DEPT,20170927188,Davidson,Nashville,10/20/2017 5:10:00 PM,2,1,0,36.142160,-86.666470,I40 W EXT RAMP,,,,0.00,Feet,East,I 40,,,,0.00,N,Not at Intersection,N,Entrance/Exit Ramp Related,None,,,         ,Tyler,Maupin,Clear,Front to Rear,no,no,no,no,no,False
101798460,METROPOLITAN NASHVILLE POLICE DEPT,20170927149,Davidson,Nashville,10/20/2017 4:35:00 PM,2,0,0,36.037480,-86.768550,FREDERICKSBURG WAYW,,,,0.00,,,CLOVERLAND DR,,,,0.00,Y,T-Intersection, ,Intersection,None,,,         ,Trenton,Searcy,Clear,Angle,no,no,no,no,no,False
101798468,METROPOLITAN NASHVILLE POLICE DEPT,20170926877,Davidson,Nashville,10/20/2017 12:00:00 AM,2,0,0,36.248610,-86.728800,DUE WEST AVW,,,,50.00,Feet,West,SAUNDERS AV,,,,0.00,N,Not at Intersection,N,Non-Junction,None,,,         ,Samuel,Miller,Clear,"Sideswipe, Same Direction",no,no,no,no,yes,False
101798470,METROPOLITAN NASHVILLE POLICE DEPT,20170927262,Davidson,Nashville,10/20/2017 5:28:00 PM,2,0,0,36.191990,-86.762180,N 5TH ST,,,,169.00,Feet,South,RICHARDSON AV,,,,0.00,N,Not at Intersection, ,Non-Junction,None,,,         ,Michael,Mendenhall,Clear,Rear to Rear,no,no,no,no,yes,False
101798475,METROPOLITAN NASHVILLE POLICE DEPT,20170927022,Davidson,Nashville,10/20/2017 12:00:00 AM,2,2,0,36.084900,-86.761820,SIDCO DR,,,,0.00,,,ELYSIAN FIELDS RD,,,,0.00,Y,T-Intersection,N,Intersection,None,,,         ,David,Robberson,Clear,Angle,no,no,no,no,no,False
101798477,METROPOLITAN NASHVILLE POLICE DEPT,20170927268,Davidson,Nashville,10/20/2017 5:40:00 PM,2,0,0,36.179580,-86.605710,OLD HICKORY BLVD,,,,99.00,Feet,East,I40 W ENT RAMP,,,,0.00,N,Not at Intersection, ,,None,,,         ,Jonathon,Sheppard,,,no,no,no,no,no,False
101798479,METROPOLITAN NASHVILLE POLICE DEPT,20170927282,Davidson,Nashville,10/20/2017 5:46:00 PM,2,0,0,36.140730,-86.732280,I 40,,,,0.00,,,,,,,213.00,N,Not at Intersection,N,Non-Junction,None,,,         ,Jonathan,Cavezza,Clear,Front to Rear,no,no,no,no,no,False
101798480,METROPOLITAN NASHVILLE POLICE DEPT,20170926943,Davidson,Nashville,10/20/2017 3:30:00 PM,2,0,0,36.120620,-86.726800,I 24,,,,0.00,,,,,,,52.90,N,Not at Intersection, ,Non-Junction,None,,,         ,Alyson,Cook,Clear,"Sideswipe, Same Direction",no,no,no,no,no,False
101798490,METROPOLITAN NASHVILLE POLICE DEPT,20170927045,Davidson,Nashville,10/20/2017 4:00:00 PM,2,0,0,36.162900,-86.651600,COTTONWOOD DR,,,,454.00,Feet,North,SINBAD DR,,,,0.00,N,Not at Intersection, ,Non-Junction,None,,,         ,Johnathan,Pannell,Clear,Angle,no,no,no,no,no,False
101798508,METROPOLITAN NASHVILLE POLICE DEPT,20170926906,Davidson,Not in City Limit,10/20/2017 2:51:00 PM,2,0,0,36.324040,-86.868610,I 24,,,,0.00,,,,,,,34.95,N,Not at Intersection,N,Non-Junction,None,,,         ,Roy,Sain Jr.,Clear,Front to Rear,no,no,no,no,no,False
101798509,METROPOLITAN NASHVILLE POLICE DEPT,20170927352,Davidson,Nashville,10/20/2017 12:00:00 AM,2,0,0,36.171510,-86.798500,JEFFERSON ST,,,,216.00,Feet,East,I40 E ENT RAMP,,,,0.00,N,Not at Intersection, ,Non-Junction,None,,,         ,Melvin,Taylor,Clear,Front to Rear,no,no,no,no,no,False
101798531,METROPOLITAN NASHVILLE POLICE DEPT,20170927296,Davidson,Nashville,10/20/2017 5:57:00 PM,2,0,0,36.073670,-86.637880,MURFREESBORO PKE,,,,371.00,Feet,South,RURAL HILL RD,,,,0.00,N,Not at Intersection,N,Non-Junction,None,,,         ,Alyson,Cook,Clear,Angle,no,no,no,no,no,False
101798534,METROPOLITAN NASHVILLE POLICE DEPT,20170927264,Davidson,Nashville,10/20/2017 4:09:00 PM,2,0,0,36.136160,-86.788670,WEDGEWOOD AV,,,,0.00,,,12TH AVS,,,,0.00,Y,Four-Way,N,Intersection,None,,,         ,David,Collins,Clear,Front to Rear,no,no,no,no,no,False
101798535,METROPOLITAN NASHVILLE POLICE DEPT,20170926846,Davidson,Nashville,10/20/2017 2:48:00 PM,2,1,0,36.088630,-86.689950,HARDING PL,,,,548.00,Feet,West,EZELL PKE,,,,0.00,N,Not at Intersection,N,Non-Junction,None,,,         ,Nathaniel,Myers,Clear,Front to Rear,no,no,no,no,no,False
101798545,METROPOLITAN NASHVILLE POLICE DEPT,20170927232,Davidson,Nashville,10/20/2017 5:30:00 PM,3,2,0,36.203180,-86.738730,GALLATIN PKE,,,,146.00,Feet,South,E TRINITY LN,,,,0.00,N,Not at Intersection,N,Non-Junction,None,,,         ,James,Smith,Clear,Other,no,no,no,no,no,False
101798547,METROPOLITAN NASHVILLE POLICE DEPT,20170927310,Davidson,Nashville,10/20/2017 5:00:00 PM,2,0,0,36.160540,-86.794150,CHARLOTTE AV,,,,158.00,Feet,West,14TH AVN,,,,0.00,N,Not at Intersection, ,Non-Junction,None,,,         ,Jon,Mcvey,Clear,"Sideswipe, Same Direction",no,no,no,no,no,False
101798549,METROPOLITAN NASHVILLE POLICE DEPT,20170927383,Davidson,Goodlettsville,10/20/2017 6:33:00 PM,2,5,0,36.290430,-86.722710,I 65,,,,0.00,,,,,,,94.25,N,Not at Intersection,N,Non-Junction,None,,,         ,Samuel,Miller,Clear,Front to Rear,no,no,no,no,no,False
101798555,METROPOLITAN NASHVILLE POLICE DEPT,20170927431,Davidson,Nashville,10/20/2017 4:24:00 PM,1,0,0,36.071630,-86.670830,TERRAGON TRL,,,,162.00,Feet,West,VOLUNTEER DR,,,,0.00,N,Not at Intersection,N,Non-Junction,None,,,         ,Alyson,Cook,Clear,Not Collision with Motor Vehicle in Transport,no,no,no,no,yes,False
101798556,METROPOLITAN NASHVILLE POLICE DEPT,20170926929,Davidson,Not in City Limit,10/20/2017 3:06:00 PM,2,1,0,36.324040,-86.868640,I 24,,,,0.00,,,,,,,34.95,N,Not at Intersection,N,Non-Junction,None,,,         ,Roy,Sain Jr.,Clear,Front to Rear,no,no,no,no,no,False
101798557,METROPOLITAN NASHVILLE POLICE DEPT,20170927053,Davidson,Nashville,10/20/2017 4:12:00 PM,2,0,0,36.182450,-86.748950,GALLATIN AV,,,,96.00,Feet,South,STRATTON AV,,,,0.00,N,Not at Intersection,N,Non-Junction,None,,,         ,Carey,Steel,Clear,Front to Rear,no,no,no,no,yes,False
101798560,METROPOLITAN NASHVILLE POLICE DEPT,20170927356,Davidson,Nashville,10/20/2017 6:23:00 PM,2,0,0,36.191030,-86.788890,I 65,,,,0.00,,,,,,,85.80,N,Not at Intersection, ,Non-Junction,None,,,         ,Darren,White,Clear,Front to Rear,no,no,no,no,no,False
101798571,METROPOLITAN NASHVILLE POLICE DEPT,20170927287,Davidson,Goodlettsville,10/20/2017 5:50:00 PM,2,1,0,36.296100,-86.699900,GALLATIN PKEN,,,,54.00,Feet,North,MCHENRY CENTER PVTDR,,,,0.00,N,Not at Intersection,N,Non-Junction,None,,,         ,Harold,Willmore IV,Clear,Front to Rear,no,no,no,no,no,False
101798577,METROPOLITAN NASHVILLE POLICE DEPT,20170927078,Davidson,Nashville,10/20/2017 4:22:00 PM,2,3,0,36.137110,-86.761230,4TH AVS,,,,89.00,Feet,South,MALLORY ST,,,,0.00,N,Not at Intersection,N,Non-Junction,None,,,         ,Allyson,Reis,Clear,Angle,no,no,no,no,no,False
101798581,METROPOLITAN NASHVILLE POLICE DEPT,20170927447,Davidson,Nashville,10/20/2017 12:00:00 AM,2,0,0,36.160190,-86.794900,CHARLOTTE AV,,,,170.00,Feet,East,15TH AVN,,,,0.00,N,Not at Intersection, ,Non-Junction,None,,,         ,Melvin,Taylor,Clear,Angle,no,no,no,no,no,False
101798584,METROPOLITAN NASHVILLE POLICE DEPT,20170927469,Davidson,Nashville,10/20/2017 7:12:00 PM,3,0,0,36.124240,-86.739330,I 440,,,,0.00,,,,,,,6.90,N,Not at Intersection, ,Non-Junction,None,,,         ,Andrew,Mullen,Clear,Front to Rear,no,no,no,no,yes,False
101798591,METROPOLITAN NASHVILLE POLICE DEPT,2017-0927434,Davidson,Nashville,10/20/2017 6:40:00 PM,2,0,0,36.228360,-86.759460,DICKERSON PKE,,,,372.00,Feet,South,BROADMOOR DR,,,,0.00,N,Not at Intersection, ,Non-Junction,None,,,         ,Kevin,Lovell,Clear,Angle,no,no,no,no,no,False
101798596,METROPOLITAN NASHVILLE POLICE DEPT,20170927346,Davidson,Nashville,10/20/2017 12:00:00 AM,2,0,0,36.202300,-86.776640,I 65,,,,0.00,,,,,,,87.00,N,Not at Intersection,N,Non-Junction,None,,,         ,Gordon,Stovall,Clear,"Sideswipe, Same Direction",no,no,no,no,no,False
101798615,METROPOLITAN NASHVILLE POLICE DEPT,20170927429,Davidson,Nashville,10/20/2017 6:55:00 PM,1,1,0,36.191730,-86.624820,LEBANON PKE,,,,0.00,,,BONNABROOK DR,,,,0.00,Y,T-Intersection,N,Intersection-Related,None,,,         ,Matthew,Turppa,Clear,Not Collision with Motor Vehicle in Transport,no,yes,no,no,no,False
101798617,METROPOLITAN NASHVILLE POLICE DEPT,20170927376,Davidson,Nashville,10/20/2017 12:00:00 AM,4,1,0,36.150570,-86.785520,I 40,,,,0.00,,,,,,,209.50,N,Not at Intersection,N,Non-Junction,None,,,         ,David,Robberson,Clear,Front to Rear,no,no,no,no,yes,False
101798619,METROPOLITAN NASHVILLE POLICE DEPT,2017-0927144,Davidson,Nashville,10/20/2017 4:53:00 PM,1,2,0,36.169680,-86.770510,WOODLAND ST,,,,150.00,Feet,East,S 2ND ST,,,,0.00,N,Not at Intersection,N,Non-Junction,None,,,         ,Michael,Schlegel,Cloudy,Not Collision with Motor Vehicle in Transport,no,no,no,no,no,False
101798625,METROPOLITAN NASHVILLE POLICE DEPT,20170927502,Davidson,Nashville,10/20/2017 5:30:00 PM,2,0,0,36.218700,-86.803850,WHITES CREEK PKE,,,,226.00,Feet,North,MOORMANS ARM RD,,,,0.00,N,Not at Intersection,N,Non-Junction,None,,,         ,Matthew,Boguskie,Clear,Rear to Rear,no,no,no,yes,yes,False
101798631,METROPOLITAN NASHVILLE POLICE DEPT,20170927470,Davidson,Nashville,10/20/2017 6:36:00 PM,3,0,0,36.121570,-86.794880,KIRKWOOD AV,,,,0.00,,,BELMONT BLVD,,,,0.00,Y,T-Intersection, ,Intersection,None,,,         ,David,Collins,Clear,Front to Rear,no,no,no,no,no,False
101798635,METROPOLITAN NASHVILLE POLICE DEPT,20170927472,Davidson,Nashville,10/20/2017 7:07:00 PM,2,0,0,36.183810,-86.768380,HANCOCK ST,,,,30.00,Feet,East,MERIDIAN ST,,,,0.00,N,Not at Intersection,N,Non-Junction,None,,,         ,Amanda,Fox,Clear,Front to Rear,no,no,no,no,yes,False
101798644,METROPOLITAN NASHVILLE POLICE DEPT,20170927540,Davidson,Nashville,10/20/2017 6:30:00 PM,2,0,0,36.195190,-86.775570,I 65,,,,0.00,,,,,,,86.55,N,Not at Intersection,N,Non-Junction,None,,,         ,Matthew,Boguskie,Clear,Front to Rear,no,no,no,no,yes,False
101798645,METROPOLITAN NASHVILLE POLICE DEPT,20170927515,Davidson,Nashville,10/20/2017 7:25:00 PM,2,2,0,36.107330,-86.794240,GRANNY WHITE PKE,,,,142.00,Feet,South,EXCELLA PL,,,,0.00,N,Not at Intersection,N,Non-Junction,None,,,         ,Jon,Mcvey,Clear,Front to Rear,no,no,no,no,no,False
101798662,METROPOLITAN NASHVILLE POLICE DEPT,2017-0926972,Davidson,Nashville,10/20/2017 3:44:00 PM,2,3,0,36.161030,-86.783500,ROSA L PARKS BLVD,,,,235.00,Feet,South,CHURCH ST,,,,0.00,N,Not at Intersection,N,Non-Junction,None,,,         ,Cory,West,Clear,Angle,no,no,no,no,no,False
101798673,METROPOLITAN NASHVILLE POLICE DEPT,20170927572,Davidson,Nashville,10/20/2017 5:52:00 PM,3,0,0,36.247910,-86.743100,I 65,,,,0.00,,,,,,,91.00,N,Not at Intersection,N,Non-Junction,None,,,         ,Samuel,Miller,Clear,"Sideswipe, Opposite Direction",no,no,no,no,no,False
101798674,METROPOLITAN NASHVILLE POLICE DEPT,20170927740,Davidson,Not in City Limit,10/20/2017 6:56:00 PM,2,0,0,36.262120,-86.712240,GALLATIN PKES,,,,35.00,Feet,East,E OLD HICKORY BLVD,,,,0.00,N,Not at Intersection, ,Non-Junction,None,,,         ,Samuel,Miller,Clear,Front to Rear,no,no,no,no,no,False
101798692,METROPOLITAN NASHVILLE POLICE DEPT,20170927678,Davidson,Nashville,10/20/2017 5:30:00 PM,2,0,0,36.083320,-86.761620,SIDCO DR,,,,0.00,,,CSX DR,,,,0.00,Y,Four-Way, ,Intersection,None,,,         ,Bradley,Pope,Clear,Angle,no,no,no,no,no,False
101798695,METROPOLITAN NASHVILLE POLICE DEPT,20170927630,Davidson,Nashville,10/20/2017 7:45:00 PM,2,0,0,36.143330,-86.686490,I 40,,,,0.00,,,,,,,215.50,N,Not at Intersection,Y,Non-Junction,None,,,         ,Johnathan,Pannell,Clear,"Sideswipe, Same Direction",no,no,no,no,yes,False
101798696,METROPOLITAN NASHVILLE POLICE DEPT,20170927525,Davidson,Nashville,10/20/2017 7:30:00 PM,3,0,0,36.143240,-86.685950,I 40,,,,0.00,,,,,,,215.50,N,Not at Intersection,N,Non-Junction,None,,,         ,Johnathan,Pannell,Clear,Front to Rear,no,no,no,no,no,False
101798703,METROPOLITAN NASHVILLE POLICE DEPT,20170927696,Davidson,Nashville,10/20/2017 6:57:00 PM,2,0,0,36.039510,-86.781750,I65 N EXT RAMP,,,,0.00,,,I 65,,,,0.00,Y,Y-Intersection, ,Entrance/Exit Ramp Related,None,,,         ,William,King,Clear,Front to Rear,no,no,no,no,no,False
101798704,METROPOLITAN NASHVILLE POLICE DEPT,20170927136,Davidson,Nashville,10/20/2017 4:05:00 PM,2,0,0,36.159400,-86.792860,14TH AVN,,,,68.00,Feet,North,HYNES ST,,,,0.00,N,Not at Intersection, ,Non-Junction,None,,,         ,Conner,Harris,Clear,"Sideswipe, Same Direction",no,no,no,no,no,False
101798706,METROPOLITAN NASHVILLE POLICE DEPT,20170927697,Davidson,Nashville,10/20/2017 8:44:00 PM,1,0,0,36.189720,-86.773010,DICKERSON PKE,,,,138.00,Feet,South,EVANSTON AV,,,,0.00,N,Not at Intersection,N,Non-Junction,None,,,         ,Amanda,Fox,Clear,Not Collision with Motor Vehicle in Transport,no,no,no,no,no,False
101798708,METROPOLITAN NASHVILLE POLICE DEPT,20170927782,Davidson,Not in City Limit,10/20/2017 12:00:00 AM,1,0,0,36.263030,-86.713370,OLD HICKORY BLVDW,,,,0.00,,,,,,,0.00,,,N,Non-Junction,None,,,         ,Samuel,Miller,Clear,Not Collision with Motor Vehicle in Transport,no,no,no,yes,yes,False
101798709,METROPOLITAN NASHVILLE POLICE DEPT,20170927705,Davidson,Nashville,10/20/2017 7:39:00 PM,2,0,0,36.216640,-86.583800,LEBANON PKE,,,,30.00,Feet,West,LEBANON RD,,,,0.00,N,Not at Intersection, ,Non-Junction,None,,,         ,Adam,Nicholson,Clear,"Sideswipe, Same Direction",no,no,no,no,no,False
101798715,METROPOLITAN NASHVILLE POLICE DEPT,20170927637,Davidson,Nashville,10/20/2017 8:07:00 PM,2,1,0,36.173590,-86.602150,CENTRAL PKE,,,,0.00,,,OLD HICKORY BLVD,,,,0.00,Y,Four-Way,N,Intersection,None,,,         ,Patrick,Taylor,Clear,Angle,no,no,no,no,no,False
101798722,METROPOLITAN NASHVILLE POLICE DEPT,20170927716,Davidson,Nashville,10/20/2017 8:33:00 PM,1,1,0,36.060370,-86.716460,NOLENSVILLE PKE,,,,100.00,Feet,North,STRASSER DR,,,,0.00,N,Not at Intersection,N,Non-Junction,None,,,         ,Alyson,Cook,Clear,Not Collision with Motor Vehicle in Transport,no,no,no,no,no,False
101798726,METROPOLITAN NASHVILLE POLICE DEPT,20170927810,Davidson,Nashville,10/20/2017 9:29:00 PM,2,0,0,36.191850,-86.779870,I 65,,,,0.00,,,,,,,86.35,N,Not at Intersection,N,Non-Junction,None,,,         ,Chad,Wilkinson,Clear,Front to Rear,no,no,no,no,no,False
101798728,METROPOLITAN NASHVILLE POLICE DEPT,20170927788,Davidson,Nashville,10/20/2017 9:19:00 PM,2,0,0,36.062870,-86.916830,OLD HICKORY BLVD,,,,100.00,Feet,South,BELLEVUE RD,,,,0.00,N,Not at Intersection, ,Non-Junction,None,,,         ,Walter,Gray II,Clear,"Sideswipe, Same Direction",no,no,no,no,no,False
101798729,METROPOLITAN NASHVILLE POLICE DEPT,20170927704,Davidson,Nashville,10/20/2017 12:00:00 AM,2,1,0,36.197700,-86.776880,BRICK CHURCH PKE,,,,151.00,Feet,South,WEAKLEY AV,,,,0.00,N,Not at Intersection,N,Non-Junction,None,,,         ,Melvin,Taylor,Clear,Angle,no,no,no,no,no,False
101798730,METROPOLITAN NASHVILLE POLICE DEPT,20170927517,Davidson,Nashville,10/20/2017 7:30:00 PM,2,3,0,36.077180,-86.641510,MURFREESBORO PKE,,,,22.00,Feet,West,LAKEVILLA DR,,,,0.00,N,Not at Intersection,N,Non-Junction,None,,,         ,Nathaniel,Myers,Clear,Front to Rear,no,no,no,no,no,False
101798754,METROPOLITAN NASHVILLE POLICE DEPT,20170927783,Davidson,Nashville,10/20/2017 8:29:00 PM,2,0,0,36.206250,-86.773530,I65 N EXT RAMP,,,,0.00,Feet,,W TRINITY LN,,,,0.00,Y,T-Intersection, ,Intersection,None,,,         ,Gordon,Stovall,Clear,Angle,no,no,no,no,no,False
101798756,METROPOLITAN NASHVILLE POLICE DEPT,20170927826,Davidson,Nashville,10/20/2017 9:40:00 PM,2,0,0,36.140270,-86.722120,I 40,,,,0.00,,,,,,,213.50,N,Not at Intersection, ,Non-Junction,None,,,         ,Patrick,Taylor,Clear,Front to Rear,no,no,no,no,no,False
101798758,METROPOLITAN NASHVILLE POLICE DEPT,20170927137,Davidson,Nashville,10/20/2017 4:43:00 PM,2,1,0,36.154090,-86.758610,I40 E ENT RAMP,,,,0.00,,,I 40,,,,0.00,Y,OTHER,Y,Entrance/Exit Ramp Related,None,,,         ,John,Daugherty,Clear,"Sideswipe, Same Direction",no,no,no,no,no,False
101798763,METROPOLITAN NASHVILLE POLICE DEPT,20170927640,Davidson,Nashville,10/20/2017 8:00:00 PM,2,0,0,36.117840,-86.730560,LUTIE ST,,,,0.00,Feet,,WHITSETT RD,,,,0.00,Y,T-Intersection,N,Intersection,None,,,         ,Aimee,Ortiz,Clear,Angle,no,no,no,no,yes,False
101798766,METROPOLITAN NASHVILLE POLICE DEPT,20170927846,Davidson,Nashville,10/20/2017 9:51:00 PM,2,1,0,36.063320,-86.637390,BELL RD,,,,0.00,Feet,,RICE RD,,,,0.00,Y,T-Intersection,N,Intersection-Related,None,,,         ,Alyson,Cook,Clear,Angle,no,no,no,no,no,False
101798767,METROPOLITAN NASHVILLE POLICE DEPT,20170927726,Davidson,Nashville,10/20/2017 8:56:00 PM,3,1,0,36.149240,-86.773650,I 40,,,,0.00,,,,,,,210.20,N,Not at Intersection,N,Non-Junction,None,,,         ,Allyson,Reis,Clear,Front to Rear,no,no,no,no,no,False
101798771,METROPOLITAN NASHVILLE POLICE DEPT,20170927847,Davidson,Nashville,10/20/2017 12:00:00 AM,2,0,0,36.213930,-86.775540,I 65,,,,0.00,,,,,,,87.85,N,Not at Intersection,N,Non-Junction,None,,,         ,Gordon,Stovall,Clear,"Sideswipe, Same Direction",no,no,no,no,no,False
101798810,GOODLETTSVILLE POLICE DEPT,17-37091,Davidson,Goodlettsville,10/20/2017 7:48:00 PM,2,0,0,36.324040,-86.704590,LONG HOLLOW PKE,,,,173.00,Feet,West,I65 N ENT RAMP,,,,0.00,N,Not at Intersection,Y,Non-Junction,None,,,         ,Matt,Shoesmith,Clear,"Sideswipe, Same Direction",no,no,no,no,yes,False
101798830,METROPOLITAN NASHVILLE POLICE DEPT,2017-0928090,Davidson,Nashville,10/20/2017 10:05:00 PM,1,0,0,36.165460,-86.790490,JO JOHNSTON AV,,,,89.00,Feet,West,10TH AVN,,,,0.00,N,Not at Intersection,N,Non-Junction,None,,,         ,Travis,Baxter,Clear,Not Collision with Motor Vehicle in Transport,no,no,no,no,no,False
101798850,METROPOLITAN NASHVILLE POLICE DEPT,20170928134,Davidson,Nashville,10/21/2017 12:20:00 AM,2,0,0,36.164090,-86.776540,2ND AVN,,,,0.00,,,,,,,0.00,,, ,,None,,,         ,Damon,Hutcheson,,,no,no,no,no,no,False
101798853,METROPOLITAN NASHVILLE POLICE DEPT,20170927918,Davidson,Nashville,10/20/2017 9:24:00 PM,2,0,0,36.240490,-86.749810,BRILEY PKWYE,,,,56.00,Feet,South,I65 S EXT RAMP,,,,0.00,N,Not at Intersection,N,Non-Junction,None,,,         ,Brady,Reynolds,Clear,Front to Rear,no,no,no,no,no,False
101798869,METROPOLITAN NASHVILLE POLICE DEPT,20170928018,Davidson,Nashville,10/20/2017 11:29:00 PM,2,1,0,36.045230,-86.716750,OLD HICKORY BLVD,,,,86.00,Feet,East,HICKORY PLZ,,,,0.00,N,Not at Intersection,N,Non-Junction,None,,,         ,Cody,Jaworski,Clear,Angle,no,no,no,no,no,False
101798879,GOODLETTSVILLE POLICE DEPT,17-37110,Davidson,Goodlettsville,10/21/2017 12:20:00 AM,2,1,0,36.307370,-86.694710,CONFERENCE DR,,,,0.00,,,VIETNAM VETERANS BLVDN,,,,0.00,Y,Four-Way,Y,Intersection,None,,,         ,Shane,Farrell,Clear,Angle,no,no,no,no,no,False
101798881,METROPOLITAN NASHVILLE POLICE DEPT,20170928303,Davidson,Nashville,10/21/2017 1:42:00 AM,1,0,0,36.058100,-86.716080,NOLENSVILLE PKE,,,,336.00,Feet,South,TUSCULUM RD,,,,0.00,N,Not at Intersection,N,Non-Junction,None,,,         ,Cody,Jaworski,Clear,Not Collision with Motor Vehicle in Transport,no,no,no,no,yes,False
101798889,METROPOLITAN NASHVILLE POLICE DEPT,20170928241,Davidson,Nashville,10/21/2017 1:20:00 AM,2,0,0,36.153570,-86.753200,HERMITAGE AV,,,,0.00,Feet,East,DECATUR AV,,,,0.00,N,Not at Intersection,N,Non-Junction,None,,,         ,Mekisha,Page,Clear,Angle,no,no,no,no,no,False