master_record_number,agency,agency_tracking_number,county,city,collision_date,vehicles_involved,number_injured,number_dead,latitude,longitude,roadway_name,roadway_suffix,roadway_number,roadway_local_id,distance_from_reference,miles-feet_indicator,direction_from_reference,intersection_road_name,intersection_road_name_suffix,intersection_road_number,intersection_local_id,mile_marker,intersection_indicator,intersect_type,interchange_related_indicator,relation_to_junction,work_zone_type,construction_maintenance_zone,construction_maintenance_zone_location,fatal_case_number,officer_first_name,officer_last_name,weather_condition(s),manner_of_crash,pedestrian,bicycle,scooter,parking,hitrun,mou
101798891,METROPOLITAN NASHVILLE POLICE DEPT,20170928217,Davidson,Nashville,10/21/2017 1:10:00 AM,2,2,0,36.171840,-86.764770,S 5TH ST,,,,0.00,,,WOODLAND ST,,,,0.00,Y,Four-Way,N,Intersection,None,,,         ,Brady,Reynolds,Clear,Angle,no,no,no,no,no,False
101798898,METROPOLITAN NASHVILLE POLICE DEPT,20170928158,Davidson,Nashville,10/20/2017 11:30:00 PM,4,0,0,36.056170,-86.730310,N HILSON DR,,,,232.00,Feet,South,WESTCREST DR,,,,0.00,N,Not at Intersection, ,Non-Junction,None,,,         ,Stephen,Waterman,Clear,Angle,no,no,no,yes,no,False
101798909,METROPOLITAN NASHVILLE POLICE DEPT,20170928456,Davidson,Antioch,10/21/2017 3:09:00 AM,2,0,0,36.012860,-86.610910,HEIL QUAKER BLVD,,,,0.00,,,FIRESTONE PKWY,,,,0.00,Y,T-Intersection,N,Intersection,None,,,         ,Ryan,Storm,Clear,HeadOn,no,no,no,no,no,False
101798911,METROPOLITAN NASHVILLE POLICE DEPT,20170928404,Davidson,Nashville,10/21/2017 2:38:00 AM,2,0,0,36.172840,-86.765340,JAMES ROBERTSON PKWY,,,,0.00,,,MAIN ST,,,,0.00,Y,Four-Way, ,Intersection,None,,,         ,Wallis,Massey,Clear,Angle,no,no,no,no,no,False
101798914,METROPOLITAN NASHVILLE POLICE DEPT,20170928408,Davidson,Nashville,10/21/2017 1:25:00 AM,2,0,0,36.161410,-86.776260,BROADWAY,,,,99.00,Feet,West,3RD AVN,,,,0.00,N,Not at Intersection,N,Non-Junction,None,,,         ,Jason,Hogan,Clear,Angle,no,no,no,no,yes,False
101798937,METROPOLITAN NASHVILLE POLICE DEPT,20170928533,Davidson,Nashville,10/21/2017 4:03:00 AM,1,1,0,36.082870,-86.698190,I24 E ENT RAMP,,,,0.00,Feet,East,I 24,,,,0.00,N,Not at Intersection,N,Non-Junction,None,,,         ,Kurt,Lewton,Clear,Not Collision with Motor Vehicle in Transport,no,no,no,no,no,False
101798976,METROPOLITAN NASHVILLE POLICE DEPT,20170928587,Davidson,Nashville,10/21/2017 4:49:00 AM,1,1,0,36.070290,-86.684540,HAYWOOD LN,,,,0.00,Feet,,ANTIOCH PKE,,,,0.00,Y,T-Intersection,Y,Intersection,None,,,         ,Erik,Dabbs,Clear,Not Collision with Motor Vehicle in Transport,no,no,no,no,no,False
101798978,METROPOLITAN NASHVILLE POLICE DEPT,20170928040,Davidson,Nashville,10/20/2017 11:40:00 PM,1,1,0,36.105540,-86.922160,OLD HICKORY BLVD,,,,128.00,Feet,South,BELLE VALLEY DR,,,,0.00,N,Not at Intersection,N,Non-Junction,None,,,         ,Kristen,Morgan,Clear,Not Collision with Motor Vehicle in Transport,no,no,no,no,yes,False
101799003,METROPOLITAN NASHVILLE POLICE DEPT,20170923350,Davidson,Nashville,10/19/2017 12:01:00 PM,2,0,0,36.071910,-86.636170,BELL RD,,,,15.00,Feet,North,MURFREESBORO PKE,,,,0.00,N,Not at Intersection,N,Non-Junction,None,,,         ,Anthony,Cucci,Clear,Front to Rear,no,no,no,no,no,False
101799035,METROPOLITAN NASHVILLE POLICE DEPT,20170928411,Davidson,Nashville,10/21/2017 2:40:00 AM,2,1,0,36.158370,-86.822230,I 40,,,,0.00,,,,,,,206.00,N,Not at Intersection,N,Entrance/Exit Ramp Related,None,,,         ,Joshua,Green,Clear,Angle,no,no,no,no,no,False
101799050,METROPOLITAN NASHVILLE POLICE DEPT,20170927925,Davidson,Nashville,10/20/2017 10:39:00 PM,2,2,0,36.045610,-86.719770,OLD HICKORY BLVD,,,,0.00,,,ZERMATT AV,,,,0.00,Y,T-Intersection,Y,Intersection,None,,,         ,Jacob,West,Clear,Angle,no,no,no,no,no,False
101799099,METROPOLITAN NASHVILLE POLICE DEPT,20170928736,Davidson,Antioch,10/20/2017 11:00:00 PM,2,0,0,36.066078,-86.616663,CALUMET,DR,,,300.00,Feet,East,CALUMET,CT,,,0.00,N,Not at Intersection,N,Non-Junction,None,,,         ,Robert,Erickson,Unknown,"Sideswipe, Same Direction",no,no,no,no,yes,False
101799120,METROPOLITAN NASHVILLE POLICE DEPT,20170928774,Davidson,Nashville,10/21/2017 1:30:00 AM,2,0,0,36.202260,-86.598890,BELGIUM DR,,,,138.00,Feet,East,BELGIUM CT,,,,0.00,N,Not at Intersection,N,Non-Junction,None,,,         ,Cassandra,Del Bosco,Clear,Unknown,no,no,no,no,yes,False
101799124,THP District 3 - Nashville,317062162,Davidson,Not in City Limit,10/20/2017 7:25:00 AM,1,0,0,36.374800,-86.791280,GREER RD,,,,186.00,Feet,North,GREER RD PVTDR,,,,0.00,N,Not at Intersection, ,Non-Junction,None,,,         ,Tyler,Edwards,Clear,Not Collision with Motor Vehicle in Transport,no,no,no,no,no,False
101799133,METROPOLITAN NASHVILLE POLICE DEPT,20170928723,Davidson,Nashville,10/21/2017 6:50:00 AM,2,0,0,36.091900,-86.704560,I 24,,,,0.00,,,,,,,55.25,N,Not at Intersection,N,Non-Junction,None,,,         ,David,Smith,Clear,Front to Rear,no,no,no,no,no,False
101799148,METROPOLITAN NASHVILLE POLICE DEPT,20170928847,Davidson,Nashville,10/21/2017 6:40:00 AM,2,0,0,36.156060,-86.826060,I40 E EXT RAMP,,,,0.00,Feet,East,I 40,,,,0.00,N,Not at Intersection, ,Non-Junction,None,,,         ,Christopher,Royer,Clear,Front to Rear,no,no,no,no,no,False
101799175,METROPOLITAN NASHVILLE POLICE DEPT,20170928908,Davidson,Nashville,10/21/2017 9:00:00 AM,2,0,0,36.166100,-86.781330,CHARLOTTE,,,,50.00,Feet,West,,,,,0.10,N,Not at Intersection, ,Non-Junction,None,,,         ,Daniel,Russett,Clear,Front to Rear,no,no,no,no,no,False
101799189,METROPOLITAN NASHVILLE POLICE DEPT,20170928720,Davidson,Not in City Limit,10/21/2017 6:47:00 AM,1,0,0,36.270340,-86.701510,ROOSEVELT AV,,,,31.00,Feet,East,SEALEY DR,,,,0.00,N,Not at Intersection,N,Non-Junction,None,,,         ,Michael,Agee,Cloudy,Not Collision with Motor Vehicle in Transport,no,no,no,no,yes,False
101799209,METROPOLITAN NASHVILLE POLICE DEPT,20170929025,Davidson,Nashville,10/21/2017 10:30:00 AM,2,0,0,36.171430,-86.769040,JAMES ROBERTSON PKWY,,,,0.00,,,INTERSTATE DR,,,,0.00,Y,Four-Way, ,Non-Junction,None,,,         ,Daniel,Russett,Clear,"Sideswipe, Same Direction",no,no,no,no,no,False
101799211,METROPOLITAN NASHVILLE POLICE DEPT,20170928990,Davidson,Nashville,10/21/2017 10:00:00 AM,2,0,0,36.153570,-86.753200,HERMITAGE AV,,,,0.00,,,DECATUR AV,,,,0.00,Y,T-Intersection, ,Intersection-Related,None,,,         ,William,Mckay,Clear,Front to Rear,no,no,no,no,no,False
101799218,METROPOLITAN NASHVILLE POLICE DEPT,20170928976,Davidson,Nashville,10/21/2017 9:35:00 AM,2,0,0,36.040280,-86.773870,KRISTIN LN,,,,104.00,Feet,West,OAKES DR,,,,0.00,N,Not at Intersection, ,"Driveway, Alley Access, etc",None,,,         ,Phillip,Murphy,Clear,Rear to Side,no,no,no,no,no,False
101799239,METROPOLITAN NASHVILLE POLICE DEPT,20170929038,Davidson,Nashville,10/21/2017 10:30:00 AM,2,0,0,36.080310,-86.772730,FRANKLIN PKE,,,,602.00,Feet,South,ROBERTSON ACADEMY RD,,,,0.00,N,Not at Intersection,N,"Driveway, Alley Access, etc",None,,,         ,Phillip,Murphy,Clear,Front to Rear,no,no,no,no,no,False
101799241,METROPOLITAN NASHVILLE POLICE DEPT,20170928973,Davidson,Nashville,10/21/2017 9:50:00 AM,2,0,0,36.152740,-86.854490,BRILEY PKWY S EXT RAMP,,,,0.00,Feet,East,I 40,,,,0.00,N,Not at Intersection, ,Non-Junction,None,,,         ,Christopher,Royer,Cloudy,Angle,no,no,no,no,no,False
101799242,METROPOLITAN NASHVILLE POLICE DEPT,20170928999,Davidson,Nashville,10/21/2017 10:05:00 AM,2,1,0,36.155400,-86.765500,HERMITAGE AV,,,,205.00,Feet,East,ACADEMY PL,,,,0.00,N,Not at Intersection,N,Non-Junction,None,,,         ,Christian,Martin,Clear,Front to Rear,no,no,no,no,no,False
101799248,METROPOLITAN NASHVILLE POLICE DEPT,20170929085,Davidson,Nashville,10/21/2017 10:56:00 AM,2,0,0,36.090630,-86.659500,EVERGREEN RIDGE PT,,,,488.00,Feet,West,FRANKLIN LIMESTONE RD,,,,0.00,N,Not at Intersection, ,Non-Junction,None,,,         ,Sara,Lober,Cloudy,"Sideswipe, Same Direction",no,no,no,no,no,False
101799261,METROPOLITAN NASHVILLE POLICE DEPT,20170929096,Davidson,Not in City Limit,10/21/2017 11:15:00 AM,2,0,0,36.052360,-86.954050,SOUTH COLONY CT,,,,39.00,Feet,West,WILLOW OAK DR,,,,0.00,N,Not at Intersection,N,Non-Junction,None,,,         ,Wesley,Tilley,Clear,Angle,no,no,no,no,no,False
101799267,METROPOLITAN NASHVILLE POLICE DEPT,20170929037,Davidson,Not in City Limit,10/21/2017 10:25:00 AM,2,0,0,36.263070,-86.711920,STATE RT 45,,,,0.00,Feet,West,GALLATIN PKEN,,,,0.00,N,Not at Intersection, ,Non-Junction,None,,,         ,Terrence,Bradley,Clear,"Sideswipe, Same Direction",no,no,no,no,no,False
101799268,METROPOLITAN NASHVILLE POLICE DEPT,20170929089,Davidson,Nashville,10/21/2017 11:06:00 AM,2,0,0,36.250110,-86.718920,GALLATIN PKES,,,,281.00,Feet,South,MOVING CENTER CT,,,,0.00,N,Not at Intersection, ,Non-Junction,None,,,         ,Michael,Agee,Cloudy,Angle,no,no,no,no,no,False
101799281,METROPOLITAN NASHVILLE POLICE DEPT,20170929149,Davidson,Nashville,10/21/2017 11:24:00 AM,2,0,0,36.130290,-86.899940,CHARLOTTE PKE,,,,0.00,,,I40 W EXT RAMP,,,,0.00,Y,T-Intersection, ,Entrance/Exit Ramp Related,None,,,         ,Adam,Reese,Cloudy,Front to Rear,no,no,no,no,no,False
101799282,METROPOLITAN NASHVILLE POLICE DEPT,20170929082,Davidson,Old Hickory,10/21/2017 10:25:00 AM,2,0,0,36.269500,-86.663350,RAYON DR,,,,350.00,Feet,South,BRIDGEWAY AV,,,,0.00,N,Not at Intersection, ,Non-Junction,None,,,         ,Cassandra,Del Bosco,Clear,Rear to Rear,no,no,no,no,no,False
101799290,METROPOLITAN NASHVILLE POLICE DEPT,20170929109,Davidson,Nashville,10/21/2017 11:30:00 AM,2,0,0,36.143290,-86.703910,I 40,,,,0.00,,,,,,,214.50,N,Not at Intersection, ,Non-Junction,None,,,         ,Gerry,Hutcheson,Clear,Front to Rear,no,no,no,no,no,False
101799297,METROPOLITAN NASHVILLE POLICE DEPT,20170929073,Davidson,Nashville,10/21/2017 10:35:00 AM,2,0,0,36.150150,-86.857950,CHARLOTTE PKE,,,,0.00,,,WHITE BRIDGE PKE,,,,0.00,Y,Four-Way, ,Intersection,None,,,         ,Brian,Myatt,Clear,Front to Rear,no,no,no,no,no,False
101799302,METROPOLITAN NASHVILLE POLICE DEPT,20170929155,Davidson,Nashville,10/21/2017 11:54:00 AM,2,0,0,36.241020,-86.757320,DICKERSON PKE,,,,93.00,Feet,South,BRILEY PKWYE,,,,0.00,N,Not at Intersection,N,Non-Junction,None,,,         ,Brandon,Wood,Clear,Front to Rear,no,no,no,no,no,False
101799303,METROPOLITAN NASHVILLE POLICE DEPT,20170929049,Davidson,Nashville,10/21/2017 10:35:00 AM,2,0,0,36.169990,-86.772710,S 1ST ST,,,,0.00,,,MAIN ST,,,,0.00,Y,Four-Way,N,Non-Junction,None,,,         ,Steven,Folliard,Clear,Front to Rear,no,no,no,no,no,False
101799338,METROPOLITAN NASHVILLE POLICE DEPT,20170929130,Davidson,Nashville,10/21/2017 11:45:00 AM,3,0,0,36.137560,-86.882470,CHARLOTTE PKE,,,,424.00,Feet,East,SUMMERLY DR,,,,0.00,N,Not at Intersection,N,Non-Junction,None,,,         ,Regina,Lewis,Cloudy,Front to Rear,no,no,no,no,no,False
101799343,METROPOLITAN NASHVILLE POLICE DEPT,20170928860,Davidson,Nashville,10/21/2017 8:30:00 AM,2,1,0,36.141140,-86.721950,I40 W EXT RAMP,,,,0.00,,,I 40,,,,0.00,Y,T-Intersection,N,Intersection,None,,,         ,FELIKS,ABRAHAMYAN,Clear,Unknown,no,no,no,no,no,False
101799348,METROPOLITAN NASHVILLE POLICE DEPT,20170929042,Davidson,Nashville,10/21/2017 10:34:00 AM,2,3,0,36.049980,-86.649500,MT VIEW RD,,,,0.00,,,BELL RD,,,,0.00,Y,Four-Way,N,Intersection,None,,,         ,Robert,Erickson,Clear,Angle,no,no,no,no,no,False
101799378,METROPOLITAN NASHVILLE POLICE DEPT,20170929094,Davidson,Nashville,10/21/2017 11:00:00 AM,2,0,0,36.055010,-86.642410,ZELIDA AV,,,,0.00,,,BELL RD,,,,0.00,Y,Four-Way,N,Intersection,None,,,         ,Roderic,Williams,Clear,Front to Rear,no,no,no,no,no,False
101799382,METROPOLITAN NASHVILLE POLICE DEPT,2017-0925950,Davidson,Nashville,10/20/2017 7:51:00 AM,3,2,0,36.042450,-86.653800,I 24,,,,0.00,,,,,,,59.75,N,Not at Intersection,N,Non-Junction,None,,,         ,William,Whitworth,Clear,Front to Rear,no,no,no,no,no,False
101799383,METROPOLITAN NASHVILLE POLICE DEPT,2017-0926120,Davidson,Nashville,10/20/2017 8:12:00 AM,2,0,0,36.085270,-86.728550,NOLENSVILLE PKE,,,,191.00,Feet,North,PARAGON MILLS RD,,,,0.00,N,Not at Intersection,N,Non-Junction,None,,,         ,William,Whitworth,Clear,Front to Rear,no,no,no,no,yes,False
101799384,METROPOLITAN NASHVILLE POLICE DEPT,2017-0926783,Davidson,Nashville,10/20/2017 1:48:00 PM,2,0,0,36.144750,-86.739660,I 40,,,,0.00,,,,,,,212.30,N,Not at Intersection,N,Non-Junction,None,,,         ,William,Whitworth,Clear,Front to Rear,no,no,no,no,no,False
101799387,METROPOLITAN NASHVILLE POLICE DEPT,2017-0926831,Davidson,Nashville,10/20/2017 2:47:00 PM,2,2,0,36.144340,-86.738960,I 40,,,,0.00,,,,,,,212.35,N,Not at Intersection,N,Non-Junction,None,,,         ,William,Whitworth,Clear,Front to Rear,no,no,no,no,yes,False
101799389,METROPOLITAN NASHVILLE POLICE DEPT,20170929160,Davidson,Nashville,10/21/2017 12:05:00 PM,2,0,0,36.149030,-86.746430,I 40,,,,0.00,,,,,,,211.85,N,Not at Intersection,N,Non-Junction,Maintenance Zone,Laneclosure,Transition Area,         ,Scott,Toney,Cloudy,Front to Rear,no,no,no,no,yes,False
101799391,METROPOLITAN NASHVILLE POLICE DEPT,20170929111,Davidson,Nashville,10/21/2017 11:30:00 AM,2,3,0,36.154120,-86.762170,I 40,,,,0.00,,,,,,,210.85,N,Not at Intersection,N,Non-Junction,None,,,         ,Michael,Brooks,Cloudy,Not Collision with Motor Vehicle in Transport,no,no,no,no,no,False
101799402,METROPOLITAN NASHVILLE POLICE DEPT,20170929164,Davidson,Nashville,10/21/2017 11:33:00 AM,2,0,0,36.160880,-86.777110,4TH AVS,,,,56.00,Feet,South,BROADWAY,,,,0.00,N,Not at Intersection,N,Unknown,None,,,         ,Kevin,Johnson,Clear,"Sideswipe, Same Direction",no,no,no,no,no,False
101799403,METROPOLITAN NASHVILLE POLICE DEPT,20170929219,Davidson,Nashville,10/21/2017 12:52:00 PM,2,1,0,36.140620,-86.721440,I 40,,,,0.00,,,,,,,213.55,N,Not at Intersection,N,Non-Junction,None,,,         ,Anthony,Cucci,Clear,Front to Rear,no,no,no,no,no,False
101799406,METROPOLITAN NASHVILLE POLICE DEPT,20170929196,Davidson,Nashville,10/21/2017 12:36:00 PM,2,3,0,36.141760,-86.713070,I 40,,,,0.00,,,,,,,214.00,N,Not at Intersection,N,Non-Junction,None,,,         ,Jed,Baldoni,Clear,Front to Rear,no,no,no,no,no,False
101799407,METROPOLITAN NASHVILLE POLICE DEPT,20170929153,Davidson,Nashville,10/21/2017 11:40:00 AM,2,0,0,36.068960,-86.687400,I24 W EXT RAMP,,,,0.00,Feet,East,I 24,,,,0.00,N,Not at Intersection, ,Entrance/Exit Ramp Related,None,,,         ,James,Thomas,Cloudy,Front to Rear,no,no,no,no,no,False
101799408,METROPOLITAN NASHVILLE POLICE DEPT,20170929187,Davidson,Nashville,10/21/2017 12:10:00 PM,2,0,0,36.127030,-86.804010,BEECHWOOD AV,,,,0.00,,,21ST AVS,,,,0.00,Y,T-Intersection, ,Intersection,None,,,         ,Phillip,Murphy,Clear,Angle,no,no,no,no,no,False
101799411,METROPOLITAN NASHVILLE POLICE DEPT,20170929214,Davidson,Not in City Limit,10/21/2017 12:51:00 PM,2,3,0,36.269670,-86.695000,ROOSEVELT AV,,,,32.00,Feet,West,MAY DR,,,,0.00,N,Not at Intersection,N,Non-Junction,None,,,         ,Michael,Agee,Cloudy,Angle,no,no,no,no,no,False
101799421,METROPOLITAN NASHVILLE POLICE DEPT,20170929278,Davidson,Nashville,10/21/2017 1:46:00 PM,2,0,0,36.124740,-86.696280,BRILEY PKWY,,,,163.00,Feet,North,VULTEE BLVD,,,,0.00,N,Not at Intersection, ,,None,,,         ,Terry,Denton,,,no,no,no,no,no,False
101799426,METROPOLITAN NASHVILLE POLICE DEPT,20170929267,Davidson,Nashville,10/21/2017 1:20:00 PM,2,1,0,36.147550,-86.868810,CHARLOTTE PKE,,,,0.00,Feet,,CROLEY DR,,,,0.00,Y,T-Intersection,N,Intersection,None,,,         ,Brian,Myatt,Clear,Angle,no,no,no,no,no,False
101799461,METROPOLITAN NASHVILLE POLICE DEPT,20170929201,Davidson,Nashville,10/21/2017 12:41:00 PM,2,0,0,36.135540,-86.797170,MAGNOLIA BLVD,,,,0.00,,,17TH AVS,,,,0.00,Y,T-Intersection,N,Intersection-Related,None,,,         ,Phillip,Murphy,Clear,Angle,no,no,no,no,no,False
101799491,METROPOLITAN NASHVILLE POLICE DEPT,20170929277,Davidson,Nashville,10/21/2017 1:43:00 PM,1,1,0,36.203620,-86.739040,E TRINITY LN,,,,154.00,Feet,West,GALLATIN PKE,,,,0.00,N,Not at Intersection,N,Non-Junction,None,,,         ,Tony,Folad,Clear,Not Collision with Motor Vehicle in Transport,no,no,no,no,no,False
101799524,METROPOLITAN NASHVILLE POLICE DEPT,20170929275,Davidson,Nashville,10/21/2017 1:17:00 PM,2,0,0,36.115250,-86.791990,BATTLEFIELD DR,,,,0.00,Feet,,GRANNY WHITE PKE,,,,0.00,Y,Four-Way,N,Intersection,None,,,         ,Phillip,Murphy,Clear,Angle,no,no,no,no,no,False
101799546,METROPOLITAN NASHVILLE POLICE DEPT,20170929370,Davidson,Nashville,10/21/2017 2:52:00 PM,3,0,0,36.143140,-86.874270,CHARLOTTE PKE,,,,28.00,Feet,West,CHARLOTTE ROAD CIR,,,,0.00,N,Not at Intersection, ,Non-Junction,None,,,         ,Ethan,Usherwood,Clear,Front to Rear,no,no,no,no,no,False
101799560,METROPOLITAN NASHVILLE POLICE DEPT,20170929391,Davidson,Not in City Limit,10/21/2017 3:00:00 PM,2,0,0,36.306500,-86.682990,NORTHSIDE MARKETPLACE PVTDR,,,,132.00,Feet,West,GALLATIN PKEN,,,,0.00,N,Not at Intersection,N,Non-Junction,None,,,         ,Christopher,Littles,Cloudy,Angle,no,no,no,yes,yes,False
101799578,METROPOLITAN NASHVILLE POLICE DEPT,20170929380,Davidson,Nashville,10/21/2017 2:56:00 PM,2,0,0,36.166340,-86.779070,3RD AVN,,,,0.00,,,DEADERICK ST,,,,0.00,Y,T-Intersection, ,Intersection,None,,,         ,Brian,Woodard,Clear,Angle,no,no,no,no,no,False
101799580,Nashville Airport Police,2017-03734,Davidson,Nashville,10/18/2017 9:24:00 PM,1,0,0,36.133410,-86.665080,BNA DR,,,,0.00,,,,,,,0.00,,Not at Intersection, ,Non-Junction,None,,,         ,Jeremy,Riel,Clear,Unknown,no,no,no,yes,no,False
101799590,METROPOLITAN NASHVILLE POLICE DEPT,20170929186,Davidson,Nashville,10/21/2017 12:29:00 PM,2,0,0,36.143630,-86.701250,I40 E EXT RAMP,,,,0.00,Feet,East,I 40,,,,0.00,N,Not at Intersection,N,Non-Junction,None,,,         ,Patrick,Taylor,Clear,Front to Rear,no,no,no,no,yes,False
101799601,METROPOLITAN NASHVILLE POLICE DEPT,20170929455,Davidson,Nashville,10/21/2017 4:05:00 PM,2,0,0,36.151760,-86.768630,2ND AVS,,,,0.00,,,I40 W EXT RAMP,,,,0.00,Y,Four-Way, ,Intersection,None,,,         ,Chad,Wilkinson,Clear,Front to Rear,no,no,no,no,no,False
101799627,METROPOLITAN NASHVILLE POLICE DEPT,20170929442,Davidson,Nashville,10/21/2017 3:50:00 PM,2,0,0,36.141530,-86.714470,I 40,,,,0.00,,,,,,,214.00,N,Not at Intersection,N,Non-Junction,None,,,         ,Tyler,Maupin,Clear,Front to Rear,no,no,no,no,yes,False
101799633,METROPOLITAN NASHVILLE POLICE DEPT,20170929478,Davidson,Nashville,10/21/2017 1:23:00 PM,2,0,0,36.067860,-86.631740,MURFREESBORO PKE,,,,218.00,Feet,North,FOREST VIEW DR,,,,0.00,N,Not at Intersection, ,Non-Junction,None,,,         ,Benny,Pittman,Cloudy,Front to Rear,no,no,no,no,no,False
101799652,METROPOLITAN NASHVILLE POLICE DEPT,20170929449,Davidson,Nashville,10/21/2017 3:55:00 PM,3,0,0,36.171960,-86.798920,I65 N ENT RAMP,,,,0.00,Feet,East,I 40,,,,0.00,N,Not at Intersection,N,Non-Junction,None,,,         ,Landon,Bagwell,Clear,Front to Rear,no,no,no,no,no,False
101799670,METROPOLITAN NASHVILLE POLICE DEPT,20170929369,Davidson,Nashville,10/21/2017 2:55:00 PM,2,0,0,36.194400,-86.772300,DOUGLAS AV,,,,15.00,Feet,East,DICKERSON PKE,,,,0.00,N,Not at Intersection,Y,Non-Junction,None,,,         ,Thomas,Miller,Clear,Angle,no,no,no,no,no,False
101799691,METROPOLITAN NASHVILLE POLICE DEPT,20170929402,Davidson,Nashville,10/21/2017 1:05:00 PM,2,0,0,36.226640,-86.744680,LEMONT DR,,,,268.00,Feet,South,POPLAR PL,,,,0.00,N,Not at Intersection, ,Non-Junction,None,,,         ,Phillip,Box,Clear,"Sideswipe, Same Direction",no,no,no,no,yes,False
101799693,METROPOLITAN NASHVILLE POLICE DEPT,20170929486,Davidson,Nashville,10/21/2017 3:28:00 PM,2,0,0,36.140730,-86.732280,I 40,,,,0.00,,,,,,,213.00,N,Not at Intersection, ,Non-Junction,None,,,         ,Jonathan,Cavezza,Clear,Front to Rear,no,no,no,no,no,False
101799694,METROPOLITAN NASHVILLE POLICE DEPT,20170929536,Davidson,Nashville,10/21/2017 4:46:00 PM,2,1,0,36.128590,-86.777890,FRANKLIN PKE,,,,0.00,,,8TH AVS,,,,0.00,Y,Four-Way,N,Intersection,None,,,         ,Ryan,Cagle,Clear,Angle,no,no,no,no,no,False
101799720,METROPOLITAN NASHVILLE POLICE DEPT,20170929616,Davidson,Nashville,10/21/2017 5:20:00 PM,2,1,0,36.145750,-86.664830,ROYAL PKWY,,,,529.00,Feet,East,DONELSON PKE,,,,0.00,N,Not at Intersection,Y,"Driveway, Alley Access, etc",None,,,         ,Brent,Hedgcoth,Clear,Angle,no,no,no,no,no,False
101799725,METROPOLITAN NASHVILLE POLICE DEPT,20170929689,Davidson,Nashville,10/21/2017 5:35:00 PM,1,1,0,36.233400,-86.768140,I 65,,,,0.00,,,,,,,89.30,N,Not at Intersection,N,Non-Junction,None,,,         ,Christopher,Littles,Clear,Not Collision with Motor Vehicle in Transport,no,no,no,no,no,False
101799775,METROPOLITAN NASHVILLE POLICE DEPT,20170929667,Davidson,Nashville,10/21/2017 5:37:00 PM,2,0,0,36.079710,-86.641020,WILLOWBRANCH DR,,,,549.00,Feet,West,TOWNVIEW PL,,,,0.00,N,Not at Intersection, ,Non-Junction,None,,,         ,Kimberly,Annson,Clear,HeadOn,no,no,no,no,no,False
101799776,METROPOLITAN NASHVILLE POLICE DEPT,20170929629,Davidson,Nashville,10/21/2017 5:31:00 PM,1,1,0,36.152580,-86.795290,18TH AVS,,,,0.00,,,,,,,0.00,,,N,Non-Junction,None,,,         ,Brandon,Rardin,Clear,Not Collision with Motor Vehicle in Transport,no,no,no,yes,no,False
101799781,METROPOLITAN NASHVILLE POLICE DEPT,20170929573,Davidson,Nashville,10/21/2017 5:05:00 PM,2,0,0,36.174710,-86.760480,MAIN ST,,,,150.00,Feet,East,N 7TH ST,,,,0.00,N,Not at Intersection,N,Non-Junction,None,,,         ,Alexander,Georgeson,Clear,Front to Rear,no,no,no,no,no,False
101799782,METROPOLITAN NASHVILLE POLICE DEPT,20170929764,Davidson,Nashville,10/21/2017 5:37:00 PM,2,0,0,36.047070,-86.647990,MT VIEW RD,,,,0.00,,,BELL FORGE LNE,,,,0.00,Y,Four-Way,Y,Intersection,None,,,         ,Jedidayah,Merriweather,Clear,Front to Rear,no,no,no,no,yes,False
101799783,VANDERBILT UNIVERSITY POLICE,2017-0929568,Davidson,Nashville,10/21/2017 4:45:00 PM,2,0,0,36.142370,-86.805760,HIGHLAND AV,,,,0.00,,,,,,,0.00,,, ,Non-Junction,None,,,         ,Christopher,Dion,Clear,Front to Rear,no,no,no,yes,no,Campus
101799787,METROPOLITAN NASHVILLE POLICE DEPT,20170929796,Davidson,Nashville,10/21/2017 6:58:00 PM,2,2,0,36.141180,-86.716610,I 40,,,,0.00,,,,,,,213.80,N,Not at Intersection,N,Non-Junction,None,,,         ,Tyler,Maupin,Clear,Front to Rear,no,no,no,no,no,False
101799808,BRENTWOOD POLICE DEPT,201700038140,Davidson,Nashville,10/21/2017 7:30:00 PM,2,0,0,36.037230,-86.786610,FRANKLIN PKE,,,,63.00,Feet,South,OLD HICKORY BLVD,,,,0.00,N,Not at Intersection, ,,None,,,         ,Christopher,Maga,,,no,no,no,no,no,False
101799826,METROPOLITAN NASHVILLE POLICE DEPT,20170929842,Davidson,Nashville,10/21/2017 6:45:00 PM,2,0,0,36.169150,-86.812650,I 40,,,,0.00,,,,,,,207.00,N,Not at Intersection,N,Non-Junction,None,,,         ,Landon,Bagwell,Clear,Other,no,no,no,no,no,False
101799839,BERRY HILL POLICE DEPT,17-3596,Davidson,Nashville,10/21/2017 7:40:00 PM,2,0,0,36.105260,-86.763530,POWELL AV,,,,0.00,,,ARMORY OAKS DR,,,,0.00,Y,OTHER, ,Non-Junction,None,,,         ,Stephen,Reece,Clear,"Sideswipe, Same Direction",no,no,no,no,no,False
101799868,METROPOLITAN NASHVILLE POLICE DEPT,20170929798,Davidson,Nashville,10/21/2017 7:01:00 PM,2,0,0,36.141930,-86.712140,I 40,,,,0.00,,,,,,,214.10,N,Not at Intersection, ,Non-Junction,None,,,         ,Patrick,Taylor,Clear,Front to Rear,no,no,no,no,no,False
101799869,METROPOLITAN NASHVILLE POLICE DEPT,20170929883,Davidson,Nashville,10/21/2017 7:05:00 PM,3,0,0,36.142180,-86.710670,I 40,,,,0.00,,,,,,,214.15,N,Not at Intersection,N,Non-Junction,None,,,         ,Patrick,Taylor,Clear,Front to Rear,no,no,no,no,yes,False