master_record_number,agency,agency_tracking_number,county,city,collision_date,vehicles_involved,number_injured,number_dead,latitude,longitude,roadway_name,roadway_suffix,roadway_number,roadway_local_id,distance_from_reference,miles-feet_indicator,direction_from_reference,intersection_road_name,intersection_road_name_suffix,intersection_road_number,intersection_local_id,mile_marker,intersection_indicator,intersect_type,interchange_related_indicator,relation_to_junction,work_zone_type,construction_maintenance_zone,construction_maintenance_zone_location,fatal_case_number,officer_first_name,officer_last_name,weather_condition(s),manner_of_crash,pedestrian,bicycle,scooter,parking,hitrun,mou
101801011,METROPOLITAN NASHVILLE POLICE DEPT,20170932976,Davidson,Nashville,10/23/2017 4:50:00 AM,2,1,0,36.111050,-86.722700,I 24,,,,0.00,,,,,,,53.60,N,Not at Intersection,N,Non-Junction,None,,,         ,Dale,Dameron,Rain,Not Collision with Motor Vehicle in Transport,no,no,no,no,no,False
101801012,METROPOLITAN NASHVILLE POLICE DEPT,20170933037,Davidson,Nashville,10/23/2017 4:28:00 AM,2,0,0,36.050410,-86.667510,I 24,,,,0.00,,,,,,,58.80,N,Not at Intersection,N,Non-Junction,None,,,         ,Autumn,Manning,Rain,Angle,no,no,no,no,no,False
101801016,METROPOLITAN NASHVILLE POLICE DEPT,20170932905,Davidson,Nashville,10/23/2017 4:10:00 AM,2,2,0,36.142030,-86.678510,I 40,,,,0.00,,,,,,,215.95,N,Not at Intersection,N,Non-Junction,None,,,         ,Chad,Mahoney,Rain,Not Collision with Motor Vehicle in Transport,no,no,no,no,no,False
101801019,METROPOLITAN NASHVILLE POLICE DEPT,20170933045,Davidson,Nashville,10/23/2017 5:50:00 AM,1,1,0,36.196890,-86.752450,ELLINGTON PKWYS,,,,129.00,Feet,North,ELLINGTON PKWYN,,,,0.00,N,Not at Intersection,N,Non-Junction,None,,,         ,Robert,Crow,Rain,Not Collision with Motor Vehicle in Transport,no,no,no,no,no,False
101801026,METROPOLITAN NASHVILLE POLICE DEPT,20170932967,Davidson,Nashville,10/23/2017 4:58:00 AM,1,0,0,36.163110,-86.793810,I40 E EXT RAMP,,,,0.00,Feet,East,I 40,,,,0.00,N,Not at Intersection, ,Non-Junction,None,,,         ,Akira,McSwain,Rain,Not Collision with Motor Vehicle in Transport,no,no,no,no,no,False
101801031,METROPOLITAN NASHVILLE POLICE DEPT,20170933044,Davidson,Nashville,10/23/2017 6:00:00 AM,2,2,0,36.049980,-86.649500,MT VIEW RD,,,,0.00,Feet,,BELL RD,,,,0.00,Y,Four-Way,N,Intersection,None,,,         ,Leonard,Cato,Rain,Angle,no,no,no,no,no,False
101801032,METROPOLITAN NASHVILLE POLICE DEPT,20170933108,Davidson,Nashville,10/23/2017 6:50:00 AM,2,0,0,36.154130,-86.788300,I 40,,,,0.00,,,,,,,209.30,N,Not at Intersection, ,Non-Junction,None,,,         ,Nathan,Kemp,Rain,Front to Rear,no,no,no,no,no,False
101801063,METROPOLITAN NASHVILLE POLICE DEPT,20170933046,Davidson,Nashville,10/23/2017 5:45:00 AM,2,0,0,36.151800,-86.771250,LAFAYETTE ST,,,,0.00,,,4TH AVS,,,,0.00,Y,Four-Way,N,Non-Junction,None,,,         ,Paxton,Montgomery,Rain,Angle,no,no,no,no,no,False
101801067,METROPOLITAN NASHVILLE POLICE DEPT,20170933128,Davidson,Nashville,10/23/2017 6:28:00 AM,2,1,0,36.044860,-86.670430,BELL RD,,,,0.00,,,HICKORY PARK DR,,,,0.00,Y,T-Intersection,N,Intersection,None,,,         ,Caleb,Jernigan,Rain,Front to Rear,no,no,no,no,yes,False
101801072,METROPOLITAN NASHVILLE POLICE DEPT,20170933167,Davidson,Nashville,10/23/2017 6:45:00 AM,2,0,0,36.108900,-86.922460,OLD HICKORY BLVD,,,,340.00,Feet,South,SONYA DR,,,,0.00,N,Not at Intersection, ,Non-Junction,None,,,         ,Charles,Boles,Rain,Front to Rear,no,no,no,no,no,False
101801085,METROPOLITAN NASHVILLE POLICE DEPT,2017-0933101,Davidson,Nashville,10/23/2017 6:30:00 AM,2,0,0,36.064790,-86.628480,HAMILTON CHURCH RD,,,,0.00,,,MURFREESBORO PKE,,,,0.00,Y,Four-Way,N,Intersection,None,,,         ,William,Whitworth,Rain,Angle,no,no,no,no,no,False
101801086,METROPOLITAN NASHVILLE POLICE DEPT,2017-0933197,Davidson,Nashville,10/23/2017 7:28:00 AM,1,0,0,36.084230,-86.735860,ELYSIAN FIELDS RD,,,,613.00,Feet,West,LYNN DR,,,,0.00,N,Not at Intersection, ,Non-Junction,None,,,         ,Timothy,Edwards,Rain,Not Collision with Motor Vehicle in Transport,no,no,no,no,no,False
101801095,METROPOLITAN NASHVILLE POLICE DEPT,20170933228,Davidson,Nashville,10/23/2017 7:38:00 AM,2,0,0,36.215930,-86.689210,PENNINGTON BEND RD,,,,0.00,,,MCGAVOCK PKE,,,,0.00,Y,T-Intersection, ,Intersection-Related,None,,,         ,James,Curtis,Rain,Front to Rear,no,no,no,no,no,False
101801098,METROPOLITAN NASHVILLE POLICE DEPT,20170933141,Davidson,Nashville,10/23/2017 7:05:00 AM,2,0,0,36.085580,-86.699670,I 24,,,,0.00,,,,,,,55.75,N,Not at Intersection, ,Non-Junction,None,,,         ,Michael,Dudley,Rain,Front to Rear,no,no,no,no,no,False
101801101,METROPOLITAN NASHVILLE POLICE DEPT,20170933293,Davidson,Not in City Limit,10/23/2017 8:05:00 AM,2,1,0,36.264170,-86.735470,I65 N EXT RAMP,,,,83.00,Feet,West,BOYDS HILLTOP DR,,,,0.00,N,Not at Intersection,N,Entrance/Exit Ramp Related,None,,,         ,Thomas,Odom,Rain,Front to Rear,no,no,no,no,no,False
101801102,METROPOLITAN NASHVILLE POLICE DEPT,20170933159,Davidson,Not in City Limit,10/23/2017 6:35:00 AM,2,1,0,36.291040,-86.810240,I 24,,,,0.00,,,,,,,39.40,N,Not at Intersection,N,Non-Junction,None,,,         ,Michael,McCord,Rain,Front to Rear,no,no,no,no,no,False
101801116,METROPOLITAN NASHVILLE POLICE DEPT,20170933204,Davidson,Nashville,10/23/2017 7:20:00 AM,1,1,0,36.151040,-86.862510,I40 E EXT RAMP,,,,0.00,Feet,East,I 40,,,,0.00,N,Not at Intersection,N,Entrance/Exit Ramp Related,None,,,         ,Nicholas,Silinsky,Rain,Not Collision with Motor Vehicle in Transport,no,no,no,no,no,False
101801117,METROPOLITAN NASHVILLE POLICE DEPT,20170933342,Davidson,Nashville,10/23/2017 8:28:00 AM,2,0,0,36.139630,-86.700310,BRILEY PKWY,,,,41.00,Feet,North,KAREN DR,,,,0.00,N,Not at Intersection, ,Non-Junction,None,,,         ,MIchael,Mihajlov,Rain,Front to Rear,no,no,no,no,no,False
101801123,METROPOLITAN NASHVILLE POLICE DEPT,2017-0933357,Davidson,Not in City Limit,10/23/2017 8:32:00 AM,2,0,0,36.260420,-86.738440,I 65,,,,0.00,,,,,,,92.00,N,Not at Intersection, ,,None,,,         ,Arthur,Hipp,,,no,no,no,no,no,False
101801133,METROPOLITAN NASHVILLE POLICE DEPT,2017-0933360,Davidson,Nashville,10/23/2017 8:33:00 AM,3,1,0,36.043850,-86.661020,CANE RIDGE RD,,,,229.00,Feet,East,CANEWOOD DR,,,,0.00,N,Not at Intersection,N,OtherLocation,None,,,         ,William,Whitworth,Cloudy,Front to Rear,no,no,no,yes,yes,False
101801138,METROPOLITAN NASHVILLE POLICE DEPT,20170933104,Davidson,Nashville,10/23/2017 6:43:00 AM,2,1,0,36.236760,-86.744130,I65 S EXT RAMP,,,,0.00,Feet,East,BRILEY PKWY E EXT RAMP,,,,0.00,N,Not at Intersection,N,Entrance/Exit Ramp Related,None,,,         ,Richard,Conger,Rain,Front to Rear,no,no,no,no,no,False
101801139,METROPOLITAN NASHVILLE POLICE DEPT,20170933353,Davidson,Nashville,10/23/2017 8:21:00 AM,2,0,0,36.193200,-86.752960,ELLINGTON PKWYS,,,,58.00,Feet,South,DOUGLAS AV,,,,0.00,N,Not at Intersection, ,Non-Junction,None,,,         ,Richard,Conger,Cloudy,Front to Rear,no,no,no,no,no,False
101801156,METROPOLITAN NASHVILLE POLICE DEPT,20170933339,Davidson,Nashville,10/23/2017 8:19:00 AM,2,1,0,36.201870,-86.776850,I 65,,,,0.00,,,,,,,87.00,N,Not at Intersection,N,Non-Junction,None,,,         ,Michael,McCord,Rain,"Sideswipe, Same Direction",no,no,no,no,no,False
101801159,METROPOLITAN NASHVILLE POLICE DEPT,20170933242,Davidson,Not in City Limit,10/23/2017 7:45:00 AM,2,0,0,35.991200,-86.683490,NOLENSVILLE RD,,,,0.00,Feet,,BURKITT RD,,,,0.00,Y,T-Intersection,N,Intersection-Related,None,,,         ,Sharissa,Perez,Cloudy,Front to Rear,no,no,no,no,no,False
101801174,METROPOLITAN NASHVILLE POLICE DEPT,20170933548,Davidson,Nashville,10/23/2017 9:50:00 AM,3,0,0,36.109490,-86.769930,I 65,,,,0.00,,,,,,,79.70,N,Not at Intersection,N,Non-Junction,None,,,         ,Nathan,Kemp,Clear,Front to Rear,no,no,no,no,no,False
101801177,METROPOLITAN NASHVILLE POLICE DEPT,20170933423,Davidson,Nashville,10/23/2017 9:00:00 AM,2,0,0,36.233580,-86.723960,GALLATIN PKE NB EXT RAMP,,,,0.00,,,BRILEY PKWY E ENT RAMP,,,,0.00,Y,Y-Intersection, ,Entrance/Exit Ramp Related,None,,,         ,Doyle,Price,Rain,Front to Rear,no,no,no,no,no,False
101801189,METROPOLITAN NASHVILLE POLICE DEPT,20170933539,Davidson,Nashville,10/23/2017 9:30:00 AM,2,0,0,36.162000,-86.781030,6TH AVN,,,,279.00,Feet,South,CHURCH ST,,,,0.00,N,Not at Intersection,N,Non-Junction,None,,,         ,Randall,Ward,Clear,Unknown,no,no,no,yes,yes,False
101801203,METROPOLITAN NASHVILLE POLICE DEPT,20170933247,Davidson,Nashville,10/23/2017 7:45:00 AM,2,0,0,36.073870,-86.623510,ANDERSON RD,,,,0.00,Feet,,OWENDALE DR,,,,0.00,Y,Four-Way,N,Intersection,None,,,         ,Brandon,O'Guin,Rain,Angle,no,no,no,no,no,False
101801211,METROPOLITAN NASHVILLE POLICE DEPT,20170933449,Davidson,Antioch,10/23/2017 9:15:00 AM,2,1,0,36.015140,-86.620270,I24 W EXT RAMP,,,,0.00,,,I 24,,,,0.00,Y,Four-Way,Y,Intersection,None,,,         ,Blake,Lutz,Rain,Angle,no,no,no,no,no,False
101801213,METROPOLITAN NASHVILLE POLICE DEPT,20170933165,Davidson,Nashville,10/23/2017 12:00:00 AM,4,1,0,36.238060,-86.786520,BRILEY PKWYW,,,,79.00,Feet,East,I24 E ENT RAMP,,,,0.00,N,Not at Intersection,N,Non-Junction,None,,,         ,William,Caillouette,Rain,Front to Rear,no,no,no,no,no,False
101801215,METROPOLITAN NASHVILLE POLICE DEPT,20170933475,Davidson,Nashville,10/23/2017 9:20:00 AM,2,0,0,36.152200,-86.842220,CHARLOTTE AV,,,,0.00,Feet,,46TH AVN,,,,0.00,Y,Four-Way, ,Intersection,None,,,         ,Nicholas,Silinsky,Cloudy,Front to Rear,no,no,no,no,yes,False
101801233,METROPOLITAN NASHVILLE POLICE DEPT,20170933662,Davidson,Nashville,10/23/2017 10:20:00 AM,2,0,0,36.121920,-86.807210,HILLSBORO PKE,,,,63.00,Feet,South,I440 E EXT RAMP,,,,0.00,N,Not at Intersection,N,Non-Junction,None,,,         ,Christopher,Royer,Cloudy,Front to Rear,no,no,no,no,yes,False
101801235,METROPOLITAN NASHVILLE POLICE DEPT,20170933774,Davidson,Nashville,10/23/2017 11:17:00 AM,1,0,0,36.164920,-86.602230,BELL RD,,,,176.00,Feet,East,MILLS RD,,,,0.00,N,Not at Intersection, ,Non-Junction,None,,,         ,Michael,Dance,Cloudy,Not Collision with Motor Vehicle in Transport,no,no,no,no,no,False
101801260,METROPOLITAN NASHVILLE POLICE DEPT,20170933890,Davidson,Nashville,10/23/2017 11:05:00 AM,2,0,0,36.198940,-86.618630,LEBANON PKE PVTDR,,,,301.00,Feet,East,LEBANON PKE,,,,0.00,N,Not at Intersection,N,Non-Junction,None,,,         ,Michael,Dance,Cloudy,Front to Rear,no,no,no,yes,yes,False
101801270,THP District 3 - Nashville,317062039,Davidson,Not in City Limit,10/19/2017 4:51:00 PM,2,0,0,36.326300,-86.882670,I 24,,,,0.00,,,,,,,34.20,N,Not at Intersection, ,Non-Junction,None,,,         ,Michael,Lowe,Clear,Front to Rear,no,no,no,no,no,False
101801277,METROPOLITAN NASHVILLE POLICE DEPT,20170933805,Davidson,Not in City Limit,10/23/2017 11:27:00 AM,1,1,0,36.034740,-86.972220,HIGHWAY 100,,,,216.00,Feet,West,WESTHAVEN DR,,,,0.00,N,Not at Intersection,N,Non-Junction,None,,,         ,Douglas,Atwood,Cloudy,Not Collision with Motor Vehicle in Transport,no,no,no,no,no,False
101801278,METROPOLITAN NASHVILLE POLICE DEPT,20170933386,Davidson,Nashville,10/23/2017 8:46:00 AM,1,1,0,36.190270,-86.726220,RIVERSIDE DR,,,,0.00,,,CREIGHTON AV,,,,0.00,Y,OTHER,N,Non-Junction,None,,,         ,Alex,Moore,Cloudy,Not Collision with Motor Vehicle in Transport,no,no,no,no,no,False
101801279,METROPOLITAN NASHVILLE POLICE DEPT,20170933979,Davidson,Nashville,10/23/2017 12:35:00 PM,2,0,0,36.108670,-86.755560,SIDCO DR,,,,178.00,Feet,North,FONTANA AV,,,,0.00,N,Not at Intersection, ,Non-Junction,None,,,         ,Nathan,Kemp,Clear,Front to Rear,no,no,no,no,no,False
101801283,METROPOLITAN NASHVILLE POLICE DEPT,20170933929,Davidson,Not in City Limit,10/23/2017 12:23:00 PM,2,0,0,36.263810,-86.687120,STATE RT 45,,,,0.00,,,ARCHWOOD DR,,,,0.00,Y,Four-Way, ,Intersection-Related,None,,,         ,Michelle,Steidl,Cloudy,Front to Rear,no,no,no,no,no,False
101801306,METROPOLITAN NASHVILLE POLICE DEPT,20170933856,Davidson,Nashville,10/23/2017 11:50:00 AM,1,2,0,36.238870,-86.754990,I 65,,,,0.00,,,,,,,90.15,N,Not at Intersection,N,Non-Junction,None,,,         ,Thomas,Odom,Cloudy,Not Collision with Motor Vehicle in Transport,no,no,no,no,no,False
101801307,METROPOLITAN NASHVILLE POLICE DEPT,20170934057,Davidson,Not in City Limit,10/23/2017 12:31:00 PM,2,0,0,36.258610,-86.767290,WESTCHESTER DR,,,,550.00,Feet,West,TUCKAHOE SQE,,,,0.00,N,Not at Intersection,N,Non-Junction,None,,,         ,Thomas,Odom,Rain,Unknown,no,no,no,no,yes,False
101801325,METROPOLITAN NASHVILLE POLICE DEPT,2017-0933627,Davidson,Nashville,10/23/2017 10:22:00 AM,2,0,0,36.108060,-86.809440,BENHAM AV,,,,30.00,Feet,North,GLEN ECHO RD,,,,0.00,N,Not at Intersection, ,,None,,,         ,Allen,Bates,,,no,no,no,no,no,False
101801337,METROPOLITAN NASHVILLE POLICE DEPT,20170933300,Davidson,Nashville,10/23/2017 8:08:00 AM,2,0,0,36.250530,-86.741140,I 65,,,,0.00,,,,,,,91.25,N,Not at Intersection, ,Non-Junction,None,,,         ,Jack,Crouch,Rain,Front to Rear,no,no,no,no,no,False
101801338,TENNESSEE STATE UNIVERSITY ,17-TSU-78830,Davidson,Nashville,10/23/2017 1:00:00 PM,2,0,0,36.164250,-86.830300,CLARE AV,,,,0.00,,,ALAMEDA ST,,,,0.00,Y,OTHER, ,Non-Junction,None,,,         ,Harold,Taylor,Cloudy,Angle,no,no,no,yes,no,False
101801341,METROPOLITAN NASHVILLE POLICE DEPT,2017-0934049,Davidson,Nashville,10/23/2017 1:00:00 PM,2,0,0,36.081100,-86.758360,HARDING PL,,,,0.00,,,TROUSDALE DR,,,,0.00,Y,Four-Way, ,Intersection,None,,,         ,Timothy,Edwards,Rain,"Sideswipe, Same Direction",no,no,no,no,no,False
101801357,METROPOLITAN NASHVILLE POLICE DEPT,20170934169,Davidson,Nashville,10/23/2017 2:06:00 PM,2,0,0,36.156870,-86.775210,KOREAN VETERANS BLVD,,,,180.00,Feet,West,4TH AVS,,,,0.00,N,Not at Intersection, ,,None,,,         ,Christian,Martin,,,no,no,no,no,no,False
101801371,METROPOLITAN NASHVILLE POLICE DEPT,20170934095,Davidson,Nashville,10/23/2017 1:29:00 PM,2,0,0,36.171600,-86.802670,I65 N ENT RAMP,,,,52.00,Feet,North,I 40,,,,0.00,N,Not at Intersection, ,Entrance/Exit Ramp Related,None,,,         ,YUNUS,ADAK,Cloudy,"Sideswipe, Same Direction",no,no,no,no,no,False
101801443,METROPOLITAN NASHVILLE POLICE DEPT,20170934275,Davidson,Antioch,10/23/2017 2:45:00 PM,2,0,0,36.016060,-86.620070,OLD HICKORY BLVD,,,,200.00,Feet,North,I24 W EXT RAMP,,,,0.00,N,Not at Intersection, ,Non-Junction,None,,,         ,Candice,Soper,Cloudy,Front to Rear,no,no,no,no,yes,False
101801444,METROPOLITAN NASHVILLE POLICE DEPT,20170934266,Davidson,Nashville,10/23/2017 2:55:00 PM,2,1,0,36.143490,-86.814440,30TH AVS,,,,0.00,,,WEST END AV,,,,0.00,Y,T-Intersection,N,Intersection-Related,None,,,         ,Bradley,Pope,Rain,Front to Rear,no,no,no,no,no,Campus
101801449,METROPOLITAN NASHVILLE POLICE DEPT,20170934327,Davidson,Nashville,10/23/2017 12:00:00 AM,2,1,0,36.193860,-86.831540,CLARKSVILLE PKE,,,,120.00,Feet,West,BUENA VISTA PKE,,,,0.00,N,Not at Intersection,N,Non-Junction,None,,,         ,Melvin,Taylor,Clear,Front to Rear,no,no,no,no,no,False
101801455,METROPOLITAN NASHVILLE POLICE DEPT,20170934336,Davidson,Nashville,10/23/2017 3:00:00 PM,2,0,0,36.105690,-86.671970,MURFREESBORO PKE,,,,57.00,Feet,West,EZELL PKE,,,,0.00,N,Not at Intersection,N,Non-Junction,None,,,         ,Jonathon,Sheppard,Rain,"Sideswipe, Same Direction",no,no,no,no,no,False
101801461,METROPOLITAN NASHVILLE POLICE DEPT,20170934230,Davidson,Nashville,10/23/2017 2:25:00 PM,2,0,0,36.099430,-86.924450,OLD HICKORY BLVD,,,,742.00,Feet,North,RIDGELAKE PKWY,,,,0.00,N,Not at Intersection,N,"Driveway, Alley Access, etc",None,,,         ,Walter,Gray II,Cloudy,Angle,no,no,no,no,no,False
101801462,BELLE MEADE POLICE DEPT,17-0310,Davidson,Belle Meade,10/23/2017 10:29:00 AM,1,0,0,36.078410,-86.863110,CHICKERING RD,,,,881.00,Feet,South,E BROOKFIELD AV,,,,0.00,N,Not at Intersection,N,Non-Junction,None,,,         ,Wes,Bowker,Cloudy,Not Collision with Motor Vehicle in Transport,no,no,no,no,no,False
101801463,METROPOLITAN NASHVILLE POLICE DEPT,20170934274,Davidson,Nashville,10/23/2017 3:04:00 PM,2,2,0,36.132562,-86.893668,6830 CHARLOTTE PK,,,,180.00,Feet,East,I 40 E RAMP,,,,0.00,N,Not at Intersection,N,Non-Junction,None,,,         ,Jeremy,Huffine,Cloudy,Front to Rear,no,no,no,no,no,False
101801473,METROPOLITAN NASHVILLE POLICE DEPT,20170934431,Davidson,Nashville,10/23/2017 12:00:00 AM,2,0,0,36.170700,-86.767770,WOODLAND ST,,,,226.00,Feet,East,I24 W ENT RAMP,,,,0.00,N,Not at Intersection, ,,None,,,         ,Gordon,Stovall,,,no,no,no,no,no,False
101801474,METROPOLITAN NASHVILLE POLICE DEPT,20170934413,Davidson,Nashville,10/23/2017 3:55:00 PM,2,0,0,36.133770,-86.768010,NEAL TER,,,,206.00,Feet,North,WEDGEWOOD AV,,,,0.00,N,Not at Intersection, ,Non-Junction,None,,,         ,William,King,Clear,Angle,no,no,no,no,no,False
101801476,METROPOLITAN NASHVILLE POLICE DEPT,20170934321,Davidson,Nashville,10/23/2017 3:23:00 PM,2,2,0,36.174190,-86.604230,CENTRAL PKE,,,,0.00,,,SHURGARD WAY,,,,0.00,Y,Four-Way,N,Intersection-Related,None,,,         ,Cody,O'Quinn,Rain,Angle,no,no,no,no,no,False
101801478,METROPOLITAN NASHVILLE POLICE DEPT,20170934376,Davidson,Old Hickory,10/23/2017 3:20:00 PM,2,1,0,36.247960,-86.641880,OLD HICKORY,BLVD,,,0.01,Feet,South,24TH,ST,,,0.00,N,Not at Intersection,N,Non-Junction,None,,,         ,Codey,Mullins,Rain,Front to Rear,no,no,no,no,no,False
101801479,METROPOLITAN NASHVILLE POLICE DEPT,20170933591,Davidson,Not in City Limit,10/23/2017 10:36:00 AM,2,1,0,35.991220,-86.683150,BURKITT RD,,,,102.00,Feet,East,NOLENSVILLE RD,,,,0.00,N,Not at Intersection,N,Non-Junction,None,,,         ,Jessie,Meadows,Rain,Front to Rear,no,no,no,no,no,False
101801480,METROPOLITAN NASHVILLE POLICE DEPT,20170934046,Davidson,Nashville,10/23/2017 1:20:00 PM,2,1,0,36.025510,-86.712080,LENOX VILLAGE DR,,,,240.00,Feet,West,ALTHORP WAY,,,,0.00,N,Not at Intersection,N,Non-Junction,None,,,         ,Jessie,Meadows,Rain,Angle,no,no,no,no,no,False
101801481,METROPOLITAN NASHVILLE POLICE DEPT,20170934361,Davidson,Nashville,10/23/2017 3:29:00 PM,1,0,0,36.125020,-86.729010,I24 E ENT RAMP,,,,0.00,Feet,East,I 24,,,,0.00,N,Not at Intersection,N,Entrance/Exit Ramp Related,None,,,         ,Alyson,Cook,Rain,Not Collision with Motor Vehicle in Transport,no,no,no,no,no,False
101801485,METROPOLITAN NASHVILLE POLICE DEPT,20170934432,Davidson,Nashville,10/23/2017 4:00:00 PM,2,1,0,36.150900,-86.770640,4TH AVS,,,,0.00,,,I40 W EXT RAMP,,,,0.00,Y,Four-Way,N,Intersection-Related,None,,,         ,Hillary,Sherman,Clear,"Sideswipe, Same Direction",no,no,no,no,no,False
101801498,METROPOLITAN NASHVILLE POLICE DEPT,20170934474,Davidson,Nashville,10/23/2017 4:19:00 PM,3,0,0,36.124950,-86.734330,I 440,,,,0.00,,,,,,,7.15,N,Not at Intersection, ,Non-Junction,None,,,         ,Alyson,Cook,Cloudy,Front to Rear,no,no,no,no,no,False
101801499,METROPOLITAN NASHVILLE POLICE DEPT,20170934410,Davidson,Nashville,10/23/2017 3:53:00 PM,3,0,0,36.168960,-86.775530,JAMES ROBERTSON PKWY,,,,630.00,Feet,East,GAY ST,,,,0.00,N,Not at Intersection, ,Non-Junction,None,,,         ,Joshua,Reece,Cloudy,Front to Rear,no,no,no,no,no,False
101801522,METROPOLITAN NASHVILLE POLICE DEPT,20170934530,Davidson,Nashville,10/23/2017 3:35:00 PM,2,0,0,36.159020,-86.792520,14TH AVN,,,,37.00,Feet,North,I40 E EXT RAMP,,,,0.00,N,Not at Intersection,N,Non-Junction,None,,,         ,Jon,Mcvey,Clear,Angle,no,no,no,no,yes,False
101801523,METROPOLITAN NASHVILLE POLICE DEPT,20170934517,Davidson,Nashville,10/23/2017 4:39:00 PM,2,0,0,36.070040,-86.897140,HIGHWAY 100,,,,100.00,Feet,North,HARPETH TRACE DR,,,,0.00,N,Not at Intersection, ,Non-Junction,None,,,         ,Walter,Gray II,Clear,Front to Rear,no,no,no,no,no,False
101801529,METROPOLITAN NASHVILLE POLICE DEPT,20170927850,Davidson,Nashville,10/20/2017 9:55:00 PM,1,0,0,36.161320,-86.645790,STEWARTS FERRY PKE,,,,242.00,Feet,East,CREEKSTONE CIR,,,,0.00,N,Not at Intersection, ,Non-Junction,None,,,         ,Russell,Ward,Clear,Not Collision with Motor Vehicle in Transport,no,no,no,no,no,False
101801533,METROPOLITAN NASHVILLE POLICE DEPT,20170934499,Davidson,Nashville,10/23/2017 4:13:00 PM,2,0,0,36.167880,-86.692510,LEBANON PKE,,,,0.00,Feet,,COTTAGE LN,,,,0.00,Y,T-Intersection, ,Intersection-Related,None,,,         ,Samuel,Sundra,Cloudy,Front to Rear,no,no,no,no,no,False
101801534,METROPOLITAN NASHVILLE POLICE DEPT,2017-0934485,Davidson,Nashville,10/23/2017 4:28:00 PM,2,0,0,36.155450,-86.773590,4TH AVS,,,,200.00,Feet,North,LEA AV,,,,0.00,N,Not at Intersection,N,Non-Junction,None,,,         ,Michael,Schlegel,Cloudy,Angle,no,no,no,no,no,False
101801536,METROPOLITAN NASHVILLE POLICE DEPT,20170934662,Davidson,Nashville,10/23/2017 5:00:00 PM,2,0,0,36.125400,-86.794110,BELMONT BLVD,,,,121.00,Feet,South,BEECHWOOD AV,,,,0.00,N,Not at Intersection,N,Non-Junction,None,,,         ,Hillary,Sherman,Clear,Front to Rear,no,no,no,no,no,False
101801559,METROPOLITAN NASHVILLE POLICE DEPT,20170934382,Davidson,Nashville,10/23/2017 3:50:00 PM,2,2,0,36.135600,-86.727110,I 24,,,,0.00,,,,,,,52.20,N,Not at Intersection,N,Non-Junction,None,,,         ,Alyson,Cook,Cloudy,Front to Rear,no,no,no,no,no,False
101801563,METROPOLITAN NASHVILLE POLICE DEPT,20170934497,Davidson,Nashville,10/23/2017 12:00:00 AM,2,0,0,36.176070,-86.793310,ROSA L PARKS BLVD,,,,330.00,Feet,East,TAYLOR ST,,,,0.00,N,Not at Intersection, ,Non-Junction,None,,,         ,Melvin,Taylor,Clear,Angle,no,no,no,yes,yes,False
101801569,METROPOLITAN NASHVILLE POLICE DEPT,20170934366,Davidson,Nashville,10/23/2017 3:31:00 PM,2,0,0,36.165450,-86.776440,1ST AVN,,,,0.00,,,BANK ST,,,,0.00,Y,Four-Way, ,Intersection,None,,,         ,Michael,Douglas,Cloudy,Angle,no,no,no,no,no,False
101801575,METROPOLITAN NASHVILLE POLICE DEPT,20170934678,Davidson,Nashville,10/23/2017 12:00:00 AM,3,0,0,36.172420,-86.794810,10TH AVN,,,,0.00,,,JEFFERSON ST,,,,0.00,Y,Four-Way, ,Intersection-Related,None,,,         ,Adam,Gartner,Cloudy,Angle,no,no,no,no,no,False
101801576,METROPOLITAN NASHVILLE POLICE DEPT,20170934697,Davidson,Nashville,10/23/2017 5:15:00 PM,2,0,0,36.150350,-86.857910,WHITE BRIDGE PKE,,,,75.00,Feet,North,CHARLOTTE PKE,,,,0.00,N,Not at Intersection, ,Non-Junction,None,,,         ,Walter,Gray II,Clear,"Sideswipe, Same Direction",no,no,no,no,no,False
101801597,METROPOLITAN NASHVILLE POLICE DEPT,20170934836,Davidson,Nashville,10/23/2017 6:22:00 PM,2,0,0,36.140040,-86.824180,PARK CIR,,,,72.00,Feet,North,MURPHY RD,,,,0.00,N,Not at Intersection, ,Non-Junction,None,,,         ,Torian,Cox,Clear,Angle,no,no,no,no,yes,False
101801598,METROPOLITAN NASHVILLE POLICE DEPT,2017-0934425,Davidson,Nashville,10/23/2017 2:02:00 PM,2,0,0,36.193710,-86.623100,LEBANON PKE,,,,372.00,Feet,North,JUAREZ DR,,,,0.00,N,Not at Intersection,N,Non-Junction,None,,,         ,Sandra,Talavera,Rain,"Sideswipe, Same Direction",no,no,no,no,yes,False
101801602,METROPOLITAN NASHVILLE POLICE DEPT,20170934820,Davidson,Nashville,10/23/2017 5:45:00 PM,2,0,0,36.142260,-86.793340,16TH AVS,,,,405.00,Feet,South,EDGEHILL AV,,,,0.00,N,Not at Intersection, ,Non-Junction,None,,,         ,Jon,Mcvey,Clear,Angle,no,no,no,no,no,False
101801603,METROPOLITAN NASHVILLE POLICE DEPT,20170934706,Davidson,Nashville,10/23/2017 5:28:00 PM,2,0,0,36.145890,-86.777000,I 65,,,,0.00,,,,,,,82.20,N,Not at Intersection, ,Entrance/Exit Ramp Related,None,,,         ,William,King,Cloudy,"Sideswipe, Same Direction",no,no,no,no,no,False