master_record_number,agency,agency_tracking_number,county,city,collision_date,vehicles_involved,number_injured,number_dead,latitude,longitude,roadway_name,roadway_suffix,roadway_number,roadway_local_id,distance_from_reference,miles-feet_indicator,direction_from_reference,intersection_road_name,intersection_road_name_suffix,intersection_road_number,intersection_local_id,mile_marker,intersection_indicator,intersect_type,interchange_related_indicator,relation_to_junction,work_zone_type,construction_maintenance_zone,construction_maintenance_zone_location,fatal_case_number,officer_first_name,officer_last_name,weather_condition(s),manner_of_crash,pedestrian,bicycle,scooter,parking,hitrun,mou
101802901,METROPOLITAN NASHVILLE POLICE DEPT,20170939044,Davidson,Nashville,10/25/2017 3:34:00 AM,1,0,0,36.111030,-86.771170,THOMPSON LN,,,,71.00,Feet,North,FRANKLIN PKE ENT RAMP,,,,0.00,N,Not at Intersection,N,Non-Junction,None,,,         ,Ryan,Worstall,Clear,Not Collision with Motor Vehicle in Transport,no,no,no,no,no,False
101802924,METROPOLITAN NASHVILLE POLICE DEPT,20170939359,Davidson,Nashville,10/25/2017 6:08:00 AM,2,0,0,36.201700,-86.607380,ANDREW JACKSON PKWY,,,,60.00,Feet,North,RACHELS SQUARE DR,,,,0.00,N,Not at Intersection, ,Non-Junction,None,,,         ,Brett,Johns,Clear,Angle,no,no,no,no,no,False
101802928,METROPOLITAN NASHVILLE POLICE DEPT,20170939299,Davidson,Nashville,10/25/2017 5:45:00 AM,2,0,0,36.269260,-86.755740,OLD HICKORY BLVDW,,,,0.00,,,DICKERSON PKE,,,,0.00,Y,Four-Way,Y,Intersection-Related,None,,,         ,Michael,Richardson,Clear,HeadOn,no,no,no,no,no,False
101802940,METROPOLITAN NASHVILLE POLICE DEPT,20170939331,Davidson,Nashville,10/25/2017 5:56:00 AM,3,1,0,36.145110,-86.740260,I 40,,,,0.00,,,,,,,212.30,N,Not at Intersection,N,Non-Junction,None,,,         ,Austin,Childress,Clear,Front to Rear,no,no,no,no,no,False
101802949,METROPOLITAN NASHVILLE POLICE DEPT,20170939403,Davidson,Nashville,10/25/2017 6:23:00 AM,2,0,0,36.044950,-86.659750,I24 E ENT RAMP,,,,0.00,,,I 24,,,,0.00,Y,Four-Way,N,Intersection,None,,,         ,Ronald,Bright,Clear,Angle,no,no,no,no,yes,False
101802970,METROPOLITAN NASHVILLE POLICE DEPT,2017-0939422,Davidson,Nashville,10/25/2017 6:48:00 AM,2,1,0,36.075590,-86.725090,NOLENSVILLE PKE,,,,198.00,Feet,North,FLORA MAXWELL RD,,,,0.00,N,Not at Intersection,N,Non-Junction,None,,,         ,William,Whitworth,Clear,Front to Rear,no,no,no,no,no,False
101802977,METROPOLITAN NASHVILLE POLICE DEPT,20170939445,Davidson,Nashville,10/25/2017 7:03:00 AM,2,0,0,36.115520,-86.724810,I 24,,,,0.00,,,,,,,53.25,N,Not at Intersection,N,Non-Junction,None,,,         ,Stephen,Soule,Clear,Front to Rear,no,no,no,no,yes,False
101802981,METROPOLITAN NASHVILLE POLICE DEPT,20170939496,Davidson,Madison,10/25/2017 7:33:00 AM,2,0,0,36.249580,-86.686580,NEELYS BEND RD,,,,0.00,,,LARKIN SPRINGS RD,,,,0.00,Y,OTHER,N,Intersection-Related,None,,,         ,Eric,Richardson,Clear,Front to Rear,no,no,no,no,no,False
101802993,BERRY HILL POLICE DEPT,17-3629,Davidson,Berry Hill,10/24/2017 12:00:00 AM,2,1,0,36.122240,-86.765420,LIGON DR,,,,0.00,,,BRANSFORD AV,,,,0.00,Y,T-Intersection,Y,Intersection,None,,,         ,John,Gleixner,Rain,Angle,no,no,no,no,no,False
101802999,METROPOLITAN NASHVILLE POLICE DEPT,20170939527,Davidson,Nashville,10/25/2017 7:55:00 AM,2,0,0,36.153030,-86.849430,ALABAMA AV,,,,169.00,Feet,East,52ND AVN,,,,0.00,N,Not at Intersection, ,Non-Junction,None,,,         ,Curtis,Rich,Clear,Angle,no,no,no,no,no,False
101803006,METROPOLITAN NASHVILLE POLICE DEPT,20170939466,Davidson,Nashville,10/25/2017 7:15:00 AM,1,0,0,36.114340,-86.710790,CURREY RD,,,,0.00,,,GLENGARRY DR,,,,0.00,Y,T-Intersection,N,Intersection-Related,None,,,         ,Lee,Davis,Clear,Not Collision with Motor Vehicle in Transport,no,no,no,no,no,False
101803010,METROPOLITAN NASHVILLE POLICE DEPT,20170939399,Davidson,Nashville,10/25/2017 6:30:00 AM,2,1,0,36.074480,-86.638650,MURFREESBORO PKE,,,,0.00,,,RURAL HILL RD,,,,0.00,Y,Four-Way,N,Intersection,None,,,         ,James,Curtis,Clear,Angle,no,no,no,no,yes,False
101803013,METROPOLITAN NASHVILLE POLICE DEPT,20170939635,Davidson,Nashville,10/25/2017 8:22:00 AM,2,0,0,36.139600,-86.722870,SPENCE LN,,,,202.00,Feet,North,CORNELIA ST,,,,0.00,N,Not at Intersection, ,Non-Junction,None,,,         ,Michael,Dance,Clear,Front to Rear,no,no,no,no,no,False
101803014,METROPOLITAN NASHVILLE POLICE DEPT,20170939571,Davidson,Nashville,10/25/2017 7:40:00 AM,2,1,0,36.147450,-86.776690,I40 E ENT RAMP,,,,0.00,,,I 40,,,,0.00,Y,OTHER,Y,Entrance/Exit Ramp Related,None,,,         ,Randall,Ward,Clear,Front to Rear,no,no,no,no,no,False
101803016,METROPOLITAN NASHVILLE POLICE DEPT,20170939695,Davidson,Nashville,10/25/2017 8:37:00 AM,2,0,0,36.172000,-86.764350,WOODLAND ST,,,,134.00,Feet,East,S 5TH ST,,,,0.00,N,Not at Intersection, ,Non-Junction,None,,,         ,Richard,Conger,Clear,Angle,no,no,no,no,yes,False
101803021,THP District 9 - Administrative,317062882,Davidson,Nashville,10/23/2017 4:50:00 PM,2,0,0,36.151750,-86.859880,I 40,,,,0.00,,,,,,,203.85,N,Not at Intersection,N,Non-Junction,None,,,         ,William,Goodman,Clear,Front to Rear,no,no,no,no,no,False
101803026,METROPOLITAN NASHVILLE POLICE DEPT,20170939465,Davidson,Nashville,10/25/2017 7:13:00 AM,2,0,0,36.172040,-86.767430,JAMES ROBERTSON PKWY,,,,94.00,Feet,West,JAMES ROBERTSON PKWY ENT RAMP,,,,0.00,N,Not at Intersection,N,Non-Junction,None,,,         ,Richard,Conger,Clear,Front to Rear,no,no,no,no,no,False
101803039,METROPOLITAN NASHVILLE POLICE DEPT,20170939709,Davidson,Nashville,10/25/2017 8:51:00 AM,2,1,0,36.115960,-86.794300,I 440,,,,0.00,,,,,,,3.75,N,Not at Intersection,N,Non-Junction,None,,,         ,Nathan,Kemp,Clear,Front to Rear,no,no,no,no,no,False
101803040,METROPOLITAN NASHVILLE POLICE DEPT,20170939678,Davidson,Nashville,10/25/2017 8:36:00 AM,2,0,0,36.109440,-86.769900,I 65,,,,0.00,,,,,,,79.70,N,Not at Intersection, ,Non-Junction,None,,,         ,Kevin,Crawford,Clear,Front to Rear,no,no,no,no,no,False
101803042,THP District 9 - Administrative,317063011,Davidson,Nashville,10/24/2017 11:48:00 AM,1,0,0,36.166990,-86.828010,CENTENNIAL BLVD,,,,0.00,,,WALTER S DAVIS BLVD,,,,0.00,Y,Y-Intersection, ,Non-Junction,None,,,         ,Julio,Lassalle,Clear,Not Collision with Motor Vehicle in Transport,no,no,no,yes,no,False
101803048,METROPOLITAN NASHVILLE POLICE DEPT,2017-0939572,Davidson,Nashville,10/25/2017 7:54:00 AM,2,0,0,36.053460,-86.672590,I 24,,,,0.00,,,,,,,58.45,N,Not at Intersection,N,Non-Junction,None,,,         ,William,Whitworth,Clear,Front to Rear,no,no,no,no,no,False
101803052,METROPOLITAN NASHVILLE POLICE DEPT,20170939697,Davidson,Nashville,10/25/2017 8:46:00 AM,2,0,0,36.124970,-86.735080,I 440,,,,0.00,,,,,,,7.10,N,Not at Intersection,N,Non-Junction,None,,,         ,Stephen,Soule,Clear,Front to Rear,no,no,no,no,no,False
101803062,METROPOLITAN NASHVILLE POLICE DEPT,20170939882,Davidson,Nashville,10/25/2017 8:49:00 AM,2,0,0,36.198440,-86.620270,OLD HICKORY BLVD,,,,0.00,,,LEBANON PKE,,,,0.00,Y,Four-Way, ,,None,,,         ,James,Curtis,,,no,no,no,no,no,False
101803076,METROPOLITAN NASHVILLE POLICE DEPT,20170939745,Davidson,Nashville,10/25/2017 8:45:00 AM,2,0,0,36.157650,-86.773410,KOREAN VETERANS BLVD,,,,0.00,,,3RD AVS,,,,0.00,Y,Four-Way, ,Non-Junction,None,,,         ,Nopel,Stella,Clear,Front to Rear,no,no,no,no,no,False
101803077,METROPOLITAN NASHVILLE POLICE DEPT,20170939766,Davidson,Nashville,10/25/2017 9:12:00 AM,2,0,0,36.149050,-86.816720,31ST AVN,,,,247.00,Feet,North,PARTHENON AV,,,,0.00,N,Not at Intersection,N,Non-Junction,None,,,         ,Phillip,Murphy,Clear,"Sideswipe, Same Direction",no,no,no,no,yes,False
101803130,METROPOLITAN NASHVILLE POLICE DEPT,20170939996,Davidson,Nashville,10/25/2017 10:15:00 AM,2,0,0,36.155650,-86.810360,CHARLOTTE AV,,,,0.00,,,24TH AVN,,,,0.00,Y,T-Intersection,N,Intersection,None,,,         ,Brian,Murphy,Clear,Angle,no,no,no,no,no,False
101803138,METROPOLITAN NASHVILLE POLICE DEPT,20170939741,Davidson,Nashville,10/25/2017 8:56:00 AM,2,2,0,36.167720,-86.765660,I 24,,,,0.00,,,,,,,48.85,N,Not at Intersection,N,Non-Junction,None,,,         ,Frank,Campbell,Clear,Front to Rear,no,no,no,no,no,False
101803142,METROPOLITAN NASHVILLE POLICE DEPT,20170940001,Davidson,Madison,10/25/2017 10:30:00 AM,2,0,0,36.263810,-86.711660,GALLATIN PKEN,,,,0.00,,,OLD TIME VILLAGE PVTDR,,,,0.00,Y,OTHER, ,,None,,,         ,Eric,Richardson,,,no,no,no,no,no,False
101803180,THP District 3 - Nashville,317063195,Davidson,Nashville,10/23/2017 10:50:00 AM,1,0,0,36.233050,-86.821660,BRILEY PKWYE,,,,1066.00,Feet,East,BRILEY PKWYW,,,,0.00,N,Not at Intersection, ,Non-Junction,None,,,         ,Joseph,Agee,Rain,Not Collision with Motor Vehicle in Transport,no,no,no,no,no,False
101803183,METROPOLITAN NASHVILLE POLICE DEPT,20170940251,Davidson,Nashville,10/25/2017 11:59:00 AM,2,0,0,36.125540,-86.846220,KENNER AV,,,,129.00,Feet,South,HARDING PKE,,,,0.00,N,Not at Intersection, ,Non-Junction,None,,,         ,Curtis,Rich,Clear,Front to Rear,no,no,no,no,no,False
101803192,METROPOLITAN NASHVILLE POLICE DEPT,2017-0939843,Davidson,Nashville,10/25/2017 9:15:00 AM,2,0,0,36.032780,-86.640800,I 24,,,,0.00,,,,,,,60.75,N,Not at Intersection,N,Non-Junction,None,,,         ,William,Whitworth,Clear,Front to Rear,no,no,no,no,no,False
101803215,METROPOLITAN NASHVILLE POLICE DEPT,20170940289,Davidson,Nashville,10/25/2017 12:16:00 PM,2,0,0,36.158940,-86.792440,I40 E EXT RAMP,,,,0.00,,,14TH AVN,,,,0.00,Y,Y-Intersection,N,Entrance/Exit Ramp Related,None,,,         ,Nathan,Kemp,Clear,Front to Rear,no,no,no,no,yes,False
101803218,METROPOLITAN NASHVILLE POLICE DEPT,20170940324,Davidson,Madison,10/25/2017 12:35:00 PM,2,0,0,36.262210,-86.712210,GALLATIN PKES,,,,0.00,,,E OLD HICKORY BLVD,,,,0.00,Y,T-Intersection,N,Intersection,None,,,         ,Thomas,Odom,Clear,"Sideswipe, Same Direction",no,no,no,no,no,False
101803231,METROPOLITAN NASHVILLE POLICE DEPT,20170940287,Davidson,Nashville,10/25/2017 12:17:00 PM,2,1,0,36.168940,-86.683490,LEBANON PKE,,,,324.00,Feet,West,FAIRWAY DR,,,,0.00,N,Not at Intersection,N,Non-Junction,None,,,         ,Wesley,Young,Clear,Angle,no,no,no,no,no,False
101803232,METROPOLITAN NASHVILLE POLICE DEPT,20170940261,Davidson,Nashville,10/25/2017 12:08:00 PM,2,0,0,36.129110,-86.853930,WHITE BRIDGE PKE,,,,222.00,Feet,East,TARGET PVTDR,,,,0.00,N,Not at Intersection, ,Non-Junction,None,,,         ,Douglas,Atwood,Clear,Angle,no,no,no,no,no,False
101803241,METROPOLITAN NASHVILLE POLICE DEPT,20170940343,Davidson,Nashville,10/25/2017 12:55:00 PM,2,0,0,36.129830,-86.906130,CHARLOTTE PKE PVTDR,,,,139.00,Feet,North,RIVER RD PVTDR,,,,0.00,N,Not at Intersection,N,Non-Junction,None,,,         ,Curtis,Rich,Clear,Angle,no,no,no,yes,no,False
101803243,METROPOLITAN NASHVILLE POLICE DEPT,20170940346,Davidson,Nashville,10/25/2017 12:11:00 PM,2,0,0,36.110620,-86.811390,HILLSBORO PKE,,,,218.00,Feet,South,GRAYBAR LN,,,,0.00,N,Not at Intersection, ,Non-Junction,None,,,         ,Kevin,Crawford,Clear,Front to Rear,no,no,no,no,no,False
101803250,METROPOLITAN NASHVILLE POLICE DEPT,20170940316,Davidson,Nashville,10/25/2017 12:10:00 PM,2,0,0,36.052170,-86.892940,OLD HICKORY BLVD,,,,544.00,Feet,West,WEST MINISTER DR,,,,0.00,N,Not at Intersection, ,Non-Junction,None,,,         ,Paul,Junkmann,Cloudy,Front to Rear,no,no,no,no,no,False
101803281,METROPOLITAN NASHVILLE POLICE DEPT,2017871903,Davidson,Nashville,10/2/2017 3:32:00 PM,3,0,0,36.048290,-86.866310,OLD HICKORY BLVD,,,,0.00,,,CHICKERING WOOD DR,,,,0.00,Y,OTHER,N,Non-Junction,None,,,         ,Edward,Rucker,Clear,HeadOn,no,no,no,no,no,False
101803307,METROPOLITAN NASHVILLE POLICE DEPT,20170940438,Davidson,Goodlettsville,10/25/2017 1:19:00 PM,2,0,0,36.305800,-86.693750,CONFERENCE DR,,,,47.00,Feet,North,RIVERGATE MALL PVTDR,,,,0.00,N,Not at Intersection,N,Non-Junction,None,,,         ,Carey,Steel,Clear,"Sideswipe, Same Direction",no,no,no,no,yes,False
101803314,METROPOLITAN NASHVILLE POLICE DEPT,20170940255,Davidson,Nashville,10/25/2017 12:00:00 AM,2,0,0,36.168020,-86.778880,2ND AVN,,,,174.00,Feet,North,JAMES ROBERTSON PKWY,,,,0.00,N,Not at Intersection, ,Non-Junction,None,,,         ,Richard,Conger,Clear,Unknown,no,no,no,no,yes,False
101803329,METROPOLITAN NASHVILLE POLICE DEPT,20170940057,Davidson,Nashville,10/25/2017 10:31:00 AM,2,0,0,36.135130,-86.795580,BELMONT BLVD,,,,0.00,,,ACKLEN AV,,,,0.00,Y,T-Intersection, ,Intersection-Related,None,,,         ,Phillip,Murphy,Clear,Rear to Side,no,no,no,no,no,False
101803334,METROPOLITAN NASHVILLE POLICE DEPT,20170940399,Davidson,Nashville,10/25/2017 1:05:00 PM,3,0,0,36.173530,-86.763350,S 6TH ST,,,,19.00,Feet,South,MAIN ST,,,,0.00,N,Not at Intersection,N,Non-Junction,None,,,         ,Jeremy,Stricklin,Clear,Front to Rear,no,no,no,no,yes,False
101803335,METROPOLITAN NASHVILLE POLICE DEPT,20170940466,Davidson,Nashville,10/25/2017 2:10:00 PM,2,0,0,36.116500,-86.748050,JOYNER AV,,,,0.00,Feet,East,NOLENSVILLE PKE,,,,0.00,N,Not at Intersection, ,Non-Junction,None,,,         ,Jessie,Meadows,Clear,Front to Rear,no,no,no,no,no,False
101803336,METROPOLITAN NASHVILLE POLICE DEPT,20170937108,Davidson,Nashville,10/24/2017 2:04:00 PM,2,4,0,36.168420,-86.687960,LEBANON PKE,,,,0.00,,,BRILEY PKWY N ENT RAMP,,,,0.00,Y,T-Intersection,N,Intersection-Related,None,,,         ,Cody,O'Quinn,Cloudy,Angle,no,no,no,no,no,False
101803341,METROPOLITAN NASHVILLE POLICE DEPT,20170940433,Davidson,Nashville,10/25/2017 1:22:00 PM,1,1,0,36.083700,-86.920440,OLD HICKORY BLVD,,,,557.00,Feet,South,AMBERWOOD CIR,,,,0.00,N,Not at Intersection,N,Non-Junction,None,,,         ,Charles,Boles,Clear,Not Collision with Motor Vehicle in Transport,no,no,no,no,no,False
101803343,METROPOLITAN NASHVILLE POLICE DEPT,20170940469,Davidson,Nashville,10/25/2017 1:42:00 PM,2,0,0,36.145650,-86.666670,DONELSON PKE,,,,157.00,Feet,North,SHACKLETT DR,,,,0.00,N,Not at Intersection, ,"Driveway, Alley Access, etc",None,,,         ,Michael,Dance,Clear,Angle,no,no,no,no,no,False
101803353,METROPOLITAN NASHVILLE POLICE DEPT,20170940549,Davidson,Nashville,10/25/2017 1:56:00 PM,2,0,0,36.142120,-86.775780,CHESTNUT ST,,,,0.00,,,FORT NEGLEY BLVD,,,,0.00,Y,Four-Way, ,Intersection,None,,,         ,Brent,Bauer,Cloudy,Angle,no,no,no,no,no,False
101803370,METROPOLITAN NASHVILLE POLICE DEPT,20170940301,Davidson,Nashville,10/25/2017 12:21:00 PM,2,0,0,36.160800,-86.781800,COMMERCE ST,,,,0.00,,,7TH AVN,,,,0.00,Y,Four-Way, ,Intersection-Related,Utility Zone,,,         ,Frank,Campbell,Clear,Front to Rear,no,no,no,no,no,False
101803393,METROPOLITAN NASHVILLE POLICE DEPT,2017-0940562,Davidson,Nashville,10/25/2017 2:20:00 PM,1,0,0,36.042490,-86.653870,I 24,,,,0.00,,,,,,,59.75,N,Not at Intersection, ,Non-Junction,None,,,         ,William,Whitworth,Clear,Not Collision with Motor Vehicle in Transport,no,no,no,no,no,False
101803400,METROPOLITAN NASHVILLE POLICE DEPT,20170940381,Davidson,Nashville,10/25/2017 12:35:00 PM,2,0,0,36.238390,-86.780910,BRICK CHURCH PKE,,,,0.00,,,BRILEY PKWYW,,,,0.00,Y,T-Intersection,N,Intersection,None,,,         ,David,Williford,Clear,Front to Rear,no,no,no,no,yes,False
101803423,METROPOLITAN NASHVILLE POLICE DEPT,20170940556,Davidson,Nashville,10/25/2017 2:14:00 PM,2,1,0,36.150670,-86.785260,I 40,,,,0.00,,,,,,,209.50,N,Not at Intersection,N,Entrance/Exit Ramp Related,None,,,         ,Randall,Ward,Clear,"Sideswipe, Same Direction",no,no,no,no,no,False
101803435,METROPOLITAN NASHVILLE POLICE DEPT,20170940526,Davidson,Nashville,10/25/2017 1:55:00 PM,2,0,0,36.185190,-86.676480,MCGAVOCK PKE,,,,183.00,Feet,North,KNOBDALE RD,,,,0.00,N,Not at Intersection,N,Non-Junction,None,,,         ,Torrance,Bennett,Clear,"Sideswipe, Same Direction",no,no,no,yes,no,False
101803436,METROPOLITAN NASHVILLE POLICE DEPT,20170940592,Davidson,Nashville,10/25/2017 2:15:00 PM,2,1,0,36.081900,-86.763810,I 65,,,,0.00,,,,,,,77.80,N,Not at Intersection,N,Non-Junction,None,,,         ,Jon,Mcvey,Clear,"Sideswipe, Same Direction",no,no,no,no,yes,False
101803463,METROPOLITAN NASHVILLE POLICE DEPT,20170940606,Davidson,Nashville,10/25/2017 2:43:00 PM,3,0,0,36.033800,-86.641960,I 24,,,,0.00,,,,,,,60.70,N,Not at Intersection, ,Non-Junction,None,,,         ,Alyson,Cook,Cloudy,Front to Rear,no,no,no,no,no,False
101803464,METROPOLITAN NASHVILLE POLICE DEPT,20170940726,Davidson,Nashville,10/25/2017 3:31:00 PM,2,1,0,36.140870,-86.817430,WEST END AV,,,,0.00,,,ACKLEN PARK DR,,,,0.00,Y,T-Intersection,N,Intersection-Related,None,,,         ,Tien,Nguyen,Clear,Angle,no,no,no,no,no,False
101803465,METROPOLITAN NASHVILLE POLICE DEPT,20170940713,Davidson,Nashville,10/25/2017 2:21:00 PM,2,0,0,36.177150,-86.745770,WOODLAND ST,,,,0.00,,,N 14TH ST,,,,0.00,Y,Four-Way, ,,None,,,         ,Charles,Wakefield,,,no,no,no,no,no,False
101803492,METROPOLITAN NASHVILLE POLICE DEPT,20170940840,Davidson,Nashville,10/25/2017 4:00:00 PM,2,0,0,36.144540,-86.872610,CHARLOTTE PKE,,,,50.00,Feet,North,AMERICAN RD,,,,0.00,N,Not at Intersection, ,Non-Junction,None,,,         ,Walter,Gray II,Clear,"Sideswipe, Same Direction",no,no,no,no,no,False
101803495,METROPOLITAN NASHVILLE POLICE DEPT,20170940574,Davidson,Nashville,10/25/2017 2:25:00 PM,2,1,0,36.235890,-86.781170,RICHMOND HILL DR,,,,0.00,,,BRICK CHURCH PKE,,,,0.00,Y,Four-Way,N,Intersection,None,,,         ,Joanna,D'Agostino,Clear,Angle,no,no,no,no,yes,False
101803499,METROPOLITAN NASHVILLE POLICE DEPT,20170940705,Davidson,Nashville,10/25/2017 3:26:00 PM,2,0,0,36.158060,-86.799970,CHARLOTTE AV,,,,0.00,,,DR D B TODD JR BLVD,,,,0.00,Y,Four-Way, ,Intersection,None,,,         ,David,Collins,Clear,"Sideswipe, Opposite Direction",no,no,no,no,no,False
101803508,METROPOLITAN NASHVILLE POLICE DEPT,20170940711,Davidson,Nashville,10/25/2017 3:24:00 PM,2,1,0,36.163380,-86.787800,CHARLOTTE AV,,,,0.00,Feet,West,10TH CIRN,,,,0.00,N,Not at Intersection,N,Non-Junction,None,,,         ,Gregory,Scott,Clear,"Sideswipe, Same Direction",no,no,no,no,no,False
101803511,METROPOLITAN NASHVILLE POLICE DEPT,20170940837,Davidson,Nashville,10/25/2017 4:00:00 PM,2,0,0,36.175850,-86.603370,OLD HICKORY BLVD,,,,0.00,,,,,,,0.00,,, ,Non-Junction,None,,,         ,Brian,Smith,Clear,"Sideswipe, Same Direction",no,no,no,no,no,False
101803512,METROPOLITAN NASHVILLE POLICE DEPT,20170940760,Davidson,Nashville,10/25/2017 3:38:00 PM,2,1,0,36.180290,-86.621410,CENTRAL PKE,,,,0.00,,West,BRANDAU RD,,,,0.00,N,Not at Intersection,N,Non-Junction,None,,,         ,Adam,Nicholson,Clear,Front to Rear,no,no,no,no,no,False
101803513,METROPOLITAN NASHVILLE POLICE DEPT,2017-0905565,Davidson,Nashville,10/13/2017 4:45:00 PM,2,0,0,36.143620,-86.688140,I 40,,,,0.00,,,I40 W EXT RAMP,,,,0.00,Y,OTHER, ,Non-Junction,None,,,         ,John,Roberson,Clear,Front to Rear,no,no,no,no,no,False
101803515,METROPOLITAN NASHVILLE POLICE DEPT,20170940889,Davidson,Old Hickory,10/25/2017 4:13:00 PM,1,0,0,36.252710,-86.648100,OLD HICKORY,BLVD,,,0.01,Feet,North,GOLF CLUB,RD,,,0.00,N,Not at Intersection, ,Non-Junction,None,,,         ,Codey,Mullins,Clear,Not Collision with Motor Vehicle in Transport,no,no,no,no,no,False
101803517,METROPOLITAN NASHVILLE POLICE DEPT,20170940893,Davidson,Nashville,10/25/2017 4:17:00 PM,2,0,0,36.119580,-86.808750,STOKES LN,,,,0.00,,,HILLSBORO PKE,,,,0.00,Y,T-Intersection, ,Intersection-Related,None,,,         ,Tien,Nguyen,Clear,Front to Rear,no,no,no,no,no,False
101803518,METROPOLITAN NASHVILLE POLICE DEPT,20170940928,Davidson,Nashville,10/25/2017 4:40:00 PM,2,1,0,36.109910,-86.734390,THOMPSON LN,,,,62.00,Feet,East,WINGATE AV,,,,0.00,N,Not at Intersection,N,Non-Junction,None,,,         ,Jessie,Meadows,Clear,Front to Rear,no,no,no,no,no,False
101803523,METROPOLITAN NASHVILLE POLICE DEPT,20170940857,Davidson,Nashville,10/25/2017 4:05:00 PM,2,0,0,36.190890,-86.615190,OLD LEBANON DIRT RD,,,,0.00,,,OLD HICKORY BLVD,,,,0.00,Y,T-Intersection, ,Intersection-Related,None,,,         ,William,Mckay,Clear,Front to Rear,no,no,no,no,no,False
101803545,METROPOLITAN NASHVILLE POLICE DEPT,20170940815,Davidson,Nashville,10/25/2017 3:30:00 PM,2,0,0,36.113840,-86.809560,WOODMONT BLVD,,,,101.00,Feet,West,GOLF CLUB LN,,,,0.00,N,Not at Intersection, ,Non-Junction,None,,,         ,Nicholas,Carroll,Clear,Front to Rear,no,no,no,no,yes,False
101803550,METROPOLITAN NASHVILLE POLICE DEPT,20170941046,Davidson,Nashville,10/25/2017 4:56:00 PM,2,0,0,36.149820,-86.842080,46TH AVN,,,,50.00,Feet,South,ELKINS AV,,,,0.00,N,Not at Intersection, ,Non-Junction,None,,,         ,Walter,Gray II,Clear,Front to Rear,no,no,no,no,no,False
101803566,METROPOLITAN NASHVILLE POLICE DEPT,20170940947,Davidson,Nashville,10/25/2017 4:04:00 PM,2,0,0,36.164820,-86.794050,I 40,,,,0.00,,,,,,,208.45,N,Not at Intersection, ,Non-Junction,None,,,         ,John,Chambers,Cloudy,Front to Rear,no,no,no,no,no,False
101803579,METROPOLITAN NASHVILLE POLICE DEPT,20170941116,Davidson,Nashville,10/25/2017 5:26:00 PM,3,0,0,36.237010,-86.790400,I24 E ENT RAMP,,,,0.00,Feet,East,BRILEY PKWYE,,,,0.00,N,Not at Intersection,N,Non-Junction,None,,,         ,Walter,Cothran,Clear,Front to Rear,no,no,no,no,no,False
101803586,METROPOLITAN NASHVILLE POLICE DEPT,20170941141,Davidson,Nashville,10/25/2017 5:32:00 PM,2,0,0,36.102180,-86.756270,ARMORY DR,,,,0.00,,,SIDCO DR,,,,0.00,Y,Four-Way, ,Intersection-Related,None,,,         ,Tien,Nguyen,Clear,Angle,no,no,no,no,no,False
101803594,METROPOLITAN NASHVILLE POLICE DEPT,20170941086,Davidson,Nashville,10/25/2017 5:16:00 PM,2,0,0,36.090960,-86.651100,MURFREESBORO PKE,,,,0.00,,,BOROWOOD DR,,,,0.00,Y,T-Intersection,N,Intersection,None,,,         ,Russell,Ward,Clear,Angle,no,no,no,no,no,False
101803595,METROPOLITAN NASHVILLE POLICE DEPT,20170941114,Davidson,Nashville,10/25/2017 12:00:00 AM,1,0,0,36.203200,-86.593980,SCOTTS CREEK PKWY,,,,28.00,Feet,West,SCOTTS CREEK PL,,,,0.00,N,Not at Intersection,N,Non-Junction,None,,,         ,Adam,Nicholson,Unknown,Not Collision with Motor Vehicle in Transport,no,no,no,no,yes,False
101803596,METROPOLITAN NASHVILLE POLICE DEPT,20170941062,Davidson,Nashville,10/25/2017 5:06:00 PM,2,0,0,36.079400,-86.726260,NOLENSVILLE PKE,,,,77.00,Feet,South,HARDING PL,,,,0.00,N,Not at Intersection, ,Non-Junction,None,,,         ,Alyson,Cook,Cloudy,Front to Rear,no,no,no,no,no,False
101803601,METROPOLITAN NASHVILLE POLICE DEPT,20170941027,Davidson,Nashville,10/25/2017 5:00:00 PM,2,2,0,36.128590,-86.777890,FRANKLIN PKE,,,,0.00,,,8TH AVS,,,,0.00,Y,Four-Way,N,Intersection,None,,,         ,Hillary,Sherman,Clear,Angle,no,no,no,no,no,False
101803604,METROPOLITAN NASHVILLE POLICE DEPT,20170941186,Davidson,Nashville,10/25/2017 5:45:00 PM,2,2,0,36.166610,-86.820440,28TH AVN,,,,0.00,Feet,,MEHARRY BLVD,,,,0.00,Y,Four-Way,N,Intersection-Related,None,,,         ,Landon,Bagwell,Clear,Angle,no,no,no,no,no,False
101803605,METROPOLITAN NASHVILLE POLICE DEPT,20170940818,Davidson,Nashville,10/25/2017 3:55:00 PM,2,0,0,36.154040,-86.761900,CARROLL ST,,,,52.00,Feet,West,OLD HERMITAGE AV,,,,0.00,N,Not at Intersection,N,Non-Junction,None,,,         ,Johnathan,Pannell,Clear,"Sideswipe, Same Direction",no,no,no,no,yes,False
101803607,METROPOLITAN NASHVILLE POLICE DEPT,20170941107,Davidson,Old Hickory,10/25/2017 5:07:00 PM,2,2,0,36.240430,-86.632140,OLD HICKORY,BLVD,,,0.01,Feet,South,ANTHONY,ST,,,0.00,N,Not at Intersection,N,Non-Junction,None,,,         ,Codey,Mullins,Clear,Front to Rear,no,no,no,no,yes,False
101803634,BERRY HILL POLICE DEPT,17-3643,Davidson,Nashville,10/25/2017 6:40:00 PM,1,0,0,36.108410,-86.773080,FRANKLIN PKE,,,,0.00,,,FRANKLIN PKE SB ENT RAMP,,,,0.00,Y,Y-Intersection, ,,None,,,         ,Roy,Morris,,,no,no,no,no,no,False