master_record_number,agency,agency_tracking_number,county,city,collision_date,vehicles_involved,number_injured,number_dead,latitude,longitude,roadway_name,roadway_suffix,roadway_number,roadway_local_id,distance_from_reference,miles-feet_indicator,direction_from_reference,intersection_road_name,intersection_road_name_suffix,intersection_road_number,intersection_local_id,mile_marker,intersection_indicator,intersect_type,interchange_related_indicator,relation_to_junction,work_zone_type,construction_maintenance_zone,construction_maintenance_zone_location,fatal_case_number,officer_first_name,officer_last_name,weather_condition(s),manner_of_crash,pedestrian,bicycle,scooter,parking,hitrun,mou
101803635,METROPOLITAN NASHVILLE POLICE DEPT,20170941213,Davidson,Nashville,10/25/2017 5:57:00 PM,2,1,0,36.082370,-86.711420,HARDING PL,,,,294.00,Feet,West,RICHBRIAR CIR,,,,0.00,N,Not at Intersection,N,Non-Junction,None,,,         ,Alyson,Cook,Clear,Front to Rear,no,no,no,no,no,False
101803642,METROPOLITAN NASHVILLE POLICE DEPT,20170941288,Davidson,Nashville,10/25/2017 6:28:00 PM,2,0,0,36.054750,-86.674430,I 24,,,,0.00,,,,,,,58.30,N,Not at Intersection, ,Non-Junction,None,,,         ,Alyson,Cook,Clear,Front to Rear,no,no,no,no,no,False
101803646,METROPOLITAN NASHVILLE POLICE DEPT,20170941320,Davidson,Nashville,10/25/2017 6:40:00 PM,2,0,0,36.143510,-86.702460,I 40,,,,0.00,,,,,,,214.60,N,Not at Intersection, ,Non-Junction,None,,,         ,Tyler,Maupin,Clear,Front to Rear,no,no,no,no,no,False
101803674,METROPOLITAN NASHVILLE POLICE DEPT,20170941406,Davidson,Nashville,10/25/2017 7:25:00 PM,1,0,0,36.208150,-86.776800,I65 S EXT RAMP,,,,0.00,,,I 65,,,,0.00,Y,Y-Intersection,N,Non-Junction,None,,,         ,Kevin,Reynolds,Clear,Not Collision with Motor Vehicle in Transport,no,no,no,no,no,False
101803675,METROPOLITAN NASHVILLE POLICE DEPT,20170941098,Davidson,Nashville,10/25/2017 5:12:00 PM,2,0,0,36.191870,-86.780480,I 65,,,,0.00,,,,,,,86.30,N,Not at Intersection, ,Non-Junction,None,,,         ,Clayton,Lewis,Clear,Front to Rear,no,no,no,no,no,False
101803678,METROPOLITAN NASHVILLE POLICE DEPT,20170941404,Davidson,Nashville,10/25/2017 6:59:00 PM,2,1,0,36.084540,-86.920650,OLD HICKORY BLVD,,,,244.00,Feet,South,AMBERWOOD CIR,,,,0.00,N,Not at Intersection,N,Non-Junction,None,,,         ,Jeremy,Huffine,Clear,Angle,no,no,no,no,yes,False
101803681,METROPOLITAN NASHVILLE POLICE DEPT,20170941253,Davidson,Not in City Limit,10/25/2017 6:10:00 PM,2,3,0,36.091680,-86.981190,CHARLOTTE PKE,,,,0.00,,,HIGHWAY 70S,,,,0.00,Y,T-Intersection,N,Intersection,None,,,         ,Walter,Gray II,Clear,Angle,no,no,no,no,no,False
101803684,METROPOLITAN NASHVILLE POLICE DEPT,20170941265,Davidson,Nashville,10/25/2017 6:12:00 PM,2,1,0,36.110940,-86.745220,THOMPSON LN,,,,0.00,Feet,,NOLENSVILLE PKE,,,,0.00,Y,T-Intersection,Y,Intersection,None,,,         ,Pamela,Caulder,Clear,"Sideswipe, Opposite Direction",no,no,no,no,no,False
101803690,METROPOLITAN NASHVILLE POLICE DEPT,20170941515,Davidson,Nashville,10/25/2017 7:47:00 PM,2,0,0,36.120930,-86.727140,I 24,,,,0.00,,,,,,,52.85,N,Not at Intersection,N,Non-Junction,None,,,         ,Alyson,Cook,Clear,"Sideswipe, Same Direction",no,no,no,no,yes,False
101803691,METROPOLITAN NASHVILLE POLICE DEPT,20170941367,Davidson,Nashville,10/25/2017 6:10:00 PM,2,0,0,36.143600,-86.814310,WEST END AV,,,,45.00,Feet,South,30TH AVN,,,,0.00,N,Not at Intersection, ,Non-Junction,None,,,         ,Ryan,Cagle,Clear,"Sideswipe, Same Direction",no,no,no,no,no,Campus
101803692,METROPOLITAN NASHVILLE POLICE DEPT,20170941408,Davidson,Not in City Limit,10/25/2017 6:33:00 PM,2,0,0,36.077320,-86.946690,HIGHWAY 70S,,,,138.00,Feet,East,BELLEVUE CTR PVTDR,,,,0.00,N,Not at Intersection, ,Non-Junction,None,,,         ,Walter,Gray II,Clear,Front to Rear,no,no,no,no,no,False
101803694,METROPOLITAN NASHVILLE POLICE DEPT,20170941488,Davidson,Nashville,10/25/2017 6:50:00 PM,2,0,0,36.097660,-86.709510,I 24,,,,0.00,,,,,,,54.75,N,Not at Intersection, ,,None,,,         ,John,Joyce,,,no,no,no,no,no,False
101803713,METROPOLITAN NASHVILLE POLICE DEPT,20170941469,Davidson,Nashville,10/25/2017 6:55:00 PM,2,0,0,36.116870,-86.725630,I 24,,,,0.00,,,,,,,53.15,N,Not at Intersection,N,Non-Junction,None,,,         ,Andrew,Mullen,Clear,"Sideswipe, Same Direction",no,no,no,no,yes,False
101803723,METROPOLITAN NASHVILLE POLICE DEPT,20170941300,Davidson,Nashville,10/25/2017 6:23:00 PM,3,0,0,36.233640,-86.817020,BRILEY PKWYE,,,,515.00,Feet,West,BRILEY PKWY W ENT RAMP,,,,0.00,N,Not at Intersection,N,Non-Junction,None,,,         ,Roy,Sain Jr.,Clear,Front to Rear,no,no,no,no,no,False
101803724,METROPOLITAN NASHVILLE POLICE DEPT,20170941517,Davidson,Nashville,10/25/2017 7:40:00 PM,2,0,0,36.122260,-86.807080,HILLSBORO PKE,,,,67.00,Feet,North,I440 E EXT RAMP,,,,0.00,N,Not at Intersection, ,Non-Junction,None,,,         ,Anthony,Cucci,Clear,Front to Rear,no,no,no,no,no,False
101803727,METROPOLITAN NASHVILLE POLICE DEPT,20170941209,Davidson,Nashville,10/25/2017 5:25:00 PM,3,1,0,36.116020,-86.772830,I 440,,,,0.00,,,,,,,4.95,N,Not at Intersection,N,Non-Junction,None,,,         ,Austin,Kendrick,Clear,Front to Rear,no,no,no,no,yes,False
101803728,BRENTWOOD POLICE DEPT,201700037973,Davidson,Nashville,10/20/2017 4:00:00 PM,2,0,0,36.033360,-86.788720,FRANKLIN RD,,,,0.00,,,CHURCH STE,,,,0.00,Y,Four-Way,N,Intersection,None,,,         ,Jeff,Moorehead,Clear,Angle,no,no,no,no,yes,False
101803739,METROPOLITAN NASHVILLE POLICE DEPT,20170941378,Davidson,Nashville,10/25/2017 7:09:00 PM,2,0,0,36.070730,-86.634910,MURFREESBORO PKE,,,,555.00,Feet,South,BELL RD,,,,0.00,N,Not at Intersection, ,Non-Junction,None,,,         ,Kimberly,Annson,Clear,"Sideswipe, Same Direction",no,no,no,no,no,False
101803750,METROPOLITAN NASHVILLE POLICE DEPT,20170941295,Davidson,Nashville,10/25/2017 5:30:00 PM,2,1,0,36.037400,-86.786570,FRANKLIN PKE,,,,0.00,,,OLD HICKORY BLVD,,,,0.00,Y,Four-Way,N,Intersection-Related,None,,,         ,Jon,Mcvey,Clear,Angle,no,no,no,no,no,False
101803765,METROPOLITAN NASHVILLE POLICE DEPT,2017-0940781,Davidson,Nashville,10/25/2017 3:46:00 PM,2,0,0,36.163150,-86.776010,2ND AVN,,,,38.00,Feet,South,COMMERCE ST,,,,0.00,N,Not at Intersection, ,Non-Junction,None,,,         ,Cory,West,Clear,"Sideswipe, Same Direction",no,no,no,no,yes,False
101803774,METROPOLITAN NASHVILLE POLICE DEPT,20170940975,Davidson,Nashville,10/25/2017 4:40:00 PM,2,3,0,36.078610,-86.745220,HARDING PL,,,,0.00,,,DANBY DR,,,,0.00,Y,Four-Way,N,Intersection,None,,,         ,William,King,Clear,Front to Rear,no,no,no,no,no,False
101803779,METROPOLITAN NASHVILLE POLICE DEPT,20170941809,Davidson,Nashville,10/25/2017 8:10:00 PM,2,0,0,36.044800,-86.662070,BELL RD,,,,163.00,Feet,West,CANE RIDGE RD,,,,0.00,N,Not at Intersection,N,Non-Junction,None,,,         ,Devonte,Coleman,Clear,Front to Rear,no,no,no,no,yes,False
101803783,METROPOLITAN NASHVILLE POLICE DEPT,20170941832,Davidson,Nashville,10/25/2017 9:10:00 PM,2,0,0,36.079600,-86.726320,NOLENSVILLE PKE,,,,0.00,,,HARDING PL,,,,0.00,Y,Four-Way,N,Intersection-Related,None,,,         ,Hillary,Sherman,Clear,Angle,no,no,no,no,yes,False
101803798,METROPOLITAN NASHVILLE POLICE DEPT,20170941355,Davidson,Nashville,10/25/2017 7:01:00 PM,2,2,0,36.211710,-86.797270,E NOCTURNE DR,,,,119.00,Feet,East,WHITES CREEK PKE,,,,0.00,N,Not at Intersection,N,Crossover-Related,None,,,         ,Walter,Cothran,Clear,HeadOn,no,no,no,no,no,False
101803802,METROPOLITAN NASHVILLE POLICE DEPT,20170941516,Davidson,Nashville,10/25/2017 8:00:00 PM,1,1,0,36.121870,-86.759460,I 440,,,,0.00,,,,,,,5.80,N,Not at Intersection,N,Non-Junction,None,,,         ,Jon,Mcvey,Clear,Not Collision with Motor Vehicle in Transport,no,no,no,no,no,False
101803803,METROPOLITAN NASHVILLE POLICE DEPT,20170941874,Davidson,Nashville,10/25/2017 9:45:00 PM,2,0,0,36.135940,-86.800960,21ST AVS,,,,72.00,Feet,North,ACKLEN AV,,,,0.00,N,Not at Intersection, ,Non-Junction,None,,,         ,Nicholas,Carroll,Clear,Other,no,no,no,no,no,Campus
101803811,METROPOLITAN NASHVILLE POLICE DEPT,20170941785,Davidson,Nashville,10/25/2017 6:48:00 PM,2,0,0,36.181850,-86.606540,OLD HICKORY BLVD,,,,0.00,,,,,,,0.00,,,N,OtherLocation,None,,,         ,Codey,Mullins,Clear,Rear to Rear,no,no,no,yes,yes,False
101803821,METROPOLITAN NASHVILLE POLICE DEPT,20170941402,Davidson,Nashville,10/25/2017 12:00:00 AM,2,0,0,36.145950,-86.666600,ROYAL PKWY,,,,0.00,,,DONELSON PKE,,,,0.00,Y,Four-Way, ,,None,,,         ,Craig,Gentry,,,no,no,no,no,no,False
101803828,METROPOLITAN NASHVILLE POLICE DEPT,20170941632,Davidson,Nashville,10/25/2017 8:41:00 PM,1,1,0,36.239700,-86.775330,BRILEY PKWYW,,,,327.00,Feet,North,BRILEY PKWYE,,,,0.00,N,Not at Intersection,N,Non-Junction,None,,,         ,Bradley,Campbell,Clear,Not Collision with Motor Vehicle in Transport,no,no,no,no,no,False
101803841,METROPOLITAN NASHVILLE POLICE DEPT,20170941434,Davidson,Nashville,10/25/2017 7:38:00 PM,2,1,0,36.086910,-86.648680,UNA ANTIOCH PKE,,,,0.00,,,NASHBORO BLVD,,,,0.00,Y,Four-Way,N,Intersection,None,,,         ,Dontaveous,Eubanks,Clear,Angle,no,no,no,no,yes,False
101803868,METROPOLITAN NASHVILLE POLICE DEPT,20170942310,Davidson,Nashville,10/26/2017 12:00:00 AM,1,0,0,36.171700,-86.866440,BRILEY PKWY N ENT RAMP,,,,0.00,Feet,East,BRILEY PKWY N EXT RAMP,,,,0.00,N,Not at Intersection,N,Rail Grade Crossing,None,,,         ,Sarah,Ortkiese,Clear,Not Collision with Motor Vehicle in Transport,no,no,no,no,yes,False
101803881,METROPOLITAN NASHVILLE POLICE DEPT,20170942288,Davidson,Nashville,10/25/2017 11:00:00 PM,2,0,0,36.054940,-86.751830,GLENCARRON DR,,,,55.00,Feet,South,BRENTVIEW HILLS DR,,,,0.00,N,Not at Intersection,N,Non-Junction,None,,,         ,Akira,McSwain,Clear,Angle,no,no,no,no,yes,False
101803892,METROPOLITAN NASHVILLE POLICE DEPT,20170942449,Davidson,Not in City Limit,10/26/2017 12:56:00 AM,1,0,0,36.266310,-86.828410,OLD HICKORY BLVD,,,,768.00,Feet,East,WHITES CREEK PKE,,,,0.00,N,Not at Intersection, ,Non-Junction,None,,,         ,Armonty,Houston,Clear,Not Collision with Motor Vehicle in Transport,no,no,no,no,no,False
101803894,GOODLETTSVILLE POLICE DEPT,17-37782,Davidson,Goodlettsville,10/25/2017 6:00:00 PM,2,0,0,36.297820,-86.713510,I 65,,,,0.00,,,,,,,95.00,N,Not at Intersection, ,Non-Junction,None,,,         ,Brandon,Wright,Clear,Front to Rear,no,no,no,no,no,False
101803910,METROPOLITAN NASHVILLE POLICE DEPT,20170942811,Davidson,Nashville,10/26/2017 3:00:00 AM,1,0,0,36.134850,-86.779140,8TH AVS,,,,0.00,,,,,,,0.00,,Not at Intersection,N,"Driveway, Alley Access, etc",None,,,         ,Steven,Wiser,Clear,Not Collision with Motor Vehicle in Transport,no,no,no,yes,no,False
101803911,METROPOLITAN NASHVILLE POLICE DEPT,20170942482,Davidson,Nashville,10/26/2017 1:12:00 AM,2,2,0,36.187590,-86.769370,STOCKELL ST,,,,192.00,Feet,North,CLEVELAND ST,,,,0.00,N,Not at Intersection,N,Non-Junction,None,,,         ,Audrean,Manquero,Clear,"Sideswipe, Same Direction",no,no,no,no,no,False
101803921,METROPOLITAN NASHVILLE POLICE DEPT,20170942816,Davidson,Nashville,10/26/2017 12:00:00 AM,2,0,0,36.194660,-86.775570,I 65,,,,0.00,,,,,,,86.50,N,Not at Intersection,N,OtherLocation,Unknown,,,         ,Amanda,Hane,Clear,"Sideswipe, Same Direction",no,no,no,no,yes,False
101803934,METROPOLITAN NASHVILLE POLICE DEPT,20170942944,Davidson,Nashville,10/26/2017 4:20:00 AM,1,1,0,36.206670,-86.778430,W TRINITY LN,,,,0.00,,,HAMPTON ST,,,,0.00,Y,T-Intersection,N,Intersection-Related,None,,,         ,Geoffrey,Daugherty,Clear,Not Collision with Motor Vehicle in Transport,yes,no,no,no,yes,False
101803935,METROPOLITAN NASHVILLE POLICE DEPT,20170943151,Davidson,Nashville,10/26/2017 5:51:00 AM,2,0,0,36.085590,-86.701450,I24 E EXT RAMP,,,,0.00,,,I 24,,,,0.00,Y,OTHER,Y,Intersection,None,,,         ,Douglas,Sykes,Clear,Angle,no,no,no,no,yes,False
101803937,METROPOLITAN NASHVILLE POLICE DEPT,20170943146,Davidson,Nashville,10/26/2017 5:16:00 AM,2,0,0,36.169050,-86.772240,S 1ST ST,,,,0.00,,,WOODLAND ST,,,,0.00,Y,Four-Way, ,,None,,,         ,Kelcey,Bell,,,no,no,no,no,no,False
101803938,METROPOLITAN NASHVILLE POLICE DEPT,20170943175,Davidson,Nashville,10/26/2017 6:00:00 AM,1,1,0,36.167020,-86.763850,I24 W ENT RAMP,,,,0.00,,,I 24,,,,0.00,Y,Four-Way,N,Non-Junction,None,,,         ,Brady,Reynolds,Clear,Not Collision with Motor Vehicle in Transport,yes,no,no,no,no,False
101803941,METROPOLITAN NASHVILLE POLICE DEPT,20170943185,Davidson,Nashville,10/26/2017 6:21:00 AM,2,0,0,36.159800,-86.622940,I 40,,,,0.00,,,,,,,219.40,N,Not at Intersection, ,Non-Junction,None,,,         ,Jessie,Loy,Clear,Front to Rear,no,no,no,no,no,False
101803960,METROPOLITAN NASHVILLE POLICE DEPT,20170943149,Davidson,Nashville,10/26/2017 5:50:00 AM,2,0,0,36.166910,-86.764000,SHELBY AV,,,,88.00,Feet,West,I24 W ENT RAMP,,,,0.00,N,Not at Intersection,N,Entrance/Exit Ramp Related,None,,,         ,Eric,Hall,Clear,"Sideswipe, Same Direction",no,no,no,no,no,False
101803965,METROPOLITAN NASHVILLE POLICE DEPT,20170943221,Davidson,Nashville,10/26/2017 6:55:00 AM,2,0,0,36.120560,-86.911380,I 40,,,,0.00,,,,,,,200.10,N,Not at Intersection,N,Non-Junction,None,,,         ,Curtis,Rich,Clear,Front to Rear,no,no,no,no,no,False
101803967,METROPOLITAN NASHVILLE POLICE DEPT,20170943263,Davidson,Nashville,10/26/2017 6:57:00 AM,2,0,0,36.039530,-86.781720,I65 N EXT RAMP,,,,0.00,,,OLD HICKORY BLVD,,,,0.00,Y,Y-Intersection, ,Entrance/Exit Ramp Related,None,,,         ,Nathan,Kemp,Clear,Front to Rear,no,no,no,no,no,False
101803976,METROPOLITAN NASHVILLE POLICE DEPT,20170943184,Davidson,Nashville,10/26/2017 6:20:00 AM,3,1,0,36.141730,-86.714100,I 40,,,,0.00,,,,,,,214.00,N,Not at Intersection,N,Non-Junction,None,,,         ,Austin,Childress,Clear,Front to Rear,no,no,no,no,no,False
101803985,METROPOLITAN NASHVILLE POLICE DEPT,20170943243,Davidson,Nashville,10/26/2017 6:40:00 AM,2,0,0,36.086870,-86.696390,HARDING PL,,,,130.00,Feet,West,S PERIMETER PARK DR,,,,0.00,N,Not at Intersection, ,Non-Junction,None,,,         ,Roy,McElwee,Clear,"Sideswipe, Same Direction",no,no,no,no,no,False
101803996,METROPOLITAN NASHVILLE POLICE DEPT,20170943224,Davidson,Nashville,10/26/2017 6:55:00 AM,2,1,0,36.170650,-86.744900,SHELBY AV,,,,0.00,,,S 15TH ST,,,,0.00,Y,T-Intersection,N,Intersection-Related,None,,,         ,Richard,Conger,Clear,Angle,no,no,no,no,no,False
101804000,METROPOLITAN NASHVILLE POLICE DEPT,20170943320,Davidson,Nashville,10/26/2017 7:45:00 AM,2,0,0,36.079950,-86.758500,TROUSDALE DR,,,,123.00,Feet,North,RICHMAR DR,,,,0.00,N,Not at Intersection, ,"Driveway, Alley Access, etc",None,,,         ,Nathan,Kemp,Clear,Angle,no,no,no,no,no,False
101804002,METROPOLITAN NASHVILLE POLICE DEPT,20170943304,Davidson,Nashville,10/26/2017 7:44:00 AM,2,0,0,36.126060,-86.846130,HARDING PKE,,,,139.00,Feet,East,KENNER AV,,,,0.00,N,Not at Intersection, ,Non-Junction,None,,,         ,Curtis,Rich,Clear,Angle,no,no,no,no,no,False
101804024,METROPOLITAN NASHVILLE POLICE DEPT,20170943173,Davidson,Nashville,10/26/2017 6:11:00 AM,5,0,0,36.141210,-86.731620,I 40,,,,0.00,,,,,,,213.00,N,Not at Intersection,N,Non-Junction,None,,,         ,Robert,Fondren,Clear,Front to Rear,no,no,no,no,yes,False
101804032,METROPOLITAN NASHVILLE POLICE DEPT,20170943377,Davidson,Goodlettsville,10/26/2017 8:03:00 AM,2,0,0,36.297170,-86.698950,GALLATIN PKEN,,,,113.00,Feet,North,RIVERGATE PKWY,,,,0.00,N,Not at Intersection, ,Non-Junction,None,,,         ,Thomas,Odom,Clear,Front to Rear,no,no,no,no,no,False
101804040,METROPOLITAN NASHVILLE POLICE DEPT,20170943361,Davidson,Nashville,10/26/2017 7:58:00 AM,2,1,0,36.197380,-86.776220,I 65,,,,0.00,,,,,,,86.70,N,Not at Intersection,N,Non-Junction,None,,,         ,Michael,McCord,Clear,Front to Rear,no,no,no,no,no,False
101804041,METROPOLITAN NASHVILLE POLICE DEPT,20170943372,Davidson,Nashville,10/26/2017 7:50:00 AM,2,0,0,36.143360,-86.837030,NEBRASKA AV,,,,0.00,,,42ND AVN,,,,0.00,Y,Four-Way, ,Intersection,None,,,         ,Gregory,McDaniel,Clear,Angle,no,no,no,no,no,False
101804051,METROPOLITAN NASHVILLE POLICE DEPT,20170943222,Davidson,Nashville,10/26/2017 6:05:00 AM,1,0,0,36.246950,-86.834960,CLARKSVILLE PKE,,,,115.00,Feet,West,DRY FORK RD,,,,0.00,N,Not at Intersection,N,Non-Junction,None,,,         ,Royce,McLester,Clear,Not Collision with Motor Vehicle in Transport,no,no,no,no,no,False
101804061,METROPOLITAN NASHVILLE POLICE DEPT,20170943333,Davidson,Nashville,10/26/2017 7:48:00 AM,2,0,0,36.196530,-86.752510,ELLINGTON PKWYS,,,,80.00,Feet,East,ELLINGTON PKWYN,,,,0.00,N,Not at Intersection, ,Non-Junction,None,,,         ,Jeremy,Stricklin,Clear,Front to Rear,no,no,no,no,no,False
101804068,METROPOLITAN NASHVILLE POLICE DEPT,20170943442,Davidson,Nashville,10/26/2017 8:25:00 AM,2,0,0,36.121930,-86.910070,I 40,,,,0.00,,,,,,,200.25,N,Not at Intersection, ,Non-Junction,None,,,         ,Charles,Boles,Clear,Front to Rear,no,no,no,no,no,False
101804069,METROPOLITAN NASHVILLE POLICE DEPT,20170943330,Davidson,Nashville,10/26/2017 7:51:00 AM,2,1,0,36.035680,-86.598640,MURFREESBORO PIKE,PIKE,SR1,,500.00,Feet,South,OLD HICKORY BLVD,,SR2,,0.00,N,Not at Intersection,N,Non-Junction,None,,,         ,Steven,Williams,Clear,Front to Rear,no,no,no,no,no,False
101804083,METROPOLITAN NASHVILLE POLICE DEPT,20170943238,Davidson,Nashville,10/26/2017 6:46:00 AM,2,0,0,36.144290,-86.738880,I 40,,,,0.00,,,,,,,212.35,N,Not at Intersection,N,Non-Junction,None,,,         ,James,Curtis,Clear,"Sideswipe, Same Direction",no,no,no,no,no,False
101804084,METROPOLITAN NASHVILLE POLICE DEPT,20170943396,Davidson,Nashville,10/26/2017 8:07:00 AM,2,1,0,36.105470,-86.671430,MURFREESBORO PKE,,,,121.00,Feet,East,EZELL PKE,,,,0.00,N,Not at Intersection,N,Non-Junction,None,,,         ,James,Curtis,Clear,Front to Rear,no,no,no,no,no,False
101804092,METROPOLITAN NASHVILLE POLICE DEPT,20170943347,Davidson,Nashville,10/26/2017 7:30:00 AM,2,0,0,36.248860,-86.642860,OLD HICKORY,BLVD,,,200.00,Feet,North,OLD HICKORY,,US2201,,0.00,N,Not at Intersection,N,Non-Junction,None,,,         ,Gregory,Lindstrom,Clear,Front to Rear,no,no,no,no,no,False
101804097,METROPOLITAN NASHVILLE POLICE DEPT,20170943480,Davidson,Nashville,10/26/2017 8:22:00 AM,3,1,0,36.127640,-86.845630,BOSLEY SPRINGS RD,,,,168.00,Feet,South,ST THOMAS DR,,,,0.00,N,Not at Intersection,N,Non-Junction,None,,,         ,Curtis,Rich,Clear,Front to Rear,no,no,no,yes,no,False
101804103,METROPOLITAN NASHVILLE POLICE DEPT,20170943325,Davidson,Nashville,10/26/2017 7:49:00 AM,2,0,0,36.154630,-86.779160,LAFAYETTE ST,,,,0.00,,,8TH AVS,,,,0.00,Y,Roundabout, ,Intersection,None,,,         ,William,Gibbs,Clear,Angle,no,no,no,no,no,False
101804111,VANDERBILT UNIVERSITY POLICE,2017-0943329,Davidson,Nashville,10/26/2017 7:30:00 AM,2,0,0,36.140690,-86.801100,DIXIE PL,,,,0.00,,,,,,,0.00,,Not at Intersection, ,,None,,,         ,Stephanie,Reaber,,,no,no,no,yes,no,Campus
101804113,METROPOLITAN NASHVILLE POLICE DEPT,20170943247,Davidson,Not in City Limit,10/26/2017 7:00:00 AM,2,2,0,36.307350,-86.820050,I 24,,,,0.00,,,,,,,38.10,N,Not at Intersection,N,Non-Junction,None,,,         ,Jeanine,Sarno,Clear,Front to Rear,no,no,no,no,no,False
101804114,METROPOLITAN NASHVILLE POLICE DEPT,20170943393,Davidson,Not in City Limit,10/26/2017 8:08:00 AM,3,1,0,36.326630,-86.887740,I 24,,,,0.00,,,,,,,33.90,N,Not at Intersection,N,Non-Junction,None,,,         ,Jeanine,Sarno,Clear,Front to Rear,no,no,no,no,no,False
101804127,METROPOLITAN NASHVILLE POLICE DEPT,20170943573,Davidson,Nashville,10/26/2017 8:43:00 AM,2,0,0,36.168570,-86.813360,JEFFERSON ST,,,,0.00,,,I40 E EXT RAMP,,,,0.00,Y,Y-Intersection, ,Entrance/Exit Ramp Related,None,,,         ,William,Caillouette,Clear,Front to Rear,no,no,no,no,no,False
101804129,METROPOLITAN NASHVILLE POLICE DEPT,20170943546,Davidson,Old Hickory,10/26/2017 12:00:00 AM,2,0,0,36.257340,-86.650280,BERRY ST,,,,73.00,Feet,South,13TH ST,,,,0.00,N,Not at Intersection, ,Non-Junction,None,,,         ,Wesley,Young,Clear,Rear to Rear,no,no,no,no,no,False
101804138,THP District 9 - Administrative,317063344,Davidson,Nashville,10/26/2017 8:33:00 AM,2,0,0,36.166820,-87.782360,WARDEN RD,,,,0.81,Miles,West,MARIAH CHURCH LN,,,,0.00,N,Not at Intersection, ,Non-Junction,None,,,         ,Julio,Lassalle,Clear,HeadOn,no,no,no,yes,no,False
101804140,METROPOLITAN NASHVILLE POLICE DEPT,20170943689,Davidson,Nashville,10/26/2017 10:00:00 AM,2,1,0,36.094730,-86.707140,I 24,,,,0.00,,,,,,,55.00,N,Not at Intersection,N,Non-Junction,None,,,         ,Jessie,Meadows,Clear,"Sideswipe, Same Direction",no,no,no,no,yes,False
101804142,METROPOLITAN NASHVILLE POLICE DEPT,20170943565,Davidson,Nashville,10/26/2017 8:10:00 AM,2,0,0,36.132710,-86.723190,PAVILION BLVD,,,,0.00,Feet,,PLUS PARK BLVD,,,,0.00,Y,Four-Way, ,Non-Junction,None,,,         ,Deandera,Payne,Clear,Angle,no,no,no,no,no,False
101804144,METROPOLITAN NASHVILLE POLICE DEPT,2017-0943488,Davidson,Nashville,10/26/2017 8:41:00 AM,2,1,0,36.087790,-86.691350,HARDING PL,,,,287.00,Feet,East,ANTIOCH PKE,,,,0.00,N,Not at Intersection,N,Non-Junction,None,,,         ,Stanley,Collins,Clear,Angle,no,no,no,yes,no,False
101804146,METROPOLITAN NASHVILLE POLICE DEPT,20170943526,Davidson,Nashville,10/26/2017 8:53:00 AM,2,0,0,36.152120,-86.772230,ASH ST,,,,0.00,,,LAFAYETTE ST,,,,0.00,Y,Four-Way, ,Intersection-Related,None,,,         ,Byron,Carter,Clear,Front to Rear,no,no,no,no,no,False
101804148,METROPOLITAN NASHVILLE POLICE DEPT,20170943731,Davidson,Nashville,10/26/2017 10:00:00 AM,2,0,0,36.110090,-86.770340,I 65,,,,0.00,,,,,,,79.75,N,Not at Intersection, ,Non-Junction,None,,,         ,Justin,Pinkelton,Clear,Front to Rear,no,no,no,no,no,False
101804150,METROPOLITAN NASHVILLE POLICE DEPT,20170943417,Davidson,Nashville,10/26/2017 8:20:00 AM,2,0,0,36.246820,-86.721080,GALLATIN PKES,,,,59.00,Feet,North,BERKLEY DR,,,,0.00,N,Not at Intersection, ,Non-Junction,None,,,         ,Brian,Otto,Clear,Angle,no,no,no,no,no,False
101804168,METROPOLITAN NASHVILLE POLICE DEPT,2017-0943785,Davidson,Not in City Limit,10/26/2017 8:15:00 AM,2,1,0,35.991200,-86.683490,NOLENSVILLE RD,,,,0.00,,,BURKITT RD,,,,0.00,Y,T-Intersection,N,Intersection,None,,,         ,William,Whitworth,Clear,Front to Rear,no,no,no,no,no,False
101804202,METROPOLITAN NASHVILLE POLICE DEPT,2017-0936960,Davidson,Nashville,10/24/2017 1:03:00 PM,1,0,0,36.116110,-86.796470,I 440,,,,0.00,,,,,,,3.60,N,Not at Intersection,N,Non-Junction,None,,,         ,Allen,Bates,Cloudy,Not Collision with Motor Vehicle in Transport,no,no,no,no,no,False
101804204,METROPOLITAN NASHVILLE POLICE DEPT,20170943960,Davidson,Nashville,10/26/2017 11:20:00 AM,2,0,0,36.131650,-86.833560,WEST END AV,,,,0.00,,,WILSON BLVDN,,,,0.00,Y,T-Intersection, ,Intersection,None,,,         ,Curtis,Rich,Clear,Angle,no,no,no,no,no,False
101804207,METROPOLITAN NASHVILLE POLICE DEPT,20170943976,Davidson,Nashville,10/26/2017 11:27:00 AM,2,1,0,36.045320,-86.713700,OLD HICKORY BLVD,,,,130.00,Feet,West,NOLENSVILLE PKE,,,,0.00,N,Not at Intersection,N,Non-Junction,None,,,         ,Darren,White,Clear,Front to Rear,no,no,no,no,no,False
101804214,METROPOLITAN NASHVILLE POLICE DEPT,20170943902,Davidson,Nashville,10/26/2017 11:00:00 AM,2,0,0,36.158730,-86.789980,CHURCH ST,,,,220.00,Feet,East,12TH AVN,,,,0.00,N,Not at Intersection,N,Non-Junction,None,,,         ,Kevin,Johnson,Clear,Rear to Side,no,no,no,no,yes,False