master_record_number,agency,agency_tracking_number,county,city,collision_date,vehicles_involved,number_injured,number_dead,latitude,longitude,roadway_name,roadway_suffix,roadway_number,roadway_local_id,distance_from_reference,miles-feet_indicator,direction_from_reference,intersection_road_name,intersection_road_name_suffix,intersection_road_number,intersection_local_id,mile_marker,intersection_indicator,intersect_type,interchange_related_indicator,relation_to_junction,work_zone_type,construction_maintenance_zone,construction_maintenance_zone_location,fatal_case_number,officer_first_name,officer_last_name,weather_condition(s),manner_of_crash,pedestrian,bicycle,scooter,parking,hitrun,mou
101804753,METROPOLITAN NASHVILLE POLICE DEPT,2017-0945128,Davidson,Nashville,10/26/2017 7:35:00 PM,2,1,0,36.087750,-86.691440,HARDING PL,,,,257.00,Feet,East,ANTIOCH PKE,,,,0.00,N,Not at Intersection,N,"Driveway, Alley Access, etc",None,,,         ,Kevin,Keating,Clear,Angle,no,no,no,no,yes,False
101804756,METROPOLITAN NASHVILLE POLICE DEPT,20170944733,Davidson,Nashville,10/26/2017 4:27:00 PM,2,0,0,36.138380,-86.820100,WEST END AV,,,,246.00,Feet,North,MURPHY RD,,,,0.00,N,Not at Intersection, ,Non-Junction,None,,,         ,Torian,Cox,Clear,Front to Rear,no,no,no,no,no,False
101804780,METROPOLITAN NASHVILLE POLICE DEPT,20170944438,Davidson,Nashville,10/26/2017 2:29:00 PM,1,1,0,36.126930,-86.709780,THOMPSON PL,,,,345.00,Feet,North,MURFREESBORO PKE,,,,0.00,N,Not at Intersection,N,Non-Junction,None,,,         ,Dontaveous,Eubanks,Clear,Not Collision with Motor Vehicle in Transport,yes,no,no,no,no,False
101804783,METROPOLITAN NASHVILLE POLICE DEPT,20170945204,Davidson,Not in City Limit,10/26/2017 7:10:00 PM,2,0,0,36.273030,-86.689500,MYATT DR,,,,331.00,Feet,North,ANDERSON LN,,,,0.00,N,Not at Intersection, ,Non-Junction,None,,,         ,Joanna,D'Agostino,Clear,Front to Rear,no,no,no,no,no,False
101804784,METROPOLITAN NASHVILLE POLICE DEPT,20170945127,Davidson,Nashville,10/26/2017 7:13:00 PM,2,0,0,36.211940,-86.731020,HOWARD AV,,,,366.00,Feet,East,GALLATIN PKE,,,,0.00,N,Not at Intersection,N,Non-Junction,None,,,         ,James,Smith,Clear,Front to Rear,no,no,no,no,no,False
101804785,METROPOLITAN NASHVILLE POLICE DEPT,20170945116,Davidson,Nashville,10/26/2017 5:30:00 PM,2,1,0,36.134010,-86.758950,NOLENSVILLE PKE,,,,0.00,,,CRAIGHEAD ST,,,,0.00,Y,T-Intersection,N,Intersection-Related,None,,,         ,Jon,Mcvey,Clear,Front to Rear,no,no,no,no,no,False
101804792,METROPOLITAN NASHVILLE POLICE DEPT,20170945242,Davidson,Nashville,10/26/2017 6:29:00 PM,2,0,0,36.074730,-86.920150,HIGHWAY 70S,,,,58.00,Feet,West,BELLE FOREST SHOPPING CENTER P,,,,0.00,N,Not at Intersection, ,Non-Junction,None,,,         ,Brandon,Pedigo,Clear,Front to Rear,no,no,no,no,no,False
101804794,GOODLETTSVILLE POLICE DEPT,17-37928,Davidson,Goodlettsville,10/26/2017 5:56:00 PM,2,0,0,36.311543,-86.683062,VIETNAM VETS,BLVD,SR386 W,,0.00,,,,,,,1.80,N,Not at Intersection, ,Non-Junction,None,,,         ,Shane,Farrell,Clear,Front to Rear,no,no,no,no,no,False
101804797,METROPOLITAN NASHVILLE POLICE DEPT,2017-0941225,Davidson,Nashville,10/25/2017 6:00:00 PM,2,0,0,36.233680,-86.792390,GWYNNWOOD DR,,,,137.00,Feet,North,EWINGDALE DR,,,,0.00,N,Not at Intersection,N,Non-Junction,None,,,         ,Victor,Alexander,Clear,Not Collision with Motor Vehicle in Transport,no,no,no,no,yes,False
101804800,Nashville Airport Police,2017-03828,Davidson,Nashville,10/26/2017 5:30:00 PM,2,0,0,36.133320,-86.668600,TERMINAL DR,,,,1077.00,Feet,West,BNA DR,,,,0.00,N,Not at Intersection, ,SharedUsePathOrTrail,None,,,         ,Christopher,Lueders,Clear,"Sideswipe, Same Direction",no,no,no,no,no,False
101804805,METROPOLITAN NASHVILLE POLICE DEPT,20170944858,Davidson,Nashville,10/26/2017 4:54:00 PM,2,0,0,36.051450,-86.702710,OCALA DR,,,,0.00,,,EULALA DR,,,,0.00,Y,Four-Way, ,Intersection,None,,,         ,Darryl,Williams,Clear,Angle,no,no,no,no,no,False
101804807,METROPOLITAN NASHVILLE POLICE DEPT,20170945220,Davidson,Nashville,10/26/2017 5:31:00 PM,1,0,0,36.077470,-86.773100,FRANKLIN PKE,,,,0.00,,,TYNE BLVD,,,,0.00,Y,T-Intersection,N,Intersection-Related,None,,,         ,Tien,Nguyen,Clear,Not Collision with Motor Vehicle in Transport,no,no,no,no,yes,False
101804808,METROPOLITAN NASHVILLE POLICE DEPT,20170944977,Davidson,Nashville,10/26/2017 4:46:00 PM,2,0,0,36.130418,-86.900066,I 40 W EXIT RAMP,,,,0.00,,,CHARLOTTE PK,,,,0.00,Y,T-Intersection,N,Entrance/Exit Ramp Related,None,,,         ,Jeremy,Huffine,Clear,Front to Rear,no,no,no,no,yes,False
101804810,METROPOLITAN NASHVILLE POLICE DEPT,20170944744,Davidson,Nashville,10/26/2017 4:32:00 PM,1,0,0,36.133840,-86.702120,GLASTONBURY RD,,,,109.00,Feet,East,MASSMAN DR,,,,0.00,N,Not at Intersection,N,Non-Junction,None,,,         ,Dontaveous,Eubanks,Clear,Not Collision with Motor Vehicle in Transport,no,no,no,no,yes,False
101804812,METROPOLITAN NASHVILLE POLICE DEPT,20170945040,Davidson,Nashville,10/26/2017 6:50:00 PM,2,0,0,36.143600,-86.737990,I 40,,,,0.00,,,,,,,212.60,N,Not at Intersection, ,,None,,,         ,John,Daugherty,,,no,no,no,no,no,False
101804815,METROPOLITAN NASHVILLE POLICE DEPT,20170945113,Davidson,Nashville,10/26/2017 5:45:00 PM,2,0,0,36.153900,-86.625640,STEWARTS FERRY PKE,,,,0.00,,,PERCY PRIEST DR,,,,0.00,Y,T-Intersection,N,Intersection,None,,,         ,Matthew,Turppa,Clear,Angle,no,no,no,no,no,False
101804821,METROPOLITAN NASHVILLE POLICE DEPT,20170944641,Davidson,Nashville,10/26/2017 3:40:00 PM,1,1,0,36.110850,-86.723160,I24 E EXT RAMP,,,,0.00,Feet,East,I 24,,,,0.00,N,Not at Intersection,N,Entrance/Exit Ramp Related,None,,,         ,Pamela,Caulder,Clear,Not Collision with Motor Vehicle in Transport,no,no,no,no,no,False
101804822,METROPOLITAN NASHVILLE POLICE DEPT,20170945071,Davidson,Nashville,10/26/2017 6:56:00 PM,2,0,0,36.101340,-86.712530,I 24,,,,0.00,,,,,,,54.50,N,Not at Intersection, ,Non-Junction,None,,,         ,Pamela,Caulder,Cloudy,Front to Rear,no,no,no,no,no,False
101804823,METROPOLITAN NASHVILLE POLICE DEPT,20170944846,Davidson,Nashville,10/26/2017 5:00:00 PM,2,0,0,36.199050,-86.798220,ATHENS WAY,,,,0.00,,,GREAT CIRCLE RD,,,,0.00,Y,Y-Intersection, ,Intersection,None,,,         ,Clayton,Lewis,Clear,Angle,no,no,no,no,no,False
101804826,METROPOLITAN NASHVILLE POLICE DEPT,20170945067,Davidson,Nashville,10/26/2017 6:57:00 PM,2,0,0,36.173580,-86.763370,MAIN ST,,,,2.00,Feet,East,S 6TH ST,,,,0.00,N,Not at Intersection,N,Non-Junction,None,,,         ,Phillip,Box,Clear,Front to Rear,no,no,no,no,no,False
101804859,METROPOLITAN NASHVILLE POLICE DEPT,20170944837,Davidson,Not in City Limit,10/26/2017 5:18:00 PM,2,2,0,36.264130,-86.726020,OLD HICKORY BLVDW,,,,162.00,Feet,East,RONNIE RD,,,,0.00,N,Not at Intersection,N,Non-Junction,None,,,         ,Samuel,Miller,Clear,Front to Rear,no,no,no,no,no,False
101804860,METROPOLITAN NASHVILLE POLICE DEPT,20170944702,Davidson,Not in City Limit,10/25/2017 5:57:00 PM,2,0,0,36.264070,-86.690260,MYATT DR,,,,0.00,,,STATE RT 45,,,,0.00,Y,Four-Way, ,Intersection,None,,,         ,Samuel,Miller,Cloudy,Angle,no,no,no,no,no,False
101804870,METROPOLITAN NASHVILLE POLICE DEPT,20170945072,Davidson,Nashville,10/26/2017 6:45:00 PM,3,0,0,36.046190,-86.657720,BELL RD,,,,87.00,Feet,East,COLLINS PARK DR,,,,0.00,N,Not at Intersection,N,Non-Junction,None,,,         ,Alyson,Cook,Clear,Front to Rear,no,no,no,no,no,False
101804873,METROPOLITAN NASHVILLE POLICE DEPT,20170945425,Davidson,Nashville,10/26/2017 8:40:00 PM,2,0,0,36.182270,-86.607960,OLD HICKORY BLVD,,,,0.00,,,ANDREW JACKSON WAY,,,,0.00,Y,Four-Way,N,Intersection,None,,,         ,Matthew,Turppa,Clear,Angle,no,no,no,no,yes,False
101804875,METROPOLITAN NASHVILLE POLICE DEPT,20170945025,Davidson,Nashville,10/26/2017 6:50:00 PM,2,2,0,36.137600,-86.869360,FORESTWOOD DR,,,,0.00,,,KNOB RD,,,,0.00,Y,T-Intersection,N,Intersection-Related,None,,,         ,Walter,Gray II,Clear,"Sideswipe, Same Direction",no,no,no,no,no,False
101804879,METROPOLITAN NASHVILLE POLICE DEPT,20170945077,Davidson,Nashville,10/26/2017 12:00:00 AM,2,0,0,36.143700,-86.738170,I 40,,,,0.00,,,,,,,212.60,N,Not at Intersection,N,Non-Junction,None,,,         ,John,Daugherty,Clear,Front to Rear,no,no,no,no,yes,False
101804883,METROPOLITAN NASHVILLE POLICE DEPT,20170945170,Davidson,Nashville,10/26/2017 7:10:00 PM,2,0,0,36.044900,-86.663980,BELL RD,,,,622.00,Feet,North,CANE RIDGE RD,,,,0.00,N,Not at Intersection, ,Non-Junction,None,,,         ,Alyson,Cook,Clear,Front to Rear,no,no,no,no,no,False
101804899,METROPOLITAN NASHVILLE POLICE DEPT,20170945244,Davidson,Nashville,10/26/2017 8:18:00 PM,3,0,0,36.068400,-86.672730,RICHARDS RD,,,,111.00,Feet,East,MCBRIDE RD,,,,0.00,N,Not at Intersection,N,Non-Junction,None,,,         ,Alyson,Cook,Clear,Not Collision with Motor Vehicle in Transport,no,no,no,no,yes,False
101804909,METROPOLITAN NASHVILLE POLICE DEPT,20170945319,Davidson,Hermitage,10/26/2017 8:46:00 PM,1,1,0,36.261360,-86.656770,MARTINGALE DR,,,,113.00,Feet,South,9TH ST,,,,0.00,N,Not at Intersection,N,Non-Junction,None,,,         ,Brenna,Hosey,Clear,Not Collision with Motor Vehicle in Transport,no,no,no,no,yes,False
101804934,METROPOLITAN NASHVILLE POLICE DEPT,20170945467,Davidson,Nashville,10/26/2017 9:46:00 PM,2,3,0,36.230540,-86.766120,EWING DR,,,,74.00,Feet,West,RICH ACRES DR,,,,0.00,N,Not at Intersection,N,Non-Junction,None,,,         ,Michael,Mendenhall,Clear,HeadOn,no,no,no,no,no,False
101804935,METROPOLITAN NASHVILLE POLICE DEPT,20170945583,Davidson,Nashville,10/26/2017 10:00:00 PM,2,0,0,36.139050,-86.733010,MURFREESBORO PKE,,,,0.00,,,ARLINGTON AV,,,,0.00,Y,Four-Way,N,Intersection-Related,None,,,         ,Zachary,Lang,Clear,Front to Rear,no,no,no,no,yes,False
101804946,METROPOLITAN NASHVILLE POLICE DEPT,20170945720,Davidson,Nashville,10/26/2017 7:20:00 AM,2,0,0,36.162020,-86.838940,43RD AVN,,,,314.00,Feet,North,ALBION ST,,,,0.00,N,Not at Intersection, ,Non-Junction,None,,,         ,Sarah,Ortkiese,Clear,Rear to Side,no,no,no,no,yes,False
101804948,METROPOLITAN NASHVILLE POLICE DEPT,20170945433,Davidson,Not in City Limit,10/26/2017 7:48:00 PM,1,0,0,36.107860,-87.020030,OLD CHARLOTTE PKE,,,,1007.00,Feet,West,SEARS RD,,,,0.00,N,Not at Intersection,N,Non-Junction,None,,,         ,Jeremy,Huffine,Clear,Not Collision with Motor Vehicle in Transport,no,no,no,no,no,False
101804968,GOODLETTSVILLE POLICE DEPT,17-37971,Davidson,Goodlettsville,10/26/2017 11:56:00 PM,1,0,0,36.305537,-86.704157,VIETNAM VETS,BLVD,SR386,,0.00,,,,,,,0.60,N,Not at Intersection, ,Non-Junction,None,,,         ,Shane,Farrell,Clear,Not Collision with Motor Vehicle in Transport,no,no,no,no,no,False
101804969,METROPOLITAN NASHVILLE POLICE DEPT,20170945936,Davidson,Nashville,10/27/2017 12:15:00 AM,1,0,0,36.043610,-86.688610,BELL RD,,,,1256.00,Feet,East,BENZING RD,,,,0.00,N,Not at Intersection, ,Non-Junction,None,,,         ,Autumn,Manning,Clear,Not Collision with Motor Vehicle in Transport,no,no,no,no,no,False
101804974,TENNESSEE STATE UNIVERSITY ,17-TSU-79495,Davidson,Nashville,10/25/2017 8:45:00 PM,2,0,0,36.164750,-86.826390,33RD AVN,,,,0.00,,,ALAMEDA ST,,,,0.00,Y,OTHER, ,Non-Junction,None,,,         ,Dwanna,Shelton,Clear,"Sideswipe, Same Direction",no,no,no,yes,yes,False
101805002,METROPOLITAN NASHVILLE POLICE DEPT,20170946387,Davidson,Nashville,10/27/2017 12:00:00 AM,1,0,0,36.215090,-86.595700,LEBANON PKE,,,,582.00,Feet,East,ANDREW JACKSON PKWY,,,,0.00,N,Not at Intersection,N,Non-Junction,None,,,         ,Emily,Mulready,Clear,Not Collision with Motor Vehicle in Transport,no,no,no,yes,no,False
101805020,METROPOLITAN NASHVILLE POLICE DEPT,20170946688,Davidson,Nashville,10/27/2017 5:21:00 AM,2,0,0,36.162110,-86.790610,CHARLOTTE AV,,,,0.00,,,11TH AVN,,,,0.00,Y,Four-Way,N,Intersection,None,,,         ,Hunter,Fikes,Clear,Angle,no,no,no,no,no,False
101805034,METROPOLITAN NASHVILLE POLICE DEPT,20170946765,Davidson,Nashville,10/27/2017 6:07:00 AM,2,0,0,36.202030,-86.776850,I 65,,,,0.00,,,,,,,87.00,N,Not at Intersection, ,Non-Junction,None,,,         ,Ronald,Bright,Clear,"Sideswipe, Same Direction",no,no,no,no,no,False
101805047,METROPOLITAN NASHVILLE POLICE DEPT,20170945761,Davidson,Nashville,10/26/2017 11:30:00 PM,2,1,0,36.169600,-86.601010,OLD HICKORY BLVD,,,,19.00,Feet,North,I40 E ENT RAMP,,,,0.00,N,Not at Intersection,N,Non-Junction,None,,,         ,Ian,Swander,Cloudy,Angle,no,no,no,no,no,False
101805067,METROPOLITAN NASHVILLE POLICE DEPT,20170946742,Davidson,Nashville,10/27/2017 5:57:00 AM,1,1,0,36.158580,-86.771260,KOREAN VETERANS BLVD,,,,213.00,Feet,East,HERMITAGE AV,,,,0.00,N,Not at Intersection,N,Non-Junction,None,,,         ,Katelin,Ehrhardt,Clear,Not Collision with Motor Vehicle in Transport,no,yes,no,no,no,False
101805082,METROPOLITAN NASHVILLE POLICE DEPT,2017-0946813,Davidson,Nashville,10/27/2017 6:19:00 AM,2,0,0,36.044770,-86.661530,BELL RD,,,,0.00,,,CANE RIDGE RD,,,,0.00,Y,Four-Way, ,Intersection,None,,,         ,William,Whitworth,Clear,"Sideswipe, Same Direction",no,no,no,no,no,False
101805084,METROPOLITAN NASHVILLE POLICE DEPT,20170944433,Davidson,Nashville,10/26/2017 2:14:00 PM,2,1,0,36.083650,-86.647220,MURFREESBORO PKE,,,,0.00,,,BROOKSBORO PL,,,,0.00,Y,Four-Way,N,Intersection,None,,,         ,Zachary,Scott,Clear,Front to Rear,no,no,no,no,no,False
101805109,METROPOLITAN NASHVILLE POLICE DEPT,20170946935,Davidson,Not in City Limit,10/27/2017 7:55:00 AM,2,0,0,36.075470,-86.940400,HIGHWAY 70S,,,,0.00,,,BELLEVUE RD,,,,0.00,Y,Four-Way,N,Intersection,None,,,         ,Curtis,Rich,Clear,Angle,no,no,no,no,no,False
101805121,METROPOLITAN NASHVILLE POLICE DEPT,20170946871,Davidson,Nashville,10/27/2017 7:36:00 AM,2,0,0,36.043910,-86.656330,I 24,,,,0.00,,,,,,,59.60,N,Not at Intersection,N,Non-Junction,None,,,         ,Jason,Dudley,Clear,Front to Rear,no,no,no,no,yes,False
101805122,METROPOLITAN NASHVILLE POLICE DEPT,20170946847,Davidson,Goodlettsville,10/27/2017 4:30:00 AM,1,0,0,36.292980,-86.691030,SHEPHERD HILLS DR,,,,665.00,Feet,South,SPRING BRANCH DR,,,,0.00,N,Not at Intersection,N,Non-Junction,None,,,         ,Thomas,Odom,Clear,Not Collision with Motor Vehicle in Transport,no,no,no,no,yes,False
101805131,METROPOLITAN NASHVILLE POLICE DEPT,20170946801,Davidson,Nashville,10/27/2017 6:40:00 AM,2,0,0,36.239180,-86.754400,I 65,,,,0.00,,,,,,,90.15,N,Not at Intersection, ,Entrance/Exit Ramp Related,None,,,         ,Jack,Crouch,Clear,Front to Rear,no,no,no,no,no,False
101805145,METROPOLITAN NASHVILLE POLICE DEPT,20170946974,Davidson,Nashville,10/27/2017 12:00:00 AM,2,0,0,36.152790,-86.764710,CARROLL ST,,,,224.00,Feet,West,UNIVERSITY CT,,,,0.00,N,Not at Intersection, ,Non-Junction,None,,,         ,Johnathan,Carlisle,Unknown,"Sideswipe, Same Direction",no,no,no,no,yes,False
101805152,METROPOLITAN NASHVILLE POLICE DEPT,20170946791,Davidson,Nashville,10/27/2017 6:30:00 AM,2,0,0,36.148500,-86.776270,I 40,,,,0.00,,,,,,,210.00,N,Not at Intersection, ,Non-Junction,None,,,         ,Nopel,Stella,Clear,Front to Rear,no,no,no,no,no,False
101805156,METROPOLITAN NASHVILLE POLICE DEPT,20170946943,Davidson,Nashville,10/27/2017 7:55:00 AM,2,0,0,36.206310,-86.774090,W TRINITY LN,,,,181.00,Feet,West,I65 N EXT RAMP,,,,0.00,N,Not at Intersection, ,Entrance/Exit Ramp Related,None,,,         ,Richard,Conger,Clear,Front to Rear,no,no,no,no,yes,False
101805159,METROPOLITAN NASHVILLE POLICE DEPT,20170946854,Davidson,Nashville,10/27/2017 7:13:00 AM,2,1,0,36.153050,-86.760510,GREEN ST,,,,0.00,,,CLAIBORNE ST,,,,0.00,Y,Four-Way,N,Intersection,None,,,         ,Michael,Dance,Clear,Angle,no,no,no,no,no,False
101805189,METROPOLITAN NASHVILLE POLICE DEPT,20170946948,Davidson,Nashville,10/27/2017 8:00:00 AM,2,0,0,36.116040,-86.772740,I 440,,,,0.00,,,,,,,4.95,N,Not at Intersection, ,Non-Junction,None,,,         ,Justin,Pinkelton,Clear,Front to Rear,no,no,no,no,no,False
101805190,THP District 9 - Administrative,317063223,Davidson,Nashville,10/25/2017 11:00:00 AM,1,0,0,36.142210,-86.816100,WEST END AV,,,,1000.00,Feet,North,WEST END AVENUE,,,,0.00,,Not at Intersection, ,Non-Junction,None,,,         ,James,Gatlin,Clear,Not Collision with Motor Vehicle in Transport,no,no,no,yes,no,False
101805203,METROPOLITAN NASHVILLE POLICE DEPT,20170947043,Davidson,Nashville,10/27/2017 8:03:00 AM,2,0,0,36.122120,-86.807170,I440 E EXT RAMP,,,,0.00,,,HILLSBORO PKE,,,,0.00,Y,OTHER, ,Entrance/Exit Ramp Related,None,,,         ,Brent,Bauer,Clear,Front to Rear,no,no,no,no,no,False
101805210,METROPOLITAN NASHVILLE POLICE DEPT,20170946790,Davidson,Nashville,10/27/2017 6:02:00 AM,2,1,0,36.170620,-86.804410,I 40,,,,0.00,,,,,,,207.65,N,Not at Intersection,Y,Entrance/Exit Ramp Related,None,,,         ,Nathan,Mayo,Clear,"Sideswipe, Same Direction",no,no,no,no,no,False
101805236,METROPOLITAN NASHVILLE POLICE DEPT,20170947169,Davidson,Not in City Limit,10/27/2017 9:21:00 AM,1,0,0,36.261130,-86.738200,I 65,,,,0.00,,,,,,,92.00,N,Not at Intersection,N,Non-Junction,None,,,         ,Thomas,Odom,Cloudy,Not Collision with Motor Vehicle in Transport,no,no,no,no,no,False
101805247,METROPOLITAN NASHVILLE POLICE DEPT,20170946960,Davidson,Nashville,10/27/2017 8:30:00 AM,2,0,0,36.130230,-86.770720,HONEYSUCKLE RD,,,,112.00,Feet,East,MAGNOLIA RD,,,,0.00,N,Not at Intersection, ,Non-Junction,None,,,         ,Justin,Pinkelton,Clear,Rear to Rear,no,no,no,no,no,False
101805260,METROPOLITAN NASHVILLE POLICE DEPT,20170947119,Davidson,Nashville,10/27/2017 8:55:00 AM,2,0,0,36.209650,-86.776080,I 65,,,,0.00,,,,,,,87.60,N,Not at Intersection,N,Non-Junction,None,,,         ,Jeanine,Sarno,Clear,"Sideswipe, Same Direction",no,no,no,no,yes,False
101805289,METROPOLITAN NASHVILLE POLICE DEPT,20170947066,Davidson,Nashville,10/27/2017 8:40:00 AM,2,0,0,36.176850,-86.773800,SPRING ST,,,,134.00,Feet,East,I24 E ENT RAMP,,,,0.00,N,Not at Intersection, ,Non-Junction,None,,,         ,Shawn,Taylor,Clear,Front to Rear,no,no,no,no,no,False
101805295,METROPOLITAN NASHVILLE POLICE DEPT,20170947359,Davidson,Nashville,10/27/2017 10:25:00 AM,1,0,0,36.151900,-86.779260,8TH AVS,,,,41.00,Feet,North,GLEAVES ST,,,,0.00,N,Not at Intersection, ,Non-Junction,None,,,         ,Shawn,Taylor,Cloudy,Not Collision with Motor Vehicle in Transport,no,no,no,no,no,False
101805296,METROPOLITAN NASHVILLE POLICE DEPT,20170947508,Davidson,Nashville,10/27/2017 11:22:00 AM,2,0,0,36.151700,-86.851720,CHARLOTTE AV,,,,118.00,Feet,East,MORROW RD,,,,0.00,N,Not at Intersection, ,Non-Junction,None,,,         ,Curtis,Rich,Cloudy,Front to Rear,no,no,no,no,no,False
101805302,METROPOLITAN NASHVILLE POLICE DEPT,20170947379,Davidson,Nashville,10/27/2017 10:30:00 AM,2,0,0,36.046830,-86.661330,I 24,,,,0.00,,,,,,,59.25,N,Not at Intersection,N,Non-Junction,None,,,         ,Jessie,Meadows,Clear,Front to Rear,no,no,no,no,no,False
101805304,METROPOLITAN NASHVILLE POLICE DEPT,20170946957,Davidson,Nashville,10/27/2017 7:58:00 AM,1,1,0,36.282190,-86.731540,I 65,,,,0.00,,,,,,,93.55,N,Not at Intersection,N,Non-Junction,None,,,         ,Cyretha,Frazier,Clear,Not Collision with Motor Vehicle in Transport,no,no,no,no,no,False
101805318,METROPOLITAN NASHVILLE POLICE DEPT,20170947401,Davidson,Nashville,10/27/2017 10:39:00 AM,2,0,0,36.187730,-86.605660,BRET RIDGE DR,,,,0.00,,,OLD LEBANON DIRT RD,,,,0.00,Y,T-Intersection,N,Intersection,None,,,         ,Michael,Dance,Clear,Angle,no,no,no,no,no,False
101805350,METROPOLITAN NASHVILLE POLICE DEPT,20170946994,Davidson,Nashville,10/27/2017 8:10:00 AM,2,2,0,36.128140,-86.815880,I 440,,,,0.00,,,,,,,2.15,N,Not at Intersection,N,Non-Junction,None,,,         ,Nathan,Kemp,Clear,Front to Rear,no,no,no,no,no,False
101805351,METROPOLITAN NASHVILLE POLICE DEPT,20170947111,Davidson,Nashville,10/27/2017 8:56:00 AM,2,1,0,36.082100,-86.761700,I65 N EXT RAMP,,,,0.00,,,HARDING PL,,,,0.00,Y,Four-Way,N,Entrance/Exit Ramp Related,None,,,         ,Nathan,Kemp,Clear,Front to Rear,no,no,no,no,no,False
101805352,METROPOLITAN NASHVILLE POLICE DEPT,20170947478,Davidson,Nashville,10/27/2017 11:30:00 AM,2,0,0,36.093240,-86.710540,KAY CT,,,,84.00,Feet,West,DONNA KAY DR,,,,0.00,N,Not at Intersection, ,Non-Junction,None,,,         ,Jessie,Meadows,Clear,Angle,no,no,no,no,no,False
101805355,METROPOLITAN NASHVILLE POLICE DEPT,20170947643,Davidson,Nashville,10/27/2017 12:12:00 PM,2,0,0,36.151860,-86.851190,53RD AVN,,,,0.00,Feet,,CHARLOTTE AV,,,,0.00,Y,Four-Way, ,Intersection-Related,None,,,         ,Curtis,Rich,Cloudy,Front to Rear,no,no,no,no,no,False
101805375,METROPOLITAN NASHVILLE POLICE DEPT,20170947597,Davidson,Nashville,10/27/2017 12:20:00 PM,1,0,0,36.064220,-86.645270,RURAL HILL RD,,,,254.00,Feet,South,BRIDGECREST DR,,,,0.00,N,Not at Intersection,N,Non-Junction,None,,,         ,Jessie,Meadows,Clear,Not Collision with Motor Vehicle in Transport,no,no,no,no,no,False
101805379,METROPOLITAN NASHVILLE POLICE DEPT,20170944224,Davidson,Nashville,10/26/2017 12:55:00 PM,2,0,0,36.149590,-86.706370,ELM TREE DR,,,,402.00,Feet,North,MAPLELEAF DR,,,,0.00,N,Not at Intersection,N,OtherLocation,None,,,         ,James,Curtis,Clear,Angle,no,no,no,yes,no,False
101805380,METROPOLITAN NASHVILLE POLICE DEPT,20170946820,Davidson,Nashville,10/27/2017 12:00:00 AM,1,0,0,36.159930,-86.731930,PUMPING STATION RD,,,,581.00,Feet,West,VISCO DR,,,,0.00,N,Not at Intersection,N,Non-Junction,None,,,         ,James,Curtis,Unknown,Not Collision with Motor Vehicle in Transport,no,no,no,no,yes,False
101805381,METROPOLITAN NASHVILLE POLICE DEPT,20170947130,Davidson,Nashville,10/27/2017 8:49:00 AM,2,0,0,36.145650,-86.666670,DONELSON PKE,,,,112.00,Feet,South,ROYAL PKWY,,,,0.00,N,Not at Intersection,N,Non-Junction,None,,,         ,James,Curtis,Cloudy,Angle,no,no,no,no,no,False
101805382,METROPOLITAN NASHVILLE POLICE DEPT,20170947497,Davidson,Nashville,10/27/2017 11:08:00 AM,2,2,0,36.200550,-86.620930,OLD HICKORY BLVD,,,,0.00,,,PLANTATION DR,,,,0.00,Y,T-Intersection,N,Intersection,None,,,         ,James,Curtis,Cloudy,Angle,no,no,no,no,no,False
101805395,VANDERBILT UNIVERSITY POLICE,2017- 0947514,Davidson,Nashville,10/27/2017 8:11:00 AM,2,0,0,36.145310,-86.805830,VANDERBILT PL,,,,0.00,,,VANDERBILT PL,,,,0.00,,Not at Intersection, ,SharedUsePathOrTrail,None,,,         ,Charles,Payton,Cloudy,"Sideswipe, Same Direction",no,no,no,no,no,Campus
101805397,METROPOLITAN NASHVILLE POLICE DEPT,20170947636,Davidson,Nashville,10/27/2017 11:51:00 AM,2,0,0,36.039050,-86.743420,EDMONDSON PKE,,,,351.00,Feet,South,OLD HICKORY BLVD,,,,0.00,N,Not at Intersection, ,"Driveway, Alley Access, etc",None,,,         ,Phillip,Murphy,Clear,HeadOn,no,no,no,no,no,False
101805400,METROPOLITAN NASHVILLE POLICE DEPT,20170947340,Davidson,Not in City Limit,10/27/2017 8:13:00 AM,2,0,0,36.264070,-86.690290,STATE RT 45,,,,0.00,,,MYATT DR,,,,0.00,Y,Four-Way, ,Intersection,None,,,         ,Terrence,Bradley,Clear,"Sideswipe, Same Direction",no,no,no,no,no,False
101805401,METROPOLITAN NASHVILLE POLICE DEPT,20170947657,Davidson,Nashville,10/26/2017 12:00:00 AM,2,0,0,36.077890,-86.633180,BELL RD,,,,565.00,Feet,South,EDGE O LAKE DR,,,,0.00,N,Not at Intersection,N,Non-Junction,None,,,         ,Michael,Dance,Clear,Rear to Rear,no,no,no,yes,yes,False
101805448,METROPOLITAN NASHVILLE POLICE DEPT,20170943927,Davidson,Nashville,10/27/2017 7:43:00 AM,3,0,0,36.115990,-86.793670,I 440,,,,0.00,,,,,,,3.75,N,Not at Intersection,N,Non-Junction,None,,,         ,Phillip,Murphy,Clear,Front to Rear,no,no,no,no,no,False