master_record_number,agency,agency_tracking_number,county,city,collision_date,vehicles_involved,number_injured,number_dead,latitude,longitude,roadway_name,roadway_suffix,roadway_number,roadway_local_id,distance_from_reference,miles-feet_indicator,direction_from_reference,intersection_road_name,intersection_road_name_suffix,intersection_road_number,intersection_local_id,mile_marker,intersection_indicator,intersect_type,interchange_related_indicator,relation_to_junction,work_zone_type,construction_maintenance_zone,construction_maintenance_zone_location,fatal_case_number,officer_first_name,officer_last_name,weather_condition(s),manner_of_crash,pedestrian,bicycle,scooter,parking,hitrun,mou
101805479,METROPOLITAN NASHVILLE POLICE DEPT,20170947793,Davidson,Nashville,10/27/2017 1:22:00 PM,2,0,0,36.130200,-86.817210,I 440,,,,0.00,,,,,,,2.00,N,Not at Intersection, ,Non-Junction,None,,,         ,Curtis,Rich,Cloudy,Front to Rear,no,no,no,no,no,False
101805504,METROPOLITAN NASHVILLE POLICE DEPT,20170947400,Davidson,Nashville,10/27/2017 10:37:00 AM,2,0,0,36.153700,-86.788180,DEMONBREUN ST,,,,0.00,,,14TH AVS,,,,0.00,Y,Four-Way, ,Intersection-Related,None,,,         ,Phillip,Murphy,Clear,Front to Rear,no,no,no,no,no,False
101805508,METROPOLITAN NASHVILLE POLICE DEPT,20170947649,Davidson,Nashville,10/27/2017 12:23:00 PM,2,1,0,36.193660,-86.831220,CLARKSVILLE PKE,,,,0.00,,,BUENA VISTA PKE,,,,0.00,Y,Four-Way,N,Intersection,None,,,         ,Royce,McLester,Cloudy,Front to Rear,no,no,no,no,no,False
101805528,METROPOLITAN NASHVILLE POLICE DEPT,20170947794,Davidson,Nashville,10/27/2017 1:20:00 PM,2,0,0,36.166580,-86.765960,INTERSTATE DR,,,,137.00,Feet,North,SHELBY AV,,,,0.00,N,Not at Intersection,N,Non-Junction,None,,,         ,Shawn,Taylor,Cloudy,Front to Rear,no,no,no,no,no,False
101805546,METROPOLITAN NASHVILLE POLICE DEPT,20170947584,Davidson,Nashville,10/27/2017 11:17:00 AM,2,1,0,36.082100,-86.761700,I65 N EXT RAMP,,,,0.00,,,HARDING PL,,,,0.00,Y,Four-Way,N,Entrance/Exit Ramp Related,None,,,         ,Phillip,Murphy,Clear,Front to Rear,no,no,no,no,no,False
101805567,METROPOLITAN NASHVILLE POLICE DEPT,20170947663,Davidson,Nashville,10/27/2017 11:10:00 AM,2,0,0,36.167140,-86.787130,JAMES ROBERTSON PKWY,,,,0.00,,,ROSA L PARKS BLVD,,,,0.00,Y,Four-Way, ,Non-Junction,None,,,         ,William,Gibbs,Clear,Front to Rear,no,no,no,no,no,False
101805611,METROPOLITAN NASHVILLE POLICE DEPT,20170947902,Davidson,Nashville,10/27/2017 2:20:00 PM,2,0,0,36.071490,-86.691210,I 24,,,,0.00,,,,,,,56.80,N,Not at Intersection,N,Non-Junction,None,,,         ,Jessie,Meadows,Clear,Front to Rear,no,no,no,no,no,False
101805643,METROPOLITAN NASHVILLE POLICE DEPT,20170947897,Davidson,Nashville,10/27/2017 1:59:00 PM,2,0,0,36.196860,-86.690460,OPRY MILLS DR,,,,115.00,Feet,East,GAYLORD DR,,,,0.00,N,Not at Intersection,N,Non-Junction,None,,,         ,Wesley,Young,Clear,"Sideswipe, Same Direction",no,no,no,yes,yes,False
101805705,METROPOLITAN NASHVILLE POLICE DEPT,20170947708,Davidson,Nashville,10/27/2017 12:00:00 AM,3,1,0,36.185540,-86.775210,I 24,,,,0.00,,,,,,,47.20,N,Not at Intersection,N,Non-Junction,None,,,         ,Russell,Jones,Cloudy,Front to Rear,no,no,no,no,no,False
101805723,GOODLETTSVILLE POLICE DEPT,17-38053,Davidson,Goodlettsville,10/27/2017 3:00:00 PM,2,0,0,36.309460,-86.695630,VIETNAM VETERANS BLVD SB EXT R,,,,0.00,,,CONFERENCE DR,,,,0.00,Y,T-Intersection, ,Entrance/Exit Ramp Related,None,,,         ,Brian,Hajdu,Cloudy,Front to Rear,no,no,no,no,no,False
101805724,METROPOLITAN NASHVILLE POLICE DEPT,20170948069,Davidson,Nashville,10/27/2017 3:14:00 PM,2,0,0,36.183650,-86.610660,OLD HICKORY BLVD,,,,0.00,,,ANDREW JACKSON PKWY,,,,0.00,Y,Four-Way, ,Intersection,None,,,         ,Wesley,Young,Cloudy,"Sideswipe, Same Direction",no,no,no,no,no,False
101805727,METROPOLITAN NASHVILLE POLICE DEPT,20170948073,Davidson,Nashville,10/27/2017 3:33:00 PM,2,0,0,36.167010,-86.763730,SHELBY AV,,,,0.00,,,S 4TH ST,,,,0.00,Y,Four-Way, ,Intersection,None,,,         ,James,Smith,Cloudy,Other,no,no,no,no,no,False
101805736,METROPOLITAN NASHVILLE POLICE DEPT,20170948097,Davidson,Nashville,10/27/2017 2:07:00 PM,2,0,0,36.180560,-86.749730,GALLATIN AV,,,,50.00,Feet,South,ORDWAY PL,,,,0.00,N,Not at Intersection, ,,None,,,         ,Charles,Wakefield,,,no,no,no,no,no,False
101805737,METROPOLITAN NASHVILLE POLICE DEPT,20170947957,Davidson,Nashville,10/27/2017 12:00:00 AM,2,0,0,36.166580,-86.764880,SHELBY AV,,,,102.00,Feet,West,I24 W ENT RAMP,,,,0.00,N,Not at Intersection, ,Non-Junction,None,,,         ,Joshua,Reece,Clear,Front to Rear,no,no,no,no,no,False
101805752,METROPOLITAN NASHVILLE POLICE DEPT,20170948077,Davidson,Nashville,10/27/2017 12:00:00 AM,2,0,0,36.193100,-86.830310,CLARKSVILLE PKE,,,,337.00,Feet,East,BUENA VISTA PKE,,,,0.00,N,Not at Intersection, ,Non-Junction,None,,,         ,Melvin,Taylor,Clear,Angle,no,no,no,no,no,False
101805798,METROPOLITAN NASHVILLE POLICE DEPT,20170948128,Davidson,Nashville,10/27/2017 3:53:00 PM,2,0,0,36.135730,-86.725060,I24 W EXT RAMP,,,,0.00,,,SPENCE LN,,,,0.00,Y,T-Intersection,N,Intersection,None,,,         ,Patrick,Taylor,Clear,Front to Rear,no,no,no,no,no,False
101805807,METROPOLITAN NASHVILLE POLICE DEPT,20170947999,Davidson,Nashville,10/27/2017 1:48:00 PM,2,0,0,36.184650,-86.671280,FERNBROOK LN,,,,0.00,,,WINDEMERE CIR,,,,0.00,Y,Four-Way,N,Intersection-Related,None,,,         ,Cody,O'Quinn,Cloudy,Angle,no,no,no,no,no,False
101805818,METROPOLITAN NASHVILLE POLICE DEPT,20170948014,Davidson,Nashville,10/27/2017 2:38:00 PM,4,0,0,36.221520,-86.761740,DICKERSON PKE,,,,71.00,Feet,South,HART LN,,,,0.00,N,Not at Intersection,N,Non-Junction,None,,,         ,Jonathan,Hadley,,Not Collision with Motor Vehicle in Transport,no,no,no,no,no,False
101805848,METROPOLITAN NASHVILLE POLICE DEPT,20170948216,Davidson,Nashville,10/27/2017 4:25:00 PM,2,0,0,36.090210,-86.626030,SMITH SPRINGS RD,,,,145.00,Feet,East,BELL RD,,,,0.00,N,Not at Intersection, ,Non-Junction,None,,,         ,Tyler,Maupin,Cloudy,Angle,no,no,no,no,no,False
101805850,METROPOLITAN NASHVILLE POLICE DEPT,20170948004,Davidson,Nashville,10/27/2017 3:11:00 PM,2,0,0,36.149310,-86.625550,BELL RD,,,,1074.00,Feet,South,STEWARTS FERRY PKE,,,,0.00,N,Not at Intersection,N,Non-Junction,None,,,         ,Kimberly,Annson,Cloudy,Front to Rear,no,no,no,no,no,False
101805853,METROPOLITAN NASHVILLE POLICE DEPT,20170948289,Davidson,Nashville,10/27/2017 12:00:00 AM,2,0,0,36.194110,-86.830810,BUENA VISTA PKE,,,,203.00,Feet,North,CLARKSVILLE PKE,,,,0.00,N,Not at Intersection, ,Non-Junction,None,,,         ,Melvin,Taylor,Clear,Front to Rear,no,no,no,no,no,False
101805859,METROPOLITAN NASHVILLE POLICE DEPT,20170948140,Davidson,Nashville,10/27/2017 3:49:00 PM,2,0,0,36.245760,-86.745830,I65 S EXT RAMP,,,,0.00,Feet,East,I 65,,,,0.00,N,Not at Intersection, ,Non-Junction,None,,,         ,Johnathon,Birdwell,Cloudy,"Sideswipe, Same Direction",no,no,no,no,no,False
101805867,METROPOLITAN NASHVILLE POLICE DEPT,20170948229,Davidson,Nashville,10/27/2017 12:00:00 AM,2,0,0,36.161000,-86.793130,CHARLOTTE AV,,,,62.00,Feet,East,I40 E EXT RAMP,,,,0.00,N,Not at Intersection, ,Non-Junction,None,,,         ,Adam,Gartner,Cloudy,Angle,no,no,no,no,no,False
101805870,METROPOLITAN NASHVILLE POLICE DEPT,20170948125,Davidson,Nashville,10/27/2017 3:52:00 PM,2,0,0,36.165070,-86.613990,I 40,,,,0.00,,,,,,,220.05,N,Not at Intersection, ,Non-Junction,None,,,         ,Brenna,Hosey,Clear,Front to Rear,no,no,no,no,no,False
101805880,METROPOLITAN NASHVILLE POLICE DEPT,20170947996,Davidson,Nashville,10/27/2017 3:07:00 PM,1,0,0,36.203560,-86.738610,E TRINITY LN,,,,23.00,Feet,West,GALLATIN PKE,,,,0.00,N,Not at Intersection,N,Non-Junction,None,,,         ,Thomas,Miller,Clear,Not Collision with Motor Vehicle in Transport,no,no,no,no,no,False
101805881,METROPOLITAN NASHVILLE POLICE DEPT,20170948031,Davidson,Nashville,10/27/2017 3:19:00 PM,2,0,0,36.242430,-86.723130,GALLATIN PKES,,,,785.00,Feet,South,LAKEWOOD DR,,,,0.00,N,Not at Intersection,N,Non-Junction,None,,,         ,Janelle,Keslar,Clear,Front to Rear,no,no,no,no,no,False
101805887,METROPOLITAN NASHVILLE POLICE DEPT,20170948335,Davidson,Nashville,10/27/2017 4:34:00 PM,2,0,0,36.128300,-86.695510,BRILEY PKWY,,,,114.00,Feet,North,KENTON PL,,,,0.00,N,Not at Intersection, ,Non-Junction,None,,,         ,Patrick,Taylor,Clear,Front to Rear,no,no,no,no,no,False
101805894,METROPOLITAN NASHVILLE POLICE DEPT,20170948038,Davidson,Not in City Limit,10/27/2017 3:00:00 PM,3,1,0,36.276960,-86.799560,I 24,,,,0.00,,,,,,,40.55,N,Not at Intersection,N,Non-Junction,None,,,         ,Jerry,Pirtle,Cloudy,Front to Rear,no,no,no,no,no,False
101805911,METROPOLITAN NASHVILLE POLICE DEPT,20170948189,Davidson,Nashville,10/27/2017 4:13:00 PM,2,0,0,36.180740,-86.868600,BRILEY PKWYN,,,,2613.00,Feet,North,BRILEY PKWYS,,,,0.00,N,Not at Intersection,N,Non-Junction,None,,,         ,Roy,Sain Jr.,Cloudy,Front to Rear,no,no,no,no,no,False
101805988,METROPOLITAN NASHVILLE POLICE DEPT,20170948429,Davidson,Not in City Limit,10/27/2017 12:00:00 AM,2,0,0,36.265690,-86.830600,OLD HICKORY BLVD,,,,83.00,Feet,East,WHITES CREEK PKE,,,,0.00,N,Not at Intersection, ,Non-Junction,None,,,         ,Melvin,Taylor,Clear,"Sideswipe, Opposite Direction",no,no,no,no,no,False
101806007,METROPOLITAN NASHVILLE POLICE DEPT,20170948307,Davidson,Nashville,10/27/2017 4:55:00 PM,2,0,0,36.112710,-86.746170,NOLENSVILLE PKE,,,,0.00,,,MCCLAIN AV,,,,0.00,Y,T-Intersection, ,Non-Junction,None,,,         ,Jeffrey,Livingston,Cloudy,"Sideswipe, Opposite Direction",no,no,no,no,no,False
101806008,METROPOLITAN NASHVILLE POLICE DEPT,20170948272,Davidson,Nashville,10/27/2017 4:30:00 PM,2,0,0,36.110960,-86.745900,THOMPSON LN,,,,0.00,,,ELIZABETH ST,,,,0.00,Y,T-Intersection,N,Non-Junction,None,,,         ,Jon,Mcvey,Cloudy,Angle,no,no,no,no,no,False
101806011,METROPOLITAN NASHVILLE POLICE DEPT,20170948232,Davidson,Nashville,10/27/2017 4:25:00 PM,2,0,0,36.143030,-86.776820,I 65,,,,0.00,,,,,,,82.00,N,Not at Intersection, ,,None,,,         ,Allyson,Reis,,,no,no,no,no,no,False
101806023,METROPOLITAN NASHVILLE POLICE DEPT,20170948450,Davidson,Nashville,10/27/2017 5:46:00 PM,2,0,0,36.149290,-86.861670,CHARLOTTE PKE,,,,531.00,Feet,West,OCEOLA AV,,,,0.00,N,Not at Intersection,N,Non-Junction,None,,,         ,Andrew,Brazee,Cloudy,Angle,no,no,no,no,no,False
101806025,METROPOLITAN NASHVILLE POLICE DEPT,20170948277,Davidson,Nashville,10/27/2017 4:50:00 PM,2,1,0,36.097350,-86.708980,I 24,,,,0.00,,,,,,,54.80,N,Not at Intersection,N,Non-Junction,None,,,         ,Jessie,Meadows,Clear,"Sideswipe, Same Direction",no,no,no,no,no,False
101806027,METROPOLITAN NASHVILLE POLICE DEPT,20170948553,Davidson,Nashville,10/27/2017 6:00:00 PM,2,0,0,36.183970,-86.814210,CLARKSVILLE PKE,,,,0.00,,,23RD AVN,,,,0.00,Y,Four-Way,Y,Non-Junction,None,,,         ,Seth,Vaughn,Clear,Angle,no,no,no,no,no,False
101806032,METROPOLITAN NASHVILLE POLICE DEPT,20170948355,Davidson,Nashville,10/27/2017 4:55:00 PM,2,0,0,36.139890,-86.787760,HORTON AV,,,,56.00,Feet,West,12TH AVS,,,,0.00,N,Not at Intersection, ,,None,,,         ,Allyson,Reis,,,no,no,no,no,no,False
101806044,METROPOLITAN NASHVILLE POLICE DEPT,20170948457,Davidson,Nashville,10/27/2017 3:08:00 PM,2,0,0,36.183690,-86.747260,EASTLAND AV,,,,156.00,Feet,West,N 12TH ST,,,,0.00,N,Not at Intersection, ,Non-Junction,None,,,         ,Micah,Wright,Clear,Angle,no,no,no,no,no,False
101806045,METROPOLITAN NASHVILLE POLICE DEPT,20170948494,Davidson,Nashville,10/27/2017 4:45:00 PM,2,1,0,36.181310,-86.824210,ED TEMPLE BLVD,,,,130.00,Feet,North,BUCHANAN ST,,,,0.00,N,Not at Intersection,N,Non-Junction,None,,,         ,Landon,Bagwell,Cloudy,Front to Rear,no,no,no,no,no,False
101806049,METROPOLITAN NASHVILLE POLICE DEPT,20170947954,Davidson,Nashville,10/27/2017 1:50:00 PM,2,0,0,36.145890,-86.741540,I 40,,,,0.00,,,,,,,212.20,N,Not at Intersection, ,Non-Junction,None,,,         ,John,Daugherty,Clear,"Sideswipe, Same Direction",no,no,no,no,no,False
101806084,METROPOLITAN NASHVILLE POLICE DEPT,2017-0948340,Davidson,Nashville,10/27/2017 5:03:00 PM,2,0,0,36.149490,-86.784560,12TH AVS,,,,586.00,Feet,South,DIVISION ST,,,,0.00,N,Not at Intersection, ,Non-Junction,None,,,         ,Michael,Schlegel,Cloudy,Front to Rear,no,no,no,no,no,False
101806086,METROPOLITAN NASHVILLE POLICE DEPT,20170948658,Davidson,Nashville,10/27/2017 12:00:00 AM,2,0,0,36.172760,-86.793460,JEFFERSON ST,,,,327.00,Feet,West,9TH AVN,,,,0.00,N,Not at Intersection, ,Non-Junction,None,,,         ,Melvin,Taylor,Clear,Front to Rear,no,no,no,yes,yes,False
101806087,METROPOLITAN NASHVILLE POLICE DEPT,20170948715,Davidson,Nashville,10/27/2017 12:00:00 AM,2,0,0,36.173170,-86.791830,JEFFERSON ST,,,,129.00,Feet,West,ROSA L PARKS BLVD,,,,0.00,N,Not at Intersection, ,Non-Junction,None,,,         ,Melvin,Taylor,Rain,Front to Rear,no,no,no,no,no,False
101806092,METROPOLITAN NASHVILLE POLICE DEPT,20170948662,Davidson,Nashville,10/27/2017 5:54:00 PM,2,0,0,36.146570,-86.742620,I 40,,,,0.00,,,,,,,212.10,N,Not at Intersection,N,Non-Junction,None,,,         ,John,Daugherty,Rain,"Sideswipe, Same Direction",no,no,no,no,yes,False
101806093,METROPOLITAN NASHVILLE POLICE DEPT,20170948616,Davidson,Nashville,10/27/2017 6:45:00 PM,2,0,0,36.088160,-86.608450,SMITH SPRINGS RD,,,,0.00,,,,,,,0.00,,,N,Non-Junction,None,,,         ,Tyler,Maupin,Cloudy,Unknown,no,no,no,yes,yes,False
101806094,METROPOLITAN NASHVILLE POLICE DEPT,20170948155,Davidson,Nashville,10/27/2017 4:00:00 PM,2,0,0,36.153840,-86.756080,HERMITAGE AV,,,,0.00,,,FAIRFIELD AV,,,,0.00,Y,T-Intersection,N,Non-Junction,None,,,         ,Michael,Douglas,Cloudy,Front to Rear,no,no,no,no,no,False
101806095,METROPOLITAN NASHVILLE POLICE DEPT,20170948761,Davidson,Nashville,10/27/2017 7:36:00 PM,2,4,0,36.131880,-86.895530,CHARLOTTE PKE,,,,0.00,,,I40 E ENT RAMP,,,,0.00,Y,Four-Way,N,Intersection,None,,,         ,Brandon,Pedigo,Rain,HeadOn,no,no,no,no,no,False
101806106,METROPOLITAN NASHVILLE POLICE DEPT,20170948848,Davidson,Nashville,10/27/2017 8:04:00 PM,2,0,0,36.168310,-86.781950,JAMES ROBERTSON PKWY,,,,0.00,,,GAY ST,,,,0.00,Y,Four-Way, ,Intersection,None,,,         ,Chad,Wilkinson,Rain,Angle,no,no,no,no,no,False
101806110,METROPOLITAN NASHVILLE POLICE DEPT,20170948782,Davidson,Antioch,10/27/2017 7:49:00 PM,3,1,0,36.026210,-86.588110,MURFREESBORO PKE,,,,109.00,Feet,South,HICKORY WOODS DR,,,,0.00,N,Not at Intersection,N,Non-Junction,None,,,         ,Joseph,Progar,Cloudy,HeadOn,no,no,no,no,no,False
101806118,METROPOLITAN NASHVILLE POLICE DEPT,20170948776,Davidson,Nashville,10/27/2017 7:45:00 PM,2,0,0,36.168820,-86.684550,LEBANON PKE,,,,0.00,,,THE CROSSINGS PVTDR,,,,0.00,Y,T-Intersection, ,,None,,,         ,Johnathan,Pannell,,,no,no,no,no,no,False
101806120,METROPOLITAN NASHVILLE POLICE DEPT,20170948832,Davidson,Nashville,10/27/2017 7:48:00 PM,2,0,0,36.226310,-86.603190,SAUNDERSVILLE RD,,,,0.00,,,SHUTE LN,,,,0.00,Y,T-Intersection, ,Intersection,None,,,         ,Kyle,Burks,Rain,Front to Rear,no,no,no,no,no,False
101806128,METROPOLITAN NASHVILLE POLICE DEPT,20170948877,Davidson,Nashville,10/27/2017 8:14:00 PM,2,0,0,36.179140,-86.752250,N 10TH ST,,,,50.00,Feet,East,FINN ST,,,,0.00,N,Not at Intersection, ,Non-Junction,None,,,         ,Ryan,Howard,Rain,Other,no,no,no,yes,yes,False
101806130,METROPOLITAN NASHVILLE POLICE DEPT,20170948350,Davidson,Nashville,10/27/2017 5:00:00 PM,2,0,0,36.215120,-86.597670,LEBANON PKE,,,,0.00,,,ANDREW JACKSON PKWY,,,,0.00,Y,Four-Way,N,Intersection-Related,None,,,         ,Matthew,Turppa,Cloudy,Angle,no,no,no,no,no,False
101806138,METROPOLITAN NASHVILLE POLICE DEPT,20170948570,Davidson,Nashville,10/27/2017 6:28:00 PM,2,1,0,36.228970,-86.725160,GALLATIN PKE,,,,52.00,Feet,South,BROADMOOR DR,,,,0.00,N,Not at Intersection,N,Non-Junction,None,,,         ,Charles,Wakefield,Clear,"Sideswipe, Same Direction",no,no,no,no,no,False
101806163,METROPOLITAN NASHVILLE POLICE DEPT,20170948963,Davidson,Nashville,10/27/2017 8:50:00 PM,2,0,0,36.208880,-86.734560,KIRKLAND AV,,,,0.00,,,GALLATIN PKE,,,,0.00,Y,T-Intersection, ,,None,,,         ,Phillip,Box,,,no,no,no,no,no,False
101806166,METROPOLITAN NASHVILLE POLICE DEPT,20170948507,Davidson,Nashville,10/27/2017 5:51:00 PM,2,0,0,36.078660,-86.745370,HARDING PL,,,,50.00,Feet,West,DANBY DR,,,,0.00,N,Not at Intersection,N,Non-Junction,None,,,         ,William,King,Clear,Front to Rear,no,no,no,no,yes,False
101806171,METROPOLITAN NASHVILLE POLICE DEPT,20170948146,Davidson,Nashville,10/27/2017 3:33:00 PM,2,0,0,36.089220,-86.801290,BATTERY LN,,,,488.00,Feet,East,GRANNY WHITE PKE,,,,0.00,N,Not at Intersection, ,Non-Junction,None,,,         ,Melissa,Flores,Clear,Front to Rear,no,no,no,no,no,False
101806177,METROPOLITAN NASHVILLE POLICE DEPT,20170948893,Davidson,Nashville,10/27/2017 8:23:00 PM,2,1,0,36.126790,-86.710750,THOMPSON PL,,,,105.00,Feet,East,MURFREESBORO PKE,,,,0.00,N,Not at Intersection,N,Non-Junction,None,,,         ,Patrick,Taylor,Rain,HeadOn,no,no,no,no,no,False
101806190,METROPOLITAN NASHVILLE POLICE DEPT,20170948518,Davidson,Antioch,10/27/2017 5:39:00 PM,2,0,0,36.059400,-86.599650,HAMILTON CHURCH RD,,,,641.00,Feet,West,HOBSON PKE,,,,0.00,N,Not at Intersection,N,Non-Junction,None,,,         ,Alyson,Cook,Clear,Front to Rear,no,no,no,no,no,False
101806202,METROPOLITAN NASHVILLE POLICE DEPT,20170949079,Davidson,Nashville,10/27/2017 8:50:00 PM,2,0,0,36.171600,-86.798130,JEFFERSON ST,,,,129.00,Feet,West,11TH AVN,,,,0.00,N,Not at Intersection,N,Non-Junction,None,,,         ,Seth,Vaughn,Rain,Front to Rear,no,no,no,no,yes,False
101806214,METROPOLITAN NASHVILLE POLICE DEPT,20170948953,Davidson,Nashville,10/27/2017 8:30:00 PM,2,0,0,36.153260,-86.792180,MCGAVOCK ST,,,,0.00,,,16TH AVS,,,,0.00,Y,Four-Way,N,Non-Junction,None,,,         ,Ryan,Cagle,Clear,Angle,no,no,no,no,no,False
101806215,METROPOLITAN NASHVILLE POLICE DEPT,20170949062,Davidson,Nashville,10/27/2017 9:32:00 PM,2,1,0,36.125870,-86.805050,SWEETBRIAR AV,,,,0.00,,,21ST AVS,,,,0.00,Y,T-Intersection,N,Intersection,None,,,         ,Ryan,Cagle,Clear,Angle,no,no,no,no,yes,False
101806217,METROPOLITAN NASHVILLE POLICE DEPT,20170948990,Davidson,Nashville,10/27/2017 9:00:00 PM,1,1,0,36.149510,-86.873200,I 40,,,,0.00,,,,,,,203.05,N,Not at Intersection,N,Non-Junction,None,,,         ,Jake,Carr,Rain,Not Collision with Motor Vehicle in Transport,no,no,no,no,no,False
101806218,METROPOLITAN NASHVILLE POLICE DEPT,20170948941,Davidson,Nashville,10/27/2017 12:00:00 AM,2,0,0,36.208420,-86.776230,I 65,,,,0.00,,,,,,,87.45,N,Not at Intersection, ,Non-Junction,None,,,         ,Melvin,Taylor,Rain,Front to Rear,no,no,no,no,no,False
101806221,METROPOLITAN NASHVILLE POLICE DEPT,20170948977,Davidson,Nashville,10/27/2017 8:40:00 PM,1,1,0,36.161370,-86.793340,I 40,,,,0.00,,,,,,,208.70,N,Not at Intersection,N,Non-Junction,None,,,         ,Bradley,Pope,Rain,Not Collision with Motor Vehicle in Transport,no,no,no,no,no,False
101806223,METROPOLITAN NASHVILLE POLICE DEPT,20170949122,Davidson,Nashville,10/27/2017 9:58:00 PM,1,1,0,36.156570,-86.775870,KOREAN VETERANS BLVD,,,,0.00,,,5TH AVS,,,,0.00,Y,Four-Way,N,Intersection,None,,,         ,Pedro,Rivera Chaparro,Rain,Not Collision with Motor Vehicle in Transport,yes,no,no,no,yes,False
101806233,METROPOLITAN NASHVILLE POLICE DEPT,20170948836,Davidson,Nashville,10/27/2017 7:53:00 PM,2,0,0,36.143740,-86.780580,OLYMPIC ST,,,,0.00,,,9TH AVS,,,,0.00,Y,Four-Way,N,Intersection,None,,,         ,Jon,Mcvey,Rain,Angle,no,no,no,no,no,False
101806237,METROPOLITAN NASHVILLE POLICE DEPT,20170949073,Davidson,Nashville,10/27/2017 9:19:00 PM,2,0,0,36.142740,-86.787030,EDGEHILL AV,,,,0.00,,,12TH AVS,,,,0.00,Y,Four-Way,N,Non-Junction,None,,,         ,David,Collins,Rain,Front to Rear,no,no,no,no,no,False
101806238,METROPOLITAN NASHVILLE POLICE DEPT,20170948964,Davidson,Nashville,10/27/2017 8:54:00 PM,1,0,0,36.115700,-86.725140,I 24,,,,0.00,,,,,,,53.20,N,Not at Intersection, ,Non-Junction,None,,,         ,Alyson,Cook,Rain,Not Collision with Motor Vehicle in Transport,no,no,no,no,no,False
101806239,METROPOLITAN NASHVILLE POLICE DEPT,20170949064,Davidson,Nashville,10/27/2017 9:30:00 PM,2,1,0,36.226310,-86.603190,SAUNDERSVILLE RD,,,,0.00,,,SHUTE LN,,,,0.00,Y,T-Intersection,N,Intersection,None,,,         ,Matthew,Turppa,Rain,Front to Rear,no,no,no,no,no,False
101806252,METROPOLITAN NASHVILLE POLICE DEPT,20170948902,Davidson,Nashville,10/27/2017 8:17:00 PM,1,0,0,36.045510,-86.704790,OLD HICKORY BLVD,,,,297.00,Feet,East,PINECREST DR,,,,0.00,N,Not at Intersection,N,Non-Junction,None,,,         ,Nathaniel,Myers,Rain,Not Collision with Motor Vehicle in Transport,no,no,no,no,no,False
101806258,METROPOLITAN NASHVILLE POLICE DEPT,20170949156,Davidson,Nashville,10/27/2017 10:17:00 PM,1,0,0,36.090120,-86.703120,I 24,,,,0.00,,,,,,,55.40,N,Not at Intersection,N,Non-Junction,None,,,         ,Alyson,Cook,Rain,Not Collision with Motor Vehicle in Transport,no,no,no,no,yes,False
101806263,METROPOLITAN NASHVILLE POLICE DEPT,20170949031,Davidson,Nashville,10/27/2017 9:20:00 PM,1,0,0,36.089600,-86.762900,I65 S EXT RAMP,,,,0.00,,,I 65,,,,0.00,Y,OTHER,N,Entrance/Exit Ramp Related,None,,,         ,Allyson,Reis,Rain,Not Collision with Motor Vehicle in Transport,no,no,no,no,no,False
101806264,METROPOLITAN NASHVILLE POLICE DEPT,20170948922,Davidson,Nashville,10/27/2017 8:30:00 PM,2,1,0,36.144220,-86.648050,I 40,,,,0.00,,,,,,,217.30,N,Not at Intersection,N,Non-Junction,None,,,         ,Johnathan,Pannell,Rain,Not Collision with Motor Vehicle in Transport,no,no,no,no,no,False
101806268,METROPOLITAN NASHVILLE POLICE DEPT,20170949108,Davidson,Nashville,10/27/2017 9:54:00 PM,1,1,0,36.212630,-86.731870,GALLATIN PKE,,,,224.00,Feet,North,HOWARD AV,,,,0.00,N,Not at Intersection,N,Non-Junction,None,,,         ,James,Smith,Rain,Not Collision with Motor Vehicle in Transport,no,no,no,no,yes,False
101806273,METROPOLITAN NASHVILLE POLICE DEPT,20170949085,Davidson,Nashville,10/27/2017 9:42:00 PM,2,0,0,36.109450,-86.728050,SOUTHLAKE DR,,,,0.00,,,THOMPSON LN,,,,0.00,Y,Four-Way, ,Intersection-Related,None,,,         ,Patrick,Martin,Rain,Front to Rear,no,no,no,no,no,False
101806284,METROPOLITAN NASHVILLE POLICE DEPT,20170949087,Davidson,Nashville,10/27/2017 9:41:00 PM,1,0,0,36.114520,-86.724580,I 24,,,,0.00,,,,,,,53.30,N,Not at Intersection,N,Non-Junction,None,,,         ,Je-Marc,Sears,Rain,Not Collision with Motor Vehicle in Transport,no,no,no,no,no,False
101806286,METROPOLITAN NASHVILLE POLICE DEPT,20170948962,Davidson,Nashville,10/27/2017 7:42:00 PM,2,0,0,36.110900,-86.922610,OLD HICKORY BLVD,,,,109.00,Feet,North,I40 E ENT RAMP,,,,0.00,N,Not at Intersection,N,Non-Junction,None,,,         ,Regina,Lewis,Rain,Front to Rear,no,no,no,no,no,False
101806291,METROPOLITAN NASHVILLE POLICE DEPT,20170948920,Davidson,Nashville,10/27/2017 7:01:00 PM,2,0,0,36.041420,-86.779970,FRANKLIN PIKE CIR,,,,257.00,Feet,North,STONE BROOK DR,,,,0.00,N,Not at Intersection, ,Non-Junction,None,,,         ,William,King,Rain,Angle,no,no,no,no,no,False
101806292,METROPOLITAN NASHVILLE POLICE DEPT,2017-0949076,Davidson,Nashville,10/27/2017 9:36:00 PM,1,1,0,36.039830,-86.764130,OLD HICKORY BLVD,,,,400.00,Feet,West,HEARTHSTONE LN,,,,0.00,N,Not at Intersection,N,Non-Junction,None,,,         ,William,King,Rain,Not Collision with Motor Vehicle in Transport,no,no,no,no,no,False
101806293,METROPOLITAN NASHVILLE POLICE DEPT,20170949177,Davidson,Nashville,10/27/2017 10:22:00 PM,1,0,0,36.121370,-86.717900,EAST THOMPSON LN,,,,149.00,Feet,North,BROWNING RD,,,,0.00,N,Not at Intersection,N,Non-Junction,None,,,         ,Patrick,Martin,Rain,Not Collision with Motor Vehicle in Transport,no,no,no,no,yes,False