master_record_number,agency,agency_tracking_number,county,city,collision_date,vehicles_involved,number_injured,number_dead,latitude,longitude,roadway_name,roadway_suffix,roadway_number,roadway_local_id,distance_from_reference,miles-feet_indicator,direction_from_reference,intersection_road_name,intersection_road_name_suffix,intersection_road_number,intersection_local_id,mile_marker,intersection_indicator,intersect_type,interchange_related_indicator,relation_to_junction,work_zone_type,construction_maintenance_zone,construction_maintenance_zone_location,fatal_case_number,officer_first_name,officer_last_name,weather_condition(s),manner_of_crash,pedestrian,bicycle,scooter,parking,hitrun,mou
101806299,METROPOLITAN NASHVILLE POLICE DEPT,20170949196,Davidson,Nashville,10/27/2017 10:24:00 PM,2,0,0,36.182420,-86.733360,EASTLAND AV,,,,0.00,,,PORTER RD,,,,0.00,Y,Y-Intersection,N,Intersection-Related,None,,,         ,Christopher,Dameron,Rain,Front to Rear,no,no,no,no,yes,False
101806313,METROPOLITAN NASHVILLE POLICE DEPT,20170949264,Davidson,Nashville,10/27/2017 10:35:00 PM,1,0,0,36.119100,-86.726520,I 24,,,,0.00,,,,,,,53.00,N,Not at Intersection,N,Non-Junction,None,,,         ,Kevin,McGinniss,Rain,Not Collision with Motor Vehicle in Transport,no,no,no,no,no,False
101806322,METROPOLITAN NASHVILLE POLICE DEPT,20170949271,Davidson,Nashville,10/27/2017 11:16:00 PM,2,1,0,36.072650,-86.691680,I 24,,,,0.00,,,,,,,56.75,N,Not at Intersection,N,Non-Junction,None,,,         ,Douglas,Sykes,Rain,Other,no,no,no,no,no,False
101806330,METROPOLITAN NASHVILLE POLICE DEPT,20170949282,Davidson,Nashville,10/27/2017 11:21:00 PM,2,1,0,36.160530,-86.769550,KOREAN VETERANS BLVD,,,,699.00,Feet,South,DOWNTOWN GRNWY,,,,0.00,N,Not at Intersection,N,Non-Junction,None,,,         ,Jason,Hogan,Rain,Front to Rear,no,no,no,no,no,False
101806339,METROPOLITAN NASHVILLE POLICE DEPT,20170949147,Davidson,Nashville,10/27/2017 10:11:00 PM,2,2,0,36.131880,-86.895530,CHARLOTTE PKE,,,,0.00,Feet,,I40 E ENT RAMP,,,,0.00,Y,OTHER,N,Intersection,None,,,         ,Regina,Lewis,Rain,Angle,no,no,no,no,no,False
101806343,METROPOLITAN NASHVILLE POLICE DEPT,20170949344,Davidson,Nashville,10/27/2017 11:30:00 PM,1,1,0,36.122970,-86.735910,GLENROSE AV,,,,399.00,Feet,East,LYLE CT,,,,0.00,N,Not at Intersection,N,Non-Junction,None,,,         ,Madison,Meiss,Rain,Not Collision with Motor Vehicle in Transport,no,no,no,no,no,False
101806360,METROPOLITAN NASHVILLE POLICE DEPT,20170949343,Davidson,Nashville,10/27/2017 12:00:00 AM,1,0,0,36.141210,-86.731620,I 40,,,,0.00,,,,,,,213.00,N,Not at Intersection,Y,Non-Junction,None,,,         ,Austin,Childress,Rain,Not Collision with Motor Vehicle in Transport,no,no,no,no,no,False
101806361,METROPOLITAN NASHVILLE POLICE DEPT,20170949069,Davidson,Nashville,10/27/2017 9:33:00 PM,1,0,0,36.151670,-86.752370,I 40,,,,0.00,,,,,,,211.45,N,Not at Intersection, ,Non-Junction,None,,,         ,John,Daugherty,Rain,Not Collision with Motor Vehicle in Transport,no,no,no,no,no,False
101806362,METROPOLITAN NASHVILLE POLICE DEPT,2017-0948729,Davidson,Not in City Limit,10/27/2017 7:20:00 PM,3,1,0,36.271550,-86.794320,I 24,,,,0.00,,,,,,,41.00,N,Not at Intersection,N,Non-Junction,None,,,         ,Marvis,Malone,Rain,Front to Rear,no,no,no,no,no,False
101806367,METROPOLITAN NASHVILLE POLICE DEPT,20170949372,Davidson,Nashville,10/27/2017 11:55:00 PM,2,1,0,36.172840,-86.765340,JAMES ROBERTSON PKWY,,,,0.00,,,MAIN ST,,,,0.00,Y,Four-Way,N,Intersection-Related,None,,,         ,Samuel,Kersten,Rain,Angle,no,no,no,no,no,False
101806368,METROPOLITAN NASHVILLE POLICE DEPT,20170949297,Davidson,Nashville,10/27/2017 10:44:00 PM,2,0,0,36.154270,-86.792890,WEST END AV,,,,0.00,,,BROADWAY,,,,0.00,Y,Four-Way,N,Intersection,None,,,         ,Craig,Oakley,Rain,Angle,no,no,no,no,yes,False
101806383,METROPOLITAN NASHVILLE POLICE DEPT,20170949347,Davidson,Nashville,10/27/2017 10:58:00 PM,3,1,0,36.157660,-86.790820,I 40,,,,0.00,,,,,,,209.00,N,Not at Intersection,N,Non-Junction,None,,,         ,Damon,Hutcheson,Rain,Front to Rear,no,no,no,no,no,False
101806384,METROPOLITAN NASHVILLE POLICE DEPT,20170949463,Davidson,Nashville,10/28/2017 12:05:00 AM,1,0,0,36.214800,-86.872190,BRILEY PKWYN,,,,556.00,Feet,North,BRILEY PKWYS,,,,0.00,N,Not at Intersection, ,Non-Junction,None,,,         ,Phillip,Black,Rain,Not Collision with Motor Vehicle in Transport,no,no,no,no,no,False
101806385,METROPOLITAN NASHVILLE POLICE DEPT,20170949425,Davidson,Nashville,10/28/2017 12:12:00 AM,1,1,0,36.255310,-86.747750,DUE WEST AVN,,,,0.00,,,,,,,0.00,,,N,Non-Junction,None,,,         ,Patrick,McGinnis,Rain,Not Collision with Motor Vehicle in Transport,no,no,no,no,no,False
101806391,METROPOLITAN NASHVILLE POLICE DEPT,20170949493,Davidson,Nashville,10/28/2017 12:54:00 AM,2,0,0,36.106420,-86.718750,I 24,,,,0.00,,,,,,,54.00,N,Not at Intersection,N,Non-Junction,None,,,         ,Zachary,Lang,Rain,Front to Rear,no,no,no,no,yes,False
101806394,METROPOLITAN NASHVILLE POLICE DEPT,20170949313,Davidson,Nashville,10/27/2017 11:35:00 PM,2,2,0,36.089590,-86.762480,I 65,,,,0.00,,,,,,,78.30,N,Not at Intersection,N,Non-Junction,None,,,         ,Kayla,Castro,Rain,Front to Rear,no,no,no,no,yes,False
101806396,METROPOLITAN NASHVILLE POLICE DEPT,20170949212,Davidson,Not in City Limit,10/27/2017 10:54:00 PM,1,0,0,36.302350,-86.812690,I 24,,,,0.00,,,,,,,38.60,N,Not at Intersection, ,Non-Junction,None,,,         ,John,Deiterick,Rain,Not Collision with Motor Vehicle in Transport,no,no,no,no,no,False
101806401,METROPOLITAN NASHVILLE POLICE DEPT,20170949465,Davidson,Nashville,10/28/2017 12:35:00 AM,4,1,0,36.072020,-86.691590,I24 E EXT RAMP,,,,0.00,,,I 24,,,,0.00,Y,Y-Intersection,Y,Entrance/Exit Ramp Related,None,,,         ,Christopher,Holden,Rain,"Sideswipe, Same Direction",no,no,no,no,yes,False
101806405,METROPOLITAN NASHVILLE POLICE DEPT,20170949342,Davidson,Nashville,10/27/2017 12:00:00 AM,1,0,0,36.147260,-86.875400,PREMIER DR,,,,354.00,Feet,East,MERCOMATIC DR,,,,0.00,N,Not at Intersection,N,Unknown,None,,,         ,Edward,Holden,Rain,Not Collision with Motor Vehicle in Transport,no,no,no,no,yes,False
101806406,METROPOLITAN NASHVILLE POLICE DEPT,20170949535,Davidson,Nashville,10/28/2017 1:15:00 AM,2,3,0,36.155040,-86.797520,18TH AVN,,,,0.00,,,CHURCH ST,,,,0.00,Y,Four-Way,N,Intersection,None,,,         ,Craig,Oakley,Rain,Angle,no,no,no,no,no,False
101806407,METROPOLITAN NASHVILLE POLICE DEPT,20170949445,Davidson,Nashville,10/27/2017 11:11:00 PM,2,0,0,36.148360,-86.777070,I 40,,,,0.00,,,,,,,210.00,N,Not at Intersection, ,Non-Junction,None,,,         ,Katelin,Ehrhardt,Clear,"Sideswipe, Same Direction",no,no,no,no,yes,False
101806409,METROPOLITAN NASHVILLE POLICE DEPT,20170949669,Davidson,Nashville,10/28/2017 1:41:00 AM,2,0,0,36.153400,-86.800840,20TH AVN,,,,0.00,,,CHURCH ST,,,,0.00,Y,Four-Way,N,Intersection,None,,,         ,Ralph,Smith IV,Rain,Angle,no,no,no,no,no,Campus
101806410,METROPOLITAN NASHVILLE POLICE DEPT,20170949216,Davidson,Nashville,10/27/2017 10:50:00 PM,3,0,0,36.154450,-86.760440,I 40,,,,0.00,,,,,,,211.00,N,Not at Intersection, ,Non-Junction,None,,,         ,Mekisha,Page,Rain,Front to Rear,no,no,no,no,no,False
101806415,METROPOLITAN NASHVILLE POLICE DEPT,20170949223,Davidson,Nashville,10/27/2017 12:00:00 AM,1,0,0,36.111490,-86.722990,I 24,,,,0.00,,,,,,,53.55,N,Not at Intersection,N,Non-Junction,None,,,         ,Sandra,Fly,Rain,Not Collision with Motor Vehicle in Transport,no,no,no,no,no,False
101806416,METROPOLITAN NASHVILLE POLICE DEPT,20170949623,Davidson,Nashville,10/28/2017 2:05:00 AM,3,1,0,36.178080,-86.745630,FORREST AV,,,,0.00,,,N 14TH ST,,,,0.00,Y,Four-Way,N,Intersection,None,,,         ,Darci,Stechman,Rain,Front to Rear,no,no,no,no,no,False
101806418,METROPOLITAN NASHVILLE POLICE DEPT,20170949459,Davidson,Nashville,10/28/2017 12:36:00 AM,1,0,0,36.147150,-86.875170,PREMIER DR,,,,402.00,Feet,East,MERCOMATIC DR,,,,0.00,N,Not at Intersection,N,Non-Junction,None,,,         ,Edward,Holden,Rain,Not Collision with Motor Vehicle in Transport,no,no,no,no,no,False
101806419,METROPOLITAN NASHVILLE POLICE DEPT,20170949461,Davidson,Nashville,10/27/2017 11:30:00 PM,2,0,0,36.162230,-86.774360,1ST AVS,,,,0.00,,,BROADWAY,,,,0.00,Y,T-Intersection,N,Non-Junction,None,,,         ,Paxton,Montgomery,Rain,Unknown,no,no,no,no,yes,False
101806424,METROPOLITAN NASHVILLE POLICE DEPT,20170948999,Davidson,Nashville,10/27/2017 8:49:00 PM,2,0,0,36.102560,-86.801820,BELMONT BLVD,,,,304.00,Feet,South,BELVIDERE DR,,,,0.00,N,Not at Intersection, ,Non-Junction,None,,,         ,Joshua,Billotte,Rain,Front to Rear,no,no,no,no,no,False
101806427,METROPOLITAN NASHVILLE POLICE DEPT,20170949619,Davidson,Nashville,10/28/2017 1:45:00 AM,2,0,0,36.083650,-86.647200,BROOKSBORO PL,,,,7.00,Feet,East,MURFREESBORO PKE,,,,0.00,N,Not at Intersection, ,Non-Junction,None,,,         ,Ian,Swander,Rain,Angle,no,no,no,no,no,False
101806435,METROPOLITAN NASHVILLE POLICE DEPT,20170949401,Davidson,Nashville,10/28/2017 12:05:00 AM,1,0,0,36.164070,-86.796770,14TH AVN,,,,0.00,Feet,East,CLINTON ST,,,,0.00,N,Not at Intersection,N,Non-Junction,None,,,         ,Joshua,Green,Rain,Not Collision with Motor Vehicle in Transport,no,no,no,yes,no,False
101806437,METROPOLITAN NASHVILLE POLICE DEPT,20170949656,Davidson,Nashville,10/28/2017 12:00:00 AM,2,1,0,36.127470,-86.629550,BELL RD,,,,0.00,,,PRIEST WOODS DR,,,,0.00,Y,Four-Way,N,Intersection-Related,None,,,         ,Emily,Mulready,Rain,Angle,no,no,no,no,no,False
101806438,METROPOLITAN NASHVILLE POLICE DEPT,20170949431,Davidson,Nashville,10/28/2017 12:16:00 AM,2,1,0,36.044810,-86.662220,BELL RD,,,,200.00,Feet,West,CANE RIDGE RD,,,,0.00,N,Not at Intersection,N,Non-Junction,None,,,         ,William,Coy,Rain,Angle,no,no,no,no,no,False
101806446,METROPOLITAN NASHVILLE POLICE DEPT,20170949853,Davidson,Nashville,10/28/2017 12:00:00 AM,1,0,0,36.155970,-86.823340,I440 W EXT RAMP,,,,0.00,Feet,East,I 40,,,,0.00,N,Not at Intersection,Y,Entrance/Exit Ramp Related,None,,,         ,Ian,Ward,Unknown,Unknown,no,no,no,no,yes,False
101806460,METROPOLITAN NASHVILLE POLICE DEPT,20170949466,Davidson,Nashville,10/27/2017 9:15:00 PM,2,0,0,36.229920,-86.771690,I 65,,,,0.00,,,,,,,89.00,N,Not at Intersection,N,Non-Junction,None,,,         ,Rudy,Basaldua,Rain,"Sideswipe, Same Direction",no,no,no,no,yes,False
101806463,METROPOLITAN NASHVILLE POLICE DEPT,20170949624,Davidson,Nashville,10/28/2017 2:00:00 AM,3,0,0,36.118980,-86.726480,I 24,,,,0.00,,,,,,,53.00,N,Not at Intersection,N,Non-Junction,None,,,         ,Erik,Dabbs,Rain,Front to Rear,no,no,no,no,yes,False
101806464,METROPOLITAN NASHVILLE POLICE DEPT,20170949731,Davidson,Nashville,10/28/2017 2:50:00 AM,1,0,0,36.119230,-86.726560,I 24,,,,0.00,,,,,,,53.00,N,Not at Intersection,N,Non-Junction,None,,,         ,Christopher,Holden,Rain,Not Collision with Motor Vehicle in Transport,no,no,no,no,no,False
101806467,METROPOLITAN NASHVILLE POLICE DEPT,20170949753,Davidson,Nashville,10/28/2017 2:30:00 AM,2,2,0,36.118850,-86.726430,I 24,,,,0.00,,,,,,,53.00,N,Not at Intersection,N,Non-Junction,None,,,         ,Kevin,McGinniss,Rain,Front to Rear,no,no,no,no,no,False
101806472,METROPOLITAN NASHVILLE POLICE DEPT,20170949939,Davidson,Nashville,10/28/2017 5:15:00 AM,2,0,0,36.089070,-86.649990,MURFREESBORO PKE,,,,0.00,Feet,East,RANSOM PL,,,,0.00,N,Not at Intersection, ,Non-Junction,None,,,         ,Ian,Swander,Cloudy,Angle,no,no,no,no,yes,False
101806475,METROPOLITAN NASHVILLE POLICE DEPT,20170949918,Davidson,Nashville,10/28/2017 1:44:00 AM,2,0,0,36.147690,-86.768490,4TH AVS,,,,12.00,Feet,North,CAMERON ST,,,,0.00,N,Not at Intersection, ,Non-Junction,None,,,         ,Sandra,Fly,Rain,"Sideswipe, Same Direction",no,no,no,no,no,False
101806476,METROPOLITAN NASHVILLE POLICE DEPT,2017-0949217,Davidson,Nashville,10/27/2017 8:45:00 PM,1,0,0,36.040900,-86.779380,OLD HICKORY BLVD,,,,0.00,,,FRANKLIN PIKE CIR,,,,0.00,Y,Four-Way, ,,None,,,         ,Thomas,Miller,,,no,no,no,no,no,False
101806477,METROPOLITAN NASHVILLE POLICE DEPT,20170949912,Davidson,Nashville,10/28/2017 3:00:00 AM,2,0,0,36.235000,-86.798940,BRILEY PKWYE,,,,296.00,Feet,North,BRILEY PKWYW,,,,0.00,N,Not at Intersection,N,Non-Junction,None,,,         ,Geoffrey,Daugherty,Rain,Not Collision with Motor Vehicle in Transport,no,no,no,no,yes,False
101806478,METROPOLITAN NASHVILLE POLICE DEPT,20170949457,Davidson,Nashville,10/28/2017 12:00:00 AM,1,0,0,36.146170,-86.754490,MURFREESBORO PKE,,,,184.00,Feet,West,EXPRESSWAY PARK DR,,,,0.00,N,Not at Intersection,N,Non-Junction,None,,,         ,Kyle,Berkheiser,Rain,Not Collision with Motor Vehicle in Transport,no,no,no,no,no,False
101806479,METROPOLITAN NASHVILLE POLICE DEPT,20170949533,Davidson,Nashville,10/28/2017 1:15:00 AM,2,0,0,36.146170,-86.754490,MURFREESBORO PKE,,,,183.00,Feet,West,EXPRESSWAY PARK DR,,,,0.00,N,Not at Intersection,N,Non-Junction,None,,,         ,Kyle,Berkheiser,Rain,Angle,no,no,no,no,no,False
101806482,METROPOLITAN NASHVILLE POLICE DEPT,20170949932,Davidson,Nashville,10/28/2017 3:20:00 AM,2,0,0,36.086870,-86.730230,ELYSIAN FIELDS RD,,,,0.00,,,ELYSIAN FIELDS CT,,,,0.00,Y,Four-Way,Y,Intersection,None,,,         ,Erik,Dabbs,Cloudy,Angle,no,no,no,no,yes,False
101806519,METROPOLITAN NASHVILLE POLICE DEPT,20170950035,Davidson,Nashville,10/28/2017 6:26:00 AM,1,1,0,36.189620,-86.686870,TWO RIVERS PKWY,,,,164.00,Feet,East,STONES RIVER GRNWY,,,,0.00,N,Not at Intersection,N,Non-Junction,None,,,         ,Michael,Brooks,Cloudy,Not Collision with Motor Vehicle in Transport,no,no,no,no,no,False
101806520,METROPOLITAN NASHVILLE POLICE DEPT,20170949987,Davidson,Nashville,10/28/2017 12:00:00 AM,1,1,0,36.134000,-86.697100,BRILEY PKWYN,,,,362.00,Feet,North,BRILEY PKWYS,,,,0.00,N,Not at Intersection,N,Non-Junction,None,,,         ,Shannon,Forsyth,Rain,Not Collision with Motor Vehicle in Transport,no,no,no,no,no,False
101806522,METROPOLITAN NASHVILLE POLICE DEPT,20170949998,Davidson,Nashville,10/28/2017 6:00:00 AM,1,0,0,36.235080,-86.798760,BRILEY PKWYE,,,,290.00,Feet,North,BRILEY PKWYW,,,,0.00,N,Not at Intersection, ,,None,,,         ,Geoffrey,Daugherty,,,no,no,no,no,no,False
101806549,METROPOLITAN NASHVILLE POLICE DEPT,20170950108,Davidson,Nashville,10/28/2017 7:23:00 AM,2,0,0,36.156870,-86.769220,HERMITAGE AV,,,,182.00,Feet,West,LEA AV,,,,0.00,N,Not at Intersection, ,,None,,,         ,Randall,Ward,,,no,no,no,no,no,False
101806555,METROPOLITAN NASHVILLE POLICE DEPT,2017-0950093,Davidson,Nashville,10/28/2017 6:58:00 AM,2,0,0,36.147390,-86.743880,I 40,,,,0.00,,,,,,,212.00,N,Not at Intersection, ,Non-Junction,Construction Zone,,,         ,Calvin,Graham,Cloudy,"Sideswipe, Same Direction",no,no,no,no,yes,False
101806563,METROPOLITAN NASHVILLE POLICE DEPT,20170950177,Davidson,Nashville,10/28/2017 8:03:00 AM,2,0,0,36.164700,-86.826690,ALAMEDA ST,,,,91.00,Feet,West,33RD AVN,,,,0.00,N,Not at Intersection, ,Non-Junction,None,,,         ,YUNUS,ADAK,Clear,Front to Rear,no,no,no,no,no,False
101806565,METROPOLITAN NASHVILLE POLICE DEPT,20170950046,Davidson,Nashville,10/27/2017 10:30:00 PM,1,0,0,36.182270,-86.607960,OLD HICKORY BLVD,,,,0.00,,,ANDREW JACKSON WAY,,,,0.00,Y,Four-Way,N,Intersection-Related,None,,,         ,William,Mckay,Rain,Not Collision with Motor Vehicle in Transport,no,no,no,no,yes,False
101806645,METROPOLITAN NASHVILLE POLICE DEPT,20170950217,Davidson,Nashville,10/28/2017 6:30:00 AM,4,0,0,36.124460,-86.704810,VULTEE BLVD,,,,0.00,,,,,,,0.00,,,N,"Driveway, Alley Access, etc",None,,,         ,Carey,Steel,Unknown,Angle,no,no,no,yes,no,False
101806646,METROPOLITAN NASHVILLE POLICE DEPT,20170950315,Davidson,Nashville,10/28/2017 9:30:00 AM,2,0,0,36.130830,-86.898290,CHARLOTTE PKE,,,,372.00,Feet,East,I40 E EXT RAMP,,,,0.00,N,Not at Intersection, ,,None,,,         ,Wesley,Tilley,,,no,no,no,no,no,False
101806680,METROPOLITAN NASHVILLE POLICE DEPT,20170950253,Davidson,Nashville,10/28/2017 2:45:00 AM,2,0,0,36.079050,-86.708340,WALLACE RD,,,,20.00,Feet,West,TURLEY DR,,,,0.00,N,Not at Intersection,N,Non-Junction,None,,,         ,James,Thomas,Rain,Angle,no,no,no,no,yes,False
101806701,METROPOLITAN NASHVILLE POLICE DEPT,20170950317,Davidson,Nashville,10/28/2017 8:54:00 AM,4,1,0,36.081740,-86.726990,NOLENSVILLE PKE,,,,300.00,Feet,South,WELSHWOOD DR,,,,0.00,N,Not at Intersection,N,Non-Junction,None,,,         ,Earl,Davis,Cloudy,Front to Rear,no,no,no,no,no,False
101806716,METROPOLITAN NASHVILLE POLICE DEPT,20170950360,Davidson,Nashville,10/28/2017 9:27:00 AM,2,0,0,36.045600,-86.658470,I24 W EXT RAMP,,,,0.00,,,I 24,,,,0.00,Y,OTHER,N,Non-Junction,None,,,         ,Jason,Dudley,Clear,HeadOn,no,no,no,yes,yes,False
101806741,METROPOLITAN NASHVILLE POLICE DEPT,20170950495,Davidson,Nashville,10/28/2017 11:20:00 AM,2,0,0,36.066300,-86.774230,FRANKLIN PKE,,,,0.00,,,HOGAN RD,,,,0.00,Y,Four-Way,N,Intersection,None,,,         ,Earl,Davis,Cloudy,Angle,no,no,no,no,no,False
101806749,METROPOLITAN NASHVILLE POLICE DEPT,20170950378,Davidson,Nashville,10/27/2017 10:00:00 PM,2,0,0,36.093720,-86.735420,NATCHEZ CT,,,,189.00,Feet,West,N NATCHEZ CT,,,,0.00,N,Not at Intersection,N,Non-Junction,None,,,         ,David,Simmonds,Rain,Angle,no,no,no,no,yes,False
101806755,METROPOLITAN NASHVILLE POLICE DEPT,20170950463,Davidson,Nashville,10/28/2017 10:55:00 AM,2,1,0,36.187300,-86.754100,PETWAY AV,,,,0.00,,,MCFERRIN AV,,,,0.00,Y,T-Intersection,Y,Intersection-Related,None,,,         ,Michael,Thompson,Clear,Angle,no,no,no,no,no,False
101806765,METROPOLITAN NASHVILLE POLICE DEPT,2017-0950444,Davidson,Nashville,10/28/2017 10:55:00 AM,2,0,0,36.153340,-86.788910,DEMONBREUN ST,,,,170.00,Feet,West,14TH AVS,,,,0.00,N,Not at Intersection, ,Non-Junction,None,,,         ,Jonathan,Seidl,Cloudy,"Sideswipe, Same Direction",no,no,no,no,no,False
101806766,METROPOLITAN NASHVILLE POLICE DEPT,20170950427,Davidson,Nashville,10/28/2017 12:00:00 AM,1,0,0,36.148900,-86.769280,OAK ST,,,,0.00,,,4TH AVS,,,,0.00,Y,T-Intersection,N,Intersection,None,,,         ,Michael,Dudley,Unknown,Not Collision with Motor Vehicle in Transport,no,no,no,no,yes,False
101806787,METROPOLITAN NASHVILLE POLICE DEPT,20170950519,Davidson,Nashville,10/28/2017 11:35:00 AM,2,1,0,36.216870,-86.722240,ARDEE AV,,,,519.00,Feet,East,WILLIAMS TER,,,,0.00,N,Not at Intersection,N,Non-Junction,None,,,         ,Ryan,Storm,Clear,HeadOn,no,no,no,no,no,False
101806788,METROPOLITAN NASHVILLE POLICE DEPT,20170950422,Davidson,Nashville,10/28/2017 10:00:00 AM,2,0,0,36.124980,-86.847640,HARDING PKE,,,,0.00,,,WHITE BRIDGE PKE,,,,0.00,Y,Four-Way, ,Intersection-Related,None,,,         ,Nicholas,Silinsky,Clear,Front to Rear,no,no,no,no,no,False
101806802,METROPOLITAN NASHVILLE POLICE DEPT,20170950561,Davidson,Nashville,10/28/2017 12:11:00 PM,2,1,0,36.194380,-86.832360,CLARKSVILLE PKE,,,,320.00,Feet,East,W SUMMITT AV,,,,0.00,N,Not at Intersection,N,"Driveway, Alley Access, etc",None,,,         ,Royce,McLester,Cloudy,Front to Rear,no,no,no,yes,no,False
101806803,METROPOLITAN NASHVILLE POLICE DEPT,20170950558,Davidson,Antioch,10/28/2017 1:30:00 AM,1,0,0,36.084272,-86.605555,ANDERSON,RD,,,236.00,Feet,South,OLD ANDERSON,RD,,,0.00,N,Not at Intersection, ,Non-Junction,None,,,         ,Robert,Erickson,Rain,Not Collision with Motor Vehicle in Transport,no,no,no,yes,no,False
101806804,METROPOLITAN NASHVILLE POLICE DEPT,20170950500,Davidson,Nashville,10/28/2017 10:31:00 AM,2,1,0,36.135830,-86.764520,RAINS AV,,,,0.00,,,WINGROVE ST,,,,0.00,Y,Four-Way,N,Intersection,None,,,         ,Nathan,Smith,Clear,Angle,no,no,no,no,no,False
101806809,METROPOLITAN NASHVILLE POLICE DEPT,20170950581,Davidson,Nashville,10/28/2017 12:00:00 PM,2,0,0,36.184670,-86.758280,CLEVELAND ST,,,,0.00,,,N 9TH ST,,,,0.00,Y,Four-Way,Y,Intersection-Related,None,,,         ,Michael,Thompson,Clear,Front to Rear,no,no,no,no,yes,False
101806831,METROPOLITAN NASHVILLE POLICE DEPT,20170950580,Davidson,Nashville,10/28/2017 11:15:00 AM,2,0,0,36.044380,-86.627240,ASHEFORD TRC,,,,292.00,Feet,North,CEDAR ASH CRSG,,,,0.00,N,Not at Intersection, ,Non-Junction,None,,,         ,Jason,Dudley,Clear,"Sideswipe, Same Direction",no,no,no,no,no,False
101806838,METROPOLITAN NASHVILLE POLICE DEPT,20170950647,Davidson,Nashville,10/28/2017 1:07:00 PM,2,0,0,36.207930,-86.777070,I65 S EXT RAMP,,,,0.00,,East,I 65,,,,0.00,N,Not at Intersection, ,Non-Junction,None,,,         ,Justan,Vance,Clear,Front to Rear,no,no,no,no,no,False
101806839,THP District 3 - Nashville,317062802,Davidson,Not in City Limit,10/23/2017 7:38:00 AM,2,0,0,36.169860,-86.592000,I 40,,,,0.00,,,,,,,221.35,N,Not at Intersection,N,Non-Junction,None,,,         ,Kenneth,Hackett,Clear,Front to Rear,no,no,no,no,no,False
101806850,METROPOLITAN NASHVILLE POLICE DEPT,20170950636,Davidson,Nashville,10/28/2017 12:00:00 AM,2,0,0,36.108590,-86.815910,GREEN HILLS VILLAGE DR,,,,380.00,Feet,South,CLEGHORN AV,,,,0.00,N,Not at Intersection,N,Non-Junction,None,,,         ,Paul,Junkmann,Cloudy,"Sideswipe, Same Direction",no,no,no,no,yes,False
101806851,BERRY HILL POLICE DEPT,17-3677,Davidson,Nashville,10/28/2017 11:45:00 AM,2,0,0,36.128590,-86.777890,FRANKLIN PKE,,,,0.00,,,8TH AVS,,,,0.00,Y,Four-Way, ,Intersection,None,,,         ,Larry,Carter,Cloudy,Angle,no,no,no,no,no,False
101806878,METROPOLITAN NASHVILLE POLICE DEPT,20170950568,Davidson,Nashville,10/28/2017 12:00:00 PM,2,0,0,36.240970,-86.766590,OAKVIEW DR,,,,0.00,,,BRILEY PKWYW,,,,0.00,Y,OTHER,N,Non-Junction,None,,,         ,Brandon,Evans,Clear,"Sideswipe, Same Direction",no,no,no,no,yes,False
101806879,METROPOLITAN NASHVILLE POLICE DEPT,20170950603,Davidson,Nashville,10/28/2017 12:38:00 PM,2,0,0,36.147490,-86.758480,LAFAYETTE ST,,,,52.00,Feet,East,LEWIS ST,,,,0.00,N,Not at Intersection,N,Non-Junction,None,,,         ,Jed,Baldoni,Clear,"Sideswipe, Same Direction",no,no,no,no,yes,False
101806881,METROPOLITAN NASHVILLE POLICE DEPT,20170950699,Davidson,Nashville,10/28/2017 12:00:00 AM,1,0,0,36.258160,-86.776750,BRICK CHURCH PKE,,,,95.00,Feet,South,BRICK DR,,,,0.00,N,Not at Intersection, ,Non-Junction,None,,,         ,Cyretha,Frazier,Unknown,Not Collision with Motor Vehicle in Transport,no,no,no,no,yes,False
101806884,METROPOLITAN NASHVILLE POLICE DEPT,20170950662,Davidson,Nashville,10/28/2017 1:21:00 PM,2,1,0,36.061480,-86.643830,HICKORY HIGHLANDS DR,,,,328.00,Feet,East,RURAL HILL RD,,,,0.00,N,Not at Intersection,N,Non-Junction,None,,,         ,Peter,Vaught,Clear,Angle,no,no,no,no,no,False
101806886,METROPOLITAN NASHVILLE POLICE DEPT,20170950504,Davidson,Nashville,10/28/2017 11:27:00 AM,7,1,0,36.168850,-86.775800,JAMES ROBERTSON PKWY,,,,540.00,Feet,East,MAIN ST,,,,0.00,N,Not at Intersection,N,Non-Junction,None,,,         ,William,Gibbs,Clear,Front to Rear,no,no,no,no,no,False
101806900,METROPOLITAN NASHVILLE POLICE DEPT,20170950648,Davidson,Not in City Limit,10/28/2017 1:03:00 PM,2,0,0,36.079190,-86.952750,HIGHWAY 70S,,,,267.00,Feet,East,COLEY DAVIS RD,,,,0.00,N,Not at Intersection,N,Non-Junction,None,,,         ,Adam,Reese,Cloudy,Front to Rear,no,no,no,no,no,False
101806901,GOODLETTSVILLE POLICE DEPT,17-38167,Davidson,Goodlettsville,10/28/2017 1:04:00 PM,2,0,0,36.315490,-86.713510,RIVERGATE PKWY,,,,0.00,,,S MAIN ST,,,,0.00,Y,T-Intersection, ,Intersection-Related,None,,,         ,Charles,Hauskin,Clear,Front to Rear,no,no,no,no,no,False