master_record_number,agency,agency_tracking_number,county,city,collision_date,vehicles_involved,number_injured,number_dead,latitude,longitude,roadway_name,roadway_suffix,roadway_number,roadway_local_id,distance_from_reference,miles-feet_indicator,direction_from_reference,intersection_road_name,intersection_road_name_suffix,intersection_road_number,intersection_local_id,mile_marker,intersection_indicator,intersect_type,interchange_related_indicator,relation_to_junction,work_zone_type,construction_maintenance_zone,construction_maintenance_zone_location,fatal_case_number,officer_first_name,officer_last_name,weather_condition(s),manner_of_crash,pedestrian,bicycle,scooter,parking,hitrun,mou
101806917,METROPOLITAN NASHVILLE POLICE DEPT,20170950590,Davidson,Nashville,10/28/2017 12:27:00 PM,1,0,0,36.163170,-86.780190,5TH AVN,,,,0.00,,,CHURCH ST,,,,0.00,Y,Four-Way, ,Intersection,Work Zone,,,         ,Frank,Campbell,Clear,Not Collision with Motor Vehicle in Transport,no,no,no,no,no,False
101806921,METROPOLITAN NASHVILLE POLICE DEPT,20170950758,Davidson,Nashville,10/28/2017 2:26:00 PM,2,0,0,36.174310,-86.761510,MAIN ST,,,,188.00,Feet,West,N 7TH ST,,,,0.00,N,Not at Intersection, ,Non-Junction,None,,,         ,Anthony,Rizo,Clear,Front to Rear,no,no,no,no,no,False
101807011,METROPOLITAN NASHVILLE POLICE DEPT,20170950886,Davidson,Nashville,10/28/2017 3:36:00 PM,2,0,0,36.088970,-86.613800,SMITH SPRINGS RD,,,,84.00,Feet,East,CLEARLAKE DRW,,,,0.00,N,Not at Intersection, ,Non-Junction,None,,,         ,Tyler,Maupin,Cloudy,Front to Rear,no,no,no,no,no,False
101807019,METROPOLITAN NASHVILLE POLICE DEPT,20170950845,Davidson,Nashville,10/28/2017 3:18:00 PM,2,1,0,36.140740,-86.793640,HORTON AV,,,,0.00,,,16TH AVS,,,,0.00,Y,Four-Way,N,Intersection-Related,None,,,         ,David,Collins,Cloudy,Angle,no,no,no,no,no,False
101807026,GOODLETTSVILLE POLICE DEPT,17-38176,Davidson,Goodlettsville,10/28/2017 2:27:00 PM,2,1,0,36.309430,-86.695550,VIETNAM VETERANS BLVD SB EXT R,,,,0.00,Feet,East,CONFERENCE DR,,,,0.00,N,Not at Intersection,N,Non-Junction,None,,,         ,Timothy,Williams,Cloudy,Front to Rear,no,no,no,no,no,False
101807081,METROPOLITAN NASHVILLE POLICE DEPT,20170950910,Davidson,Nashville,10/28/2017 3:54:00 PM,2,0,0,36.151600,-86.857730,WHITE BRIDGE PKE,,,,51.00,Feet,North,I40 E ENT RAMP,,,,0.00,N,Not at Intersection, ,Non-Junction,None,,,         ,Ethan,Usherwood,Clear,"Sideswipe, Same Direction",no,no,no,no,yes,False
101807082,METROPOLITAN NASHVILLE POLICE DEPT,20170949181,Davidson,Not in City Limit,10/27/2017 10:36:00 PM,2,0,0,36.262960,-86.711960,GALLATIN PKES,,,,39.00,Feet,South,STATE RT 45,,,,0.00,N,Not at Intersection,N,OtherLocation,None,,,         ,Paul,Goebel,Rain,Angle,no,no,no,no,yes,False
101807083,METROPOLITAN NASHVILLE POLICE DEPT,20170950814,Davidson,Nashville,10/28/2017 3:00:00 PM,2,0,0,36.111170,-86.789150,WOODMONT BLVD,,,,486.00,Feet,West,LEALAND LN,,,,0.00,N,Not at Intersection, ,,None,,,         ,Allyson,Reis,,,no,no,no,no,no,False
101807101,METROPOLITAN NASHVILLE POLICE DEPT,20170950913,Davidson,Nashville,10/28/2017 3:53:00 PM,2,0,0,36.142800,-86.744360,MURFREESBORO PKE,,,,0.00,,,FESSLERS LN,,,,0.00,Y,Four-Way, ,Intersection,None,,,         ,Andrew,Mullen,Cloudy,Angle,no,no,no,no,no,False
101807107,METROPOLITAN NASHVILLE POLICE DEPT,20170950971,Davidson,Nashville,10/28/2017 4:20:00 PM,2,1,0,36.173590,-86.602150,CENTRAL PKE,,,,0.00,Feet,,OLD HICKORY BLVD,,,,0.00,Y,Four-Way,N,Intersection,None,,,         ,Jonathon,Sheppard,Clear,Front to Rear,no,no,no,no,no,False
101807113,METROPOLITAN NASHVILLE POLICE DEPT,20170950882,Davidson,Nashville,10/28/2017 12:00:00 AM,2,0,0,36.158580,-86.826920,CLIFTON AV,,,,37.00,Feet,East,34TH AVN,,,,0.00,N,Not at Intersection, ,Non-Junction,None,,,         ,Adam,Gartner,Cloudy,Angle,no,no,no,no,yes,False
101807132,METROPOLITAN NASHVILLE POLICE DEPT,20170950675,Davidson,Nashville,10/28/2017 12:50:00 PM,2,1,0,36.210990,-86.775910,I 65,,,,0.00,,,,,,,87.65,N,Not at Intersection,N,Non-Junction,None,,,         ,Royce,McLester,Cloudy,"Sideswipe, Same Direction",no,no,no,no,yes,False
101807138,METROPOLITAN NASHVILLE POLICE DEPT,20170950972,Davidson,Nashville,10/28/2017 4:20:00 PM,2,0,0,36.233560,-86.724820,GALLATIN PKE,,,,0.00,,,JOYCE LN,,,,0.00,Y,Four-Way, ,Intersection,None,,,         ,James,Smith,Cloudy,Other,no,no,no,no,no,False
101807144,METROPOLITAN NASHVILLE POLICE DEPT,20170950992,Davidson,Nashville,10/28/2017 3:45:00 PM,2,0,0,36.182230,-86.792520,5TH AVN,,,,0.00,,,GARFIELD ST,,,,0.00,Y,OTHER,N,OtherLocation,None,,,         ,Landon,Bagwell,Cloudy,Front to Rear,no,no,no,no,yes,False
101807147,METROPOLITAN NASHVILLE POLICE DEPT,20170950836,Davidson,Nashville,10/28/2017 2:19:00 PM,2,3,0,36.156530,-86.768440,HERMITAGE AV,,,,78.00,Feet,East,LEA AV,,,,0.00,N,Not at Intersection,N,Non-Junction,None,,,         ,Derek,Betty,Clear,Front to Rear,no,no,no,no,no,False
101807155,METROPOLITAN NASHVILLE POLICE DEPT,20170951062,Davidson,Nashville,10/28/2017 4:30:00 PM,2,0,0,36.044770,-86.661310,BELL RD,,,,62.00,Feet,East,CANE RIDGE RD,,,,0.00,N,Not at Intersection, ,,None,,,         ,Nathaniel,Myers,,,no,no,no,no,no,False
101807156,METROPOLITAN NASHVILLE POLICE DEPT,20170950890,Davidson,Nashville,10/28/2017 3:37:00 PM,2,2,0,36.110940,-86.745220,THOMPSON LN,,,,0.00,,,NOLENSVILLE PKE,,,,0.00,Y,Four-Way,N,Intersection,None,,,         ,Patrick,Martin,Cloudy,Front to Rear,no,no,no,no,no,False
101807169,METROPOLITAN NASHVILLE POLICE DEPT,20170951078,Davidson,Nashville,10/28/2017 5:01:00 PM,2,0,0,36.196180,-86.776720,BRICK CHURCH PKE,,,,179.00,Feet,North,FERN AV,,,,0.00,N,Not at Intersection, ,,None,,,         ,Brandon,Rardin,,,no,no,no,no,no,False
101807188,METROPOLITAN NASHVILLE POLICE DEPT,20170950806,Davidson,Nashville,10/28/2017 3:00:00 PM,1,1,0,36.147040,-86.694260,BRILEY PKWY S EXT RAMP,,,,0.00,Feet,East,BRILEY PKWYS,,,,0.00,N,Not at Intersection,N,Non-Junction,None,,,         ,Samuel,Sundra,Cloudy,Not Collision with Motor Vehicle in Transport,no,no,no,no,no,False
101807210,METROPOLITAN NASHVILLE POLICE DEPT,20170951162,Davidson,Nashville,10/28/2017 5:47:00 PM,1,0,0,36.026200,-86.633900,I 24,,,,0.00,,,,,,,61.35,N,Not at Intersection,N,Non-Junction,None,,,         ,Nathaniel,Myers,Clear,Not Collision with Motor Vehicle in Transport,no,no,no,no,no,False
101807214,METROPOLITAN NASHVILLE POLICE DEPT,20170951187,Davidson,Nashville,10/28/2017 12:00:00 AM,2,0,0,36.167910,-86.821110,JOHN A MERRITT BLVD,,,,93.00,Feet,East,29TH AVN,,,,0.00,N,Not at Intersection, ,Non-Junction,None,,,         ,Adam,Gartner,Clear,"Sideswipe, Opposite Direction",no,no,no,no,yes,False
101807216,METROPOLITAN NASHVILLE POLICE DEPT,20170951125,Davidson,Nashville,10/28/2017 5:46:00 PM,2,0,0,36.139290,-86.880290,CHARLOTTE PKE,,,,114.00,Feet,East,HILLWOOD BLVD,,,,0.00,N,Not at Intersection,N,Non-Junction,None,,,         ,Regina,Lewis,Clear,Front to Rear,no,no,no,no,yes,False
101807218,METROPOLITAN NASHVILLE POLICE DEPT,20170951049,Davidson,Nashville,10/28/2017 5:15:00 PM,1,0,0,36.044090,-86.780590,I65 N ENT RAMP,,,,0.00,Feet,East,I 65,,,,0.00,N,Not at Intersection,N,Non-Junction,None,,,         ,Edin,Plancic,Cloudy,Not Collision with Motor Vehicle in Transport,no,no,no,no,no,False
101807222,METROPOLITAN NASHVILLE POLICE DEPT,20170951240,Davidson,Nashville,10/28/2017 6:49:00 PM,2,0,0,36.144020,-86.813820,WEST END AV,,,,64.00,Feet,South,29TH AVS,,,,0.00,N,Not at Intersection, ,,None,,,         ,Ryan,Cagle,,,no,no,no,no,no,Campus
101807227,METROPOLITAN NASHVILLE POLICE DEPT,20170951093,Davidson,Nashville,10/28/2017 5:34:00 PM,2,3,0,36.243910,-86.784690,I 24,,,,0.00,,,,,,,42.90,N,Not at Intersection,N,Non-Junction,None,,,         ,Christopher,Littles,Clear,Angle,no,no,no,no,no,False
101807231,METROPOLITAN NASHVILLE POLICE DEPT,20170950838,Davidson,Nashville,10/28/2017 3:15:00 PM,2,0,0,36.153600,-86.753420,HERMITAGE AV,,,,54.00,Feet,East,DECATUR AV,,,,0.00,N,Not at Intersection, ,,None,,,         ,Johnathan,Pannell,,,no,no,no,no,no,False
101807238,METROPOLITAN NASHVILLE POLICE DEPT,20170951280,Davidson,Nashville,10/28/2017 7:00:00 PM,2,0,0,36.125060,-86.816030,SHARONDALE DR,,,,0.00,,,WOODLAWN DR,,,,0.00,Y,Four-Way,N,Intersection,None,,,         ,Ethan,Usherwood,Clear,Angle,no,no,no,no,no,False
101807257,METROPOLITAN NASHVILLE POLICE DEPT,20170951295,Davidson,Nashville,10/28/2017 7:11:00 PM,2,0,0,36.225140,-86.746250,ELLINGTON PKWYS,,,,357.00,Feet,West,ELLINGTON PKWYN,,,,0.00,N,Not at Intersection,N,Non-Junction,None,,,         ,Amanda,Fox,Clear,Not Collision with Motor Vehicle in Transport,no,no,no,no,yes,False
101807266,METROPOLITAN NASHVILLE POLICE DEPT,20170950780,Davidson,Nashville,10/28/2017 2:38:00 PM,2,0,0,36.141610,-86.714000,I 40,,,,0.00,,,,,,,214.00,N,Not at Intersection, ,Non-Junction,None,,,         ,Kimberly,Annson,Cloudy,Front to Rear,no,no,no,no,no,False
101807267,METROPOLITAN NASHVILLE POLICE DEPT,20170951051,Davidson,Nashville,10/28/2017 5:14:00 PM,2,0,0,36.126280,-86.696050,BRILEY PKWY,,,,336.00,Feet,North,KERMIT DR,,,,0.00,N,Not at Intersection, ,,None,,,         ,Kimberly,Annson,,,no,no,no,no,no,False
101807268,METROPOLITAN NASHVILLE POLICE DEPT,20170950810,Davidson,Nashville,10/28/2017 3:00:00 PM,2,0,0,36.139960,-86.724700,I 40,,,,0.00,,,,,,,213.40,N,Not at Intersection,N,Non-Junction,None,,,         ,Kimberly,Annson,Cloudy,Front to Rear,no,no,no,no,no,False
101807269,METROPOLITAN NASHVILLE POLICE DEPT,20170951281,Davidson,Nashville,10/28/2017 7:17:00 PM,2,1,0,36.089970,-86.625060,SMITH SPRINGS RD,,,,446.00,Feet,East,BELL RD,,,,0.00,N,Not at Intersection,N,Non-Junction,None,,,         ,Marcus,Mitchell,Clear,Front to Rear,no,no,no,no,no,False
101807271,METROPOLITAN NASHVILLE POLICE DEPT,20170950867,Davidson,Nashville,10/28/2017 3:30:00 PM,2,0,0,36.141210,-86.716460,I 40,,,,0.00,,,,,,,213.85,N,Not at Intersection,N,Non-Junction,None,,,         ,Patrick,Taylor,Cloudy,Front to Rear,no,no,no,no,no,False
101807272,METROPOLITAN NASHVILLE POLICE DEPT,20170950968,Davidson,Nashville,10/28/2017 4:24:00 PM,4,1,0,36.141930,-86.712140,I 40,,,,0.00,,,,,,,214.10,N,Not at Intersection,N,Non-Junction,None,,,         ,Patrick,Taylor,Clear,Front to Rear,no,no,no,no,no,False
101807273,METROPOLITAN NASHVILLE POLICE DEPT,20170951206,Davidson,Nashville,10/28/2017 6:32:00 PM,4,1,0,36.141350,-86.715560,I 40,,,,0.00,,,,,,,213.90,N,Not at Intersection,N,Non-Junction,None,,,         ,Patrick,Taylor,Clear,Front to Rear,no,no,no,no,no,False
101807275,METROPOLITAN NASHVILLE POLICE DEPT,20170951223,Davidson,Nashville,10/28/2017 6:40:00 PM,4,1,0,36.182780,-86.799100,I 65,,,,0.00,,,,,,,85.20,N,Not at Intersection,N,Non-Junction,None,,,         ,Landon,Bagwell,Cloudy,Front to Rear,no,no,no,no,no,False
101807277,METROPOLITAN NASHVILLE POLICE DEPT,20170950847,Davidson,Nashville,10/28/2017 3:39:00 PM,3,0,0,36.143580,-86.702040,I 40,,,,0.00,,,,,,,214.60,N,Not at Intersection, ,,None,,,         ,Johnathan,Pannell,,,no,no,no,no,no,False
101807278,VANDERBILT UNIVERSITY POLICE,2017-0951311,Davidson,Nashville,10/28/2017 7:05:00 PM,2,0,0,36.138630,-86.802320,CHILDRENS WAY,,,,0.00,,,,,,,0.00,,, ,Non-Junction,None,,,         ,Christopher,Dion,Clear,Rear to Side,no,no,no,yes,no,Campus
101807298,METROPOLITAN NASHVILLE POLICE DEPT,20170951229,Davidson,Nashville,10/28/2017 6:20:00 PM,2,1,0,36.196160,-86.687520,BRILEY PKWY N EXT RAMP,,,,0.00,,,BRILEY PKWYN,,,,0.00,Y,OTHER,N,Non-Junction,None,,,         ,Brent,Hedgcoth,Cloudy,Front to Rear,no,no,no,no,no,False
101807305,METROPOLITAN NASHVILLE POLICE DEPT,20170951215,Davidson,Nashville,10/28/2017 6:36:00 PM,2,1,0,36.068740,-86.716110,HAYWOOD LN,,,,51.00,Feet,East,HOPEDALE DR,,,,0.00,N,Not at Intersection,N,Non-Junction,None,,,         ,Nakia,Reid,Clear,Front to Rear,no,no,no,no,no,False
101807306,METROPOLITAN NASHVILLE POLICE DEPT,20170951437,Davidson,Nashville,10/28/2017 8:25:00 PM,2,0,0,36.153710,-86.771160,ELM ST,,,,0.00,Feet,East,4TH AVS,,,,0.00,N,Not at Intersection,N,Non-Junction,None,,,         ,Gregory,Scott,Clear,"Sideswipe, Opposite Direction",no,no,no,no,yes,False
101807315,METROPOLITAN NASHVILLE POLICE DEPT,20170951247,Davidson,Nashville,10/28/2017 6:24:00 PM,2,0,0,36.079600,-86.726320,NOLENSVILLE PKE,,,,0.00,,,HARDING PL,,,,0.00,Y,Four-Way,N,Intersection,None,,,         ,Patrick,Martin,Cloudy,HeadOn,no,no,no,no,no,False
101807343,METROPOLITAN NASHVILLE POLICE DEPT,20170951419,Davidson,Nashville,10/28/2017 8:20:00 PM,2,0,0,36.182480,-86.608730,OLD HICKORY BLVD,,,,218.00,Feet,West,FRIST BLVD,,,,0.00,N,Not at Intersection,N,Non-Junction,None,,,         ,Jonathon,Sheppard,Clear,Front to Rear,no,no,no,no,yes,False
101807348,METROPOLITAN NASHVILLE POLICE DEPT,20170951361,Davidson,Nashville,10/28/2017 7:56:00 PM,2,1,0,36.079600,-86.726320,NOLENSVILLE PKE,,,,0.00,Feet,,HARDING PL,,,,0.00,Y,Four-Way,N,Intersection,None,,,         ,Mary,Williams,Clear,Angle,no,no,no,no,no,False
101807364,METROPOLITAN NASHVILLE POLICE DEPT,2017-0951417,Davidson,Nashville,10/28/2017 7:45:00 PM,2,0,0,36.184940,-86.605790,JACKSONS HILL RD,,,,380.00,Feet,West,JACKSONS HILL CT,,,,0.00,N,Not at Intersection, ,,None,,,         ,Sandra,Talavera,,,no,no,no,yes,no,False
101807367,METROPOLITAN NASHVILLE POLICE DEPT,20170951555,Davidson,Nashville,10/28/2017 8:22:00 PM,2,0,0,36.126800,-86.710720,THOMPSON PL,,,,113.00,Feet,East,MURFREESBORO PKE,,,,0.00,N,Not at Intersection,N,Non-Junction,None,,,         ,Patrick,Taylor,Clear,Front to Rear,no,no,no,no,yes,False
101807370,METROPOLITAN NASHVILLE POLICE DEPT,20170951411,Davidson,Madison,10/28/2017 8:25:00 PM,3,1,0,36.262290,-86.712180,GALLATIN PKES,,,,33.00,Feet,North,E OLD HICKORY BLVD,,,,0.00,N,Not at Intersection,N,Entrance/Exit Ramp Related,None,,,         ,Brittani,Campbell,Clear,Angle,no,no,no,no,no,False
101807371,METROPOLITAN NASHVILLE POLICE DEPT,20170951581,Davidson,Nashville,10/28/2017 9:07:00 PM,2,0,0,36.200900,-86.776770,I 65,,,,0.00,,,,,,,86.95,N,Not at Intersection,N,Non-Junction,Construction Zone,Lane Shift-Crossover,Transition Area,         ,Brandon,Rardin,Clear,"Sideswipe, Same Direction",no,no,no,no,yes,False
101807375,METROPOLITAN NASHVILLE POLICE DEPT,20170951249,Davidson,Nashville,10/28/2017 6:55:00 PM,2,0,0,36.068760,-86.716280,HAYWOOD LN,,,,0.00,,,HOPEDALE DR,,,,0.00,Y,Four-Way,N,Non-Junction,None,,,         ,Eric,Keller,Clear,Front to Rear,no,no,no,no,no,False
101807377,METROPOLITAN NASHVILLE POLICE DEPT,20170951567,Davidson,Nashville,10/28/2017 9:26:00 PM,2,0,0,36.190420,-86.745460,GALLATIN AV,,,,7.00,Feet,North,W GREENWOOD AV,,,,0.00,N,Not at Intersection,N,Non-Junction,None,,,         ,Amanda,Fox,Clear,"Sideswipe, Same Direction",no,no,no,no,no,False
101807383,METROPOLITAN NASHVILLE POLICE DEPT,20170951515,Davidson,Nashville,10/28/2017 5:21:00 PM,2,0,0,36.070000,-86.729990,WHISPERING HILLS DR,,,,214.00,Feet,North,BONERWOOD DR,,,,0.00,N,Not at Intersection, ,Non-Junction,None,,,         ,David,Robberson,Clear,Front to Rear,no,no,no,no,no,False
101807406,METROPOLITAN NASHVILLE POLICE DEPT,20170951644,Davidson,Nashville,10/28/2017 10:18:00 PM,2,0,0,36.120200,-86.744920,PEACHTREE ST,,,,113.00,Feet,East,BURBANK AV,,,,0.00,N,Not at Intersection,N,Non-Junction,None,,,         ,Patrick,Martin,Clear,Front to Rear,no,no,no,no,no,False
101807407,METROPOLITAN NASHVILLE POLICE DEPT,20170951372,Davidson,Nashville,10/28/2017 8:03:00 PM,2,0,0,36.183090,-86.741090,EASTLAND AV,,,,51.00,Feet,East,N 16TH ST,,,,0.00,N,Not at Intersection, ,Non-Junction,None,,,         ,Micah,Wright,Clear,Front to Rear,no,no,no,no,no,False
101807413,METROPOLITAN NASHVILLE POLICE DEPT,20170951636,Davidson,Nashville,10/28/2017 10:00:00 PM,1,0,0,36.141120,-86.721830,I40 W EXT RAMP,,,,0.00,,,I 40,,,,0.00,Y,T-Intersection, ,Intersection,None,,,         ,Marcus,Mitchell,Clear,Not Collision with Motor Vehicle in Transport,no,no,no,no,no,False
101807428,METROPOLITAN NASHVILLE POLICE DEPT,20170951698,Davidson,Nashville,10/28/2017 10:30:00 PM,2,0,0,36.160640,-86.778050,BROADWAY,,,,129.00,Feet,East,5TH AVS,,,,0.00,N,Not at Intersection, ,Non-Junction,None,,,         ,Hunter,Fikes,Clear,"Sideswipe, Same Direction",no,no,no,no,yes,False
101807452,METROPOLITAN NASHVILLE POLICE DEPT,20170951529,Davidson,Not in City Limit,10/28/2017 9:04:00 PM,2,0,0,36.269820,-86.710530,GALLATIN PKEN,,,,150.00,Feet,North,WILEY ST,,,,0.00,N,Not at Intersection,N,Non-Junction,None,,,         ,Christopher,Littles,Clear,Angle,no,no,no,no,yes,False
101807454,METROPOLITAN NASHVILLE POLICE DEPT,20170951700,Davidson,Nashville,10/28/2017 10:17:00 PM,2,0,0,36.158480,-86.777120,5TH AVS,,,,0.00,,,DEMONBREUN ST,,,,0.00,Y,Four-Way, ,,None,,,         ,Paxton,Montgomery,,,no,no,no,no,no,False
101807462,METROPOLITAN NASHVILLE POLICE DEPT,20170951674,Davidson,Nashville,10/28/2017 10:42:00 PM,2,2,0,36.105460,-86.772790,CALDWELL LN,,,,0.00,,,FRANKLIN PKE,,,,0.00,Y,T-Intersection,Y,Intersection,None,,,         ,Ryan,Worstall,Clear,Angle,no,no,no,no,no,False
101807468,METROPOLITAN NASHVILLE POLICE DEPT,20170951758,Davidson,Nashville,10/28/2017 7:00:00 PM,2,0,0,36.155200,-86.784790,DEMONBREUN ST,,,,88.00,Feet,East,11TH AVS,,,,0.00,N,Not at Intersection,N,Non-Junction,None,,,         ,Hunter,Fikes,Clear,"Sideswipe, Same Direction",no,no,no,no,yes,False
101807475,METROPOLITAN NASHVILLE POLICE DEPT,20170951782,Davidson,Nashville,10/28/2017 11:33:00 PM,2,0,0,36.156850,-86.775240,KOREAN VETERANS BLVD,,,,190.00,Feet,West,4TH AVS,,,,0.00,N,Not at Intersection, ,Non-Junction,None,,,         ,Katelin,Ehrhardt,Clear,Front to Rear,no,no,no,no,yes,False
101807507,METROPOLITAN NASHVILLE POLICE DEPT,20170951740,Davidson,Nashville,10/28/2017 11:10:00 PM,2,0,0,36.180590,-86.796350,GARFIELD ST,,,,0.00,,,ROSA L PARKS BLVD,,,,0.00,Y,Four-Way,N,Intersection,None,,,         ,Joshua,Green,Clear,Angle,no,no,no,no,yes,False
101807508,METROPOLITAN NASHVILLE POLICE DEPT,20170951712,Davidson,Nashville,10/28/2017 10:00:00 PM,2,0,0,36.208990,-86.777920,BRICK CHURCH PKE,,,,29.00,Feet,South,AVONDALE CIR,,,,0.00,N,Not at Intersection, ,Non-Junction,None,,,         ,Phillip,Black,Clear,Angle,no,no,no,no,no,False
101807515,METROPOLITAN NASHVILLE POLICE DEPT,20170951855,Davidson,Nashville,10/28/2017 11:50:00 PM,2,0,0,36.073240,-86.693090,EZELL RD,,,,0.00,Feet,,LINBAR DR,,,,0.00,Y,T-Intersection,N,Intersection,None,,,         ,Autumn,Manning,Clear,Angle,no,no,no,no,yes,False
101807516,METROPOLITAN NASHVILLE POLICE DEPT,20170951760,Davidson,Nashville,10/28/2017 10:53:00 PM,2,1,0,36.047550,-86.655930,BELL RD,,,,0.00,,,HICKORY HOLLOW PKWY,,,,0.00,Y,Four-Way,N,Intersection,None,,,         ,Sandra,Fly,Clear,Front to Rear,no,no,no,no,no,False
101807541,METROPOLITAN NASHVILLE POLICE DEPT,2017-0948784,Davidson,Nashville,10/27/2017 4:45:00 PM,3,1,0,36.249190,-86.734460,DUE WEST AVW,,,,0.00,Feet,,S GRAYCROFT AV,,,,0.00,Y,Four-Way,Y,Intersection-Related,None,,,         ,James,Murphy,Cloudy,"Sideswipe, Same Direction",no,no,no,no,yes,False
101807569,VANDERBILT UNIVERSITY POLICE,17-0951683,Davidson,Nashville,10/28/2017 10:35:00 PM,1,0,0,36.143220,-86.810440,VANDERBILT PL,,,,0.00,,,28TH AVS,,,,0.00,Y,Four-Way, ,,None,,,         ,Charles,Stevens,,,no,no,no,no,no,Campus
101807604,Nashville Airport Police,17-003838,Davidson,Nashville,10/27/2017 9:30:00 AM,2,0,0,36.136160,-86.667550,TERMINAL DR,,,,0.00,Miles,,TERMINAL DR,,,,0.00,Y,OTHER, ,Non-Junction,None,,,         ,Jerry,Lovell,Clear,"Sideswipe, Same Direction",no,no,no,no,no,False
101807608,BERRY HILL POLICE DEPT,17-3678,Davidson,Berry Hill,10/28/2017 12:40:00 PM,2,0,0,36.112140,-86.765140,THOMPSON LN,,,,337.00,Feet,South,BRANSFORD AV,,,,0.00,N,Not at Intersection, ,Non-Junction,None,,,         ,Rick,Willliams,Clear,Angle,no,no,no,yes,no,False
101808025,GOODLETTSVILLE POLICE DEPT,17-38050,Davidson,Goodlettsville,10/27/2017 3:08:00 PM,2,0,0,36.309460,-86.695620,CONFERENCE DR,,,,0.00,,,VIETNAM VETERANS BLVD SB EXT R,,,,0.00,Y,T-Intersection, ,Intersection,None,,,         ,John,Spencer,Clear,Angle,no,no,no,no,no,False
101809532,THP District 3 - Nashville,317063340,Davidson,Not in City Limit,10/26/2017 7:49:00 AM,2,0,0,36.325160,-86.876890,I 24,,,,0.00,,,,,,,34.50,N,Not at Intersection, ,Non-Junction,None,,,         ,Michael,Lowe,Clear,Front to Rear,no,no,no,no,no,False
101810376,Nashville Airport Police,2017-03610,Davidson,Nashville,10/9/2017 8:47:00 PM,2,0,0,36.137180,-86.664290,DONELSON PKE,,,,798.00,Feet,South,I40 E ENT RAMP,,,,0.00,N,Not at Intersection,N,Non-Junction,None,,,         ,Christopher,Kullman,Clear,Angle,no,no,no,no,no,False
101811816,BELLE MEADE POLICE DEPT,17-0317,Davidson,Nashville,10/28/2017 3:34:00 PM,1,1,0,36.115360,-86.860860,HARDING PKE,,,,179.00,Feet,North,DAVIDSON RD,,,,0.00,N,Not at Intersection,N,Non-Junction,None,,,         ,Wes,Bowker,Clear,Not Collision with Motor Vehicle in Transport,no,no,no,no,no,False
101813057,THP District 3 - Nashville,317063110,Davidson,Not in City Limit,10/24/2017 8:20:00 PM,2,0,0,36.021910,-86.710340,BIENVILLE DR,,,,117.00,Feet,East,LENOX VILLAGE PVTDR,,,,0.00,N,Not at Intersection, ,Non-Junction,None,,,         ,Jennifer,Hicks,Clear,"Sideswipe, Same Direction",no,no,no,no,no,False
101816156,GOODLETTSVILLE POLICE DEPT,17-37973,Davidson,Goodlettsville,10/27/2017 12:50:00 AM,2,0,0,36.291460,-86.718180,JANETTE AV,,,,0.00,,,,,,,0.00,,,N,"Driveway, Alley Access, etc",None,,,         ,Jeffrey,Petty,Clear,Angle,no,no,no,yes,no,False
101825121,METROPOLITAN NASHVILLE POLICE DEPT,20171001693,Davidson,Nashville,10/17/2017 11:30:00 AM,2,1,0,36.145230,-86.666750,DONELSON PKE,,,,0.00,,,SHACKLETT DR,,,,0.00,Y,T-Intersection,N,Intersection,None,,,         ,Michael,Wilson,Clear,Front to Rear,no,no,no,no,no,False
101826481,BERRY HILL POLICE DEPT,17-3642,Davidson,Berry Hill,10/25/2017 5:15:00 PM,2,0,0,36.122170,-86.775910,FRANKLIN PKE,,,,0.00,,,,,,,0.00,,Not at Intersection, ,,None,,,         ,Charles,Cage,,,no,no,no,yes,no,False
101832756,METROPOLITAN NASHVILLE POLICE DEPT,20171022794,Davidson,Nashville,10/4/2017 4:35:00 PM,1,0,0,36.035990,-86.782860,I65 N EXT RAMP,,,,0.00,,,I 65,,,,0.00,Y,Y-Intersection,N,Non-Junction,None,,,         ,Curtis,Rich,Clear,Not Collision with Motor Vehicle in Transport,no,no,no,no,no,False
101834563,METROPOLITAN NASHVILLE POLICE DEPT,20171027093,Davidson,Nashville,10/23/2017 1:15:00 PM,2,0,0,36.146820,-86.743320,I 40,,,,0.00,,,,,,,212.05,N,Not at Intersection,N,Non-Junction,None,,,         ,Russell,Ward,Clear,"Sideswipe, Same Direction",no,no,no,no,yes,False
101848607,VANDERBILT UNIVERSITY POLICE,2017-0947862,Davidson,Nashville,10/27/2017 2:00:00 PM,2,0,0,36.139270,-86.802980,CHILDRENS WAY,,,,0.00,,,,,,,0.00,,, ,Non-Junction,None,,,         ,Shaneithia,Lewis,Clear,"Sideswipe, Opposite Direction",no,no,no,yes,no,Campus
101855544,Nashville Airport Police,2017-03791,Davidson,Nashville,10/24/2017 12:01:00 AM,1,1,0,36.117180,-86.669850,HANGAR LN,,,,0.00,,,HANGAR CT,,,,0.00,Y,OTHER,N,Non-Junction,Maintenance Zone,,,         ,Joyce,Page,Clear,Not Collision with Motor Vehicle in Transport,no,no,no,no,no,False
101885551,METROPOLITAN NASHVILLE POLICE DEPT,20170905568,Davidson,Nashville,10/13/2017 5:15:00 PM,2,1,0,36.122220,-86.753010,I 440,,,,0.00,,,,,,,6.20,N,Not at Intersection,N,Non-Junction,None,,,         ,Jacob,Paul,Clear,Front to Rear,no,no,no,no,no,False
101927598,METROPOLITAN NASHVILLE POLICE DEPT,2017-0901966,Davidson,Nashville,10/12/2017 12:15:00 PM,2,0,0,36.081100,-86.758360,HARDING PL,,,,0.00,,,TROUSDALE DR,,,,0.00,Y,Four-Way, ,,None,,,         ,Aaron,Jones,,,no,no,no,no,no,False