master_record_number,agency,agency_tracking_number,county,city,collision_date,vehicles_involved,number_injured,number_dead,latitude,longitude,roadway_name,roadway_suffix,roadway_number,roadway_local_id,distance_from_reference,miles-feet_indicator,direction_from_reference,intersection_road_name,intersection_road_name_suffix,intersection_road_number,intersection_local_id,mile_marker,intersection_indicator,intersect_type,interchange_related_indicator,relation_to_junction,work_zone_type,construction_maintenance_zone,construction_maintenance_zone_location,fatal_case_number,officer_first_name,officer_last_name,weather_condition(s),manner_of_crash,pedestrian,bicycle,scooter,parking,hitrun,mou
101808553,METROPOLITAN NASHVILLE POLICE DEPT,20170955010,Davidson,Madison,10/30/2017 6:10:00 AM,1,0,0,36.273160,-86.704210,ANDERSON LN,,,,0.00,,,BIXLER AV,,,,0.00,Y,OTHER, ,Non-Junction,None,,,         ,Caesar,Harris,Clear,Not Collision with Motor Vehicle in Transport,no,no,no,no,no,False
101808554,METROPOLITAN NASHVILLE POLICE DEPT,20170955017,Davidson,Nashville,10/30/2017 6:10:00 AM,1,0,0,36.211240,-86.898990,ASHLAND CITY HWY,,,,344.00,Feet,West,OLD HYDES FERRY PKE,,,,0.00,N,Not at Intersection,N,Non-Junction,None,,,         ,Charles,Duke,Clear,Not Collision with Motor Vehicle in Transport,no,no,no,no,no,False
101808560,METROPOLITAN NASHVILLE POLICE DEPT,20170955033,Davidson,Nashville,10/30/2017 6:21:00 AM,1,1,0,36.150930,-86.785540,I40 W EXT RAMP,,,,0.00,Feet,East,I 40,,,,0.00,N,Not at Intersection,N,Entrance/Exit Ramp Related,None,,,         ,Paxton,Montgomery,Clear,Not Collision with Motor Vehicle in Transport,no,no,no,no,no,False
101808572,METROPOLITAN NASHVILLE POLICE DEPT,20170955057,Davidson,Nashville,10/30/2017 6:44:00 AM,2,0,0,36.151230,-86.769430,I 40,,,,0.00,,,,,,,210.45,N,Not at Intersection, ,,None,,,         ,Randall,Ward,,,no,no,no,no,no,False
101808574,METROPOLITAN NASHVILLE POLICE DEPT,20170955077,Davidson,Nashville,10/30/2017 6:55:00 AM,2,1,0,36.154270,-86.848670,DELAWARE AV,,,,0.00,,,51ST AVN,,,,0.00,Y,Four-Way,N,Intersection,None,,,         ,Curtis,Rich,Clear,Angle,no,no,no,no,no,False
101808603,METROPOLITAN NASHVILLE POLICE DEPT,20170955121,Davidson,Nashville,10/30/2017 7:23:00 AM,2,2,0,36.251920,-86.717690,W WEBSTER ST,,,,0.00,,,GALLATIN PKES,,,,0.00,Y,Four-Way,N,Intersection,None,,,         ,Thomas,Odom,Clear,Front to Rear,no,no,no,no,no,False
101808607,METROPOLITAN NASHVILLE POLICE DEPT,20170955075,Davidson,Nashville,10/30/2017 6:55:00 AM,2,0,0,36.173160,-86.601360,CENTRAL PKE,,,,150.00,Feet,West,BURNING TREE DR,,,,0.00,N,Not at Intersection,N,Non-Junction,None,,,         ,James,Curtis,Clear,Angle,no,no,no,no,no,False
101808617,METROPOLITAN NASHVILLE POLICE DEPT,20170955067,Davidson,Nashville,10/30/2017 6:36:00 AM,2,0,0,36.044800,-86.662060,BELL RD,,,,159.00,Feet,West,CANE RIDGE RD,,,,0.00,N,Not at Intersection,N,Non-Junction,None,,,         ,Zachary,Scott,Clear,Front to Rear,no,no,no,no,no,False
101808618,METROPOLITAN NASHVILLE POLICE DEPT,20170955064,Davidson,Nashville,10/30/2017 12:00:00 AM,1,0,0,36.124860,-86.739760,GLENROSE AV,,,,346.00,Feet,North,EVELYN DR,,,,0.00,N,Not at Intersection,N,Non-Junction,None,,,         ,Michael,Dudley,Unknown,Not Collision with Motor Vehicle in Transport,no,no,no,no,yes,False
101808621,METROPOLITAN NASHVILLE POLICE DEPT,2017-0955115,Davidson,Nashville,10/30/2017 7:10:00 AM,1,0,0,36.044020,-86.781840,FRANKLIN PKE,,,,346.00,Feet,South,I65 N ENT RAMP,,,,0.00,N,Not at Intersection,N,Non-Junction,None,,,         ,Timothy,Edwards,Clear,Not Collision with Motor Vehicle in Transport,no,no,no,no,no,False
101808624,METROPOLITAN NASHVILLE POLICE DEPT,20170955197,Davidson,Nashville,10/30/2017 7:55:00 AM,1,1,0,36.138500,-86.856980,WHITE BRIDGE PKE,,,,321.00,Feet,North,KNOB RD,,,,0.00,N,Not at Intersection,N,Non-Junction,None,,,         ,Curtis,Rich,Clear,Not Collision with Motor Vehicle in Transport,yes,no,no,yes,no,False
101808634,METROPOLITAN NASHVILLE POLICE DEPT,20170955131,Davidson,Nashville,10/30/2017 6:40:00 AM,3,0,0,36.084340,-86.727880,NOLENSVILLE PKE,,,,201.00,Feet,South,PARAGON MILLS RD,,,,0.00,N,Not at Intersection,N,Non-Junction,None,,,         ,Stephen,Soule,Clear,Front to Rear,no,no,no,no,yes,False
101808648,METROPOLITAN NASHVILLE POLICE DEPT,20170955088,Davidson,Nashville,10/30/2017 7:00:00 AM,2,0,0,36.171690,-86.866190,BRILEY PKWY N ENT RAMP,,,,0.00,Feet,East,BRILEY PKWY N EXT RAMP,,,,0.00,N,Not at Intersection, ,Non-Junction,None,,,         ,George,Spencer,Clear,Other,no,no,no,yes,yes,False
101808651,METROPOLITAN NASHVILLE POLICE DEPT,20170955187,Davidson,Nashville,10/30/2017 7:51:00 AM,2,0,0,36.081280,-86.696980,I 24,,,,0.00,,,,,,,56.10,N,Not at Intersection, ,Non-Junction,None,,,         ,Sara,Lober,Clear,Front to Rear,no,no,no,no,no,False
101808663,METROPOLITAN NASHVILLE POLICE DEPT,2017-0955148,Davidson,Nashville,10/30/2017 6:34:00 AM,1,0,0,36.180940,-86.868370,BRILEY PKWYN,,,,0.51,Miles,North,BRILEY PKWY N ENT RAMP,,,,0.00,N,Not at Intersection, ,Non-Junction,None,,,         ,William,Caillouette,Clear,Not Collision with Motor Vehicle in Transport,no,no,no,no,no,False
101808669,METROPOLITAN NASHVILLE POLICE DEPT,20170955204,Davidson,Nashville,10/30/2017 7:50:00 AM,2,0,0,36.181870,-86.641490,LEBANON PKE,,,,35.00,Feet,East,DOWNEYMEADE DR,,,,0.00,N,Not at Intersection, ,Non-Junction,None,,,         ,Gregory,Lindstrom,Clear,Front to Rear,no,no,no,no,no,False
101808672,METROPOLITAN NASHVILLE POLICE DEPT,20170955222,Davidson,Nashville,10/30/2017 6:59:00 AM,2,0,0,36.045260,-86.714360,OLD HICKORY BLVD,,,,127.00,Feet,East,BRENTWOOD EAST DR,,,,0.00,N,Not at Intersection, ,Non-Junction,None,,,         ,Darren,White,Clear,Front to Rear,no,no,no,no,yes,False
101808684,METROPOLITAN NASHVILLE POLICE DEPT,20170955182,Davidson,Not in City Limit,10/30/2017 7:51:00 AM,2,1,0,36.265930,-86.741180,OLD HICKORY BLVDW,,,,65.00,Feet,East,NESBITT LN,,,,0.00,N,Not at Intersection,N,Non-Junction,None,,,         ,Cyretha,Frazier,Cloudy,Front to Rear,no,no,no,no,no,False
101808686,METROPOLITAN NASHVILLE POLICE DEPT,20170955249,Davidson,Nashville,10/30/2017 8:14:00 AM,2,0,0,36.158450,-86.771550,KOREAN VETERANS BLVD,,,,115.00,Feet,East,HERMITAGE AV,,,,0.00,N,Not at Intersection,N,Non-Junction,None,,,         ,Randall,Ward,Clear,Angle,no,no,no,no,no,False
101808690,METROPOLITAN NASHVILLE POLICE DEPT,20170955311,Davidson,Nashville,10/30/2017 8:11:00 AM,2,0,0,36.147100,-86.857960,WHITE BRIDGE PKE,,,,433.00,Feet,West,LENOX AV,,,,0.00,N,Not at Intersection,N,Non-Junction,None,,,         ,Curtis,Rich,Clear,Front to Rear,no,no,no,no,no,False
101808695,METROPOLITAN NASHVILLE POLICE DEPT,20170955189,Davidson,Nashville,10/30/2017 7:52:00 AM,2,0,0,36.160340,-86.680560,MCGAVOCK PKE,,,,553.00,Feet,North,GRAYLYNN DR,,,,0.00,N,Not at Intersection,N,Non-Junction,None,,,         ,Michael,Dance,Clear,Rear to Rear,no,no,no,yes,no,False
101808701,METROPOLITAN NASHVILLE POLICE DEPT,20170955171,Davidson,Nashville,10/30/2017 7:40:00 AM,2,0,0,36.048330,-86.866450,OLD HICKORY BLVD,,,,42.00,Feet,West,CHICKERING WOOD DR,,,,0.00,N,Not at Intersection, ,Non-Junction,None,,,         ,Christopher,Royer,Clear,Front to Rear,no,no,no,no,no,False
101808703,METROPOLITAN NASHVILLE POLICE DEPT,20170955070,Davidson,Nashville,10/30/2017 6:45:00 AM,2,0,0,36.044190,-86.656780,I24 W EXT RAMP,,,,0.00,Feet,East,I 24,,,,0.00,N,Not at Intersection, ,Non-Junction,None,,,         ,Sharissa,Perez,Clear,HeadOn,no,no,no,no,no,False
101808711,METROPOLITAN NASHVILLE POLICE DEPT,20170955230,Davidson,Nashville,10/30/2017 7:55:00 AM,2,0,0,36.153650,-86.846180,I 40,,,,0.00,,,,,,,204.60,N,Not at Intersection, ,Non-Junction,None,,,         ,Nicholas,Silinsky,Clear,Front to Rear,no,no,no,no,no,False
101808713,METROPOLITAN NASHVILLE POLICE DEPT,20170955373,Davidson,Nashville,10/30/2017 7:53:00 AM,2,0,0,36.142460,-86.680570,I 40,,,,0.00,,,,,,,215.80,N,Not at Intersection, ,Non-Junction,None,,,         ,James,Curtis,Clear,Front to Rear,no,no,no,no,no,False
101808726,METROPOLITAN NASHVILLE POLICE DEPT,20170955267,Davidson,Nashville,10/30/2017 8:10:00 AM,3,0,0,36.169580,-86.810610,I 40,,,,0.00,,,,,,,207.10,N,Not at Intersection, ,Non-Junction,None,,,         ,Michael,McCord,Clear,Front to Rear,no,no,no,no,no,False
101808728,METROPOLITAN NASHVILLE POLICE DEPT,20170955264,Davidson,Nashville,10/30/2017 7:14:00 AM,2,0,0,36.043830,-86.713090,NOLENSVILLE PKE,,,,151.00,Feet,South,BRENTWOOD EAST DR,,,,0.00,N,Not at Intersection,N,Non-Junction,None,,,         ,Darren,White,Clear,Front to Rear,no,no,no,no,no,False
101808730,METROPOLITAN NASHVILLE POLICE DEPT,20170955423,Davidson,Nashville,10/30/2017 9:27:00 AM,2,0,0,36.198590,-86.776410,I 65,,,,0.00,,,,,,,86.80,N,Not at Intersection, ,Non-Junction,None,,,         ,YUNUS,ADAK,Clear,Front to Rear,no,no,no,no,no,False
101808735,METROPOLITAN NASHVILLE POLICE DEPT,20170955359,Davidson,Nashville,10/30/2017 9:00:00 AM,2,0,0,36.149720,-86.783410,I 40,,,,0.00,,,,,,,209.60,N,Not at Intersection, ,Non-Junction,None,,,         ,Seth,Quiles,Clear,Front to Rear,no,no,no,no,no,False
101808744,METROPOLITAN NASHVILLE POLICE DEPT,2017-0955232,Davidson,Nashville,10/30/2017 8:06:00 AM,2,0,0,36.041790,-86.652650,I 24,,,,0.00,,,,,,,59.80,N,Not at Intersection,N,Non-Junction,None,,,         ,Stanley,Collins,Clear,Angle,no,no,no,no,no,False
101808747,METROPOLITAN NASHVILLE POLICE DEPT,20170955442,Davidson,Nashville,10/30/2017 9:37:00 AM,1,1,0,36.044050,-86.762230,HEARTHSTONE LN,,,,43.00,Feet,North,TROUSDALE DR,,,,0.00,N,Not at Intersection,N,Non-Junction,None,,,         ,Darren,White,Clear,Not Collision with Motor Vehicle in Transport,yes,no,no,no,no,False
101808753,METROPOLITAN NASHVILLE POLICE DEPT,20170955432,Davidson,Nashville,10/30/2017 9:14:00 AM,2,0,0,36.145330,-86.751940,MURFREESBORO PKE,,,,188.00,Feet,East,LESTER AV,,,,0.00,N,Not at Intersection,N,Non-Junction,None,,,         ,Michael,Dance,Clear,Front to Rear,no,no,no,no,no,False
101808775,METROPOLITAN NASHVILLE POLICE DEPT,20170955478,Davidson,Nashville,10/30/2017 9:50:00 AM,2,0,0,36.010540,-86.621400,OLD HICKORY BLVD,,,,500.00,Feet,North,OCTOBER WOODS DR,,,,0.00,N,Not at Intersection,N,Non-Junction,None,,,         ,Caleb,Jernigan,Clear,"Sideswipe, Opposite Direction",no,no,no,no,no,False
101808784,METROPOLITAN NASHVILLE POLICE DEPT,2017-0955065,Davidson,Nashville,10/30/2017 6:46:00 AM,2,0,0,36.136860,-86.795760,WEDGEWOOD AV,,,,0.00,,,17TH AVS,,,,0.00,Y,Four-Way, ,Intersection,None,,,         ,Allen,Bates,Clear,Front to Rear,no,no,no,no,no,Campus
101808785,METROPOLITAN NASHVILLE POLICE DEPT,20170955599,Davidson,Goodlettsville,10/30/2017 10:26:00 AM,2,0,0,36.302750,-86.691850,RIVERGATE MARKETPLACE PVTDR,,,,0.00,Feet,,GALLATIN PKEN,,,,0.00,Y,Four-Way,N,Intersection,None,,,         ,Thomas,Odom,Clear,Front to Rear,no,no,no,no,no,False
101808786,METROPOLITAN NASHVILLE POLICE DEPT,20170955648,Davidson,Nashville,10/30/2017 11:16:00 AM,1,0,0,36.122320,-86.826270,FORREST PARK AV,,,,122.00,Feet,East,BOWLING AV,,,,0.00,N,Not at Intersection, ,,None,,,         ,Curtis,Rich,,,no,no,no,no,no,False
101808807,METROPOLITAN NASHVILLE POLICE DEPT,20170955494,Davidson,Nashville,10/30/2017 8:10:00 AM,2,0,0,36.056870,-86.658220,WINTON DR,,,,15.00,Feet,South,HIGHLANDER DR,,,,0.00,N,Not at Intersection,N,Non-Junction,None,,,         ,Sara,Lober,Clear,Angle,no,no,no,no,yes,False
101808809,METROPOLITAN NASHVILLE POLICE DEPT,20170955069,Davidson,Nashville,10/30/2017 6:35:00 AM,3,1,0,36.146990,-86.795060,GRAND AV,,,,0.00,,,18TH AVS,,,,0.00,Y,Four-Way,N,Intersection,None,,,         ,Phillip,Murphy,Clear,Angle,no,no,no,no,no,Campus
101808811,METROPOLITAN NASHVILLE POLICE DEPT,20170955185,Davidson,Nashville,10/30/2017 7:45:00 AM,3,0,0,36.192320,-86.779200,I 65,,,,0.00,,,,,,,86.40,N,Not at Intersection,Y,Entrance/Exit Ramp Related,None,,,         ,Joshua,Baker,Clear,Front to Rear,no,no,no,no,no,False
101808816,METROPOLITAN NASHVILLE POLICE DEPT,20170955560,Davidson,Lakewood,10/30/2017 8:10:00 AM,2,0,0,36.234520,-86.625900,MONTCHANIN RD,,,,0.00,,,OLD HICKORY BLVD,,,,0.00,Y,Four-Way, ,Intersection-Related,None,,,         ,James,Curtis,Clear,Front to Rear,no,no,no,no,no,False
101808824,METROPOLITAN NASHVILLE POLICE DEPT,20170955635,Davidson,Nashville,10/30/2017 8:37:00 AM,2,0,0,36.190710,-86.826310,CLARKSVILLE PKE,,,,134.00,Feet,East,TSU CONNECTOR,,,,0.00,N,Not at Intersection, ,Non-Junction,None,,,         ,Nathan,Mayo,Clear,"Sideswipe, Same Direction",no,no,no,no,no,False
101808833,METROPOLITAN NASHVILLE POLICE DEPT,20170955637,Davidson,Nashville,10/30/2017 10:09:00 AM,2,0,0,36.152960,-86.765490,I 40,,,,0.00,,,,,,,210.65,N,Not at Intersection, ,Non-Junction,None,,,         ,Kevin,Johnson,Clear,Angle,no,no,no,no,no,False
101808847,METROPOLITAN NASHVILLE POLICE DEPT,20170955164,Davidson,Nashville,10/30/2017 7:42:00 AM,2,0,0,36.155650,-86.789720,14TH AVN,,,,0.00,,,BROADWAY,,,,0.00,Y,Four-Way, ,Intersection,None,,,         ,Phillip,Murphy,Clear,"Sideswipe, Same Direction",no,no,no,no,no,False
101808865,METROPOLITAN NASHVILLE POLICE DEPT,2017-0955750,Davidson,Nashville,10/30/2017 11:38:00 AM,2,0,0,36.132710,-86.721060,PAVILION BLVD,,,,143.00,Feet,South,MURFREESBORO PKE,,,,0.00,N,Not at Intersection,N,OtherLocation,None,,,         ,William,Whitworth,Clear,Angle,no,no,no,yes,yes,False
101808866,METROPOLITAN NASHVILLE POLICE DEPT,20170955826,Davidson,Nashville,10/30/2017 12:08:00 PM,2,0,0,36.137460,-86.800770,21ST AVS,,,,0.00,,,WEDGEWOOD AV,,,,0.00,Y,Four-Way, ,Non-Junction,None,,,         ,Russell,Freeman,Clear,"Sideswipe, Same Direction",no,no,no,no,no,Campus
101808874,METROPOLITAN NASHVILLE POLICE DEPT,20170955303,Davidson,Nashville,10/30/2017 8:36:00 AM,2,0,0,36.141870,-86.673350,I 40,,,,0.00,,,,,,,215.00,N,Not at Intersection, ,Non-Junction,None,,,         ,James,Curtis,Clear,Front to Rear,no,no,no,no,no,False
101808875,METROPOLITAN NASHVILLE POLICE DEPT,20170955519,Davidson,Nashville,10/30/2017 8:22:00 AM,2,0,0,36.138400,-86.700180,BRILEY PKWY,,,,465.00,Feet,North,GLASTONBURY RD,,,,0.00,N,Not at Intersection, ,,None,,,         ,James,Curtis,,,no,no,no,no,no,False
101808878,METROPOLITAN NASHVILLE POLICE DEPT,20170955932,Davidson,Nashville,10/30/2017 12:49:00 PM,2,0,0,36.134240,-86.776370,I65 S ENT RAMP,,,,0.00,,,I65 S EXT RAMP,,,,0.00,Y,OTHER, ,,None,,,         ,Citlaly,Juarez,,,no,no,no,no,no,False
101808886,METROPOLITAN NASHVILLE POLICE DEPT,20170955963,Davidson,Nashville,10/30/2017 12:55:00 PM,2,0,0,36.149680,-86.857930,WHITE BRIDGE PKE,,,,173.00,Feet,South,CHARLOTTE PKE,,,,0.00,N,Not at Intersection, ,,None,,,         ,Curtis,Rich,,,no,no,no,no,no,False
101808901,METROPOLITAN NASHVILLE POLICE DEPT,20170955883,Davidson,Nashville,10/30/2017 12:26:00 PM,2,0,0,36.183220,-86.750440,CLEO MILLER DR,,,,256.00,Feet,South,BAILEY ST,,,,0.00,N,Not at Intersection, ,Non-Junction,Construction Zone,,,         ,Richard,Conger,Clear,"Sideswipe, Opposite Direction",no,no,no,no,no,False
101808920,METROPOLITAN NASHVILLE POLICE DEPT,20170955243,Davidson,Nashville,10/30/2017 8:08:00 AM,3,1,0,36.142170,-86.815980,WEST END AV,,,,109.00,Feet,North,32ND AVS,,,,0.00,N,Not at Intersection,N,Non-Junction,None,,,         ,Phillip,Murphy,Clear,HeadOn,no,no,no,no,no,Campus
101808924,METROPOLITAN NASHVILLE POLICE DEPT,20170955967,Davidson,Not in City Limit,10/30/2017 1:02:00 PM,2,0,0,36.262340,-86.710890,E OLD HICKORY BLVD,,,,375.00,Feet,North,GALLATIN PKES,,,,0.00,N,Not at Intersection, ,Non-Junction,None,,,         ,Michael,Agee,Clear,Front to Rear,no,no,no,no,no,False
101808929,BELLE MEADE POLICE DEPT,17-0319,Davidson,Belle Meade,10/30/2017 8:30:00 AM,2,0,0,36.122310,-86.851320,LYNNWOOD BLVD,,,,0.00,,,HARDING PKE,,,,0.00,Y,Four-Way, ,Intersection,None,,,         ,Norm,Shelton,Clear,Front to Rear,no,no,no,no,no,False
101808931,METROPOLITAN NASHVILLE POLICE DEPT,2017-0955951,Davidson,Nashville,10/30/2017 12:58:00 PM,2,0,0,36.086860,-86.695950,HARDING PL,,,,0.00,,,S PERIMETER PARK DR,,,,0.00,Y,Four-Way,N,Intersection,None,,,         ,William,Whitworth,Clear,Front to Rear,no,no,no,no,yes,False
101808933,METROPOLITAN NASHVILLE POLICE DEPT,20170955381,Davidson,Nashville,10/30/2017 9:10:00 AM,2,0,0,36.160760,-86.793690,CHARLOTTE AV,,,,0.00,,,14TH AVN,,,,0.00,Y,Four-Way, ,Intersection,None,,,         ,Phillip,Murphy,Clear,"Sideswipe, Same Direction",no,no,no,no,no,False
101808945,METROPOLITAN NASHVILLE POLICE DEPT,20170956033,Davidson,Nashville,10/30/2017 1:10:00 PM,2,0,0,36.125620,-86.805320,21ST AVS,,,,141.00,Feet,North,WOODLAWN DR,,,,0.00,N,Not at Intersection, ,Non-Junction,None,,,         ,Russell,Freeman,Clear,"Sideswipe, Same Direction",no,no,no,no,no,False
101808947,METROPOLITAN NASHVILLE POLICE DEPT,20170955772,Davidson,Nashville,10/30/2017 11:15:00 AM,2,0,0,36.235240,-86.764650,I 65,,,,0.00,,,,,,,89.55,N,Not at Intersection,N,Non-Junction,None,,,         ,Steven,Spillers,Clear,Front to Rear,no,no,no,no,no,False
101808964,METROPOLITAN NASHVILLE POLICE DEPT,20170955817,Davidson,Nashville,10/30/2017 12:06:00 PM,2,0,0,36.142050,-86.652790,I 40,,,,0.00,,,,,,,217.60,N,Not at Intersection,N,Non-Junction,None,,,         ,Jed,Baldoni,Clear,Not Collision with Motor Vehicle in Transport,no,no,no,no,no,False
101808990,METROPOLITAN NASHVILLE POLICE DEPT,20170955709,Davidson,Nashville,10/30/2017 11:24:00 AM,2,0,0,36.234600,-86.765900,I 65,,,,0.00,,,,,,,89.40,N,Not at Intersection, ,Non-Junction,None,,,         ,Doyle,Price,Clear,Front to Rear,no,no,no,no,no,False
101808992,METROPOLITAN NASHVILLE POLICE DEPT,20170955492,Davidson,Nashville,10/30/2017 9:47:00 AM,2,0,0,36.117750,-86.799180,GALE LN,,,,198.00,Feet,West,OAKLAND AV,,,,0.00,N,Not at Intersection, ,"Driveway, Alley Access, etc",None,,,         ,Phillip,Murphy,Clear,Rear to Rear,no,no,no,no,no,False
101809046,METROPOLITAN NASHVILLE POLICE DEPT,20170956144,Davidson,Nashville,10/30/2017 2:39:00 PM,2,0,0,36.141010,-86.659630,I 40,,,,0.00,,,,,,,217.95,N,Not at Intersection, ,Non-Junction,None,,,         ,Jed,Baldoni,Clear,Angle,no,no,no,no,no,False
101809080,METROPOLITAN NASHVILLE POLICE DEPT,20170956189,Davidson,Nashville,10/30/2017 3:15:00 PM,2,0,0,36.038530,-86.647850,I24 E EXT RAMP,,,,0.00,Feet,East,I 24,,,,0.00,N,Not at Intersection,N,Non-Junction,None,,,         ,Jessie,Meadows,Clear,Front to Rear,no,no,no,no,yes,False
101809088,THP District 9 - Administrative,317064458,Davidson,Nashville,10/30/2017 11:22:00 AM,1,0,0,36.166050,-86.785200,7TH AVN,,,,525.00,Feet,North,CHARLOTTE AV,,,,0.00,N,Not at Intersection, ,"Driveway, Alley Access, etc",None,,,         ,Michael,Morgan,Clear,Not Collision with Motor Vehicle in Transport,yes,no,no,no,no,False
101809091,METROPOLITAN NASHVILLE POLICE DEPT,20170956186,Davidson,Joelton,10/30/2017 12:00:00 AM,2,0,0,36.324550,-86.869600,I 24,,,,0.00,,,,,,,34.90,N,Not at Intersection, ,Non-Junction,None,,,         ,Melvin,Taylor,Clear,"Sideswipe, Same Direction",no,no,no,no,yes,False
101809097,METROPOLITAN NASHVILLE POLICE DEPT,20170956157,Davidson,Nashville,10/30/2017 2:28:00 PM,2,2,0,36.239110,-86.742960,BRILEY PKWYE,,,,241.00,Feet,West,ELLINGTON PKWYS,,,,0.00,N,Not at Intersection,N,Entrance/Exit Ramp Related,None,,,         ,Richard,Conger,Clear,Front to Rear,no,no,no,no,no,False
101809105,METROPOLITAN NASHVILLE POLICE DEPT,20170956173,Davidson,Nashville,10/30/2017 2:42:00 PM,2,1,0,36.152540,-86.769120,2ND AVS,,,,76.00,Feet,North,LINDSLEY AV,,,,0.00,N,Not at Intersection,N,Non-Junction,None,,,         ,Pedro,Rivera Chaparro,Clear,Front to Rear,no,no,no,no,no,False
101809114,METROPOLITAN NASHVILLE POLICE DEPT,20170956259,Davidson,Nashville,10/30/2017 3:10:00 PM,2,0,0,36.176960,-86.751430,S 10TH ST,,,,0.00,,,WOODLAND ST,,,,0.00,Y,Four-Way,N,Intersection,None,,,         ,Steven,Frazier Jr.,Clear,Angle,no,no,no,no,no,False
101809121,METROPOLITAN NASHVILLE POLICE DEPT,20170956236,Davidson,Nashville,10/30/2017 3:07:00 PM,2,0,0,36.215400,-86.588510,LEBANON PKE,,,,0.00,,,BIG HORN DR,,,,0.00,Y,Four-Way, ,Intersection,None,,,         ,Wesley,Young,Clear,Front to Rear,no,no,no,no,no,False
101809122,METROPOLITAN NASHVILLE POLICE DEPT,20170956245,Davidson,Nashville,10/30/2017 2:58:00 PM,2,0,0,36.176910,-86.774580,SPRING ST,,,,0.00,,,N 1ST ST,,,,0.00,Y,Four-Way, ,Intersection,None,,,         ,John,Chambers,Clear,Angle,no,no,no,no,no,False
101809125,METROPOLITAN NASHVILLE POLICE DEPT,20170956312,Davidson,Nashville,10/30/2017 3:38:00 PM,2,0,0,36.187920,-86.798480,DOMINICAN DR,,,,0.00,,,ROSA L PARKS BLVD,,,,0.00,Y,Four-Way,Y,Intersection-Related,None,,,         ,Thomas,Burns,Clear,Front to Rear,no,no,no,no,yes,False
101809126,METROPOLITAN NASHVILLE POLICE DEPT,20170955841,Davidson,Nashville,10/30/2017 11:55:00 AM,2,0,0,36.206200,-86.772600,W TRINITY LN,,,,260.00,Feet,East,I65 N ENT RAMP,,,,0.00,N,Not at Intersection,N,Non-Junction,None,,,         ,Michael,McCord,Clear,Front to Rear,no,no,no,no,yes,False
101809130,METROPOLITAN NASHVILLE POLICE DEPT,20170956332,Davidson,Nashville,10/30/2017 12:00:00 AM,2,0,0,36.210160,-86.872880,ASHLAND CITY HWY WB ENT RAMP,,,,0.00,Feet,East,ASHLAND CITY HWY,,,,0.00,N,Not at Intersection, ,Non-Junction,None,,,         ,Melvin,Taylor,Clear,Front to Rear,no,no,no,no,no,False
101809131,METROPOLITAN NASHVILLE POLICE DEPT,20170956272,Davidson,Nashville,10/30/2017 3:20:00 PM,2,1,0,36.147660,-86.768470,4TH AVS,,,,0.00,,,CAMERON ST,,,,0.00,Y,T-Intersection,N,Intersection,None,,,         ,Jon,Mcvey,Clear,Angle,no,no,no,no,no,False
101809147,METROPOLITAN NASHVILLE POLICE DEPT,20170956249,Davidson,Nashville,10/30/2017 3:10:00 PM,2,2,0,36.185300,-86.636500,JACKSON DOWNS BLVD,,,,0.00,,,LEBANON PKE,,,,0.00,Y,T-Intersection,Y,Intersection,None,,,         ,John,Kelley,Clear,Angle,no,no,no,no,no,False
101809155,METROPOLITAN NASHVILLE POLICE DEPT,20170956382,Davidson,Nashville,10/30/2017 3:50:00 PM,2,0,0,36.151370,-86.799330,20TH AVS,,,,0.00,,,WEST END AV,,,,0.00,Y,T-Intersection, ,Intersection,None,,,         ,Bradley,Pope,Clear,"Sideswipe, Same Direction",no,no,no,no,no,Campus
101809161,METROPOLITAN NASHVILLE POLICE DEPT,20170956388,Davidson,Nashville,10/30/2017 4:12:00 PM,3,1,0,36.108700,-86.769400,I 65,,,,0.00,,,,,,,79.65,N,Not at Intersection,N,Non-Junction,None,,,         ,Tien,Nguyen,Clear,Front to Rear,no,no,no,no,no,False
101809162,METROPOLITAN NASHVILLE POLICE DEPT,20170956484,Davidson,Nashville,10/30/2017 4:45:00 PM,2,0,0,36.177300,-86.604180,OLD HICKORY BLVD,,,,0.00,,,HERMITAGE WOODS DR,,,,0.00,Y,OTHER, ,Non-Junction,None,,,         ,Noah,Melton,Clear,Front to Rear,no,no,no,no,no,False
101809173,METROPOLITAN NASHVILLE POLICE DEPT,20170956320,Davidson,Nashville,10/30/2017 3:41:00 PM,2,1,0,36.111010,-86.753500,FOSTER CREIGHTON DR,,,,0.00,,,THOMPSON LN,,,,0.00,Y,T-Intersection,N,Intersection-Related,None,,,         ,Tien,Nguyen,Clear,Front to Rear,no,no,no,no,no,False
101809174,METROPOLITAN NASHVILLE POLICE DEPT,20170956238,Davidson,Nashville,10/30/2017 2:20:00 PM,3,0,0,36.184710,-86.676700,KNOBDALE RD,,,,0.00,,,MCGAVOCK PKE,,,,0.00,Y,T-Intersection, ,Intersection-Related,None,,,         ,Cody,O'Quinn,Clear,Angle,no,no,no,no,no,False
101809179,METROPOLITAN NASHVILLE POLICE DEPT,20170956410,Davidson,Nashville,10/30/2017 4:20:00 PM,2,0,0,36.105360,-86.671130,MURFREESBORO PKE,,,,220.00,Feet,East,EZELL PKE,,,,0.00,N,Not at Intersection, ,Non-Junction,None,,,         ,Patrick,Taylor,Clear,"Sideswipe, Same Direction",no,no,no,no,no,False