master_record_number,agency,agency_tracking_number,county,city,collision_date,vehicles_involved,number_injured,number_dead,latitude,longitude,roadway_name,roadway_suffix,roadway_number,roadway_local_id,distance_from_reference,miles-feet_indicator,direction_from_reference,intersection_road_name,intersection_road_name_suffix,intersection_road_number,intersection_local_id,mile_marker,intersection_indicator,intersect_type,interchange_related_indicator,relation_to_junction,work_zone_type,construction_maintenance_zone,construction_maintenance_zone_location,fatal_case_number,officer_first_name,officer_last_name,weather_condition(s),manner_of_crash,pedestrian,bicycle,scooter,parking,hitrun,mou
101809190,METROPOLITAN NASHVILLE POLICE DEPT,20170956340,Davidson,Nashville,10/30/2017 3:50:00 PM,2,2,0,36.172590,-86.762800,S 6TH ST,,,,0.00,,,WOODLAND ST,,,,0.00,Y,Four-Way,N,Intersection,None,,,         ,Ryan,Howard,Clear,Angle,no,no,no,no,no,False
101809208,METROPOLITAN NASHVILLE POLICE DEPT,20170956528,Davidson,Nashville,10/30/2017 3:10:00 PM,2,0,0,36.176230,-86.750060,HOLLY ST,,,,0.00,,,S 11TH ST,,,,0.00,Y,OTHER,N,Non-Junction,None,,,         ,Charles,Wakefield,Clear,"Sideswipe, Opposite Direction",no,no,no,yes,yes,False
101809210,METROPOLITAN NASHVILLE POLICE DEPT,20170956542,Davidson,Nashville,10/30/2017 5:00:00 PM,2,0,0,36.084700,-86.761790,SIDCO DR,,,,75.00,Feet,South,ELYSIAN FIELDS RD,,,,0.00,N,Not at Intersection, ,Non-Junction,None,,,         ,Hillary,Sherman,Clear,Angle,no,no,no,no,no,False
101809218,METROPOLITAN NASHVILLE POLICE DEPT,20170956538,Davidson,Nashville,10/30/2017 4:18:00 PM,2,1,0,36.037970,-86.797770,OLD HICKORY BLVD,,,,0.00,,,CREEKSIDE CRSG,,,,0.00,Y,Four-Way,N,Intersection-Related,None,,,         ,Jon,Mcvey,Clear,Front to Rear,no,no,no,no,no,False
101809224,METROPOLITAN NASHVILLE POLICE DEPT,20170956575,Davidson,Nashville,10/30/2017 5:14:00 PM,2,0,0,36.145950,-86.666600,ROYAL PKWY,,,,0.00,,,DONELSON PKE,,,,0.00,Y,Four-Way, ,Intersection-Related,None,,,         ,Jaby,Djabbarov,Clear,Front to Rear,no,no,no,no,no,False
101809228,METROPOLITAN NASHVILLE POLICE DEPT,20170956474,Davidson,Nashville,10/30/2017 4:44:00 PM,2,0,0,36.148790,-86.865180,CHARLOTTE PKE,,,,0.00,,,LELLYETT ST,,,,0.00,Y,Four-Way,N,Intersection,None,,,         ,Walter,Gray II,Clear,Angle,no,no,no,no,no,False
101809230,VANDERBILT UNIVERSITY POLICE,17-0956596,Davidson,Nashville,10/30/2017 12:00:00 AM,2,0,0,36.141870,-86.805910,25TH AVS,,,,0.00,,,,,,,0.00,,, ,,None,,,         ,William,West,,,no,no,no,yes,no,Campus
101809232,METROPOLITAN NASHVILLE POLICE DEPT,20170956289,Davidson,Nashville,10/30/2017 3:29:00 PM,3,1,0,36.204700,-86.750930,E TRINITY LN,,,,0.00,Feet,,ELLINGTON PKWY S EXT RAMP,,,,0.00,Y,T-Intersection,N,Intersection,None,,,         ,Joshua,Lackey,Clear,Front to Rear,no,no,no,no,no,False
101809234,METROPOLITAN NASHVILLE POLICE DEPT,20170956715,Davidson,Nashville,10/30/2017 12:00:00 AM,2,0,0,36.182450,-86.799030,I65 N EXT RAMP,,,,0.00,Feet,East,I 65,,,,0.00,N,Not at Intersection, ,Non-Junction,None,,,         ,Melvin,Taylor,Clear,"Sideswipe, Same Direction",no,no,no,no,no,False
101809238,METROPOLITAN NASHVILLE POLICE DEPT,20170956481,Davidson,Nashville,10/30/2017 4:46:00 PM,2,3,0,36.153350,-86.686630,ELM HILL PKE,,,,27.00,Feet,East,ERMAC DR,,,,0.00,N,Not at Intersection,N,Non-Junction,None,,,         ,Samuel,Sundra,Clear,Angle,no,no,no,no,no,False
101809241,METROPOLITAN NASHVILLE POLICE DEPT,20170956771,Davidson,Nashville,10/30/2017 6:30:00 PM,1,0,0,36.185780,-86.690970,BRILEY PKWYN,,,,542.00,Feet,South,BRILEY PKWYS,,,,0.00,N,Not at Intersection, ,Non-Junction,None,,,         ,Brent,Hedgcoth,Clear,Not Collision with Motor Vehicle in Transport,no,no,no,no,no,False
101809245,METROPOLITAN NASHVILLE POLICE DEPT,20170956661,Davidson,Nashville,10/30/2017 5:53:00 PM,3,2,0,36.143370,-86.703360,I 40,,,,0.00,,,,,,,214.55,N,Not at Intersection,N,Non-Junction,None,,,         ,Patrick,Taylor,Clear,Front to Rear,no,no,no,no,no,False
101809246,METROPOLITAN NASHVILLE POLICE DEPT,20170956773,Davidson,Nashville,10/30/2017 5:25:00 PM,2,0,0,36.130800,-86.801720,21ST AVS,,,,166.00,Feet,North,BLAIR BLVD,,,,0.00,N,Not at Intersection, ,Non-Junction,None,,,         ,Nicholas,Carroll,Clear,"Sideswipe, Same Direction",no,no,no,no,yes,False
101809258,METROPOLITAN NASHVILLE POLICE DEPT,20170956747,Davidson,Nashville,10/30/2017 6:30:00 PM,2,0,0,36.126350,-86.845700,HARDING PKE,,,,83.00,Feet,West,RIDGEFIELD WAY,,,,0.00,N,Not at Intersection, ,"Driveway, Alley Access, etc",None,,,         ,Walter,Gray II,Clear,Angle,no,no,no,no,no,False
101809260,METROPOLITAN NASHVILLE POLICE DEPT,20170956779,Davidson,Nashville,10/30/2017 6:40:00 PM,2,0,0,36.140600,-86.817720,WEST END AV,,,,130.00,Feet,South,ACKLEN PARK DR,,,,0.00,N,Not at Intersection, ,,None,,,         ,Allyson,Reis,,,no,no,no,no,no,False
101809261,METROPOLITAN NASHVILLE POLICE DEPT,20170956408,Davidson,Nashville,10/30/2017 4:20:00 PM,3,1,0,36.093170,-86.736130,NOLENSVILLE PKE,,,,58.00,Feet,South,MCNALLY DR,,,,0.00,N,Not at Intersection,N,Non-Junction,None,,,         ,Alyson,Cook,Clear,Front to Rear,no,no,no,no,no,False
101809262,METROPOLITAN NASHVILLE POLICE DEPT,20170956454,Davidson,Nashville,10/30/2017 3:15:00 PM,2,0,0,36.157420,-86.759820,I 24,,,,0.00,,,,,,,49.65,N,Not at Intersection, ,Non-Junction,None,,,         ,Micah,Wright,Clear,"Sideswipe, Same Direction",no,no,no,no,no,False
101809265,METROPOLITAN NASHVILLE POLICE DEPT,20170956794,Davidson,Nashville,10/30/2017 6:40:00 PM,2,0,0,36.044790,-86.724870,OLD HICKORY BLVD,,,,0.00,,,AMALIE DR,,,,0.00,Y,T-Intersection, ,Intersection-Related,None,,,         ,Jon,Mcvey,Clear,Front to Rear,no,no,no,no,no,False
101809270,METROPOLITAN NASHVILLE POLICE DEPT,20170956806,Davidson,Nashville,10/30/2017 6:40:00 PM,2,0,0,36.150550,-86.801280,21ST AVN,,,,30.00,Feet,North,WEST END AV,,,,0.00,N,Not at Intersection,N,Non-Junction,None,,,         ,Bradley,Pope,Clear,Front to Rear,no,no,no,no,yes,Campus
101809271,METROPOLITAN NASHVILLE POLICE DEPT,20170956685,Davidson,Nashville,10/30/2017 6:05:00 PM,2,1,0,36.192140,-86.828740,CLARKSVILLE PKE,,,,113.00,Feet,East,CLIFF DR,,,,0.00,N,Not at Intersection,N,Non-Junction,None,,,         ,Adam,Crutcher,Clear,Front to Rear,no,no,no,no,no,False
101809284,METROPOLITAN NASHVILLE POLICE DEPT,20170956920,Davidson,Nashville,10/30/2017 12:00:00 AM,1,0,0,36.194030,-86.776400,I 65,,,,0.00,,,,,,,86.45,N,Not at Intersection,N,Non-Junction,None,,,         ,Melvin,Taylor,Clear,Not Collision with Motor Vehicle in Transport,no,no,no,no,yes,False
101809287,METROPOLITAN NASHVILLE POLICE DEPT,20170956524,Davidson,Nashville,10/30/2017 5:00:00 PM,2,0,0,36.064220,-86.629070,HAMILTON CHURCH RD,,,,273.00,Feet,South,MURFREESBORO PKE,,,,0.00,N,Not at Intersection,N,Non-Junction,None,,,         ,Nathaniel,Myers,Clear,Angle,no,no,no,no,no,False
101809294,METROPOLITAN NASHVILLE POLICE DEPT,20170956949,Davidson,Nashville,10/30/2017 5:52:00 PM,2,0,0,36.068780,-86.583990,HOBSON PKE,,,,375.00,Feet,East,SMITH SPRINGS PKWY,,,,0.00,N,Not at Intersection,N,Non-Junction,None,,,         ,Je-Marc,Sears,Clear,Front to Rear,no,no,no,no,no,False
101809297,METROPOLITAN NASHVILLE POLICE DEPT,20170956833,Davidson,Goodlettsville,10/30/2017 6:43:00 PM,2,0,0,36.306360,-86.694080,CONFERENCE DR,,,,180.00,Feet,North,RIVERGATE MALL PVTDR,,,,0.00,N,Not at Intersection,N,Non-Junction,None,,,         ,Samuel,Miller,Clear,"Sideswipe, Same Direction",no,no,no,no,no,False
101809298,METROPOLITAN NASHVILLE POLICE DEPT,20170956614,Davidson,Not in City Limit,10/30/2017 5:35:00 PM,2,1,0,36.276950,-86.796190,OLD HICKORY BLVD,,,,0.00,,,HICKORY HILLS BLVD,,,,0.00,Y,T-Intersection,Y,Intersection,None,,,         ,Samuel,Miller,Clear,Angle,no,no,no,no,no,False
101809307,METROPOLITAN NASHVILLE POLICE DEPT,20170956693,Davidson,Not in City Limit,10/30/2017 6:10:00 PM,2,0,0,36.259120,-86.738280,I 65,,,,0.00,,,,,,,91.90,N,Not at Intersection, ,Non-Junction,None,,,         ,Samuel,Miller,Clear,Front to Rear,no,no,no,no,no,False
101809308,METROPOLITAN NASHVILLE POLICE DEPT,20170956942,Davidson,Nashville,10/30/2017 7:43:00 PM,2,1,0,36.045930,-86.675230,BELL RD,,,,269.00,Feet,West,BLUE HOLE RD,,,,0.00,N,Not at Intersection,N,Non-Junction,None,,,         ,Nakia,Reid,Clear,Angle,no,no,no,no,no,False
101809332,METROPOLITAN NASHVILLE POLICE DEPT,20170956195,Davidson,Nashville,10/30/2017 2:52:00 PM,2,0,0,36.240690,-86.751730,BRILEY PKWYE,,,,50.00,Feet,West,I65 N ENT RAMP,,,,0.00,N,Not at Intersection,N,Non-Junction,None,,,         ,Samuel,Miller,Clear,Front to Rear,no,no,no,no,no,False
101809340,METROPOLITAN NASHVILLE POLICE DEPT,20170956416,Davidson,Not in City Limit,10/30/2017 2:52:00 PM,2,0,0,36.307370,-86.685850,GALLATIN PKEN,,,,0.00,,,,,,,0.00,,,N,Non-Junction,None,,,         ,Samuel,Miller,Clear,"Sideswipe, Same Direction",no,no,no,yes,yes,False
101809344,METROPOLITAN NASHVILLE POLICE DEPT,20170956962,Davidson,Nashville,10/30/2017 6:26:00 PM,2,0,0,36.146820,-86.743320,I 40,,,,0.00,,,,,,,212.05,N,Not at Intersection, ,Non-Junction,None,,,         ,Patrick,Taylor,Clear,"Sideswipe, Same Direction",no,no,no,no,no,False
101809356,METROPOLITAN NASHVILLE POLICE DEPT,20170956546,Davidson,Goodlettsville,10/30/2017 5:07:00 PM,2,1,0,36.293200,-86.695780,MYATT DR,,,,305.00,Feet,South,SPRING BRANCH DR,,,,0.00,N,Not at Intersection,N,Non-Junction,None,,,         ,Samuel,Miller,Clear,Angle,no,no,no,no,no,False
101809369,METROPOLITAN NASHVILLE POLICE DEPT,20170956829,Davidson,Nashville,10/30/2017 6:25:00 PM,2,1,0,36.168420,-86.687960,LEBANON PKE,,,,0.00,,,BRILEY PKWY N ENT RAMP,,,,0.00,Y,OTHER,Y,Intersection,None,,,         ,John,Kelley,Clear,Angle,no,no,no,no,no,False
101809370,METROPOLITAN NASHVILLE POLICE DEPT,20170957033,Davidson,Nashville,10/30/2017 8:10:00 PM,2,0,0,36.174090,-86.690010,BRILEY PKWYS,,,,281.00,Feet,East,BRILEY PKWYN,,,,0.00,N,Not at Intersection,N,Non-Junction,None,,,         ,John,Kelley,Clear,"Sideswipe, Same Direction",no,no,no,no,no,False
101809375,METROPOLITAN NASHVILLE POLICE DEPT,20170957027,Davidson,Nashville,10/30/2017 8:12:00 PM,2,0,0,36.135800,-86.725040,MURFREESBORO PKE,,,,0.00,,,SPENCE LN,,,,0.00,Y,Four-Way, ,Non-Junction,None,,,         ,Jonathon,Sheppard,Clear,Front to Rear,no,no,no,no,no,False
101809394,METROPOLITAN NASHVILLE POLICE DEPT,20170957073,Davidson,Nashville,10/30/2017 8:08:00 PM,1,1,0,36.146660,-86.813620,28TH AVN,,,,0.00,,,POSTON AV,,,,0.00,Y,OTHER,N,Non-Junction,None,,,         ,Jon,Mcvey,Clear,Not Collision with Motor Vehicle in Transport,no,no,no,yes,no,False
101809396,METROPOLITAN NASHVILLE POLICE DEPT,20170956890,Davidson,Nashville,10/30/2017 7:27:00 PM,2,2,0,36.119620,-86.753560,CRUZEN ST,,,,0.00,,,MELROSE AV,,,,0.00,Y,Four-Way,Y,Intersection,None,,,         ,Austin,Kendrick,Clear,Angle,no,no,no,no,no,False
101809485,METROPOLITAN NASHVILLE POLICE DEPT,20170957320,Davidson,Nashville,10/30/2017 10:18:00 PM,2,0,0,36.070700,-86.769980,I 65,,,,0.00,,,,,,,77.00,N,Not at Intersection, ,Non-Junction,Construction Zone,,,         ,Ryan,Worstall,Clear,Front to Rear,no,no,no,no,no,False
101809505,Nashville Airport Police,2017-03878,Davidson,Nashville,10/30/2017 12:00:00 AM,2,1,0,36.103620,-86.666480,FAIRCLOTH LN,,,,0.00,,,OLD MURFREESBORO PKE,,,,0.00,Y,Y-Intersection,N,Intersection-Related,None,,,         ,Jacob,Bennett,Clear,Front to Rear,no,no,no,no,no,False
101809522,METROPOLITAN NASHVILLE POLICE DEPT,20170957772,Davidson,Not in City Limit,10/31/2017 1:38:00 AM,1,0,0,36.323210,-86.876970,BINKLEY RD,,,,1152.00,Feet,West,SMITH FARMS CT,,,,0.00,N,Not at Intersection,N,Non-Junction,None,,,         ,John,Deiterick,Clear,Not Collision with Motor Vehicle in Transport,no,no,no,no,no,False
101809545,METROPOLITAN NASHVILLE POLICE DEPT,20170957823,Davidson,Nashville,10/31/2017 1:50:00 AM,1,0,0,36.068590,-86.703350,HAYWOOD LN,,,,129.00,Feet,South,LOCUSTWOOD DR,,,,0.00,N,Not at Intersection,N,Non-Junction,None,,,         ,Kevin,Clausius,Clear,Not Collision with Motor Vehicle in Transport,no,no,no,no,no,False
101809550,METROPOLITAN NASHVILLE POLICE DEPT,20170958076,Davidson,Nashville,10/31/2017 3:38:00 AM,2,0,0,36.070350,-86.701520,HAYWOOD LN,,,,0.00,,,HAYWOOD CT,,,,0.00,Y,T-Intersection,N,Intersection-Related,None,,,         ,Justin,McCormick,Clear,Front to Rear,no,no,no,no,yes,False
101809617,METROPOLITAN NASHVILLE POLICE DEPT,20170958332,Davidson,Nashville,10/31/2017 5:51:00 AM,2,1,0,36.069590,-86.693910,HAYWOOD LN,,,,0.00,,,EZELL RD,,,,0.00,Y,Four-Way,N,Intersection,None,,,         ,Justin,McCormick,Clear,Angle,no,no,no,no,no,False
101809619,METROPOLITAN NASHVILLE POLICE DEPT,20170958392,Davidson,Not in City Limit,10/31/2017 7:00:00 AM,2,0,0,36.074630,-86.978430,I 40,,,,0.00,,,,,,,194.95,N,Not at Intersection, ,,None,,,         ,Curtis,Rich,,,no,no,no,no,no,False
101809633,METROPOLITAN NASHVILLE POLICE DEPT,20170958430,Davidson,Not in City Limit,10/31/2017 6:41:00 AM,2,1,0,35.991850,-86.684100,NOLENSVILLE RD,,,,294.00,Feet,North,BURKITT RD,,,,0.00,N,Not at Intersection,N,Non-Junction,None,,,         ,Peter,Vaught,Clear,Front to Rear,no,no,no,no,no,False
101809640,METROPOLITAN NASHVILLE POLICE DEPT,20170958393,Davidson,Nashville,10/31/2017 6:51:00 AM,2,1,0,36.038410,-86.713000,NOLENSVILLE PKE,,,,0.00,,,SHADOW GLEN DR,,,,0.00,Y,T-Intersection,Y,Intersection,None,,,         ,Zachary,Scott,Clear,Rear to Side,no,no,no,no,no,False
101809674,METROPOLITAN NASHVILLE POLICE DEPT,20170958535,Davidson,Not in City Limit,10/31/2017 7:08:00 AM,2,0,0,36.022390,-86.629230,I 24,,,,0.00,,,,,,,61.85,N,Not at Intersection, ,Non-Junction,None,,,         ,Steven,Williams,Clear,Front to Rear,no,no,no,no,no,False
101809680,METROPOLITAN NASHVILLE POLICE DEPT,20170958671,Davidson,Nashville,10/31/2017 12:00:00 AM,2,0,0,36.170420,-86.750860,S 11TH ST,,,,304.00,Feet,South,SHELBY AV,,,,0.00,N,Not at Intersection,N,Non-Junction,None,,,         ,Richard,Conger,Clear,"Sideswipe, Same Direction",no,no,no,no,yes,False
101809704,METROPOLITAN NASHVILLE POLICE DEPT,20170958586,Davidson,Nashville,10/31/2017 8:00:00 AM,2,0,0,36.151920,-86.849900,CHARLOTTE AV,,,,0.00,,,52ND AVN,,,,0.00,Y,Four-Way,N,Intersection,None,,,         ,Curtis,Rich,Clear,Angle,no,no,no,no,no,False
101809706,METROPOLITAN NASHVILLE POLICE DEPT,20170958578,Davidson,Nashville,10/31/2017 7:45:00 AM,2,0,0,36.081370,-86.834640,HILLSBORO PKE,,,,745.00,Feet,North,HEMINGWAY DR,,,,0.00,N,Not at Intersection, ,Non-Junction,None,,,         ,Earl,Davis,Clear,Front to Rear,no,no,no,no,no,False
101809713,METROPOLITAN NASHVILLE POLICE DEPT,20170958529,Davidson,Nashville,10/31/2017 7:43:00 AM,2,0,0,36.156440,-86.631320,I40 W ENT RAMP,,,,0.00,,,I 40,,,,0.00,Y,T-Intersection,N,Intersection,None,,,         ,Michael,Dance,Clear,Angle,no,no,no,no,no,False
101809720,METROPOLITAN NASHVILLE POLICE DEPT,20170958638,Davidson,Nashville,10/31/2017 8:14:00 AM,2,0,0,36.115800,-86.772910,I440 E ENT RAMP,,,,0.00,Feet,East,I 65,,,,0.00,N,Not at Intersection,Y,Entrance/Exit Ramp Related,None,,,         ,Erik,Wagner,Clear,"Sideswipe, Same Direction",no,no,no,no,yes,False
101809722,METROPOLITAN NASHVILLE POLICE DEPT,20170955804,Davidson,Nashville,10/30/2017 11:55:00 AM,1,0,0,36.125420,-86.729740,I24 E ENT RAMP,,,,0.00,,,I 440,,,,0.00,Y,OTHER,N,Non-Junction,None,,,         ,William,Waters,Clear,Not Collision with Motor Vehicle in Transport,no,no,no,no,no,False
101809734,METROPOLITAN NASHVILLE POLICE DEPT,20170958691,Davidson,Nashville,10/31/2017 8:33:00 AM,2,0,0,36.172310,-86.650060,LEBANON PKE,,,,202.00,Feet,West,DISSPAYNE DR,,,,0.00,N,Not at Intersection, ,Non-Junction,None,,,         ,Michael,Dance,Clear,Front to Rear,no,no,no,no,no,False
101809736,METROPOLITAN NASHVILLE POLICE DEPT,20170958439,Davidson,Nashville,10/31/2017 6:45:00 AM,2,0,0,36.127470,-86.629550,BELL RD,,,,0.00,,,PRIEST WOODS DR,,,,0.00,Y,T-Intersection, ,Non-Junction,None,,,         ,James,Curtis,Clear,Front to Rear,no,no,no,no,no,False
101809737,METROPOLITAN NASHVILLE POLICE DEPT,20170958568,Davidson,Nashville,10/31/2017 7:54:00 AM,2,0,0,36.143750,-86.689360,I 40,,,,0.00,,,,,,,215.30,N,Not at Intersection,N,Non-Junction,None,,,         ,James,Curtis,Clear,Front to Rear,no,no,no,no,no,False
101809744,METROPOLITAN NASHVILLE POLICE DEPT,20170958526,Davidson,Nashville,10/31/2017 7:42:00 AM,3,0,0,36.244670,-86.747270,I65 S EXT RAMP,,,,0.00,Feet,East,I 65,,,,0.00,N,Not at Intersection, ,Non-Junction,None,,,         ,Michael,Agee,Clear,Front to Rear,no,no,no,no,no,False
101809749,METROPOLITAN NASHVILLE POLICE DEPT,20170958710,Davidson,Nashville,10/31/2017 8:45:00 AM,2,0,0,36.111120,-86.748210,THOMPSON LN,,,,198.00,Feet,East,LANDERS AV,,,,0.00,N,Not at Intersection, ,Non-Junction,None,,,         ,Justin,Pinkelton,Clear,Front to Rear,no,no,no,no,no,False
101809765,METROPOLITAN NASHVILLE POLICE DEPT,20170958560,Davidson,Nashville,10/31/2017 7:38:00 AM,3,1,0,36.058520,-86.678060,I 24,,,,0.00,,,,,,,58.00,N,Not at Intersection,N,Non-Junction,None,,,         ,William,Waters,Clear,Front to Rear,no,no,no,no,no,False
101809781,METROPOLITAN NASHVILLE POLICE DEPT,20170958853,Davidson,Not in City Limit,10/31/2017 9:44:00 AM,1,0,0,36.068370,-87.000080,MCCRORY LN,,,,1662.00,Feet,West,AVONDALE PARK BLVD,,,,0.00,N,Not at Intersection, ,Non-Junction,None,,,         ,Curtis,Rich,Clear,Not Collision with Motor Vehicle in Transport,no,no,no,no,no,False
101809786,METROPOLITAN NASHVILLE POLICE DEPT,20170958697,Davidson,Nashville,10/31/2017 8:30:00 AM,2,0,0,36.097340,-86.823660,HILLSBORO PKE,,,,93.00,Feet,South,BURTON HILLS BLVD,,,,0.00,N,Not at Intersection,N,Non-Junction,None,,,         ,Paul,Junkmann,Cloudy,Angle,no,no,no,no,no,False
101809816,METROPOLITAN NASHVILLE POLICE DEPT,20170958814,Davidson,Not in City Limit,10/31/2017 9:20:00 AM,2,0,0,36.262210,-86.712210,GALLATIN PKES,,,,0.00,,,E OLD HICKORY BLVD,,,,0.00,Y,T-Intersection,N,Intersection,None,,,         ,Brian,Otto,Clear,Angle,no,no,no,no,no,False
101809821,METROPOLITAN NASHVILLE POLICE DEPT,20170958646,Davidson,Nashville,10/31/2017 8:21:00 AM,2,0,0,36.166230,-86.794860,I 40,,,,0.00,,,,,,,208.30,N,Not at Intersection,N,Non-Junction,None,,,         ,Frank,Campbell,Clear,Front to Rear,no,no,no,no,no,False
101809822,METROPOLITAN NASHVILLE POLICE DEPT,20170958755,Davidson,Nashville,10/31/2017 8:50:00 AM,2,0,0,36.134440,-86.726760,I 24,,,,0.00,,,,,,,52.10,N,Not at Intersection, ,Non-Junction,None,,,         ,James,Thomas,Clear,Front to Rear,no,no,no,no,no,False
101809832,METROPOLITAN NASHVILLE POLICE DEPT,20170958888,Davidson,Nashville,10/31/2017 10:02:00 AM,2,0,0,36.148610,-86.769090,4TH AVS,,,,122.00,Feet,South,OAK ST,,,,0.00,N,Not at Intersection,N,Non-Junction,None,,,         ,Jessie,Meadows,Clear,"Sideswipe, Same Direction",no,no,no,no,no,False
101809848,METROPOLITAN NASHVILLE POLICE DEPT,20170958738,Davidson,Nashville,10/31/2017 8:54:00 AM,3,0,0,36.249750,-86.719170,GALLATIN PKES,,,,148.00,Feet,North,E PALESTINE AV,,,,0.00,N,Not at Intersection, ,Non-Junction,None,,,         ,Thomas,Odom,Clear,Front to Rear,no,no,no,no,no,False
101809849,METROPOLITAN NASHVILLE POLICE DEPT,20170958388,Davidson,Nashville,10/31/2017 6:37:00 AM,2,0,0,36.247340,-86.768590,VILLAGE SPRING DR,,,,166.00,Feet,North,VALLEY CREEK LN,,,,0.00,N,Not at Intersection, ,Non-Junction,None,,,         ,Jack,Crouch,Clear,Angle,no,no,no,no,no,False
101809865,METROPOLITAN NASHVILLE POLICE DEPT,20170958600,Davidson,Nashville,10/31/2017 7:55:00 AM,3,3,0,36.191470,-86.827610,CLARKSVILLE PKE,,,,0.00,Feet,East,TSU CONNECTOR,,,,0.00,N,Not at Intersection,N,Non-Junction,None,,,         ,Jeanine,Sarno,Clear,Front to Rear,no,no,no,no,no,False
101809866,METROPOLITAN NASHVILLE POLICE DEPT,20170958779,Davidson,Nashville,10/31/2017 8:55:00 AM,2,1,0,36.154510,-86.815630,CHARLOTTE AV,,,,0.00,,,26TH AVN,,,,0.00,Y,Four-Way,N,Intersection,None,,,         ,Jeanine,Sarno,Clear,Angle,no,no,no,no,no,False
101809881,METROPOLITAN NASHVILLE POLICE DEPT,20170958970,Davidson,Nashville,10/31/2017 8:52:00 AM,2,0,0,36.109230,-86.744330,NOLENSVILLE PKE,,,,210.00,Feet,South,COLLIER AV,,,,0.00,N,Not at Intersection,N,Non-Junction,None,,,         ,Stephen,Soule,Clear,Front to Rear,no,no,no,no,yes,False
101809894,METROPOLITAN NASHVILLE POLICE DEPT,20170959033,Davidson,Nashville,10/31/2017 11:03:00 AM,2,0,0,36.228150,-86.759510,DICKERSON PKE,,,,451.00,Feet,South,BROADMOOR DR,,,,0.00,N,Not at Intersection, ,Non-Junction,None,,,         ,Richard,Conger,Clear,Front to Rear,no,no,no,no,yes,False
101809896,METROPOLITAN NASHVILLE POLICE DEPT,20170959014,Davidson,Nashville,10/31/2017 10:55:00 AM,2,0,0,36.074480,-86.920940,OLD HICKORY BLVD,,,,0.00,,,HIGHWAY 70S,,,,0.00,Y,Four-Way, ,Intersection,None,,,         ,Charles,Boles,Clear,Front to Rear,no,no,no,no,no,False
101809901,METROPOLITAN NASHVILLE POLICE DEPT,20170959095,Davidson,Nashville,10/31/2017 11:31:00 AM,2,0,0,36.087360,-86.648960,MURFREESBORO PKE,,,,183.00,Feet,North,NASHBORO BLVD,,,,0.00,N,Not at Intersection, ,,None,,,         ,James,Curtis,,,no,no,no,no,no,False
101809906,METROPOLITAN NASHVILLE POLICE DEPT,20170959020,Davidson,Nashville,10/31/2017 11:45:00 AM,1,1,0,36.154090,-86.837330,I 40,,,,0.00,,,,,,,205.10,N,Not at Intersection,N,Non-Junction,None,,,         ,Curtis,Rich,Clear,Not Collision with Motor Vehicle in Transport,no,no,no,no,no,False
101809917,METROPOLITAN NASHVILLE POLICE DEPT,20170959130,Davidson,Nashville,10/30/2017 12:00:00 AM,2,0,0,36.107460,-86.765240,POWELL AV,,,,389.00,Feet,North,POWELL PL,,,,0.00,N,Not at Intersection,N,Non-Junction,None,,,         ,Paul,Junkmann,Cloudy,Unknown,no,no,no,yes,yes,False
101809921,METROPOLITAN NASHVILLE POLICE DEPT,20170959200,Davidson,Nashville,10/31/2017 12:10:00 PM,2,0,0,36.111570,-86.759300,THOMPSON LN,,,,386.00,Feet,West,KRAFT DR,,,,0.00,N,Not at Intersection, ,Non-Junction,None,,,         ,Brent,Bauer,Clear,"Sideswipe, Same Direction",no,no,no,no,no,False
101809949,METROPOLITAN NASHVILLE POLICE DEPT,20170959285,Davidson,Nashville,10/31/2017 12:41:00 PM,2,0,0,36.250960,-86.718330,GALLATIN PKES,,,,74.00,Feet,North,MOVING CENTER CT,,,,0.00,N,Not at Intersection,N,Non-Junction,None,,,         ,Thomas,Odom,Clear,Angle,no,no,no,no,no,False
101809956,Metro Park Police,20170958453,Davidson,Nashville,10/31/2017 12:01:00 AM,1,0,0,36.141630,-86.843470,RICHLAND CREEK GRNWY,,,,272.00,Feet,South,COLORADO AV,,,,0.00,N,Not at Intersection,N,Non-Junction,None,,,         ,Johnny,Perry,Clear,Not Collision with Motor Vehicle in Transport,no,no,no,yes,yes,False
101809970,METROPOLITAN NASHVILLE POLICE DEPT,20170959237,Davidson,Nashville,10/31/2017 12:23:00 PM,2,0,0,36.174370,-86.599730,BURNING TREE DR,,,,632.00,Feet,North,CENTRAL PKE,,,,0.00,N,Not at Intersection, ,Non-Junction,None,,,         ,Scott,Toney,Clear,Angle,no,no,no,yes,no,False
101809978,METROPOLITAN NASHVILLE POLICE DEPT,20170959302,Davidson,Not in City Limit,10/31/2017 12:00:00 AM,2,1,0,36.268610,-86.824560,OLD HICKORY BLVD,,,,2146.00,Feet,East,WHITES CREEK PKE,,,,0.00,N,Not at Intersection,N,Non-Junction,None,,,         ,Melvin,Taylor,Clear,Front to Rear,no,no,no,no,no,False
101809991,METROPOLITAN NASHVILLE POLICE DEPT,20170959030,Davidson,Nashville,10/31/2017 10:52:00 AM,2,0,0,36.039350,-86.781990,OLD HICKORY BLVD,,,,81.00,Feet,West,I65 N EXT RAMP,,,,0.00,N,Not at Intersection,N,Non-Junction,None,,,         ,Phillip,Murphy,Clear,Front to Rear,no,no,no,no,no,False