master_record_number,agency,agency_tracking_number,county,city,collision_date,vehicles_involved,number_injured,number_dead,latitude,longitude,roadway_name,roadway_suffix,roadway_number,roadway_local_id,distance_from_reference,miles-feet_indicator,direction_from_reference,intersection_road_name,intersection_road_name_suffix,intersection_road_number,intersection_local_id,mile_marker,intersection_indicator,intersect_type,interchange_related_indicator,relation_to_junction,work_zone_type,construction_maintenance_zone,construction_maintenance_zone_location,fatal_case_number,officer_first_name,officer_last_name,weather_condition(s),manner_of_crash,pedestrian,bicycle,scooter,parking,hitrun,mou
101810004,METROPOLITAN NASHVILLE POLICE DEPT,20170959272,Davidson,Nashville,10/31/2017 12:34:00 PM,1,0,0,36.057225,-86.592740,HAMILTON CHURCH,RD,SR1,,500.00,Feet,East,MARHADEN,DR,SR2,,0.00,N,Not at Intersection,N,Non-Junction,None,,,         ,Steven,Williams,Clear,Not Collision with Motor Vehicle in Transport,no,no,no,no,no,False
101810035,METROPOLITAN NASHVILLE POLICE DEPT,20170959298,Davidson,Nashville,10/31/2017 12:52:00 PM,2,0,0,36.221000,-86.761930,DICKERSON PKE,,,,91.00,Feet,South,PINE RIDGE DR,,,,0.00,N,Not at Intersection,N,Non-Junction,None,,,         ,Richard,Conger,Clear,Front to Rear,no,no,no,no,no,False
101810040,METROPOLITAN NASHVILLE POLICE DEPT,20170959220,Davidson,Nashville,10/31/2017 12:18:00 PM,2,0,0,36.228700,-86.759390,DICKERSON PKE,,,,248.00,Feet,South,BROADMOOR DR,,,,0.00,N,Not at Intersection, ,Non-Junction,None,,,         ,Richard,Conger,Clear,Angle,no,no,no,no,no,False
101810047,METROPOLITAN NASHVILLE POLICE DEPT,20170959495,Davidson,Nashville,10/31/2017 2:00:00 PM,2,0,0,36.112480,-86.922210,I40 W EXT RAMP,,,,0.00,Feet,East,I 40,,,,0.00,N,Not at Intersection, ,,None,,,         ,Curtis,Rich,,,no,no,no,no,no,False
101810052,METROPOLITAN NASHVILLE POLICE DEPT,20170959440,Davidson,Nashville,10/31/2017 12:20:00 PM,2,0,0,36.064560,-86.628720,HAMILTON CHURCH RD,,,,111.00,Feet,South,MURFREESBORO PKE,,,,0.00,N,Not at Intersection, ,Non-Junction,None,,,         ,Jason,Dudley,Clear,"Sideswipe, Same Direction",no,no,no,no,no,False
101810053,METROPOLITAN NASHVILLE POLICE DEPT,2017-0956082,Davidson,Nashville,10/30/2017 1:53:00 PM,2,0,0,36.137570,-86.800760,WEDGEWOOD AV,,,,0.00,,,21ST AVS,,,,0.00,Y,Four-Way, ,,None,,,         ,Allen,Bates,,,no,no,no,no,no,Campus
101810064,METROPOLITAN NASHVILLE POLICE DEPT,20170959215,Davidson,Nashville,10/31/2017 12:19:00 PM,2,2,0,36.051700,-86.622320,MT VIEW RD,,,,138.00,Feet,East,MT VIEW CIR,,,,0.00,N,Not at Intersection,N,Non-Junction,None,,,         ,Jessie,Meadows,Clear,HeadOn,no,no,no,no,no,False
101810067,METROPOLITAN NASHVILLE POLICE DEPT,20170959516,Davidson,Nashville,10/31/2017 1:15:00 PM,2,0,0,36.037350,-86.787050,OLD HICKORY BLVD,,,,143.00,Feet,West,FRANKLIN PKE,,,,0.00,N,Not at Intersection,N,Non-Junction,None,,,         ,Darren,White,Clear,"Sideswipe, Same Direction",no,no,no,no,no,False
101810094,METROPOLITAN NASHVILLE POLICE DEPT,20170959251,Davidson,Nashville,10/31/2017 12:35:00 PM,2,0,0,36.018270,-86.726710,BRYCE RD,,,,281.00,Feet,East,ARGO LN,,,,0.00,N,Not at Intersection, ,Non-Junction,None,,,         ,Russell,Freeman,Clear,Front to Rear,no,no,no,no,no,False
101810116,METROPOLITAN NASHVILLE POLICE DEPT,20170959428,Davidson,Nashville,10/31/2017 12:50:00 PM,2,0,0,36.081550,-86.726940,NOLENSVILLE PKE,,,,397.00,Feet,South,WELSHWOOD DR,,,,0.00,N,Not at Intersection,N,"Driveway, Alley Access, etc",None,,,         ,David,Simmonds,Clear,"Sideswipe, Same Direction",no,no,no,yes,yes,False
101810123,METROPOLITAN NASHVILLE POLICE DEPT,20170959571,Davidson,Nashville,10/31/2017 2:17:00 PM,2,1,0,36.109970,-86.778170,WOODMONT BLVD,,,,111.00,Feet,West,CRESTRIDGE DR,,,,0.00,N,Not at Intersection,N,Non-Junction,None,,,         ,Ronald,Raynore,Clear,Front to Rear,no,no,no,no,no,False
101810129,METROPOLITAN NASHVILLE POLICE DEPT,20170959436,Davidson,Nashville,10/31/2017 1:38:00 PM,2,0,0,36.149910,-86.817930,PARK PLZ,,,,0.00,,,31ST AVN,,,,0.00,Y,Four-Way, ,Intersection-Related,None,,,         ,Russell,Freeman,Clear,Front to Rear,no,no,no,no,no,False
101810154,METROPOLITAN NASHVILLE POLICE DEPT,20170959500,Davidson,Nashville,10/31/2017 1:59:00 PM,3,0,0,36.182500,-86.746850,STRATTON AV,,,,0.00,,,N 12TH ST,,,,0.00,Y,Four-Way, ,Intersection-Related,None,,,         ,Richard,Conger,Clear,Angle,no,no,no,no,yes,False
101810166,METROPOLITAN NASHVILLE POLICE DEPT,20170959324,Davidson,Nashville,10/31/2017 1:02:00 PM,2,0,0,36.199830,-86.620700,OLD HICKORY BLVD,,,,268.00,Feet,South,PLANTATION DR,,,,0.00,N,Not at Intersection,N,Non-Junction,None,,,         ,James,Curtis,Clear,HeadOn,no,no,no,no,no,False
101810192,METROPOLITAN NASHVILLE POLICE DEPT,20170959691,Davidson,Nashville,10/31/2017 3:15:00 PM,2,0,0,36.123440,-86.848440,ROYAL OAKS CONDOS PVTDR,,,,269.00,Feet,South,HARDING PKE,,,,0.00,N,Not at Intersection, ,Non-Junction,None,,,         ,Torian,Cox,Clear,Front to Rear,no,no,no,no,no,False
101810195,METROPOLITAN NASHVILLE POLICE DEPT,20170959574,Davidson,Nashville,10/31/2017 2:19:00 PM,2,0,0,36.076780,-86.920540,OLD HICKORY BLVD,,,,8.00,Feet,South,BELLE FOREST CIR,,,,0.00,N,Not at Intersection, ,Non-Junction,None,,,         ,Andrew,Brazee,Clear,"Sideswipe, Opposite Direction",no,no,no,no,no,False
101810196,METROPOLITAN NASHVILLE POLICE DEPT,20170959622,Davidson,Nashville,10/31/2017 2:46:00 PM,2,0,0,36.162590,-86.793450,I 40,,,,0.00,,,,,,,208.60,N,Not at Intersection, ,Non-Junction,None,,,         ,Michael,Baron,Clear,Angle,no,no,no,no,no,False
101810213,METROPOLITAN NASHVILLE POLICE DEPT,20170959693,Davidson,Nashville,10/31/2017 3:25:00 PM,2,0,0,36.090330,-86.626500,BELL RD,,,,0.00,,,SMITH SPRINGS RD,,,,0.00,Y,Four-Way,N,Intersection,None,,,         ,Wesley,Young,Clear,"Sideswipe, Same Direction",no,no,no,no,yes,False
101810242,METROPOLITAN NASHVILLE POLICE DEPT,20170959741,Davidson,Nashville,10/31/2017 3:30:00 PM,3,1,0,36.206930,-86.719360,MCGAVOCK PKE,,,,479.00,Feet,East,HIDDEN TERRACE CT,,,,0.00,N,Not at Intersection,N,Non-Junction,None,,,         ,Meghan,Pope,Clear,Front to Rear,no,no,no,no,no,False
101810246,METROPOLITAN NASHVILLE POLICE DEPT,20170959733,Davidson,Not in City Limit,10/31/2017 3:32:00 PM,2,0,0,36.263040,-86.711770,STATE RT 45,,,,50.00,Feet,East,GALLATIN PKEN,,,,0.00,N,Not at Intersection, ,Non-Junction,None,,,         ,Samuel,Miller,Clear,Front to Rear,no,no,no,no,no,False
101810247,METROPOLITAN NASHVILLE POLICE DEPT,20170959830,Davidson,Nashville,10/31/2017 4:00:00 PM,2,0,0,36.145560,-86.701900,AIR LANE DR,,,,1206.00,Feet,East,ELM HILL PKE,,,,0.00,N,Not at Intersection, ,,None,,,         ,Johnathan,Pannell,,,no,no,no,no,no,False
101810249,METROPOLITAN NASHVILLE POLICE DEPT,2017-0959827,Davidson,Nashville,10/31/2017 3:55:00 PM,2,0,0,36.199740,-86.592040,TULIP GROVE RD,,,,0.00,,,CHANDLER RD,,,,0.00,Y,Four-Way, ,Intersection-Related,None,,,         ,Sandra,Talavera,Clear,Front to Rear,no,no,no,no,no,False
101810283,METROPOLITAN NASHVILLE POLICE DEPT,20170960035,Davidson,Nashville,10/31/2017 2:50:00 PM,2,0,0,36.129190,-86.727660,I440 W ENT RAMP,,,,0.00,Feet,East,I 24,,,,0.00,N,Not at Intersection, ,Non-Junction,None,,,         ,Benjamin,Froehlich,Clear,Front to Rear,no,no,no,no,no,False
101810284,METROPOLITAN NASHVILLE POLICE DEPT,20170959949,Davidson,Nashville,10/31/2017 4:47:00 PM,2,1,0,36.163680,-86.808480,HERMOSA ST,,,,0.00,,,21ST AVN,,,,0.00,Y,T-Intersection,N,Intersection-Related,None,,,         ,Thomas,Burns,Clear,Angle,no,no,no,no,no,False
101810285,METROPOLITAN NASHVILLE POLICE DEPT,20170959642,Davidson,Nashville,10/31/2017 3:03:00 PM,2,0,0,36.084100,-86.706090,HARDING PL,,,,65.00,Feet,West,LINBAR DR,,,,0.00,N,Not at Intersection,N,Non-Junction,None,,,         ,Jessie,Meadows,Clear,Not Collision with Motor Vehicle in Transport,no,no,no,no,no,False
101810288,BERRY HILL POLICE DEPT,17-3708,Davidson,Berry Hill,10/31/2017 12:00:00 AM,2,0,0,36.118860,-86.774590,FRANKLIN PKE,,,,0.00,,,BERRY RD,,,,0.00,Y,Four-Way, ,,None,,,         ,John,Gleixner,,,no,no,no,no,no,False
101810290,METROPOLITAN NASHVILLE POLICE DEPT,20170960074,Davidson,Nashville,10/31/2017 5:26:00 PM,2,0,0,36.144700,-86.861060,BELLMORE AV,,,,0.00,,,BURGESS AV,,,,0.00,Y,T-Intersection,N,Intersection-Related,None,,,         ,Ethan,Usherwood,Clear,"Sideswipe, Opposite Direction",no,no,no,no,yes,False
101810291,METROPOLITAN NASHVILLE POLICE DEPT,20170959930,Davidson,Nashville,10/31/2017 4:00:00 PM,2,0,0,36.151290,-86.804170,ELLISTON PL,,,,170.00,Feet,North,LOUISE AV,,,,0.00,N,Not at Intersection, ,Non-Junction,None,,,         ,Bradley,Pope,Cloudy,Front to Rear,no,no,no,no,no,Campus
101810292,METROPOLITAN NASHVILLE POLICE DEPT,20170960037,Davidson,Nashville,10/31/2017 5:10:00 PM,2,0,0,36.144220,-86.693830,I 40,,,,0.00,,,,,,,215.10,N,Not at Intersection, ,,None,,,         ,Marcus,Mitchell,,,no,no,no,no,no,False
101810294,METROPOLITAN NASHVILLE POLICE DEPT,20170959906,Davidson,Nashville,10/31/2017 4:23:00 PM,3,0,0,36.154600,-86.788850,I40 E ENT RAMP,,,,0.00,Feet,East,I 40,,,,0.00,N,Not at Intersection,N,Entrance/Exit Ramp Related,None,,,         ,Austin,Kendrick,Clear,Front to Rear,no,no,no,no,no,False
101810298,METROPOLITAN NASHVILLE POLICE DEPT,20170959893,Davidson,Nashville,10/31/2017 4:00:00 PM,2,0,0,36.086880,-86.696770,HARDING PL,,,,240.00,Feet,West,S PERIMETER PARK DR,,,,0.00,N,Not at Intersection, ,Non-Junction,None,,,         ,William,McDaniel,Clear,"Sideswipe, Opposite Direction",no,no,no,no,no,False
101810299,METROPOLITAN NASHVILLE POLICE DEPT,20170959779,Davidson,Nashville,10/31/2017 3:50:00 PM,1,1,0,36.131760,-86.778970,SOUTH DOUGLAS AV,,,,0.00,,,8TH AVS,,,,0.00,Y,T-Intersection,N,Intersection,None,,,         ,Jon,Mcvey,Clear,Not Collision with Motor Vehicle in Transport,no,yes,no,no,no,False
101810300,METROPOLITAN NASHVILLE POLICE DEPT,20170959644,Davidson,Nashville,10/31/2017 2:20:00 PM,2,0,0,36.130050,-86.795610,DELMAR AV,,,,0.00,,,BELMONT BLVD,,,,0.00,Y,T-Intersection,N,Intersection,None,,,         ,Jon,Mcvey,Clear,Angle,no,no,no,no,no,False
101810301,METROPOLITAN NASHVILLE POLICE DEPT,20170960107,Davidson,Nashville,10/31/2017 5:25:00 PM,2,0,0,36.143340,-86.776440,FORT NEGLEY BLVD,,,,483.00,Feet,North,BASS ST,,,,0.00,N,Not at Intersection, ,Non-Junction,None,,,         ,Jon,Mcvey,Clear,Front to Rear,no,no,no,no,no,False
101810302,METROPOLITAN NASHVILLE POLICE DEPT,20170959993,Davidson,Nashville,10/31/2017 5:01:00 PM,2,0,0,36.096160,-86.655620,RICE AV,,,,0.00,,,SMITH SPRINGS RD,,,,0.00,Y,Four-Way,N,Intersection,None,,,         ,Patrick,Taylor,Clear,Angle,no,no,no,no,no,False
101810306,METROPOLITAN NASHVILLE POLICE DEPT,20170959752,Davidson,Nashville,10/31/2017 3:30:00 PM,2,0,0,36.093270,-86.771480,FRANKLIN PKE,,,,152.00,Feet,North,SOUTHMEADE PKWY,,,,0.00,N,Not at Intersection, ,Non-Junction,None,,,         ,Brian,Etchison,Clear,Front to Rear,no,no,no,no,yes,False
101810325,METROPOLITAN NASHVILLE POLICE DEPT,20170959985,Davidson,Nashville,10/31/2017 4:57:00 PM,2,1,0,36.133270,-86.819280,I 440,,,,0.00,,,,,,,1.75,N,Not at Intersection,N,Non-Junction,None,,,         ,Walter,Gray II,Cloudy,Front to Rear,no,no,no,no,no,False
101810329,METROPOLITAN NASHVILLE POLICE DEPT,20170960173,Davidson,Nashville,10/31/2017 5:14:00 PM,3,0,0,36.120960,-86.764860,I 440,,,,0.00,,,,,,,5.50,N,Not at Intersection,N,Non-Junction,None,,,         ,Tien,Nguyen,Clear,Front to Rear,no,no,no,no,yes,False
101810332,METROPOLITAN NASHVILLE POLICE DEPT,20170960179,Davidson,Nashville,10/31/2017 12:30:00 PM,2,0,0,36.152480,-86.775560,EWING AV,,,,0.00,,,,,,,0.00,,,N,Non-Junction,None,,,         ,Chad,Wilkinson,Clear,Unknown,no,no,no,yes,yes,False
101810334,METROPOLITAN NASHVILLE POLICE DEPT,20170960015,Davidson,Nashville,10/31/2017 4:55:00 PM,2,0,0,36.122510,-86.851020,HARDING PKE,,,,115.00,Feet,East,LYNNWOOD BLVD,,,,0.00,N,Not at Intersection,N,Non-Junction,None,,,         ,Jake,Carr,Clear,"Sideswipe, Same Direction",no,no,no,no,yes,False
101810338,METROPOLITAN NASHVILLE POLICE DEPT,20170960045,Davidson,Nashville,10/31/2017 5:15:00 PM,2,0,0,36.120130,-86.874500,HICKORY VALLEY RD,,,,10.00,Feet,South,DARDEN PL,,,,0.00,N,Not at Intersection,N,OtherLocation,None,,,         ,Brandon,Pedigo,Clear,"Sideswipe, Same Direction",no,no,no,yes,no,False
101810340,METROPOLITAN NASHVILLE POLICE DEPT,20170960165,Davidson,Nashville,10/31/2017 5:40:00 PM,3,0,0,36.123370,-86.749270,I 440,,,,0.00,,,,,,,6.40,N,Not at Intersection, ,Non-Junction,None,,,         ,William,McDaniel,Clear,Front to Rear,no,no,no,no,yes,False
101810343,METROPOLITAN NASHVILLE POLICE DEPT,20170960014,Davidson,Nashville,10/31/2017 5:05:00 PM,2,0,0,36.145720,-86.777540,I 65,,,,0.00,,,,,,,82.20,N,Not at Intersection, ,,None,,,         ,David,Collins,,,no,no,no,no,no,False
101810345,METROPOLITAN NASHVILLE POLICE DEPT,20170960378,Davidson,Nashville,10/31/2017 6:27:00 PM,2,0,0,36.117010,-86.789720,GALE LN,,,,541.00,Feet,East,GRANNY WHITE PKE,,,,0.00,N,Not at Intersection,N,Non-Junction,None,,,         ,Tien,Nguyen,Clear,"Sideswipe, Opposite Direction",no,no,no,no,yes,False
101810346,METROPOLITAN NASHVILLE POLICE DEPT,20170960363,Davidson,Not in City Limit,10/31/2017 6:50:00 PM,2,0,0,36.263100,-86.712340,OLD HICKORY BLVDW,,,,126.00,Feet,West,STATE RT 45,,,,0.00,N,Not at Intersection, ,Non-Junction,None,,,         ,Christopher,Littles,Clear,Front to Rear,no,no,no,no,no,False
101810354,METROPOLITAN NASHVILLE POLICE DEPT,20170960360,Davidson,Nashville,10/31/2017 6:40:00 PM,2,0,0,36.095290,-86.654370,MURFREESBORO PKE,,,,95.00,Feet,West,MURFREESBORO PKE RAMP,,,,0.00,N,Not at Intersection, ,Non-Junction,None,,,         ,Eric,Keller,Clear,Front to Rear,no,no,no,no,no,False
101810355,METROPOLITAN NASHVILLE POLICE DEPT,20170960366,Davidson,Nashville,10/31/2017 6:20:00 PM,2,0,0,36.085770,-86.729030,NOLENSVILLE PKE,,,,535.00,Feet,South,ELYSIAN FIELDS CT,,,,0.00,N,Not at Intersection, ,Non-Junction,None,,,         ,Nicholas,Berens,Clear,Front to Rear,no,no,no,no,no,False
101810356,METROPOLITAN NASHVILLE POLICE DEPT,20170960141,Davidson,Not in City Limit,10/31/2017 6:00:00 PM,1,0,0,36.252410,-86.967400,WHITLOW MOUNTAIN RD,,,,601.00,Feet,East,LITTLE MARROWBONE RD,,,,0.00,N,Not at Intersection, ,Non-Junction,None,,,         ,Melvin,Taylor,Clear,Not Collision with Motor Vehicle in Transport,no,no,no,no,no,False
101810357,VANDERBILT UNIVERSITY POLICE,2017-0960053,Davidson,Nashville,10/31/2017 4:30:00 PM,2,0,0,36.135420,-86.803580,ACKLEN AV,,,,0.00,,,,,,,0.00,,, ,Non-Junction,None,,,         ,Robert,Skucy,Cloudy,Rear to Side,no,no,no,yes,no,Campus
101810370,METROPOLITAN NASHVILLE POLICE DEPT,20170960550,Davidson,Nashville,10/31/2017 8:00:00 PM,1,0,0,36.153550,-86.717570,LEBANON PKE,,,,106.00,Feet,West,LEBANON PIKE CIR,,,,0.00,N,Not at Intersection, ,,None,,,         ,Johnathan,Pannell,,,no,no,no,no,no,False
101810371,METROPOLITAN NASHVILLE POLICE DEPT,20170960501,Davidson,Nashville,10/31/2017 7:23:00 PM,1,0,0,36.209190,-86.795480,WHITES CREEK PKE,,,,266.00,Feet,West,FREE SILVER RD,,,,0.00,N,Not at Intersection, ,Non-Junction,None,,,         ,Victor,Alexander,Cloudy,Not Collision with Motor Vehicle in Transport,no,no,no,no,no,False
101810375,VANDERBILT UNIVERSITY POLICE,17-0960155,Davidson,Nashville,10/31/2017 12:00:00 AM,2,0,0,36.140660,-86.812340,31ST AVS,,,,449.00,Feet,East,DUDLEY AV,,,,0.00,N,Not at Intersection, ,,None,,,         ,Cedric,Edwards,,,no,no,no,yes,no,Campus
101810406,METROPOLITAN NASHVILLE POLICE DEPT,20170960356,Davidson,Nashville,10/31/2017 5:25:00 PM,2,0,0,36.045670,-86.706430,HICKORY VALLEY CONDOS PVTDR,,,,19.00,Feet,North,OLD HICKORY BLVD,,,,0.00,N,Not at Intersection, ,Non-Junction,None,,,         ,Darryl,Williams,Clear,Front to Rear,no,no,no,no,no,False
101810408,METROPOLITAN NASHVILLE POLICE DEPT,20170960322,Davidson,Nashville,10/31/2017 12:00:00 AM,3,1,0,36.081850,-86.761020,HARDING PL,,,,220.00,Feet,East,SIDCO DR,,,,0.00,N,Not at Intersection,N,Non-Junction,None,,,         ,David,Robberson,Clear,Front to Rear,no,no,no,no,no,False
101810414,METROPOLITAN NASHVILLE POLICE DEPT,20170960359,Davidson,Nashville,10/31/2017 6:49:00 PM,2,0,0,36.044800,-86.661990,BELL RD,,,,137.00,Feet,West,CANE RIDGE RD,,,,0.00,N,Not at Intersection, ,Non-Junction,None,,,         ,Je-Marc,Sears,Clear,Front to Rear,no,no,no,no,no,False
101810431,METROPOLITAN NASHVILLE POLICE DEPT,20170960538,Davidson,Nashville,10/31/2017 12:00:00 AM,2,0,0,36.180010,-86.802700,10TH AVN,,,,187.00,Feet,South,BUCHANAN ST,,,,0.00,N,Not at Intersection, ,Non-Junction,None,,,         ,Melvin,Taylor,Clear,"Sideswipe, Same Direction",no,no,no,no,yes,False
101810437,METROPOLITAN NASHVILLE POLICE DEPT,20170960026,Davidson,Nashville,10/31/2017 3:30:00 PM,2,0,0,36.146920,-86.763740,1ST AVS,,,,241.00,Feet,North,CHESTNUT ST,,,,0.00,N,Not at Intersection, ,,None,,,         ,John,Joyce,,,no,no,no,no,no,False
101810438,METROPOLITAN NASHVILLE POLICE DEPT,20170960448,Davidson,Nashville,10/31/2017 7:02:00 PM,1,0,0,36.048380,-86.866640,OLD HICKORY BLVD,,,,102.00,Feet,West,CHICKERING WOOD DR,,,,0.00,N,Not at Intersection, ,Non-Junction,None,,,         ,Walter,Gray II,Cloudy,Not Collision with Motor Vehicle in Transport,no,no,no,no,no,False
101810439,METROPOLITAN NASHVILLE POLICE DEPT,20170960365,Davidson,Nashville,10/31/2017 6:53:00 PM,2,0,0,36.101610,-86.870520,HARDING PKE,,,,200.00,Feet,South,HARDING PL,,,,0.00,N,Not at Intersection, ,"Driveway, Alley Access, etc",None,,,         ,Walter,Gray II,Cloudy,Angle,no,no,no,no,no,False
101810445,METROPOLITAN NASHVILLE POLICE DEPT,20170960670,Davidson,Nashville,10/31/2017 12:00:00 AM,2,1,0,36.205610,-86.768670,DICKERSON PKE,,,,102.00,Feet,South,E TRINITY LN,,,,0.00,N,Not at Intersection,N,Non-Junction,None,,,         ,Gordon,Stovall,Cloudy,Front to Rear,no,no,no,no,no,False
101810456,METROPOLITAN NASHVILLE POLICE DEPT,20170960641,Davidson,Not in City Limit,10/31/2017 7:49:00 PM,2,0,0,36.260920,-86.712650,GALLATIN PKES,,,,120.00,Feet,South,MAPLE ST,,,,0.00,N,Not at Intersection, ,Non-Junction,None,,,         ,Samuel,Miller,Cloudy,"Sideswipe, Same Direction",no,no,no,no,no,False
101810459,METROPOLITAN NASHVILLE POLICE DEPT,20170960152,Davidson,Nashville,10/31/2017 5:42:00 PM,2,0,0,36.044770,-86.661530,CANE RIDGE RD,,,,0.00,,,BELL RD,,,,0.00,Y,OTHER,N,Non-Junction,None,,,         ,Jedidayah,Merriweather,Clear,Angle,no,no,no,no,yes,False
101810488,METROPOLITAN NASHVILLE POLICE DEPT,20170960376,Davidson,Goodlettsville,10/31/2017 6:45:00 PM,2,0,0,36.293790,-86.730580,DICKERSON PKES,,,,1000.00,Feet,East,W CAMPBELL RD,,,,0.00,N,Not at Intersection,N,Non-Junction,None,,,         ,Christopher,Littles,Cloudy,Angle,no,no,no,no,no,False
101810504,METROPOLITAN NASHVILLE POLICE DEPT,20170960396,Davidson,Not in City Limit,10/31/2017 7:05:00 PM,2,0,0,36.261810,-86.703320,FOREST PARK RD,,,,31.00,Feet,South,MAPLE ST,,,,0.00,N,Not at Intersection, ,Non-Junction,None,,,         ,Samuel,Miller,Clear,"Sideswipe, Opposite Direction",no,no,no,no,no,False
101810505,METROPOLITAN NASHVILLE POLICE DEPT,20170960489,Davidson,Not in City Limit,10/31/2017 7:37:00 PM,2,4,0,36.263850,-86.689550,STATE RT 45,,,,221.00,Feet,East,MYATT DR,,,,0.00,N,Not at Intersection,N,Non-Junction,None,,,         ,Samuel,Miller,Clear,Front to Rear,no,no,no,no,no,False
101810506,METROPOLITAN NASHVILLE POLICE DEPT,20170960430,Davidson,Nashville,10/31/2017 6:15:00 PM,2,0,0,36.039800,-86.743450,EDMONDSON PKE,,,,77.00,Feet,South,OLD HICKORY BLVD,,,,0.00,N,Not at Intersection,N,Non-Junction,None,,,         ,William,King,Clear,Front to Rear,no,no,no,no,no,False
101810512,METROPOLITAN NASHVILLE POLICE DEPT,20170960698,Davidson,Nashville,10/31/2017 8:30:00 PM,2,0,0,36.143880,-86.747600,PARRIS AV,,,,0.00,,,MURFREESBORO PKE,,,,0.00,Y,T-Intersection, ,Intersection,None,,,         ,John,Joyce,Clear,Angle,no,no,no,no,no,False
101810515,METROPOLITAN NASHVILLE POLICE DEPT,20170960728,Davidson,Not in City Limit,10/31/2017 8:46:00 PM,2,0,0,36.325540,-86.879670,I 24,,,,0.00,,,,,,,34.35,N,Not at Intersection, ,Non-Junction,None,,,         ,Victor,Alexander,Cloudy,"Sideswipe, Same Direction",no,no,no,no,no,False
101810521,METROPOLITAN NASHVILLE POLICE DEPT,20170960840,Davidson,Not in City Limit,10/31/2017 8:58:00 PM,1,0,0,36.314180,-86.868750,OLD CLARKSVILLE PKE,,,,708.00,Feet,East,JOELTON COMMUNITY CENTER RD,,,,0.00,N,Not at Intersection, ,Non-Junction,None,,,         ,Brandon,Rardin,Clear,Not Collision with Motor Vehicle in Transport,no,no,no,no,no,False
101810528,METROPOLITAN NASHVILLE POLICE DEPT,20170960506,Davidson,Nashville,10/31/2017 6:50:00 PM,2,0,0,36.160760,-86.793690,CHARLOTTE AV,,,,0.00,Feet,,14TH AVN,,,,0.00,Y,Four-Way, ,Intersection-Related,None,,,         ,Jon,Mcvey,Clear,Angle,no,no,no,no,no,False
101810529,METROPOLITAN NASHVILLE POLICE DEPT,20170960750,Davidson,Nashville,10/31/2017 9:00:00 PM,1,0,0,36.040900,-86.779380,STONE BROOK DR,,,,0.00,,,OLD HICKORY BLVD,,,,0.00,Y,Four-Way,N,Intersection-Related,None,,,         ,Jon,Mcvey,Clear,Not Collision with Motor Vehicle in Transport,no,no,no,no,no,False
101810531,METROPOLITAN NASHVILLE POLICE DEPT,20170960928,Davidson,Nashville,10/31/2017 8:24:00 PM,2,0,0,36.240740,-86.757370,DICKERSON PKE,,,,0.00,,,BRILEY PKWY E EXT RAMP,,,,0.00,Y,T-Intersection, ,Intersection-Related,None,,,         ,Samuel,Miller,Cloudy,Front to Rear,no,no,no,no,no,False
101810554,METROPOLITAN NASHVILLE POLICE DEPT,20170960332,Davidson,Nashville,10/31/2017 6:35:00 PM,2,1,0,36.170890,-86.679640,MCGAVOCK PKE,,,,257.00,Feet,South,PARK DR,,,,0.00,N,Not at Intersection,N,Non-Junction,None,,,         ,John,Kelley,Clear,Angle,no,no,no,no,no,False
101810575,METROPOLITAN NASHVILLE POLICE DEPT,20170960839,Davidson,Nashville,10/31/2017 9:19:00 PM,2,1,0,36.200850,-86.621020,OLD HICKORY BLVD,,,,114.00,Feet,North,PLANTATION DR,,,,0.00,N,Not at Intersection,N,Non-Junction,None,,,         ,Kyle,Burks,Clear,Angle,no,no,no,no,no,False
101810590,METROPOLITAN NASHVILLE POLICE DEPT,20170960962,Davidson,Not in City Limit,10/31/2017 9:10:00 PM,1,0,0,36.109830,-86.540880,HOBSON PKE,,,,2428.00,Feet,East,GRANNY WRIGHT LN,,,,0.00,N,Not at Intersection,N,Non-Junction,None,,,         ,Richard,Olive,Clear,Not Collision with Motor Vehicle in Transport,no,no,no,no,no,False
101810638,METROPOLITAN NASHVILLE POLICE DEPT,20170961006,Davidson,Nashville,10/31/2017 8:15:00 PM,2,0,0,36.071300,-86.635550,MURFREESBORO PKE,,,,279.00,Feet,South,BELL RD,,,,0.00,N,Not at Intersection, ,Non-Junction,None,,,         ,David,Moser,Clear,Rear to Rear,no,no,no,yes,yes,False
101810641,METROPOLITAN NASHVILLE POLICE DEPT,20170961062,Davidson,Nashville,10/31/2017 11:10:00 PM,2,1,0,36.087180,-86.648840,MURFREESBORO PKE,,,,107.00,Feet,North,NASHBORO BLVD,,,,0.00,N,Not at Intersection,N,Non-Junction,None,,,         ,Brenda,Navarro,Cloudy,Front to Rear,no,no,no,no,no,False
101810647,METROPOLITAN NASHVILLE POLICE DEPT,20170961040,Davidson,Nashville,10/31/2017 11:00:00 PM,1,1,0,36.106050,-86.814920,ABBOTT MARTIN RD,,,,317.00,Feet,West,BANDYWOOD DR,,,,0.00,N,Not at Intersection,N,Non-Junction,None,,,         ,Sarah,Ortkiese,Clear,Not Collision with Motor Vehicle in Transport,yes,no,no,no,no,False