master_record_number,agency,agency_tracking_number,county,city,collision_date,vehicles_involved,number_injured,number_dead,latitude,longitude,roadway_name,roadway_suffix,roadway_number,roadway_local_id,distance_from_reference,miles-feet_indicator,direction_from_reference,intersection_road_name,intersection_road_name_suffix,intersection_road_number,intersection_local_id,mile_marker,intersection_indicator,intersect_type,interchange_related_indicator,relation_to_junction,work_zone_type,construction_maintenance_zone,construction_maintenance_zone_location,fatal_case_number,officer_first_name,officer_last_name,weather_condition(s),manner_of_crash,pedestrian,bicycle,scooter,parking,hitrun,mou
101810653,METROPOLITAN NASHVILLE POLICE DEPT,20170961092,Davidson,Nashville,10/31/2017 12:00:00 AM,2,0,0,36.081200,-86.726840,NOLENSVILLE PKE,,,,528.00,Feet,South,WELSHWOOD DR,,,,0.00,N,Not at Intersection,N,Non-Junction,None,,,         ,Akira,McSwain,Clear,Angle,no,no,no,no,yes,False
101810654,METROPOLITAN NASHVILLE POLICE DEPT,20170961091,Davidson,Nashville,10/31/2017 10:44:00 PM,2,0,0,36.061090,-86.716630,NOLENSVILLE PKE,,,,78.00,Feet,South,MCMURRAY DR,,,,0.00,N,Not at Intersection, ,Non-Junction,None,,,         ,Cody,Jaworski,Clear,Angle,no,no,no,no,no,False
101810676,METROPOLITAN NASHVILLE POLICE DEPT,20170961224,Davidson,Nashville,11/1/2017 12:05:00 AM,1,1,0,36.227110,-86.867650,EATONS CREEK RD,,,,570.00,Feet,South,SULPHUR CREEK RD,,,,0.00,N,Not at Intersection,N,Non-Junction,None,,,         ,Geoffrey,Daugherty,Rain,Not Collision with Motor Vehicle in Transport,no,no,no,no,no,False
101810678,METROPOLITAN NASHVILLE POLICE DEPT,20170961084,Davidson,Not in City Limit,10/31/2017 11:17:00 PM,1,0,0,36.267390,-86.746500,OLD HICKORY BLVDW,,,,72.00,Feet,West,NESBITT DR,,,,0.00,N,Not at Intersection, ,Non-Junction,None,,,         ,Cheri,Cox,Clear,Not Collision with Motor Vehicle in Transport,no,no,no,no,no,False
101810681,METROPOLITAN NASHVILLE POLICE DEPT,20170961306,Davidson,Nashville,10/31/2017 11:30:00 PM,2,0,0,36.053310,-86.684160,SHIHMEN DR,,,,82.00,Feet,South,SHIHMEN CT,,,,0.00,N,Not at Intersection, ,Non-Junction,None,,,         ,Erik,Dabbs,Clear,Angle,no,no,no,no,no,False
101810686,METROPOLITAN NASHVILLE POLICE DEPT,20170961345,Davidson,Nashville,11/1/2017 1:09:00 AM,1,1,0,36.052090,-86.644820,EAGLE VIEW BLVD,,,,0.00,,,,,,,0.00,,,N,Non-Junction,None,,,         ,William,Coy,Clear,Not Collision with Motor Vehicle in Transport,no,no,no,yes,no,False
101810706,METROPOLITAN NASHVILLE POLICE DEPT,20170961327,Davidson,Nashville,11/1/2017 1:03:00 AM,2,0,0,36.190100,-86.630830,HICKORY HILL LN,,,,0.00,,,,,,,0.00,,, ,Non-Junction,None,,,         ,Emily,Mulready,Clear,Angle,no,no,no,yes,no,False
101810728,METROPOLITAN NASHVILLE POLICE DEPT,20170961512,Davidson,Not in City Limit,11/1/2017 2:26:00 AM,1,0,0,36.031920,-86.967880,UNION BRIDGE RD,,,,12.00,Feet,East,PASQUO RD,,,,0.00,N,Not at Intersection,N,Non-Junction,None,,,         ,Conor,Cronin,Rain,Not Collision with Motor Vehicle in Transport,no,no,no,no,no,False
101810733,METROPOLITAN NASHVILLE POLICE DEPT,20170961691,Davidson,Nashville,11/1/2017 4:15:00 AM,1,0,0,36.153600,-86.622310,BELL RD,,,,56.00,Feet,East,BELL RD PVTDR,,,,0.00,N,Not at Intersection, ,Non-Junction,None,,,         ,Bridget,Griepentrog,Clear,Not Collision with Motor Vehicle in Transport,no,no,no,no,no,False
101810747,METROPOLITAN NASHVILLE POLICE DEPT,20170961059,Davidson,Nashville,10/31/2017 11:11:00 PM,2,1,0,36.185950,-86.798350,ROSA L PARKS BLVD,,,,60.00,Feet,South,I65 S EXT RAMP,,,,0.00,N,Not at Intersection,Y,Entrance/Exit Ramp Related,None,,,         ,Troy,Loewen,Clear,"Sideswipe, Same Direction",no,no,no,no,no,False
101810780,METROPOLITAN NASHVILLE POLICE DEPT,20170961823,Davidson,Nashville,11/1/2017 12:00:00 AM,1,1,0,36.143800,-86.829000,37TH AVN,,,,158.00,Feet,North,PILCHER AV,,,,0.00,N,Not at Intersection,N,Non-Junction,None,,,         ,Sarah,Ortkiese,Rain,Not Collision with Motor Vehicle in Transport,no,no,no,no,yes,False
101810782,METROPOLITAN NASHVILLE POLICE DEPT,20170959486,Davidson,Nashville,10/31/2017 1:55:00 PM,2,0,0,36.045060,-86.713220,NOLENSVILLE PKE,,,,112.00,Feet,South,OLD HICKORY BLVD,,,,0.00,N,Not at Intersection, ,Non-Junction,None,,,         ,Zachary,Scott,Clear,Front to Rear,no,no,no,no,no,False
101810790,GOODLETTSVILLE POLICE DEPT,17-38671,Davidson,Goodlettsville,11/1/2017 6:47:00 AM,3,0,0,36.312300,-86.701700,I 65,,,,0.00,,,,,,,96.20,N,Not at Intersection, ,Non-Junction,None,,,         ,Rico,Jones,Rain,Front to Rear,no,no,no,no,no,False
101810791,METROPOLITAN NASHVILLE POLICE DEPT,20170961926,Davidson,Madison,11/1/2017 6:39:00 AM,2,0,0,36.245270,-86.730900,FREDA VILLA,,,,0.00,,,SAUNDERS AV,,,,0.00,Y,Four-Way, ,Intersection,Work Zone,,,         ,Thomas,Odom,Rain,Angle,no,no,no,no,no,False
101810792,METROPOLITAN NASHVILLE POLICE DEPT,20170961892,Davidson,Nashville,11/1/2017 6:42:00 AM,2,0,0,36.156100,-86.631770,I40 W ENT RAMP,,,,0.00,Feet,East,I 40,,,,0.00,N,Not at Intersection, ,,None,,,         ,Michael,Dance,,,no,no,no,no,no,False
101810802,VANDERBILT UNIVERSITY POLICE,17-0961950,Davidson,Nashville,11/1/2017 7:05:00 AM,1,0,0,36.143360,-86.806450,GARLAND AV,,,,0.00,,,25TH AVS,,,,0.00,Y,T-Intersection, ,Intersection,None,,,         ,Rachel,Meyer,Rain,Not Collision with Motor Vehicle in Transport,no,no,no,no,no,Campus
101810803,METROPOLITAN NASHVILLE POLICE DEPT,20170961964,Davidson,Nashville,11/1/2017 7:11:00 AM,2,0,0,36.155580,-86.680340,LAKELAND DR,,,,305.00,Feet,East,MCGAVOCK PKE,,,,0.00,N,Not at Intersection, ,Non-Junction,None,,,         ,Michael,Brooks,Rain,"Sideswipe, Opposite Direction",no,no,no,no,no,False
101810806,GOODLETTSVILLE POLICE DEPT,17-38674,Davidson,Goodlettsville,11/1/2017 7:11:00 AM,2,0,0,36.298140,-86.723020,DICKERSON PKES,,,,0.00,,,DRY CREEK LN,,,,0.00,Y,Four-Way, ,Non-Junction,None,,,         ,Daniel,Knalls,Rain,Front to Rear,no,no,no,no,no,False
101810808,METROPOLITAN NASHVILLE POLICE DEPT,20170961899,Davidson,Nashville,11/1/2017 6:45:00 AM,1,0,0,36.221420,-86.871070,BRILEY PKWYN,,,,381.00,Feet,North,BRILEY PKWYS,,,,0.00,N,Not at Intersection,N,Non-Junction,None,,,         ,Jeanine,Sarno,Rain,Not Collision with Motor Vehicle in Transport,no,no,no,no,no,False
101810813,METROPOLITAN NASHVILLE POLICE DEPT,20170961997,Davidson,Nashville,11/1/2017 7:44:00 AM,2,0,0,36.101770,-86.922750,OLD HICKORY BLVD,,,,1510.00,Feet,South,BELLE VALLEY DR,,,,0.00,N,Not at Intersection, ,Non-Junction,None,,,         ,Curtis,Rich,Rain,Front to Rear,no,no,no,no,no,False
101810828,VANDERBILT UNIVERSITY POLICE,2017-0959470,Davidson,Nashville,10/31/2017 1:24:00 PM,2,0,0,36.141610,-86.800680,21ST AVS,,,,0.00,,,,,,,0.00,,, ,Non-Junction,None,,,         ,Erich,Stogner,Clear,Angle,no,no,no,yes,no,Campus
101810830,METROPOLITAN NASHVILLE POLICE DEPT,20170961933,Davidson,Nashville,11/1/2017 7:00:00 AM,2,0,0,36.202880,-86.776850,I 65,,,,0.00,,,,,,,87.10,N,Not at Intersection, ,Non-Junction,None,,,         ,Michael,McCord,Rain,Front to Rear,no,no,no,no,no,False
101810833,METROPOLITAN NASHVILLE POLICE DEPT,20170962019,Davidson,Nashville,11/1/2017 7:53:00 AM,2,0,0,36.156870,-86.618120,BELL RD,,,,314.00,Feet,East,STONES RIVER GRNWY,,,,0.00,N,Not at Intersection, ,Non-Junction,None,,,         ,Michael,Dance,Cloudy,Front to Rear,no,no,no,no,no,False
101810846,METROPOLITAN NASHVILLE POLICE DEPT,20170961945,Davidson,Nashville,11/1/2017 7:10:00 AM,2,0,0,36.193200,-86.830480,CLARKSVILLE PKE,,,,272.00,Feet,East,BUENA VISTA PKE,,,,0.00,N,Not at Intersection, ,Non-Junction,None,,,         ,Justan,Vance,Rain,Angle,no,no,no,no,no,False
101810849,METROPOLITAN NASHVILLE POLICE DEPT,20170962049,Davidson,Nashville,11/1/2017 7:53:00 AM,1,0,0,36.156640,-86.618420,BELL RD,,,,1653.00,Feet,East,BELL RD PVTDR,,,,0.00,N,Not at Intersection, ,Non-Junction,None,,,         ,Michael,Dance,Cloudy,Not Collision with Motor Vehicle in Transport,no,no,no,no,no,False
101810852,METROPOLITAN NASHVILLE POLICE DEPT,20170961897,Davidson,Nashville,11/1/2017 6:42:00 AM,2,0,0,36.117460,-86.725660,I 24,,,,0.00,,,,,,,53.10,N,Not at Intersection,N,Non-Junction,None,,,         ,Deandera,Payne,Rain,Front to Rear,no,no,no,no,no,False
101810856,GOODLETTSVILLE POLICE DEPT,17-38669,Davidson,Goodlettsville,11/1/2017 6:20:00 AM,2,1,0,36.300900,-86.711040,I 65,,,,0.00,,,,,,,95.20,N,Not at Intersection,Y,Non-Junction,None,,,         ,John,Spencer,Rain,"Sideswipe, Same Direction",no,no,no,no,no,False
101810858,METROPOLITAN NASHVILLE POLICE DEPT,20170959377,Davidson,Nashville,10/31/2017 1:19:00 PM,5,3,0,36.040260,-86.816400,OLD HICKORY BLVD,,,,0.00,,,GRANNY WHITE PKE,,,,0.00,Y,Four-Way,N,Intersection,None,,,         ,Erik,Wagner,Clear,Front to Rear,no,no,no,no,no,False
101810877,METROPOLITAN NASHVILLE POLICE DEPT,20170961984,Davidson,Nashville,11/1/2017 7:35:00 AM,2,0,0,36.090300,-86.762440,I 65,,,,0.00,,,,,,,78.40,N,Not at Intersection, ,Non-Junction,None,,,         ,Nathan,Kemp,Clear,"Sideswipe, Same Direction",no,no,no,no,no,False
101810878,METROPOLITAN NASHVILLE POLICE DEPT,20170961934,Davidson,Nashville,11/1/2017 7:11:00 AM,2,0,0,36.111420,-86.771270,I 65,,,,0.00,,,,,,,79.85,N,Not at Intersection, ,Non-Junction,None,,,         ,Nathan,Kemp,Clear,Front to Rear,no,no,no,no,no,False
101810879,METROPOLITAN NASHVILLE POLICE DEPT,20170962146,Davidson,Nashville,11/1/2017 8:47:00 AM,2,1,0,36.152970,-86.794320,BROADWAY,,,,137.00,Feet,South,17TH AVS,,,,0.00,N,Not at Intersection,N,Non-Junction,None,,,         ,Nathan,Kemp,Clear,Front to Rear,no,no,no,no,no,False
101810881,VANDERBILT UNIVERSITY POLICE,17-0962138,Davidson,Nashville,11/1/2017 8:45:00 AM,2,0,0,36.150490,-86.801230,21ST AVS,,,,0.00,,,WEST END AV,,,,0.00,Y,Four-Way, ,Intersection-Related,None,,,         ,William,Gladu,Cloudy,"Sideswipe, Same Direction",no,no,no,no,no,Campus
101810892,METROPOLITAN NASHVILLE POLICE DEPT,20170962260,Davidson,Not in City Limit,11/1/2017 9:11:00 AM,1,0,0,36.086640,-86.944930,I 40,,,,0.00,,,,,,,197.10,N,Not at Intersection, ,Non-Junction,None,,,         ,Curtis,Rich,Cloudy,Not Collision with Motor Vehicle in Transport,no,no,no,no,no,False
101810893,METROPOLITAN NASHVILLE POLICE DEPT,20170962131,Davidson,Nashville,11/1/2017 8:40:00 AM,2,1,0,36.125760,-86.730980,I 440,,,,0.00,,,,,,,7.35,N,Not at Intersection,N,Entrance/Exit Ramp Related,None,,,         ,Michael,Dudley,Rain,Front to Rear,no,no,no,no,no,False
101810895,METROPOLITAN NASHVILLE POLICE DEPT,20170962102,Davidson,Nashville,11/1/2017 8:20:00 AM,2,0,0,36.089960,-86.762830,I 65,,,,0.00,,,,,,,78.35,N,Not at Intersection,N,Non-Junction,None,,,         ,Earl,Davis,Cloudy,"Sideswipe, Same Direction",no,no,no,no,yes,False
101810907,METROPOLITAN NASHVILLE POLICE DEPT,20170962126,Davidson,Nashville,11/1/2017 8:25:00 AM,2,1,0,36.176360,-86.766020,ELLINGTON PKWYS,,,,136.00,Feet,North,SPRING ST,,,,0.00,N,Not at Intersection,N,Non-Junction,None,,,         ,Richard,Conger,Rain,Front to Rear,no,no,no,no,no,False
101810908,METROPOLITAN NASHVILLE POLICE DEPT,20170962263,Davidson,Nashville,11/1/2017 9:26:00 AM,2,0,0,36.172970,-86.689000,BRILEY PKWYN,,,,309.00,Feet,North,BRILEY PKWYS,,,,0.00,N,Not at Intersection, ,Non-Junction,None,,,         ,Michael,Dance,Cloudy,Front to Rear,no,no,no,no,no,False
101810916,METROPOLITAN NASHVILLE POLICE DEPT,20170962191,Davidson,Joelton,11/1/2017 9:04:00 AM,1,0,0,36.336220,-86.778660,UNION HILL RD,,,,341.00,Feet,North,LICKTON PKE,,,,0.00,N,Not at Intersection,N,Non-Junction,None,,,         ,Thomas,Odom,Rain,Not Collision with Motor Vehicle in Transport,no,no,no,no,no,False
101810919,METROPOLITAN NASHVILLE POLICE DEPT,20170962149,Davidson,Nashville,11/1/2017 8:30:00 AM,2,0,0,36.214320,-86.691640,BRILEY PKWY N EXT RAMP,,,,0.00,Feet,East,BRILEY PKWYN,,,,0.00,N,Not at Intersection, ,Entrance/Exit Ramp Related,None,,,         ,Scott,Toney,Rain,Front to Rear,no,no,no,no,no,False
101810921,METROPOLITAN NASHVILLE POLICE DEPT,20170961944,Davidson,Nashville,11/1/2017 6:42:00 AM,3,0,0,36.117460,-86.725660,I 24,,,,0.00,,,,,,,53.10,N,Not at Intersection,N,Non-Junction,None,,,         ,Deandera,Payne,Rain,Front to Rear,no,no,no,no,yes,False
101810923,METROPOLITAN NASHVILLE POLICE DEPT,20170962374,Davidson,Nashville,11/1/2017 10:12:00 AM,1,1,0,36.147330,-86.807980,WEST END AV,,,,154.00,Feet,East,ELLISTON PL,,,,0.00,N,Not at Intersection,N,Non-Junction,None,,,         ,Nathan,Kemp,Clear,Not Collision with Motor Vehicle in Transport,yes,no,no,yes,no,Campus
101810926,METROPOLITAN NASHVILLE POLICE DEPT,20170962243,Davidson,Nashville,11/1/2017 9:02:00 AM,2,0,0,36.044670,-86.713180,NOLENSVILLE PKE,,,,255.00,Feet,South,OLD HICKORY BLVD,,,,0.00,N,Not at Intersection,N,Non-Junction,None,,,         ,Zachary,Scott,Rain,Front to Rear,no,no,no,no,no,False
101810931,METROPOLITAN NASHVILLE POLICE DEPT,20170961973,Davidson,Nashville,11/1/2017 7:15:00 AM,2,0,0,36.104010,-86.715410,I 24,,,,0.00,,,,,,,54.25,N,Not at Intersection,N,Non-Junction,None,,,         ,Brandon,O'Guin,Rain,Front to Rear,no,no,no,no,no,False
101810936,METROPOLITAN NASHVILLE POLICE DEPT,20170962261,Davidson,Nashville,11/1/2017 9:25:00 AM,2,0,0,36.166880,-86.795500,I 40,,,,0.00,,,,,,,208.25,N,Not at Intersection, ,Non-Junction,None,,,         ,Isaac,Wood,Rain,Front to Rear,no,no,no,no,no,False
101810955,METROPOLITAN NASHVILLE POLICE DEPT,20170961995,Davidson,Nashville,11/1/2017 7:30:00 AM,2,0,0,36.097370,-86.707670,ANTIOCH PKE,,,,262.00,Feet,West,SPACE PARK SOUTH DR,,,,0.00,N,Not at Intersection, ,Non-Junction,None,,,         ,Brandon,O'Guin,Cloudy,Front to Rear,no,no,no,no,no,False
101810963,METROPOLITAN NASHVILLE POLICE DEPT,20170962128,Davidson,Nashville,11/1/2017 8:40:00 AM,2,0,0,36.111350,-86.712260,BRILEY PKWYS,,,,109.00,Feet,East,DRUMMOND DR,,,,0.00,N,Not at Intersection, ,Non-Junction,None,,,         ,James,Thomas,Cloudy,"Sideswipe, Same Direction",no,no,no,no,no,False
101810966,METROPOLITAN NASHVILLE POLICE DEPT,20170962456,Davidson,Nashville,11/1/2017 10:31:00 AM,2,0,0,36.183650,-86.610660,OLD HICKORY BLVD,,,,0.00,,,ANDREW JACKSON PKWY,,,,0.00,Y,Four-Way, ,Intersection,None,,,         ,Cassandra,Del Bosco,Cloudy,Front to Rear,no,no,no,no,no,False
101810967,METROPOLITAN NASHVILLE POLICE DEPT,20170961955,Davidson,Nashville,11/1/2017 6:47:00 AM,1,0,0,36.218740,-86.872000,BRILEY PKWYS,,,,158.00,Feet,South,BRILEY PKWYN,,,,0.00,N,Not at Intersection,N,Non-Junction,None,,,         ,Ronald,Bright,Rain,Not Collision with Motor Vehicle in Transport,no,no,no,no,no,False
101810989,METROPOLITAN NASHVILLE POLICE DEPT,20170962070,Davidson,Nashville,11/1/2017 7:47:00 AM,2,0,0,36.080320,-86.723460,HARDING PL,,,,46.00,Feet,West,HARDING MALL DR,,,,0.00,N,Not at Intersection, ,Non-Junction,None,,,         ,Brandon,O'Guin,Cloudy,Front to Rear,no,no,no,no,no,False
101810996,METROPOLITAN NASHVILLE POLICE DEPT,20170962594,Davidson,Nashville,11/1/2017 11:44:00 AM,3,1,0,36.159720,-86.796010,CHARLOTTE AV,,,,55.00,Feet,East,MCMILLIN ST,,,,0.00,N,Not at Intersection,N,Non-Junction,None,,,         ,Nathan,Kemp,Clear,Front to Rear,no,no,no,no,no,False
101810998,METROPOLITAN NASHVILLE POLICE DEPT,20170962598,Davidson,Nashville,11/1/2017 11:00:00 AM,2,0,0,36.141270,-86.731840,I 40,,,,0.00,,,,,,,213.00,N,Not at Intersection,N,Non-Junction,None,,,         ,Ronald,Bright,Cloudy,"Sideswipe, Same Direction",no,no,no,no,yes,False
101811005,METROPOLITAN NASHVILLE POLICE DEPT,20170962539,Davidson,Nashville,11/1/2017 11:29:00 AM,2,0,0,36.136200,-86.876820,HILLWOOD BLVD,,,,0.00,,,FLEETWOOD DR,,,,0.00,Y,Four-Way, ,Intersection,None,,,         ,Curtis,Rich,Cloudy,Front to Rear,no,no,no,no,no,False
101811006,METROPOLITAN NASHVILLE POLICE DEPT,2017-0962581,Davidson,Nashville,11/1/2017 11:30:00 AM,2,0,0,36.188020,-86.608470,OLD LEBANON DIRT RD,,,,208.00,Feet,West,ANDREW JACKSON PKWY,,,,0.00,N,Not at Intersection, ,,None,,,         ,Calvin,Graham,,,no,no,no,no,no,False
101811007,METROPOLITAN NASHVILLE POLICE DEPT,20170962473,Davidson,Nashville,11/1/2017 10:49:00 AM,1,0,0,36.159630,-86.643000,STEWARTS FERRY PKE,,,,131.00,Feet,East,HICKORY HILL CT,,,,0.00,N,Not at Intersection,N,Non-Junction,None,,,         ,James,Curtis,Cloudy,Not Collision with Motor Vehicle in Transport,no,no,no,no,no,False
101811008,METROPOLITAN NASHVILLE POLICE DEPT,20170962587,Davidson,Nashville,11/1/2017 11:43:00 AM,1,0,0,36.145930,-86.653440,MCCRORY CREEK RD,,,,974.00,Feet,North,ELM HILL PKE,,,,0.00,N,Not at Intersection,N,Non-Junction,None,,,         ,James,Curtis,Cloudy,Not Collision with Motor Vehicle in Transport,no,no,no,no,no,False
101811012,METROPOLITAN NASHVILLE POLICE DEPT,20170961891,Davidson,Nashville,11/1/2017 6:49:00 AM,2,0,0,36.142410,-86.709950,I 40,,,,0.00,,,,,,,214.20,N,Not at Intersection, ,Non-Junction,None,,,         ,James,Curtis,Cloudy,Front to Rear,no,no,no,no,no,False
101811043,METROPOLITAN NASHVILLE POLICE DEPT,20170962221,Davidson,Nashville,11/1/2017 9:01:00 AM,2,0,0,36.087220,-86.692730,HARDING PL,,,,170.00,Feet,West,ANTIOCH PKE,,,,0.00,N,Not at Intersection,N,Non-Junction,None,,,         ,Brandon,O'Guin,Cloudy,Angle,no,no,no,no,no,False
101811054,METROPOLITAN NASHVILLE POLICE DEPT,20170962625,Davidson,Nashville,11/1/2017 11:34:00 AM,2,0,0,36.166080,-86.766150,SHELBY AV,,,,120.00,Feet,West,INTERSTATE DR,,,,0.00,N,Not at Intersection, ,Non-Junction,None,,,         ,Richard,Conger,Cloudy,Not Collision with Motor Vehicle in Transport,no,no,no,no,no,False
101811058,METROPOLITAN NASHVILLE POLICE DEPT,20170962633,Davidson,Nashville,11/1/2017 11:53:00 AM,2,0,0,36.172800,-86.769490,I 24,,,,0.00,,,,,,,48.25,N,Not at Intersection,Y,Entrance/Exit Ramp Related,Construction Zone,Work On Shoulder Or Median,Activity Area,         ,Ronald,Bright,Cloudy,"Sideswipe, Same Direction",no,no,no,no,no,False
101811059,METROPOLITAN NASHVILLE POLICE DEPT,20170962576,Davidson,Nashville,11/1/2017 12:00:00 AM,2,0,0,36.170400,-86.749530,S 12TH ST,,,,245.00,Feet,South,SHELBY AV,,,,0.00,N,Not at Intersection, ,Non-Junction,None,,,         ,Russell,Jones,Unknown,"Sideswipe, Same Direction",no,no,no,no,yes,False
101811068,METROPOLITAN NASHVILLE POLICE DEPT,20170961968,Davidson,Nashville,11/1/2017 7:24:00 AM,3,0,0,36.048230,-86.866080,OLD HICKORY BLVD,,,,73.00,Feet,East,CHICKERING WOOD DR,,,,0.00,N,Not at Intersection,N,Non-Junction,None,,,         ,Phillip,Murphy,Rain,Front to Rear,no,no,no,no,no,False
101811076,METROPOLITAN NASHVILLE POLICE DEPT,20170962806,Davidson,Nashville,11/1/2017 1:04:00 PM,2,0,0,36.131100,-86.778750,8TH AVS,,,,229.00,Feet,North,PRENTICE AV,,,,0.00,N,Not at Intersection, ,Non-Junction,None,,,         ,Nathan,Kemp,Clear,Front to Rear,no,no,no,no,no,False
101811077,METROPOLITAN NASHVILLE POLICE DEPT,20170962268,Davidson,Nashville,11/1/2017 9:29:00 AM,2,0,0,36.204580,-86.748390,E TRINITY LN,,,,0.00,,,AMBROSE AV,,,,0.00,Y,T-Intersection, ,Intersection-Related,None,,,         ,Richard,Conger,Cloudy,Angle,no,no,no,no,no,False
101811087,METROPOLITAN NASHVILLE POLICE DEPT,20170962726,Davidson,Nashville,11/1/2017 12:44:00 PM,2,0,0,36.152680,-86.829540,CHARLOTTE AV,,,,205.00,Feet,West,37TH AVN,,,,0.00,N,Not at Intersection, ,Non-Junction,None,,,         ,Curtis,Rich,Cloudy,Angle,no,no,no,no,no,False
101811115,METROPOLITAN NASHVILLE POLICE DEPT,20170962742,Davidson,Nashville,11/1/2017 12:35:00 PM,2,0,0,36.218150,-86.803480,WHITES CREEK PKE,,,,0.00,,,MOORMANS ARM RD,,,,0.00,Y,T-Intersection,Y,Intersection-Related,None,,,         ,Justan,Vance,Cloudy,Other,no,no,no,no,yes,False
101811131,METROPOLITAN NASHVILLE POLICE DEPT,20170961886,Davidson,Goodlettsville,11/1/2017 6:15:00 AM,2,1,0,36.302750,-86.691850,RIVERGATE MARKETPLACE PVTDR,,,,0.00,,,GALLATIN PKEN,,,,0.00,Y,Four-Way,Y,Intersection,None,,,         ,Brandon,Wood,Rain,Angle,no,no,no,no,no,False
101811132,METROPOLITAN NASHVILLE POLICE DEPT,20170962880,Davidson,Nashville,11/1/2017 1:28:00 PM,2,0,0,36.046460,-86.713390,NOLENSVILLE PKE,,,,401.00,Feet,North,OLD HICKORY BLVD,,,,0.00,N,Not at Intersection,N,Non-Junction,None,,,         ,Darren,White,Cloudy,Angle,no,no,no,no,no,False
101811136,METROPOLITAN NASHVILLE POLICE DEPT,20170962779,Davidson,Nashville,11/1/2017 12:55:00 PM,2,0,0,36.206820,-86.777880,BRICK CHURCH PKE,,,,73.00,Feet,North,W TRINITY LN,,,,0.00,N,Not at Intersection, ,,None,,,         ,Brandon,Evans,,,no,no,no,no,no,False
101811137,METROPOLITAN NASHVILLE POLICE DEPT,20170962778,Davidson,Nashville,11/1/2017 12:50:00 PM,3,2,0,36.132040,-86.629090,BELL RD,,,,246.00,Feet,South,HARBORWOOD DR,,,,0.00,N,Not at Intersection,N,Non-Junction,None,,,         ,Scott,Toney,Cloudy,Front to Rear,no,no,no,no,no,False
101811149,METROPOLITAN NASHVILLE POLICE DEPT,20170962805,Davidson,Nashville,11/1/2017 1:00:00 PM,2,1,0,36.151700,-86.860930,I 40,,,,0.00,,,,,,,203.80,N,Not at Intersection,N,Non-Junction,None,,,         ,Gregory,McDaniel,Cloudy,Front to Rear,no,no,no,no,no,False
101811152,METROPOLITAN NASHVILLE POLICE DEPT,20170962619,Davidson,Goodlettsville,11/1/2017 11:55:00 AM,2,1,0,36.305910,-86.693820,RIVERGATE MALL PVTDR,,,,0.00,,,CONFERENCE DR,,,,0.00,Y,T-Intersection,N,Intersection-Related,None,,,         ,Michael,Watkins,Cloudy,Front to Rear,no,no,no,no,yes,False
101811153,TENNESSEE STATE UNIVERSITY ,17-TSU-81142,Davidson,Nashville,11/1/2017 1:08:00 PM,2,0,0,36.164750,-86.826390,33RD AVN,,,,0.00,,,ALAMEDA ST,,,,0.00,Y,OTHER, ,Non-Junction,None,,,         ,Harold,Taylor,Clear,Rear to Side,no,no,no,yes,no,False
101811154,METROPOLITAN NASHVILLE POLICE DEPT,20170962042,Davidson,Nashville,11/1/2017 8:06:00 AM,2,1,0,36.153370,-86.732610,LEBANON PKE,,,,2096.00,Feet,East,OMOHUNDRO PL,,,,0.00,N,Not at Intersection,N,Non-Junction,None,,,         ,James,Curtis,Cloudy,"Sideswipe, Same Direction",no,no,no,no,no,False
101811158,METROPOLITAN NASHVILLE POLICE DEPT,20170962959,Davidson,Nashville,11/1/2017 1:56:00 PM,2,0,0,36.217780,-86.759820,BRUNSWICK DR,,,,213.00,Feet,East,ALHAMBRA CIR,,,,0.00,N,Not at Intersection, ,Non-Junction,None,,,         ,Richard,Conger,Cloudy,Rear to Side,no,no,no,no,no,False
101811160,METROPOLITAN NASHVILLE POLICE DEPT,20170962750,Davidson,Nashville,11/1/2017 12:46:00 PM,2,0,0,36.145930,-86.653440,MCCRORY CREEK RD,,,,974.00,Feet,North,ELM HILL PKE,,,,0.00,N,Not at Intersection, ,,None,,,         ,James,Curtis,,,no,no,no,no,no,False
101811171,METROPOLITAN NASHVILLE POLICE DEPT,20170962934,Davidson,Nashville,11/1/2017 1:39:00 PM,2,0,0,36.046610,-86.673930,BLUE HOLE RD,,,,340.00,Feet,North,BELL RD,,,,0.00,N,Not at Intersection, ,Non-Junction,None,,,         ,Brandon,O'Guin,Clear,Front to Rear,no,no,no,no,no,False
101811172,METROPOLITAN NASHVILLE POLICE DEPT,20170962312,Davidson,Nashville,11/1/2017 10:00:00 AM,2,0,0,36.103650,-86.729620,SOUTHLAKE DR,,,,73.00,Feet,West,HOLBROOK DR,,,,0.00,N,Not at Intersection,N,Non-Junction,None,,,         ,Jessie,Meadows,Rain,"Sideswipe, Opposite Direction",no,no,no,no,no,False
101811173,METROPOLITAN NASHVILLE POLICE DEPT,20170962346,Davidson,Nashville,11/1/2017 10:10:00 AM,1,0,0,36.103650,-86.729620,SOUTHLAKE DR,,,,73.00,Feet,West,HOLBROOK DR,,,,0.00,N,Not at Intersection,N,Non-Junction,None,,,         ,Jessie,Meadows,Rain,Not Collision with Motor Vehicle in Transport,no,no,no,no,no,False
101811174,METROPOLITAN NASHVILLE POLICE DEPT,20170962595,Davidson,Nashville,11/1/2017 11:39:00 AM,2,0,0,36.074520,-86.724760,NOLENSVILLE PKE,,,,175.00,Feet,North,GOINS RD,,,,0.00,N,Not at Intersection, ,Non-Junction,None,,,         ,Jessie,Meadows,Clear,Front to Rear,no,no,no,no,no,False