master_record_number,agency,agency_tracking_number,county,city,collision_date,vehicles_involved,number_injured,number_dead,latitude,longitude,roadway_name,roadway_suffix,roadway_number,roadway_local_id,distance_from_reference,miles-feet_indicator,direction_from_reference,intersection_road_name,intersection_road_name_suffix,intersection_road_number,intersection_local_id,mile_marker,intersection_indicator,intersect_type,interchange_related_indicator,relation_to_junction,work_zone_type,construction_maintenance_zone,construction_maintenance_zone_location,fatal_case_number,officer_first_name,officer_last_name,weather_condition(s),manner_of_crash,pedestrian,bicycle,scooter,parking,hitrun,mou
101812030,METROPOLITAN NASHVILLE POLICE DEPT,20170966047,Davidson,Nashville,11/2/2017 11:21:00 AM,2,0,0,36.069080,-86.720170,NOLENSVILLE PKE,,,,349.00,Feet,East,TAYLOR RD,,,,0.00,N,Not at Intersection,N,Non-Junction,None,,,         ,Jessie,Meadows,Clear,Angle,no,no,no,no,no,False
101812064,METROPOLITAN NASHVILLE POLICE DEPT,20170966125,Davidson,Nashville,11/2/2017 12:00:00 PM,2,2,0,36.139690,-86.881270,ANNEX AV,,,,307.00,Feet,North,HILLWOOD BLVD,,,,0.00,N,Not at Intersection,N,Non-Junction,None,,,         ,Curtis,Rich,Cloudy,Angle,no,no,no,no,no,False
101812076,METROPOLITAN NASHVILLE POLICE DEPT,20170965463,Davidson,Nashville,11/2/2017 7:45:00 AM,2,0,0,36.082860,-86.688620,ANTIOCH PKE,,,,250.00,Feet,South,EZELL PKE,,,,0.00,N,Not at Intersection, ,,None,,,         ,David,Smith,,,no,no,no,no,no,False
101812121,METROPOLITAN NASHVILLE POLICE DEPT,20170966174,Davidson,Nashville,11/2/2017 12:01:00 PM,1,0,0,36.197360,-86.776220,I 65,,,,0.00,,,,,,,86.70,N,Not at Intersection,N,Non-Junction,None,,,         ,Ronald,Bright,Cloudy,Not Collision with Motor Vehicle in Transport,no,no,no,no,no,False
101812128,METROPOLITAN NASHVILLE POLICE DEPT,20170966077,Davidson,Nashville,11/2/2017 11:30:00 AM,2,2,0,36.207920,-86.777750,BRICK CHURCH PKE,,,,7.00,Feet,South,I65 S EXT RAMP,,,,0.00,N,Not at Intersection,N,Entrance/Exit Ramp Related,None,,,         ,Michael,McCord,Cloudy,Angle,no,no,no,no,no,False
101812133,METROPOLITAN NASHVILLE POLICE DEPT,20170966122,Davidson,Nashville,11/2/2017 12:00:00 AM,2,0,0,36.166190,-86.765770,I24 E EXT RAMP,,,,0.00,,,I 24,,,,0.00,Y,Four-Way,N,Intersection,None,,,         ,Daniel,Russett,Clear,HeadOn,no,no,no,no,no,False
101812154,METROPOLITAN NASHVILLE POLICE DEPT,2017-0965924,Davidson,Nashville,11/2/2017 10:15:00 AM,1,1,0,36.134690,-86.783720,WEDGEWOOD AV,,,,109.00,Feet,East,HILLSIDE AV,,,,0.00,N,Not at Intersection,N,"Driveway, Alley Access, etc",None,,,         ,Jonathan,Seidl,Cloudy,Not Collision with Motor Vehicle in Transport,no,yes,no,no,yes,False
101812170,BERRY HILL POLICE DEPT,17-3735,Davidson,Berry Hill,11/2/2017 11:55:00 AM,2,0,0,36.120090,-86.775010,FRANKLIN PKE,,,,0.00,,,GALE LN,,,,0.00,Y,OTHER, ,Non-Junction,None,,,         ,Ronnie,Hill,Cloudy,"Sideswipe, Same Direction",no,no,no,no,no,False
101812171,METROPOLITAN NASHVILLE POLICE DEPT,20170965682,Davidson,Nashville,11/2/2017 8:48:00 AM,2,0,0,36.041140,-86.776210,OLD HICKORY BLVD,,,,0.00,,,BRENTWOOD COMMONS WAY,,,,0.00,Y,Four-Way,N,Intersection,None,,,         ,Nathan,Kemp,Clear,Angle,no,no,no,no,no,False
101812172,METROPOLITAN NASHVILLE POLICE DEPT,20170965837,Davidson,Nashville,11/2/2017 12:00:00 AM,2,0,0,36.057360,-86.739090,BEECH GROVE WAY,,,,465.00,Feet,North,HAMDEN DR,,,,0.00,N,Not at Intersection,N,Non-Junction,None,,,         ,Nathan,Kemp,Clear,Front to Rear,no,no,no,yes,yes,False
101812173,METROPOLITAN NASHVILLE POLICE DEPT,20170966105,Davidson,Nashville,11/2/2017 11:35:00 AM,2,0,0,36.127790,-86.794430,BELMONT BLVD,,,,0.00,,,LINDEN AV,,,,0.00,Y,T-Intersection, ,Intersection-Related,None,,,         ,Nathan,Kemp,Clear,Front to Rear,no,no,no,no,no,False
101812188,METROPOLITAN NASHVILLE POLICE DEPT,20170966254,Davidson,Nashville,11/2/2017 12:38:00 PM,2,0,0,36.054990,-86.642170,ZELIDA AV,,,,69.00,Feet,East,BELL RD,,,,0.00,N,Not at Intersection, ,Non-Junction,None,,,         ,Jessie,Meadows,Clear,Front to Rear,no,no,no,no,no,False
101812189,METROPOLITAN NASHVILLE POLICE DEPT,20170966402,Davidson,Nashville,11/2/2017 1:44:00 PM,2,0,0,36.128830,-86.816320,I 440,,,,0.00,,,,,,,2.10,N,Not at Intersection, ,Non-Junction,None,,,         ,Curtis,Rich,Cloudy,Angle,no,no,no,no,no,False
101812190,METROPOLITAN NASHVILLE POLICE DEPT,20170966173,Davidson,Nashville,11/2/2017 12:12:00 PM,1,1,0,36.160920,-86.702100,LEBANON PKE,,,,375.00,Feet,North,QUINN CIR,,,,0.00,N,Not at Intersection,N,Non-Junction,None,,,         ,James,Curtis,Cloudy,Not Collision with Motor Vehicle in Transport,no,no,no,no,no,False
101812203,METROPOLITAN NASHVILLE POLICE DEPT,20170966321,Davidson,Nashville,11/2/2017 1:19:00 PM,2,0,0,36.215790,-86.775320,I 65,,,,0.00,,,,,,,88.00,N,Not at Intersection,N,Non-Junction,None,,,         ,Michael,McCord,Cloudy,Front to Rear,no,no,no,no,yes,False
101812205,METROPOLITAN NASHVILLE POLICE DEPT,20170966233,Davidson,Nashville,11/2/2017 12:44:00 PM,2,0,0,36.165860,-86.776290,GAY ST,,,,58.00,Feet,North,DOWNTOWN GRNWY,,,,0.00,N,Not at Intersection, ,Non-Junction,None,,,         ,Kevin,Johnson,Clear,Rear to Side,no,no,no,no,no,False
101812223,METROPOLITAN NASHVILLE POLICE DEPT,20170966251,Davidson,Not in City Limit,11/2/2017 12:40:00 PM,2,0,0,36.280890,-86.755160,HUNTERS LN,,,,525.00,Feet,North,DALEMERE DR,,,,0.00,N,Not at Intersection,N,Non-Junction,None,,,         ,Michael,Watkins,Cloudy,"Sideswipe, Opposite Direction",no,no,no,yes,yes,False
101812311,METROPOLITAN NASHVILLE POLICE DEPT,20170965669,Davidson,Not in City Limit,11/2/2017 9:07:00 AM,2,1,0,36.269260,-86.755740,OLD HICKORY BLVDW,,,,0.00,Feet,,DICKERSON PKE,,,,0.00,Y,Four-Way,N,Intersection,None,,,         ,Cyretha,Frazier,Cloudy,HeadOn,no,no,no,no,yes,False
101812339,METROPOLITAN NASHVILLE POLICE DEPT,20170964001,Davidson,Nashville,11/1/2017 8:49:00 PM,2,1,0,36.155550,-86.786810,12TH AVS,,,,0.00,,,MCGAVOCK ST,,,,0.00,Y,Four-Way,N,Intersection,None,,,         ,Michael,Douglas,Rain,Angle,no,no,no,no,no,False
101812340,METROPOLITAN NASHVILLE POLICE DEPT,20170966606,Davidson,Nashville,11/2/2017 3:15:00 PM,2,0,0,36.042450,-86.712940,SWISS AV,,,,0.00,,,NOLENSVILLE PKE,,,,0.00,Y,Four-Way, ,Intersection,None,,,         ,Nicholas,Berens,Cloudy,Front to Rear,no,no,no,no,no,False
101812344,METROPOLITAN NASHVILLE POLICE DEPT,20170966514,Davidson,Nashville,11/2/2017 2:48:00 PM,2,0,0,36.148980,-86.667180,ELM HILL PKE,,,,134.00,Feet,East,NELSON PL,,,,0.00,N,Not at Intersection,N,Non-Junction,None,,,         ,Wesley,Young,Clear,"Sideswipe, Same Direction",no,no,no,no,yes,False
101812352,METROPOLITAN NASHVILLE POLICE DEPT,20170966675,Davidson,Nashville,11/2/2017 4:00:00 PM,2,0,0,36.092450,-86.705280,I 24,,,,0.00,,,,,,,55.20,N,Not at Intersection, ,,None,,,         ,Jessie,Meadows,,,no,no,no,no,no,False
101812366,METROPOLITAN NASHVILLE POLICE DEPT,20170966766,Davidson,Nashville,11/2/2017 12:00:00 AM,2,0,0,36.168350,-86.795980,MORRISON ST,,,,320.00,Feet,East,11TH AVN,,,,0.00,N,Not at Intersection, ,Non-Junction,None,,,         ,Melvin,Taylor,Clear,"Sideswipe, Opposite Direction",no,no,no,no,yes,False
101812371,METROPOLITAN NASHVILLE POLICE DEPT,20170966720,Davidson,Nashville,11/2/2017 4:03:00 PM,2,1,0,36.140780,-86.727220,I 40,,,,0.00,,,,,,,213.30,N,Not at Intersection,N,Non-Junction,None,,,         ,Samuel,Sundra,Cloudy,Front to Rear,no,no,no,no,no,False
101812383,METROPOLITAN NASHVILLE POLICE DEPT,20170966613,Davidson,Nashville,11/2/2017 3:19:00 PM,2,4,0,36.135620,-86.801000,21ST AVS,,,,0.00,,,ACKLEN AV,,,,0.00,Y,T-Intersection,N,Non-Junction,None,,,         ,Melissa,Flores,Clear,Angle,no,no,no,no,no,Campus
101812411,METROPOLITAN NASHVILLE POLICE DEPT,20170966811,Davidson,Nashville,11/2/2017 4:25:00 PM,2,0,0,36.155650,-86.789720,14TH AVN,,,,0.00,,,BROADWAY,,,,0.00,Y,Four-Way, ,Non-Junction,None,,,         ,David,Collins,Cloudy,"Sideswipe, Same Direction",no,no,no,no,yes,False
101812417,METROPOLITAN NASHVILLE POLICE DEPT,20170966595,Davidson,Nashville,11/2/2017 2:53:00 PM,2,0,0,36.232720,-86.624840,OLD HICKORY BLVD,,,,159.00,Feet,North,SHUTE LN,,,,0.00,N,Not at Intersection,N,Non-Junction,None,,,         ,Adam,Nicholson,Clear,Front to Rear,no,no,no,no,no,False
101812419,METROPOLITAN NASHVILLE POLICE DEPT,20170966773,Davidson,Nashville,11/2/2017 4:18:00 PM,2,1,0,36.077720,-86.911180,HIGHWAY 70S,,,,133.00,Feet,West,WINDSOR TERRACE DR,,,,0.00,N,Not at Intersection,N,Non-Junction,None,,,         ,Brandon,Pedigo,Cloudy,Front to Rear,no,no,no,no,no,False
101812439,METROPOLITAN NASHVILLE POLICE DEPT,20170966726,Davidson,Nashville,11/2/2017 4:00:00 PM,1,1,0,36.184530,-86.748050,GALLATIN AV,,,,64.00,Feet,South,CHICAMAUGA AV,,,,0.00,N,Not at Intersection,N,Non-Junction,None,,,         ,Meghan,Pope,Clear,Not Collision with Motor Vehicle in Transport,yes,no,no,yes,yes,False
101812461,METROPOLITAN NASHVILLE POLICE DEPT,20170966792,Davidson,Nashville,11/2/2017 2:20:00 PM,2,0,0,36.148360,-86.777070,I 40,,,,0.00,,,,,,,210.00,N,Not at Intersection,N,Non-Junction,None,,,         ,Gregory,Scott,Clear,Front to Rear,no,no,no,no,yes,False
101812468,METROPOLITAN NASHVILLE POLICE DEPT,20170966833,Davidson,Goodlettsville,11/2/2017 4:07:00 PM,2,0,0,36.302280,-86.692520,GALLATIN PKEN,,,,79.00,Feet,East,RIVERGATE MALL PVTDR,,,,0.00,N,Not at Intersection, ,Non-Junction,None,,,         ,Rodney,Phipps,Cloudy,"Sideswipe, Same Direction",no,no,no,no,no,False
101812471,GOODLETTSVILLE POLICE DEPT,17-38880,Davidson,Goodlettsville,11/2/2017 5:05:00 PM,2,1,0,36.313430,-86.714430,S MAIN ST,,,,77.00,Feet,North,SHEVEL DR,,,,0.00,N,Not at Intersection,N,Non-Junction,None,,,         ,Rico,Jones,Clear,Angle,no,no,no,no,no,False
101812473,METROPOLITAN NASHVILLE POLICE DEPT,20170966543,Davidson,Nashville,11/2/2017 2:54:00 PM,3,0,0,36.129530,-86.816790,I 440,,,,0.00,,,,,,,2.00,N,Not at Intersection,N,Non-Junction,None,,,         ,Walter,Gray II,Cloudy,Front to Rear,no,no,no,no,no,False
101812474,METROPOLITAN NASHVILLE POLICE DEPT,20170966707,Davidson,Nashville,11/2/2017 3:08:00 PM,2,1,0,36.108170,-86.827590,ABBOTT MARTIN RD,,,,50.00,Feet,East,SUGARTREE PL,,,,0.00,N,Not at Intersection,N,Non-Junction,None,,,         ,Walter,Gray II,Cloudy,Front to Rear,no,no,no,no,no,False
101812480,METROPOLITAN NASHVILLE POLICE DEPT,20170966841,Davidson,Nashville,11/2/2017 5:00:00 PM,2,0,0,36.081680,-86.726980,NOLENSVILLE PKE,,,,347.00,Feet,South,WELSHWOOD DR,,,,0.00,N,Not at Intersection, ,Non-Junction,None,,,         ,Jessie,Meadows,Clear,"Sideswipe, Same Direction",no,no,no,no,no,False
101812483,METROPOLITAN NASHVILLE POLICE DEPT,20170966970,Davidson,Nashville,11/2/2017 5:22:00 PM,2,0,0,36.161900,-86.786860,10TH AVN,,,,448.00,Feet,West,YMCA WAY,,,,0.00,N,Not at Intersection, ,Non-Junction,None,,,         ,Joshua,Hausman,Clear,Front to Rear,no,no,no,no,no,False
101812484,METROPOLITAN NASHVILLE POLICE DEPT,20170966865,Davidson,Nashville,11/2/2017 4:50:00 PM,2,0,0,36.154990,-86.779340,8TH AVS,,,,67.00,Feet,West,KOREAN VETERANS BLVD,,,,0.00,N,Not at Intersection, ,,None,,,         ,Gregory,Scott,,,no,no,no,no,no,False
101812485,METROPOLITAN NASHVILLE POLICE DEPT,20170966839,Davidson,Nashville,11/2/2017 4:32:00 PM,2,0,0,36.147300,-86.757920,LAFAYETTE ST,,,,0.00,,,FAIRFIELD AV,,,,0.00,Y,Four-Way,N,Intersection,None,,,         ,Alyson,Cook,Clear,HeadOn,no,no,no,no,no,False
101812491,METROPOLITAN NASHVILLE POLICE DEPT,20170967002,Davidson,Nashville,11/2/2017 5:48:00 PM,1,1,0,36.134460,-86.788910,12TH AVS,,,,0.00,,,ACKLEN AV,,,,0.00,Y,T-Intersection,N,Non-Junction,None,,,         ,David,Collins,Cloudy,Not Collision with Motor Vehicle in Transport,yes,no,no,no,no,False
101812495,METROPOLITAN NASHVILLE POLICE DEPT,20170966896,Davidson,Nashville,11/2/2017 12:00:00 AM,2,0,0,36.187460,-86.794680,I 65,,,,0.00,,,,,,,85.40,N,Not at Intersection, ,Non-Junction,None,,,         ,Melvin,Taylor,Clear,Front to Rear,no,no,no,no,no,False
101812496,METROPOLITAN NASHVILLE POLICE DEPT,20170967090,Davidson,Not in City Limit,11/2/2017 12:00:00 AM,1,0,0,36.275310,-86.875210,OLD HICKORY BLVD,,,,145.00,Feet,North,CARNEY RD,,,,0.00,N,Not at Intersection, ,Non-Junction,None,,,         ,Melvin,Taylor,Clear,Not Collision with Motor Vehicle in Transport,no,no,no,no,no,False
101812499,METROPOLITAN NASHVILLE POLICE DEPT,20170967140,Davidson,Nashville,11/2/2017 5:47:00 PM,2,0,0,36.235900,-86.705410,BRILEY PKWYW,,,,404.00,Feet,South,BRILEY PKWYE,,,,0.00,N,Not at Intersection,N,Non-Junction,None,,,         ,Samuel,Miller,Cloudy,"Sideswipe, Same Direction",no,no,no,no,yes,False
101812502,METROPOLITAN NASHVILLE POLICE DEPT,20170967097,Davidson,Nashville,11/2/2017 5:18:00 PM,2,0,0,36.116840,-86.787000,LEALAND LN,,,,0.00,,,GALE LN,,,,0.00,Y,Four-Way,Y,Intersection,None,,,         ,Austin,Kendrick,Clear,Angle,no,no,no,no,no,False
101812505,METROPOLITAN NASHVILLE POLICE DEPT,20170967086,Davidson,Nashville,11/2/2017 6:21:00 PM,2,0,0,36.113080,-86.922850,OLD HICKORY BLVD,,,,250.00,Feet,North,I40 W EXT RAMP,,,,0.00,N,Not at Intersection,N,"Driveway, Alley Access, etc",None,,,         ,Walter,Gray II,Cloudy,Angle,no,no,no,no,yes,False
101812526,METROPOLITAN NASHVILLE POLICE DEPT,20170967077,Davidson,Nashville,11/2/2017 6:04:00 PM,2,0,0,36.157880,-86.781440,MCGAVOCK ST,,,,0.00,,,8TH AVS,,,,0.00,Y,Four-Way, ,Intersection,Construction Zone,,,         ,Jacob,Dick,Cloudy,"Sideswipe, Same Direction",no,no,no,no,no,False
101812528,VANDERBILT UNIVERSITY POLICE,17-0966995,Davidson,Nashville,11/2/2017 5:32:00 PM,2,0,0,36.143230,-86.804700,GARLAND AV,,,,0.00,,,24TH AVS,,,,0.00,Y,T-Intersection, ,Intersection,None,,,         ,Cameron,Hoppe,Clear,"Sideswipe, Opposite Direction",no,no,no,no,no,Campus
101812531,METROPOLITAN NASHVILLE POLICE DEPT,20170966786,Davidson,Nashville,11/2/2017 4:28:00 PM,4,2,0,36.134470,-86.764760,RAINS AV,,,,231.00,Feet,North,BYRUM AV,,,,0.00,N,Not at Intersection,N,Non-Junction,None,,,         ,Tien,Nguyen,Cloudy,"Sideswipe, Same Direction",no,no,no,no,no,False
101812537,METROPOLITAN NASHVILLE POLICE DEPT,20170967073,Davidson,Nashville,11/2/2017 6:16:00 PM,2,0,0,36.067470,-86.631160,FOREST VIEW DR,,,,34.00,Feet,East,MURFREESBORO PKE,,,,0.00,N,Not at Intersection,N,Non-Junction,None,,,         ,Pamela,Caulder,Clear,Angle,no,no,no,no,no,False
101812548,METROPOLITAN NASHVILLE POLICE DEPT,20170967243,Davidson,Not in City Limit,11/2/2017 6:31:00 PM,1,0,0,36.284500,-86.746500,DICKERSON PKES,,,,85.00,Feet,North,CUNNIFF PKWY,,,,0.00,N,Not at Intersection,N,Non-Junction,None,,,         ,Rodney,Phipps,Cloudy,Not Collision with Motor Vehicle in Transport,no,no,no,no,no,False
101812553,METROPOLITAN NASHVILLE POLICE DEPT,20170967146,Davidson,Nashville,11/2/2017 6:44:00 PM,1,1,0,36.144040,-86.748090,MURFREESBORO PKE,,,,154.00,Feet,West,PARRIS AV,,,,0.00,N,Not at Intersection,N,Non-Junction,None,,,         ,Alyson,Cook,Clear,Not Collision with Motor Vehicle in Transport,yes,no,no,no,no,False
101812554,METROPOLITAN NASHVILLE POLICE DEPT,20170967190,Davidson,Nashville,11/2/2017 6:23:00 PM,1,0,0,36.218150,-86.803480,WHITES CREEK PKE,,,,0.00,Feet,,MOORMANS ARM RD,,,,0.00,Y,T-Intersection, ,Intersection,None,,,         ,Roy,Sain Jr.,Cloudy,Not Collision with Motor Vehicle in Transport,no,no,no,no,no,False
101812558,METROPOLITAN NASHVILLE POLICE DEPT,20170966817,Davidson,Nashville,11/2/2017 4:40:00 PM,2,1,0,36.174660,-86.806460,COCKRILL ST,,,,67.00,Feet,East,17TH AVN,,,,0.00,N,Not at Intersection,N,Non-Junction,None,,,         ,Landon,Bagwell,Cloudy,Front to Rear,no,no,no,no,no,False
101812561,METROPOLITAN NASHVILLE POLICE DEPT,20170967236,Davidson,Not in City Limit,11/2/2017 7:01:00 PM,2,0,0,36.045340,-86.950510,TEMPLE RD,,,,50.00,Feet,South,HIGHWAY 100,,,,0.00,N,Not at Intersection, ,Non-Junction,None,,,         ,Walter,Gray II,Cloudy,"Sideswipe, Same Direction",no,no,no,no,no,False
101812562,METROPOLITAN NASHVILLE POLICE DEPT,20170967128,Davidson,Nashville,11/2/2017 6:30:00 PM,2,0,0,36.154370,-86.759780,I 40,,,,0.00,,,,,,,211.00,N,Not at Intersection, ,,None,,,         ,Jonathan,Cavezza,,,no,no,no,no,no,False
101812570,METROPOLITAN NASHVILLE POLICE DEPT,20170966782,Davidson,Nashville,11/2/2017 4:25:00 PM,2,0,0,36.136390,-86.760590,MOORE AV,,,,0.00,,,NOLENSVILLE PKE,,,,0.00,Y,Four-Way,N,Intersection,None,,,         ,Hillary,Sherman,Cloudy,HeadOn,no,no,no,no,no,False
101812597,METROPOLITAN NASHVILLE POLICE DEPT,20170967131,Davidson,Nashville,11/2/2017 6:16:00 PM,2,0,0,36.160350,-86.760500,I 24,,,,0.00,,,,,,,49.45,N,Not at Intersection,N,Non-Junction,None,,,         ,Samuel,Sundra,Cloudy,Front to Rear,no,no,no,no,yes,False
101812598,METROPOLITAN NASHVILLE POLICE DEPT,20170967194,Davidson,Nashville,11/2/2017 6:59:00 PM,2,1,0,36.183820,-86.748370,EASTLAND AV,,,,0.00,,,GALLATIN AV,,,,0.00,Y,T-Intersection,N,Intersection,None,,,         ,Phillip,Box,Clear,Angle,no,no,no,no,no,False
101812599,METROPOLITAN NASHVILLE POLICE DEPT,20170967295,Davidson,Nashville,11/2/2017 7:49:00 PM,3,0,0,36.045360,-86.658840,I 24,,,,0.00,,,,,,,59.40,N,Not at Intersection,N,Non-Junction,None,,,         ,Joseph,Progar,Cloudy,Angle,no,no,no,no,yes,False
101812603,METROPOLITAN NASHVILLE POLICE DEPT,20170966770,Davidson,Nashville,11/2/2017 4:17:00 PM,2,0,0,36.148250,-86.745520,I 40,,,,0.00,,,,,,,211.90,N,Not at Intersection,N,Non-Junction,None,,,         ,Craig,Gentry,Clear,Front to Rear,no,no,no,no,no,False
101812604,METROPOLITAN NASHVILLE POLICE DEPT,20170966972,Davidson,Nashville,11/2/2017 12:00:00 AM,2,0,0,36.167260,-86.663390,DONELSON PKE,,,,149.00,Feet,South,LEBANON PKE,,,,0.00,N,Not at Intersection,N,Non-Junction,None,,,         ,Craig,Gentry,Clear,Angle,no,no,no,no,no,False
101812613,METROPOLITAN NASHVILLE POLICE DEPT,20170967292,Davidson,Nashville,11/2/2017 6:54:00 PM,2,0,0,36.233790,-86.780000,MOOREWOOD DR,,,,0.00,,,,,,,0.00,,,N,Non-Junction,None,,,         ,Joanna,D'Agostino,Clear,"Sideswipe, Opposite Direction",no,no,no,no,yes,False
101812626,METROPOLITAN NASHVILLE POLICE DEPT,20170967142,Davidson,Nashville,11/2/2017 6:19:00 PM,2,0,0,36.165760,-86.782120,CHARLOTTE AV,,,,72.00,Feet,West,5TH AVN,,,,0.00,N,Not at Intersection,N,Non-Junction,None,,,         ,John,Chambers,Cloudy,"Sideswipe, Same Direction",no,no,no,no,no,False
101812643,METROPOLITAN NASHVILLE POLICE DEPT,20170967179,Davidson,Nashville,11/2/2017 6:54:00 PM,2,1,0,36.145370,-86.871610,CHARLOTTE PKE,,,,373.00,Feet,West,WESTBORO DR,,,,0.00,N,Not at Intersection,N,Non-Junction,None,,,         ,Anthony,Cucci,Clear,Angle,no,no,no,no,no,False
101812649,METROPOLITAN NASHVILLE POLICE DEPT,20170967425,Davidson,Nashville,11/2/2017 8:10:00 PM,2,0,0,36.109200,-86.769740,I 65,,,,0.00,,,,,,,79.70,N,Not at Intersection, ,Non-Junction,None,,,         ,Conner,Harris,Cloudy,Front to Rear,no,no,no,no,no,False
101812650,METROPOLITAN NASHVILLE POLICE DEPT,20170967254,Davidson,Nashville,11/2/2017 6:08:00 PM,2,0,0,36.109140,-86.811880,HILLSBORO PKE,,,,0.00,,,CRESTMOOR RD,,,,0.00,Y,Four-Way, ,Intersection-Related,None,,,         ,Austin,Kendrick,Clear,Front to Rear,no,no,no,no,no,False
101812651,METROPOLITAN NASHVILLE POLICE DEPT,20170966529,Davidson,Nashville,11/2/2017 2:50:00 PM,2,0,0,36.142200,-86.815200,31ST AVS,,,,168.00,Feet,South,WEST END AV,,,,0.00,N,Not at Intersection, ,Non-Junction,None,,,         ,Jon,Mcvey,Clear,Angle,no,no,no,no,no,Campus
101812656,METROPOLITAN NASHVILLE POLICE DEPT,2017-0967032,Davidson,Nashville,11/2/2017 5:28:00 PM,1,0,0,36.120200,-86.749860,NOLENSVILLE PKE,,,,129.00,Feet,South,MELROSE AV,,,,0.00,N,Not at Intersection, ,OtherLocation,None,,,         ,John,Roberson,Cloudy,Not Collision with Motor Vehicle in Transport,no,no,no,yes,no,False
101812664,METROPOLITAN NASHVILLE POLICE DEPT,20170967414,Davidson,Nashville,11/2/2017 6:59:00 PM,2,0,0,36.084480,-86.727970,NOLENSVILLE PKE,,,,144.00,Feet,South,PARAGON MILLS RD,,,,0.00,N,Not at Intersection,N,Non-Junction,None,,,         ,Alyson,Cook,Clear,Other,no,no,no,yes,yes,False
101812668,METROPOLITAN NASHVILLE POLICE DEPT,20170967272,Davidson,Nashville,11/2/2017 6:24:00 PM,2,1,0,36.101050,-86.818620,HILLSBORO PKE,,,,51.00,Feet,North,HOBBS RD,,,,0.00,N,Not at Intersection,N,Non-Junction,None,,,         ,Austin,Kendrick,Clear,Angle,no,no,no,no,no,False
101812669,METROPOLITAN NASHVILLE POLICE DEPT,20170967443,Davidson,Nashville,11/2/2017 8:36:00 PM,2,0,0,36.157880,-86.781440,MCGAVOCK ST,,,,0.00,,,8TH AVS,,,,0.00,Y,Four-Way, ,Intersection,Construction Zone,,,         ,Jacob,Dick,Cloudy,"Sideswipe, Same Direction",no,no,no,no,no,False
101812708,TENNESSEE STATE UNIVERSITY ,17-TSU-81459,Davidson,Nashville,11/2/2017 8:00:00 PM,2,0,0,36.172750,-86.825280,SCHRADER LN,,,,0.00,,,DR WALTER S DAVIS BLVD,,,,0.00,Y,OTHER, ,,None,,,         ,Dwanna,Shelton,,,no,no,no,yes,no,False
101812709,METROPOLITAN NASHVILLE POLICE DEPT,20170967363,Davidson,Nashville,11/2/2017 8:11:00 PM,2,0,0,36.107530,-86.768600,I 65,,,,0.00,,,,,,,79.55,N,Not at Intersection,N,Non-Junction,None,,,         ,Austin,Kendrick,Clear,Not Collision with Motor Vehicle in Transport,no,no,no,no,no,False
101812728,METROPOLITAN NASHVILLE POLICE DEPT,20170967307,Davidson,Nashville,11/2/2017 12:00:00 AM,2,1,0,36.221220,-86.804740,REVELS DR,,,,55.00,Feet,East,WHITES CREEK PKE,,,,0.00,N,Not at Intersection,N,Non-Junction,None,,,         ,Melvin,Taylor,Clear,Front to Rear,no,no,no,no,no,False
101812729,METROPOLITAN NASHVILLE POLICE DEPT,20170967538,Davidson,Nashville,11/2/2017 9:13:00 PM,2,2,0,36.047300,-86.862740,OLD HICKORY BLVD,,,,0.00,,,HILLSBORO PKE,,,,0.00,Y,Four-Way,N,Intersection,None,,,         ,David,Collins,Cloudy,Angle,no,no,no,no,no,False
101812735,METROPOLITAN NASHVILLE POLICE DEPT,20170961799,Davidson,Nashville,11/1/2017 5:05:00 AM,2,0,0,36.015950,-86.620100,OLD HICKORY BLVD,,,,146.00,Feet,North,I24 W EXT RAMP,,,,0.00,N,Not at Intersection, ,Non-Junction,None,,,         ,David,Moser,Rain,Angle,no,no,no,no,no,False
101812739,METROPOLITAN NASHVILLE POLICE DEPT,20170967418,Davidson,Nashville,11/2/2017 8:30:00 PM,2,1,0,36.109450,-86.728050,BRILEY PKWYN,,,,0.00,,,BRILEY PKWYS,,,,0.00,Y,Four-Way,N,Intersection-Related,None,,,         ,Aimee,Ortiz,Clear,Angle,no,no,no,no,no,False
101812742,METROPOLITAN NASHVILLE POLICE DEPT,20170967614,Davidson,Nashville,11/2/2017 9:43:00 PM,2,0,0,36.039870,-86.741550,OLD HICKORY BLVD,,,,573.00,Feet,East,EDMONDSON PKE,,,,0.00,N,Not at Intersection,N,Non-Junction,None,,,         ,Nicholas,Berens,Cloudy,Angle,no,no,no,no,yes,False
101812751,METROPOLITAN NASHVILLE POLICE DEPT,20170967564,Davidson,Nashville,11/2/2017 6:09:00 PM,2,0,0,36.059070,-86.716220,TUSCULUM RD,,,,0.00,,,NOLENSVILLE PKE,,,,0.00,Y,Four-Way,N,Intersection,None,,,         ,Patrick,Martin,Clear,Angle,no,no,no,no,no,False
101812755,METROPOLITAN NASHVILLE POLICE DEPT,20170965258,Davidson,Nashville,11/2/2017 6:10:00 AM,2,1,0,36.058910,-86.678470,I 24,,,,0.00,,,,,,,58.00,N,Not at Intersection,N,Non-Junction,None,,,         ,Sandra,Fly,Cloudy,Front to Rear,no,no,no,no,no,False
101812770,METROPOLITAN NASHVILLE POLICE DEPT,20170966753,Davidson,Nashville,11/2/2017 4:16:00 PM,3,2,0,36.037400,-86.786570,OLD HICKORY BLVD,,,,0.00,,,FRANKLIN PKE,,,,0.00,Y,Four-Way,N,Intersection,None,,,         ,Jon,Mcvey,Clear,Front to Rear,no,no,no,no,no,False
101812778,METROPOLITAN NASHVILLE POLICE DEPT,20170967114,Davidson,Nashville,11/2/2017 6:19:00 PM,2,0,0,36.143660,-86.701520,I 40,,,,0.00,,,,,,,214.65,N,Not at Intersection, ,Non-Junction,None,,,         ,Michael,Apsey,Clear,"Sideswipe, Same Direction",no,no,no,no,no,False