master_record_number,agency,agency_tracking_number,county,city,collision_date,vehicles_involved,number_injured,number_dead,latitude,longitude,roadway_name,roadway_suffix,roadway_number,roadway_local_id,distance_from_reference,miles-feet_indicator,direction_from_reference,intersection_road_name,intersection_road_name_suffix,intersection_road_number,intersection_local_id,mile_marker,intersection_indicator,intersect_type,interchange_related_indicator,relation_to_junction,work_zone_type,construction_maintenance_zone,construction_maintenance_zone_location,fatal_case_number,officer_first_name,officer_last_name,weather_condition(s),manner_of_crash,pedestrian,bicycle,scooter,parking,hitrun,mou
101813743,METROPOLITAN NASHVILLE POLICE DEPT,20170969990,Davidson,Nashville,11/3/2017 2:43:00 PM,2,1,0,36.241970,-86.757040,DICKERSON PKE ENT RAMP,,,,0.00,,,DICKERSON PKE,,,,0.00,Y,Four-Way,N,Intersection-Related,None,,,         ,Samuel,Miller,Cloudy,Front to Rear,no,no,no,no,no,False
101813753,METROPOLITAN NASHVILLE POLICE DEPT,20170970276,Davidson,Not in City Limit,11/3/2017 3:41:00 PM,2,0,0,36.263170,-86.775840,BRICK CHURCH PKE,,,,200.00,Feet,North,BELLSHIRE DR,,,,0.00,N,Not at Intersection,N,Non-Junction,None,,,         ,Samuel,Miller,Cloudy,Angle,no,no,no,no,no,False
101813762,METROPOLITAN NASHVILLE POLICE DEPT,20170970329,Davidson,Nashville,11/3/2017 12:00:00 AM,2,1,0,36.171700,-86.797710,JEFFERSON ST,,,,0.00,Feet,East,11TH AVN,,,,0.00,N,Not at Intersection,N,Non-Junction,None,,,         ,Melvin,Taylor,Clear,Front to Rear,no,no,no,no,no,False
101813772,METROPOLITAN NASHVILLE POLICE DEPT,20170970216,Davidson,Nashville,11/3/2017 4:40:00 PM,2,0,0,36.139500,-86.757760,INDUSTRY ST,,,,0.00,Feet,West,CREEK ST,,,,0.00,N,Not at Intersection, ,Non-Junction,None,,,         ,Jessie,Meadows,Clear,Rear to Side,no,no,no,no,no,False
101813793,METROPOLITAN NASHVILLE POLICE DEPT,20170970422,Davidson,Nashville,11/3/2017 6:06:00 PM,2,0,0,36.126820,-86.751500,VIVELLE AV,,,,0.00,,,WHITNEY AV,,,,0.00,Y,Four-Way,N,Intersection,None,,,         ,Alyson,Cook,Clear,Angle,no,no,no,no,no,False
101813800,VANDERBILT UNIVERSITY POLICE,2017-0970305,Davidson,Nashville,11/3/2017 4:56:00 PM,2,0,0,36.110940,-86.767210,POWELL AV,,,,0.00,,,OLD POWELL AV,,,,0.00,Y,OTHER, ,OtherLocation,None,,,         ,Edwin,Melgar,Cloudy,Angle,no,no,no,yes,no,False
101813801,METROPOLITAN NASHVILLE POLICE DEPT,20170970131,Davidson,Nashville,11/3/2017 3:45:00 PM,2,0,0,36.249350,-86.719440,GALLATIN PKES,,,,16.00,Feet,South,E PALESTINE AV,,,,0.00,N,Not at Intersection, ,Non-Junction,None,,,         ,Janelle,Keslar,Clear,Front to Rear,no,no,no,no,no,False
101813810,METROPOLITAN NASHVILLE POLICE DEPT,20170970468,Davidson,Goodlettsville,11/3/2017 6:20:00 PM,2,0,0,36.287890,-86.725570,I 65,,,,0.00,,,,,,,94.00,N,Not at Intersection,N,Non-Junction,None,,,         ,Samuel,Miller,Cloudy,Front to Rear,no,no,no,no,no,False
101813812,METROPOLITAN NASHVILLE POLICE DEPT,20170970182,Davidson,Nashville,11/3/2017 3:54:00 PM,2,0,0,36.045340,-86.723580,OLD HICKORY BLVD,,,,431.00,Feet,East,ENCLAVE CIR,,,,0.00,N,Not at Intersection, ,Non-Junction,None,,,         ,William,King,Clear,Front to Rear,no,no,no,no,no,False
101813816,METROPOLITAN NASHVILLE POLICE DEPT,20170970372,Davidson,Not in City Limit,11/3/2017 5:30:00 PM,2,1,0,36.264120,-86.725150,OLD HICKORY BLVDW,,,,0.00,,,BEVERLY DR,,,,0.00,Y,OTHER,N,Non-Junction,None,,,         ,Jerry,Pirtle,Cloudy,Angle,no,no,no,no,no,False
101813819,METROPOLITAN NASHVILLE POLICE DEPT,20170970437,Davidson,Nashville,11/3/2017 6:10:00 PM,3,2,0,36.049280,-86.651730,BELL RD,,,,0.00,,,HICKORY HOLLOW MALL PVTDR PL,,,,0.00,Y,Four-Way,N,Intersection,None,,,         ,Benny,Pittman,Clear,Angle,no,no,no,no,no,False
101813824,METROPOLITAN NASHVILLE POLICE DEPT,20170970539,Davidson,Nashville,11/3/2017 7:00:00 PM,2,0,0,36.134660,-86.726910,I24E,,,,671.00,Feet,South,I24 W ENT RAMP,,,,0.00,N,Not at Intersection,N,Non-Junction,None,,,         ,Alyson,Cook,Clear,Front to Rear,no,no,no,no,no,False
101813825,METROPOLITAN NASHVILLE POLICE DEPT,20170970425,Davidson,Goodlettsville,11/3/2017 5:06:00 PM,2,0,0,36.293990,-86.701720,GALLATIN PKEN,,,,188.00,Feet,South,MCHENRY CENTER PVTDR,,,,0.00,N,Not at Intersection, ,Non-Junction,None,,,         ,Marvis,Malone,Cloudy,Front to Rear,no,no,no,no,yes,False
101813829,METROPOLITAN NASHVILLE POLICE DEPT,20170970545,Davidson,Nashville,11/3/2017 6:48:00 PM,2,1,0,36.106210,-86.673060,DONELSON PKE,,,,0.00,,,MURFREESBORO PKE,,,,0.00,Y,Four-Way,N,Intersection,None,,,         ,Michael,Apsey,Clear,Front to Rear,no,no,no,no,yes,False
101813832,METROPOLITAN NASHVILLE POLICE DEPT,2017-0969976,Davidson,Nashville,11/3/2017 2:47:00 PM,2,0,0,36.163460,-86.761990,I 24,,,,0.00,,,,,,,49.20,N,Not at Intersection, ,Non-Junction,None,,,         ,Michael,Schlegel,Cloudy,Front to Rear,no,no,no,no,yes,False
101813835,METROPOLITAN NASHVILLE POLICE DEPT,20170970466,Davidson,Nashville,11/3/2017 12:00:00 AM,2,0,0,36.199840,-86.825440,BUENA VISTA PKE,,,,321.00,Feet,East,MATTIE ST,,,,0.00,N,Not at Intersection, ,Non-Junction,None,,,         ,Melvin,Taylor,Clear,Other,no,no,no,yes,yes,False
101813837,METROPOLITAN NASHVILLE POLICE DEPT,20170970278,Davidson,Nashville,11/3/2017 5:06:00 PM,2,2,0,36.045730,-86.855430,OLD HICKORY BLVD,,,,0.00,,,WILDWOOD VALLEY DR,,,,0.00,Y,T-Intersection,N,Intersection,None,,,         ,Edin,Plancic,Cloudy,Angle,no,no,no,no,no,False
101813838,METROPOLITAN NASHVILLE POLICE DEPT,20170970462,Davidson,Nashville,11/3/2017 4:30:00 PM,2,0,0,36.059660,-86.722470,MCMURRAY DR,,,,0.00,Feet,,CHERRYWOOD DR,,,,0.00,Y,T-Intersection,N,Intersection-Related,None,,,         ,Jon,Mcvey,Cloudy,Angle,no,no,no,no,no,False
101813839,METROPOLITAN NASHVILLE POLICE DEPT,20170970520,Davidson,Nashville,11/3/2017 6:32:00 PM,2,0,0,36.080420,-86.696450,I 24,,,,0.00,,,,,,,56.15,N,Not at Intersection, ,Non-Junction,None,,,         ,Patrick,Martin,Clear,Front to Rear,no,no,no,no,no,False
101813840,METROPOLITAN NASHVILLE POLICE DEPT,20170970647,Davidson,Nashville,11/3/2017 6:13:00 PM,2,0,0,36.134660,-86.726910,I24E,,,,671.00,Feet,South,I24 W ENT RAMP,,,,0.00,N,Not at Intersection,N,Non-Junction,None,,,         ,Alyson,Cook,Clear,Front to Rear,no,no,no,no,no,False
101813842,METROPOLITAN NASHVILLE POLICE DEPT,20170970121,Davidson,Nashville,11/3/2017 3:45:00 PM,3,0,0,36.078690,-86.729000,HARDING PL,,,,488.00,Feet,East,COVENTRY DR,,,,0.00,N,Not at Intersection, ,Non-Junction,None,,,         ,Melissa,Flores,Clear,Front to Rear,no,no,no,no,no,False
101813843,METROPOLITAN NASHVILLE POLICE DEPT,20170970611,Davidson,Not in City Limit,11/3/2017 6:48:00 PM,3,0,0,36.269260,-86.755740,OLD HICKORY BLVDW,,,,0.00,,,DICKERSON PKE,,,,0.00,Y,Four-Way,Y,Intersection-Related,None,,,         ,Samuel,Miller,Cloudy,Front to Rear,no,no,no,no,yes,False
101813848,METROPOLITAN NASHVILLE POLICE DEPT,20170970023,Davidson,Nashville,11/3/2017 3:13:00 PM,2,0,0,36.174390,-86.783020,2ND AVN,,,,0.00,,,,,,,0.00,,, ,,None,,,         ,Michael,Douglas,,,no,no,no,yes,no,False
101813849,METROPOLITAN NASHVILLE POLICE DEPT,20170970516,Davidson,Nashville,11/3/2017 6:45:00 PM,2,1,0,36.212890,-86.775670,I 65,,,,0.00,,,,,,,87.80,N,Not at Intersection,N,Non-Junction,None,,,         ,Timothy,Morgan,Cloudy,Front to Rear,no,no,no,no,no,False
101813861,METROPOLITAN NASHVILLE POLICE DEPT,20170970224,Davidson,Nashville,11/3/2017 4:42:00 PM,2,0,0,36.078690,-86.729000,HARDING PL,,,,488.00,Feet,East,COVENTRY DR,,,,0.00,N,Not at Intersection, ,Non-Junction,None,,,         ,Melissa,Flores,Clear,Front to Rear,no,no,no,no,no,False
101813885,METROPOLITAN NASHVILLE POLICE DEPT,20170970559,Davidson,Nashville,11/3/2017 7:01:00 PM,2,0,0,36.213890,-86.599700,TRENTON DR,,,,173.00,Feet,West,COLUMBUS DR,,,,0.00,N,Not at Intersection,N,Non-Junction,None,,,         ,Adam,Nicholson,Clear,Rear to Rear,no,no,no,yes,yes,False
101813887,METROPOLITAN NASHVILLE POLICE DEPT,20170970219,Davidson,Nashville,11/3/2017 4:31:00 PM,2,0,0,36.161600,-86.791760,CHARLOTTE AV,,,,0.00,,,12TH AVN,,,,0.00,Y,Four-Way, ,Non-Junction,None,,,         ,Michael,Douglas,Cloudy,Front to Rear,no,no,no,no,no,False
101813889,METROPOLITAN NASHVILLE POLICE DEPT,2017-0970173,Davidson,Nashville,11/3/2017 4:13:00 PM,3,0,0,36.165960,-86.776350,GAY ST,,,,99.00,Feet,North,BANK ST,,,,0.00,N,Not at Intersection, ,Non-Junction,None,,,         ,Michael,Schlegel,Cloudy,"Sideswipe, Opposite Direction",no,no,no,no,no,False
101813893,BERRY HILL POLICE DEPT,17-3753,Davidson,Berry Hill,11/3/2017 6:25:00 PM,2,0,0,36.128590,-86.777890,FRANKLIN PKE,,,,0.00,,,8TH AVS,,,,0.00,Y,Four-Way,N,Intersection,None,,,         ,Stephen,Reece,Cloudy,Angle,no,no,no,no,no,False
101813894,METROPOLITAN NASHVILLE POLICE DEPT,20170970620,Davidson,Nashville,11/3/2017 5:45:00 PM,2,0,0,36.041140,-86.776210,BRENTWOOD TRC,,,,0.00,,,BRENTWOOD COMMONS WAY,,,,0.00,Y,Four-Way, ,Intersection,None,,,         ,Allyson,Reis,Cloudy,Angle,no,no,no,no,no,False
101813895,METROPOLITAN NASHVILLE POLICE DEPT,20170970040,Davidson,Berry Hill,11/3/2017 2:40:00 PM,2,0,0,36.112110,-86.767070,POWELL AV,,,,83.00,Feet,South,BRANSFORD AV,,,,0.00,N,Not at Intersection, ,,None,,,         ,Russell,Ward,,,no,no,no,no,no,False
101813897,METROPOLITAN NASHVILLE POLICE DEPT,20170970707,Davidson,Nashville,11/3/2017 5:38:00 PM,2,0,0,36.084090,-86.689630,ANTIOCH PKE,,,,154.00,Feet,North,JANSING DR,,,,0.00,N,Not at Intersection,N,Non-Junction,None,,,         ,Patrick,Martin,Clear,Rear to Side,no,no,no,yes,yes,False
101813913,METROPOLITAN NASHVILLE POLICE DEPT,20170969930,Davidson,Nashville,11/3/2017 2:40:00 PM,2,1,0,36.121740,-86.750580,NOLENSVILLE PKE,,,,0.00,,,I440 E EXT RAMP,,,,0.00,Y,T-Intersection,N,Intersection,None,,,         ,John,Joyce,Cloudy,Front to Rear,no,no,no,no,no,False
101813924,METROPOLITAN NASHVILLE POLICE DEPT,20170970648,Davidson,Nashville,11/3/2017 7:38:00 PM,2,1,0,36.152780,-86.825790,CHARLOTTE AV,,,,50.00,Feet,East,35TH AVN,,,,0.00,N,Not at Intersection,N,Non-Junction,None,,,         ,Walter,Gray II,Cloudy,Front to Rear,no,no,no,no,no,False
101813925,METROPOLITAN NASHVILLE POLICE DEPT,20170970628,Davidson,Nashville,11/3/2017 7:32:00 PM,3,0,0,36.070260,-86.711760,HOLLIS HILL DR,,,,322.00,Feet,South,WALES PT,,,,0.00,N,Not at Intersection,N,Non-Junction,None,,,         ,Luis,De Los Santos,Clear,"Sideswipe, Same Direction",no,no,no,no,no,False
101813931,METROPOLITAN NASHVILLE POLICE DEPT,20170970065,Davidson,Nashville,11/3/2017 2:46:00 PM,2,0,0,36.158810,-86.798160,CHARLOTTE AV,,,,0.00,,,17TH AVN,,,,0.00,Y,Four-Way, ,Non-Junction,None,,,         ,David,Collins,Cloudy,Front to Rear,no,no,no,no,no,False
101813936,METROPOLITAN NASHVILLE POLICE DEPT,20170970598,Davidson,Nashville,11/3/2017 6:45:00 PM,3,0,0,36.141370,-86.732170,I 40,,,,0.00,,,,,,,213.00,N,Not at Intersection, ,Non-Junction,None,,,         ,Samuel,Sundra,Cloudy,Front to Rear,no,no,no,no,no,False
101813944,METROPOLITAN NASHVILLE POLICE DEPT,20170970496,Davidson,Nashville,11/3/2017 6:09:00 PM,2,0,0,36.160470,-86.778440,BROADWAY,,,,0.00,,,5TH AVS,,,,0.00,Y,Four-Way, ,Intersection,Construction Zone,,,         ,Michael,Douglas,Cloudy,"Sideswipe, Same Direction",no,no,no,no,no,False
101813959,METROPOLITAN NASHVILLE POLICE DEPT,20170970896,Davidson,Nashville,11/3/2017 9:03:00 PM,2,0,0,36.152670,-86.793540,17TH AVS,,,,0.00,,,MCGAVOCK ST,,,,0.00,Y,T-Intersection, ,Non-Junction,None,,,         ,David,Collins,Cloudy,Unknown,no,no,no,no,yes,False
101814045,METROPOLITAN NASHVILLE POLICE DEPT,20170971074,Davidson,Nashville,11/3/2017 10:03:00 PM,2,0,0,36.160490,-86.773280,1ST AVS,,,,99.00,Feet,North,DEMONBREUN ST,,,,0.00,N,Not at Intersection, ,Non-Junction,None,,,         ,Ronald,Bright,Cloudy,"Sideswipe, Same Direction",no,no,no,no,no,False
101814118,METROPOLITAN NASHVILLE POLICE DEPT,20170971239,Davidson,Nashville,11/3/2017 11:20:00 PM,2,1,0,36.249390,-86.719410,GALLATIN PKES,,,,0.00,,,E PALESTINE AV,,,,0.00,Y,Four-Way,Y,Intersection-Related,None,,,         ,Ronald,Bright,Rain,Angle,no,no,no,no,no,False
101814136,METROPOLITAN NASHVILLE POLICE DEPT,20170971201,Davidson,Nashville,11/3/2017 11:27:00 PM,1,1,0,36.161540,-86.775970,3RD AVS,,,,0.00,,,BROADWAY,,,,0.00,Y,Four-Way,N,Intersection,None,,,         ,Jason,Hogan,Clear,Not Collision with Motor Vehicle in Transport,yes,no,no,no,no,False
101814145,METROPOLITAN NASHVILLE POLICE DEPT,20170971195,Davidson,Nashville,11/3/2017 11:23:00 PM,2,0,0,36.161720,-86.793290,I 40,,,,0.00,,,,,,,208.70,N,Not at Intersection,N,Non-Junction,None,,,         ,Kelcey,Bell,Clear,Front to Rear,no,no,no,no,no,False
101814146,METROPOLITAN NASHVILLE POLICE DEPT,20170971265,Davidson,Nashville,11/3/2017 11:47:00 PM,2,0,0,36.141840,-86.675930,I 40,,,,0.00,,,,,,,215.00,N,Not at Intersection,Y,Entrance/Exit Ramp Related,None,,,         ,Kyle,Berkheiser,Clear,"Sideswipe, Same Direction",no,no,no,no,no,False
101814151,METROPOLITAN NASHVILLE POLICE DEPT,20170971192,Davidson,Nashville,11/3/2017 10:30:00 PM,2,0,0,36.049980,-86.649500,MT VIEW RD,,,,0.00,,,BELL RD,,,,0.00,Y,Four-Way,N,Intersection,None,,,         ,Autumn,Manning,Cloudy,Angle,no,no,no,no,yes,False
101814163,METROPOLITAN NASHVILLE POLICE DEPT,20170971384,Davidson,Nashville,11/3/2017 6:30:00 AM,2,0,0,36.053370,-86.739630,WHITAKER DR,,,,0.00,,,,,,,0.00,,,N,Non-Junction,None,,,         ,Joshua,Dickall,Clear,Unknown,no,no,no,yes,yes,False
101814165,METROPOLITAN NASHVILLE POLICE DEPT,20170971228,Davidson,Nashville,11/3/2017 11:37:00 PM,2,1,0,36.167920,-86.820780,ED TEMPLE BLVD,,,,49.00,Feet,North,JEFFERSON ST,,,,0.00,N,Not at Intersection,N,Non-Junction,None,,,         ,Christopher,Lawson,Clear,Angle,no,no,no,no,no,False
101814174,METROPOLITAN NASHVILLE POLICE DEPT,20170971400,Davidson,Nashville,11/4/2017 12:38:00 AM,2,2,0,36.085650,-86.701140,HARDING PL,,,,92.00,Feet,East,I24 E ENT RAMP,,,,0.00,N,Not at Intersection,Y,Entrance/Exit Ramp Related,None,,,         ,Zachary,Lang,Clear,Not Collision with Motor Vehicle in Transport,no,no,no,no,no,False
101814176,METROPOLITAN NASHVILLE POLICE DEPT,20170971570,Davidson,Nashville,11/4/2017 1:35:00 AM,2,0,0,36.181110,-86.757550,MYRTLE ST,,,,220.00,Feet,North,MARINA ST,,,,0.00,N,Not at Intersection,N,Non-Junction,None,,,         ,Audrean,Manquero,Cloudy,Front to Rear,no,no,no,no,no,False
101814177,METROPOLITAN NASHVILLE POLICE DEPT,20170971525,Davidson,Nashville,11/4/2017 12:00:00 AM,2,0,0,36.100920,-86.730610,ANTIOCH PKE,,,,0.00,,,SOUTHLAKE DR,,,,0.00,Y,T-Intersection,N,Intersection-Related,None,,,         ,Brenda,Navarro,Cloudy,Not Collision with Motor Vehicle in Transport,no,no,no,no,yes,False
101814193,METROPOLITAN NASHVILLE POLICE DEPT,20170971715,Davidson,Nashville,11/4/2017 3:00:00 AM,2,0,0,36.161400,-86.776290,BROADWAY,,,,109.00,Feet,West,3RD AVN,,,,0.00,N,Not at Intersection, ,,None,,,         ,Jason,Hogan,,,no,no,no,no,no,False
101814210,METROPOLITAN NASHVILLE POLICE DEPT,20170971394,Davidson,Nashville,11/4/2017 12:36:00 AM,2,0,0,36.161140,-86.776910,BROADWAY,,,,96.00,Feet,East,4TH AVN,,,,0.00,N,Not at Intersection, ,Non-Junction,None,,,         ,Katelin,Ehrhardt,Clear,Angle,no,no,no,no,no,False
101814218,METROPOLITAN NASHVILLE POLICE DEPT,20170971527,Davidson,Nashville,11/4/2017 12:50:00 AM,3,0,0,36.083480,-86.714870,TANGLEWOOD CT,,,,421.00,Feet,North,WHISPERING OAKS PL,,,,0.00,N,Not at Intersection,N,Non-Junction,None,,,         ,Zachary,Lang,Clear,Unknown,no,no,no,yes,yes,False
101814230,METROPOLITAN NASHVILLE POLICE DEPT,20170971849,Davidson,Nashville,11/4/2017 3:11:00 AM,2,0,0,36.078510,-86.642770,MURFREESBORO PKE,,,,104.00,Feet,East,MARTWAY DR,,,,0.00,N,Not at Intersection,N,Non-Junction,None,,,         ,Tyler,Manivong,Clear,Rear to Rear,no,no,no,no,yes,False
101814248,METROPOLITAN NASHVILLE POLICE DEPT,20170971798,Davidson,Nashville,11/4/2017 4:01:00 AM,1,0,0,36.156980,-86.832700,CLIFTON AV,,,,10.00,Feet,East,ALAMEDA ST,,,,0.00,N,Not at Intersection,N,Non-Junction,None,,,         ,Justin,Vaughn,Clear,Not Collision with Motor Vehicle in Transport,no,no,no,no,no,False
101814259,METROPOLITAN NASHVILLE POLICE DEPT,20170957632,Davidson,Nashville,10/31/2017 1:03:00 AM,1,1,0,36.192320,-86.616300,OLD HICKORY BLVD,,,,0.00,,,JUAREZ DR,,,,0.00,Y,OTHER,N,Intersection,None,,,         ,David,Abbott,Clear,Not Collision with Motor Vehicle in Transport,no,no,no,no,no,False
101814260,METROPOLITAN NASHVILLE POLICE DEPT,20170971927,Davidson,Nashville,11/4/2017 5:36:00 AM,1,0,0,36.215820,-86.814090,MOORMANS ARM RD,,,,284.00,Feet,West,CHATEAU VALLEY DR,,,,0.00,N,Not at Intersection,N,Non-Junction,None,,,         ,James,Murphy,Fog,Not Collision with Motor Vehicle in Transport,no,no,no,no,no,False
101814265,METROPOLITAN NASHVILLE POLICE DEPT,20170971873,Davidson,Nashville,11/4/2017 4:58:00 AM,1,1,0,36.335940,-86.778590,UNION HILL RD,,,,244.00,Feet,North,LICKTON PKE,,,,0.00,N,Not at Intersection,N,Non-Junction,None,,,         ,Christopher,Kelly,Fog,Not Collision with Motor Vehicle in Transport,no,no,no,no,no,False
101814288,METROPOLITAN NASHVILLE POLICE DEPT,20170971814,Davidson,Nashville,11/4/2017 12:00:00 AM,1,1,0,36.157340,-86.630080,I40 W EXT RAMP,,,,0.00,Feet,East,I 40,,,,0.00,N,Not at Intersection,Y,Entrance/Exit Ramp Related,None,,,         ,Kyle,Berkheiser,Clear,Not Collision with Motor Vehicle in Transport,no,no,no,no,no,False
101814291,METROPOLITAN NASHVILLE POLICE DEPT,20170972035,Davidson,Nashville,11/4/2017 6:40:00 AM,1,0,0,36.096990,-87.033470,HIGHWAY 70,,,,268.00,Feet,West,BEVERLY HILLS DR,,,,0.00,N,Not at Intersection, ,Non-Junction,None,,,         ,Douglas,Atwood,Fog,Not Collision with Motor Vehicle in Transport,no,no,no,no,no,False
101814294,METROPOLITAN NASHVILLE POLICE DEPT,20170972014,Davidson,Nashville,11/4/2017 6:28:00 AM,1,1,0,36.253980,-86.700800,IDLEWILD DR,,,,0.00,,,NEELYS BEND RD,,,,0.00,Y,OTHER,N,Non-Junction,None,,,         ,Eric,Richardson,Fog,Not Collision with Motor Vehicle in Transport,no,no,no,no,no,False
101814310,METROPOLITAN NASHVILLE POLICE DEPT,20170972083,Davidson,Nashville,11/4/2017 7:10:00 AM,2,0,0,36.046900,-86.661440,I 24,,,,0.00,,,,,,,59.25,N,Not at Intersection, ,Non-Junction,None,,,         ,Jason,Dudley,Fog,"Sideswipe, Same Direction",no,no,no,no,no,False
101814311,METROPOLITAN NASHVILLE POLICE DEPT,20170972098,Davidson,Nashville,11/4/2017 7:00:00 AM,1,0,0,36.140380,-86.731500,I 24,,,,0.00,,,,,,,51.60,N,Not at Intersection, ,Non-Junction,None,,,         ,YUNUS,ADAK,Fog,Not Collision with Motor Vehicle in Transport,no,no,no,no,no,False
101814320,METROPOLITAN NASHVILLE POLICE DEPT,20170972177,Davidson,Nashville,11/4/2017 8:24:00 AM,1,0,0,36.226310,-86.603190,SAUNDERSVILLE RD,,,,0.00,,,SHUTE LN,,,,0.00,Y,T-Intersection, ,OtherLocation,None,,,         ,Michael,Brooks,Fog,Not Collision with Motor Vehicle in Transport,no,no,no,no,no,False
101814331,METROPOLITAN NASHVILLE POLICE DEPT,20170972062,Davidson,Nashville,11/4/2017 7:12:00 AM,1,2,0,36.124740,-86.812800,I 440,,,,0.00,,,,,,,2.45,N,Not at Intersection,N,Non-Junction,None,,,         ,Phillip,Murphy,Cloudy,Not Collision with Motor Vehicle in Transport,no,no,no,no,no,False
101814349,METROPOLITAN NASHVILLE POLICE DEPT,20170972172,Davidson,Nashville,11/4/2017 8:19:00 AM,1,2,0,36.230400,-86.699180,BRILEY PKWYN,,,,597.00,Feet,South,BRILEY PKWYS,,,,0.00,N,Not at Intersection,Y,Non-Junction,None,,,         ,DuJuan,Kendrick,Fog,Not Collision with Motor Vehicle in Transport,no,no,no,no,no,False
101814364,METROPOLITAN NASHVILLE POLICE DEPT,20170972268,Davidson,Not in City Limit,11/4/2017 9:12:00 AM,1,0,0,36.305850,-86.815730,I 24,,,,0.00,,,,,,,38.35,N,Not at Intersection, ,Non-Junction,None,,,         ,Justan,Vance,Fog,Not Collision with Motor Vehicle in Transport,no,no,no,no,no,False
101814414,METROPOLITAN NASHVILLE POLICE DEPT,2017-0969683,Davidson,Not in City Limit,11/3/2017 12:53:00 PM,2,0,0,36.276920,-86.796330,OLD HICKORY BLVD,,,,44.00,Feet,West,HICKORY HILLS BLVD,,,,0.00,N,Not at Intersection, ,Non-Junction,None,,,         ,Arthur,Hipp,Cloudy,"Sideswipe, Same Direction",no,no,no,no,no,False
101814426,METROPOLITAN NASHVILLE POLICE DEPT,20170972442,Davidson,Nashville,11/4/2017 10:58:00 AM,1,1,0,36.148350,-86.780290,I 40,,,,0.00,,,,,,,209.80,N,Not at Intersection,N,Entrance/Exit Ramp Related,None,,,         ,Phillip,Murphy,Clear,Not Collision with Motor Vehicle in Transport,no,no,no,no,no,False
101814493,METROPOLITAN NASHVILLE POLICE DEPT,20170972311,Davidson,Not in City Limit,11/4/2017 9:34:00 AM,2,0,0,36.270200,-86.689780,MYATT DR,,,,299.00,Feet,North,ROOSEVELT AV,,,,0.00,N,Not at Intersection,N,Non-Junction,None,,,         ,Michael,Agee,Cloudy,"Sideswipe, Same Direction",no,no,no,no,no,False
101814518,THP District 3 - Nashville,317065334,Davidson,Goodlettsville,11/3/2017 1:10:00 PM,2,2,0,36.305900,-86.693800,CONFERENCE,DR,,,0.00,Feet,,RIVERGATE MALL PRVT,DR,,,0.00,Y,T-Intersection,N,Intersection,None,,,         ,Jason,Ayers,Cloudy,Angle,no,no,no,no,no,False
101814523,METROPOLITAN NASHVILLE POLICE DEPT,20170972412,Davidson,Nashville,11/4/2017 10:41:00 AM,2,0,0,36.047250,-86.655610,HICKORY HOLLOW PKWY,,,,144.00,Feet,South,BELL RD,,,,0.00,N,Not at Intersection, ,Non-Junction,None,,,         ,Jason,Dudley,Clear,"Sideswipe, Same Direction",no,no,no,no,no,False
101814528,METROPOLITAN NASHVILLE POLICE DEPT,20170972488,Davidson,Nashville,11/4/2017 11:33:00 AM,1,1,0,36.119440,-86.726630,I 24,,,,0.00,,,,,,,53.00,N,Not at Intersection,N,Non-Junction,None,,,         ,James,Thomas,Clear,Not Collision with Motor Vehicle in Transport,no,no,no,no,no,False
101814542,METROPOLITAN NASHVILLE POLICE DEPT,20170972567,Davidson,Nashville,11/4/2017 12:10:00 PM,2,0,0,36.138090,-86.726760,I 24,,,,0.00,,,,,,,52.40,N,Not at Intersection,N,Non-Junction,None,,,         ,Scott,Toney,Clear,"Sideswipe, Same Direction",no,no,no,no,yes,False
101814590,METROPOLITAN NASHVILLE POLICE DEPT,20170972425,Davidson,Nashville,11/4/2017 10:41:00 AM,1,0,0,36.094700,-86.707110,I 24,,,,0.00,,,,,,,55.00,N,Not at Intersection, ,Non-Junction,None,,,         ,Shelby,Hughes,Clear,Not Collision with Motor Vehicle in Transport,no,no,no,no,no,False
101814597,METROPOLITAN NASHVILLE POLICE DEPT,20170972545,Davidson,Nashville,11/4/2017 11:40:00 AM,2,0,0,36.077080,-86.725600,EDMONDSON PKE,,,,12.00,Feet,West,WALLACE RD,,,,0.00,N,Not at Intersection, ,Non-Junction,None,,,         ,Sharissa,Perez,Clear,"Sideswipe, Same Direction",no,no,no,no,no,False
101814599,METROPOLITAN NASHVILLE POLICE DEPT,20170972593,Davidson,Nashville,11/4/2017 12:50:00 PM,3,0,0,36.151450,-86.786440,I 40,,,,0.00,,,,,,,209.50,N,Not at Intersection,N,Entrance/Exit Ramp Related,None,,,         ,Bryan,Musgrave,Clear,Front to Rear,no,no,no,no,no,False
101814603,METROPOLITAN NASHVILLE POLICE DEPT,20170972633,Davidson,Nashville,11/4/2017 12:12:00 PM,2,0,0,36.033700,-86.713010,NOLENSVILLE PKE,,,,63.00,Feet,North,CELEBRATION WAY,,,,0.00,N,Not at Intersection, ,Non-Junction,None,,,         ,Kevin,Crawford,Clear,Front to Rear,no,no,no,no,no,False
101814605,METROPOLITAN NASHVILLE POLICE DEPT,20170972605,Davidson,Nashville,11/4/2017 1:10:00 PM,2,0,0,36.047470,-86.863320,OLD HICKORY BLVD,,,,183.00,Feet,West,HILLSBORO PKE,,,,0.00,N,Not at Intersection,N,Non-Junction,None,,,         ,Gregory,McDaniel,Clear,Front to Rear,no,no,no,no,yes,False
101814614,METROPOLITAN NASHVILLE POLICE DEPT,20170972615,Davidson,Nashville,11/4/2017 1:10:00 PM,3,0,0,36.154770,-86.761060,I 40,,,,0.00,,,,,,,210.90,N,Not at Intersection, ,Non-Junction,None,,,         ,Randall,Ward,Clear,Front to Rear,no,no,no,no,no,False