master_record_number,agency,agency_tracking_number,county,city,collision_date,vehicles_involved,number_injured,number_dead,latitude,longitude,roadway_name,roadway_suffix,roadway_number,roadway_local_id,distance_from_reference,miles-feet_indicator,direction_from_reference,intersection_road_name,intersection_road_name_suffix,intersection_road_number,intersection_local_id,mile_marker,intersection_indicator,intersect_type,interchange_related_indicator,relation_to_junction,work_zone_type,construction_maintenance_zone,construction_maintenance_zone_location,fatal_case_number,officer_first_name,officer_last_name,weather_condition(s),manner_of_crash,pedestrian,bicycle,scooter,parking,hitrun,mou
101814625,METROPOLITAN NASHVILLE POLICE DEPT,20170972637,Davidson,Nashville,11/4/2017 1:30:00 PM,2,0,0,36.066780,-86.774220,FRANKLIN PKE,,,,177.00,Feet,North,HOGAN RD,,,,0.00,N,Not at Intersection,N,Non-Junction,None,,,         ,Sean,Williams,Clear,Front to Rear,no,no,no,no,no,False
101814661,METROPOLITAN NASHVILLE POLICE DEPT,20170972684,Davidson,Nashville,11/4/2017 2:10:00 PM,2,3,0,36.169680,-86.821300,ED TEMPLE BLVD,,,,0.00,,,W HEIMAN ST,,,,0.00,Y,Four-Way,N,Intersection,None,,,         ,Jessie,Loy,Clear,Angle,no,no,no,no,no,False
101814669,METROPOLITAN NASHVILLE POLICE DEPT,20170972738,Davidson,Nashville,11/4/2017 2:21:00 PM,2,0,0,36.044990,-86.659790,I24 E EXT RAMP,,,,0.00,,,I 24,,,,0.00,Y,OTHER, ,Entrance/Exit Ramp Related,None,,,         ,Luis,De Los Santos,Clear,Front to Rear,no,no,no,no,no,False
101814675,METROPOLITAN NASHVILLE POLICE DEPT,20170972635,Davidson,Nashville,11/4/2017 1:30:00 PM,1,1,0,36.238940,-86.779530,BRILEY PKWY W EXT RAMP,,,,0.00,Feet,East,DOVERSIDE CT,,,,0.00,N,Not at Intersection,Y,Entrance/Exit Ramp Related,None,,,         ,Brandon,Wood,Clear,Not Collision with Motor Vehicle in Transport,no,no,no,no,no,False
101814684,BERRY HILL POLICE DEPT,17-3756,Davidson,Berry Hill,11/3/2017 9:50:00 PM,2,0,0,36.120590,-86.775190,FRANKLIN PKE,,,,14.00,Feet,North,KIRKWOOD AV,,,,0.00,N,Not at Intersection,N,Non-Junction,None,,,         ,Stephen,Reece,Clear,Angle,no,no,no,no,no,False
101814704,METROPOLITAN NASHVILLE POLICE DEPT,20170972699,Davidson,Nashville,11/4/2017 2:40:00 PM,1,1,0,36.230020,-86.771620,I 65,,,,0.00,,,,,,,89.00,N,Not at Intersection,N,Non-Junction,None,,,         ,Randall,Smith,Cloudy,Not Collision with Motor Vehicle in Transport,no,no,no,no,no,False
101814708,METROPOLITAN NASHVILLE POLICE DEPT,20170972759,Davidson,Not in City Limit,11/4/2017 3:15:00 PM,1,0,0,36.091450,-86.939370,I 40,,,,0.00,,,,,,,197.50,N,Not at Intersection,N,Non-Junction,None,,,         ,Anthony,Cucci,Clear,Not Collision with Motor Vehicle in Transport,no,no,no,no,no,False
101814759,METROPOLITAN NASHVILLE POLICE DEPT,20170972784,Davidson,Nashville,11/4/2017 1:57:00 PM,2,0,0,36.040260,-86.779050,STONE BROOK DR,,,,251.00,Feet,South,OLD HICKORY BLVD,,,,0.00,N,Not at Intersection, ,Non-Junction,None,,,         ,Melissa,Flores,Clear,Front to Rear,no,no,no,no,no,False
101814779,METROPOLITAN NASHVILLE POLICE DEPT,20170972744,Davidson,Nashville,11/4/2017 1:30:00 PM,2,0,0,36.105120,-86.766970,I 65,,,,0.00,,,,,,,79.45,N,Not at Intersection, ,Non-Junction,None,,,         ,Bradley,Pope,Clear,Angle,no,no,no,no,no,False
101814785,VANDERBILT UNIVERSITY POLICE,17-0972855,Davidson,Nashville,11/4/2017 12:00:00 AM,2,0,0,36.145370,-86.807730,25TH AVS,,,,0.00,,,,,,,0.00,,, ,Non-Junction,None,,,         ,William,West,Clear,Angle,no,no,no,yes,yes,Campus
101814806,METROPOLITAN NASHVILLE POLICE DEPT,20170972758,Davidson,Nashville,11/4/2017 2:35:00 PM,2,0,0,36.169690,-86.677160,LEBANON PKE,,,,358.00,Feet,West,PARK DR,,,,0.00,N,Not at Intersection,N,Non-Junction,None,,,         ,Brent,Hedgcoth,Clear,Front to Rear,no,no,no,no,no,False
101814807,METROPOLITAN NASHVILLE POLICE DEPT,20170972907,Davidson,Nashville,11/4/2017 4:55:00 PM,2,0,0,36.048870,-86.653130,BELL RD,,,,443.00,Feet,West,HICKORY HOLLOW MALL PVTDR PL,,,,0.00,N,Not at Intersection, ,Non-Junction,None,,,         ,Luis,De Los Santos,Clear,Front to Rear,no,no,no,no,no,False
101814823,METROPOLITAN NASHVILLE POLICE DEPT,20170972908,Davidson,Nashville,11/4/2017 4:55:00 PM,2,0,0,36.181340,-86.749410,GALLATIN AV,,,,6.00,Feet,West,MANSFIELD ST,,,,0.00,N,Not at Intersection, ,,None,,,         ,Benjamin,Williams,,,no,no,no,no,no,False
101814824,METROPOLITAN NASHVILLE POLICE DEPT,20170972804,Davidson,Nashville,11/4/2017 3:45:00 PM,3,0,0,36.137200,-86.699670,BRILEY PKWY,,,,0.00,,,GLASTONBURY RD,,,,0.00,Y,T-Intersection,N,Intersection,None,,,         ,Patrick,Taylor,Clear,Front to Rear,no,no,no,no,no,False
101814825,METROPOLITAN NASHVILLE POLICE DEPT,20170972872,Davidson,Nashville,11/4/2017 4:30:00 PM,2,1,0,36.128750,-86.853290,WHITE BRIDGE PKE,,,,41.00,Feet,West,LIONS HEAD VILLAGE PVTDR,,,,0.00,N,Not at Intersection,N,Non-Junction,None,,,         ,Anthony,Cucci,Clear,Angle,no,no,no,no,no,False
101814831,METROPOLITAN NASHVILLE POLICE DEPT,20170972830,Davidson,Nashville,11/4/2017 3:50:00 PM,2,0,0,36.134250,-86.775480,WEDGEWOOD AV,,,,262.00,Feet,East,I65 N ENT RAMP,,,,0.00,N,Not at Intersection,N,Entrance/Exit Ramp Related,None,,,         ,Bradley,Pope,Clear,Front to Rear,no,no,no,no,no,False
101814835,METROPOLITAN NASHVILLE POLICE DEPT,20170972927,Davidson,Nashville,11/4/2017 5:06:00 PM,2,1,0,36.071750,-86.683820,ANTIOCH PKE,,,,217.00,Feet,North,HAYSTACK LN,,,,0.00,N,Not at Intersection,N,Non-Junction,None,,,         ,Marcus,Darden,Clear,Front to Rear,no,no,no,no,no,False
101814845,METROPOLITAN NASHVILLE POLICE DEPT,20170972798,Davidson,Nashville,11/4/2017 3:28:00 PM,2,0,0,36.193680,-86.620310,JUAREZ DR,,,,0.00,,,,,,,0.00,,,N,Non-Junction,None,,,         ,Adam,Nicholson,Clear,"Sideswipe, Same Direction",no,no,no,yes,yes,False
101814862,METROPOLITAN NASHVILLE POLICE DEPT,20170972871,Davidson,Not in City Limit,11/4/2017 2:00:00 PM,2,0,0,36.263510,-86.713370,OLD TIME VILLAGE PVTDR,,,,125.00,Feet,West,OLD HICKORY BLVDW,,,,0.00,N,Not at Intersection,N,Non-Junction,None,,,         ,Christopher,Littles,Clear,Angle,no,no,no,yes,yes,False
101814875,METROPOLITAN NASHVILLE POLICE DEPT,20170972719,Davidson,Nashville,11/4/2017 12:00:00 AM,2,0,0,36.206000,-86.752450,OAKWOOD AV,,,,0.00,,,WESLEY AV,,,,0.00,Y,T-Intersection, ,Intersection,None,,,         ,Gordon,Stovall,Cloudy,Angle,no,no,no,no,no,False
101814880,METROPOLITAN NASHVILLE POLICE DEPT,20170973075,Davidson,Nashville,11/4/2017 5:30:00 PM,2,0,0,36.110820,-86.726000,EAST THOMPSON LN,,,,496.00,Feet,East,EAST THOMPSON LN PVTDR,,,,0.00,N,Not at Intersection, ,"Driveway, Alley Access, etc",None,,,         ,Andrew,Mullen,Clear,Angle,no,no,no,no,yes,False
101814886,METROPOLITAN NASHVILLE POLICE DEPT,20170973037,Davidson,Nashville,11/4/2017 4:40:00 PM,2,0,0,36.099460,-86.871560,HIGHWAY 100,,,,108.00,Feet,South,HARDING PKE,,,,0.00,N,Not at Intersection, ,Non-Junction,None,,,         ,Ethan,Usherwood,Clear,"Sideswipe, Same Direction",no,no,no,no,no,False
101814896,METROPOLITAN NASHVILLE POLICE DEPT,20170973016,Davidson,Nashville,11/4/2017 6:10:00 PM,1,0,0,36.159010,-86.624200,I 40,,,,0.00,,,,,,,219.30,N,Not at Intersection,N,Non-Junction,None,,,         ,Johnathan,Pannell,Clear,Not Collision with Motor Vehicle in Transport,no,no,no,no,no,False
101814909,METROPOLITAN NASHVILLE POLICE DEPT,20170973059,Davidson,Nashville,11/4/2017 6:33:00 PM,1,0,0,36.158820,-86.624510,I 40,,,,0.00,,,,,,,219.30,N,Not at Intersection, ,Non-Junction,None,,,         ,Johnathan,Pannell,Clear,Not Collision with Motor Vehicle in Transport,no,no,no,no,no,False
101814912,METROPOLITAN NASHVILLE POLICE DEPT,20170973126,Davidson,Nashville,11/4/2017 3:40:00 PM,2,0,0,36.108580,-86.815660,GREEN HILLS VILLAGE DR,,,,361.00,Feet,South,CLEGHORN AV,,,,0.00,N,Not at Intersection, ,,None,,,         ,Ethan,Usherwood,,,no,no,no,yes,no,False
101814913,METROPOLITAN NASHVILLE POLICE DEPT,20170973171,Davidson,Nashville,11/4/2017 2:09:00 PM,2,0,0,36.076410,-86.725350,NOLENSVILLE PKE,,,,256.00,Feet,South,WALLACE RD,,,,0.00,N,Not at Intersection, ,Non-Junction,None,,,         ,Luis,De Los Santos,Clear,Front to Rear,no,no,no,no,yes,False
101814917,METROPOLITAN NASHVILLE POLICE DEPT,20170973113,Davidson,Nashville,11/4/2017 6:25:00 PM,2,0,0,36.105290,-86.795790,GRANNY WHITE PKE,,,,100.00,Feet,South,MORROW AV,,,,0.00,N,Not at Intersection,N,SharedUsePathOrTrail,None,,,         ,Bradley,Pope,Clear,Front to Rear,no,no,no,no,no,False
101814947,METROPOLITAN NASHVILLE POLICE DEPT,20170973259,Davidson,Nashville,11/4/2017 12:00:00 AM,1,0,0,36.230500,-86.699260,BRILEY PKWYN,,,,554.00,Feet,South,BRILEY PKWYS,,,,0.00,N,Not at Intersection,N,Non-Junction,None,,,         ,Craig,Gentry,Clear,Not Collision with Motor Vehicle in Transport,no,no,no,no,no,False
101814950,THP District 3 - Nashville,317065026,Davidson,Not in City Limit,11/2/2017 6:36:00 AM,1,0,0,36.306510,-86.883540,CLARKSVILLE PKE,,,,1863.00,Feet,South,EATONS CREEK RD,,,,0.00,N,Not at Intersection, ,Non-Junction,None,,,         ,Jeremy,Hoyt,Clear,Not Collision with Motor Vehicle in Transport,no,no,no,no,no,False
101815015,METROPOLITAN NASHVILLE POLICE DEPT,20170973356,Davidson,Nashville,11/4/2017 9:09:00 PM,2,0,0,36.195340,-86.780640,BAPTIST WORLD CENTER DR,,,,306.00,Feet,West,VASHTI ST,,,,0.00,N,Not at Intersection,N,Non-Junction,None,,,         ,Walter,Cothran,Clear,Angle,no,no,no,no,yes,False
101815019,METROPOLITAN NASHVILLE POLICE DEPT,2017-0973093,Davidson,Nashville,11/4/2017 6:16:00 PM,2,0,0,36.131880,-86.895530,CHARLOTTE PKE,,,,0.00,Feet,,I40 E ENT RAMP,,,,0.00,Y,Four-Way,N,Intersection,None,,,         ,Michael,Rogers,Clear,Angle,no,no,no,no,no,False
101815040,GOODLETTSVILLE POLICE DEPT,17-39150,Davidson,Goodlettsville,11/4/2017 10:26:00 PM,1,0,0,36.299140,-86.710430,COBBLESTONE PLACE DR,,,,962.00,Feet,North,RIVERGATE MEADOWS DR,,,,0.00,N,Not at Intersection, ,Non-Junction,None,,,         ,Matt,Shoesmith,Clear,Not Collision with Motor Vehicle in Transport,no,no,no,no,no,False
101815061,METROPOLITAN NASHVILLE POLICE DEPT,2017-0973487,Davidson,Nashville,11/4/2017 7:58:00 PM,1,0,0,36.047000,-86.680540,BELL RD,,,,124.00,Feet,West,BRENTRIDGE CIR,,,,0.00,N,Not at Intersection,N,Non-Junction,None,,,         ,William,Whitworth,Cloudy,Not Collision with Motor Vehicle in Transport,no,no,no,no,no,False
101815066,METROPOLITAN NASHVILLE POLICE DEPT,20170972878,Davidson,Nashville,11/4/2017 4:33:00 PM,1,1,0,36.071560,-86.769780,I 65,,,,0.00,,,,,,,77.00,N,Not at Intersection,N,Non-Junction,None,,,         ,Allyson,Reis,Cloudy,Not Collision with Motor Vehicle in Transport,no,no,no,no,no,False
101815067,METROPOLITAN NASHVILLE POLICE DEPT,20170973548,Davidson,Nashville,11/4/2017 6:38:00 PM,2,0,0,36.060140,-86.672590,ANTIOCH PKE,,,,156.00,Feet,West,BLUE HOLE RD,,,,0.00,N,Not at Intersection, ,,None,,,         ,Kevin,McGinniss,,,no,no,no,no,no,False
101815068,METROPOLITAN NASHVILLE POLICE DEPT,20170973492,Davidson,Nashville,11/4/2017 12:00:00 AM,2,0,0,36.144180,-86.835160,41ST AVN,,,,11.00,Feet,South,UTAH AV,,,,0.00,N,Not at Intersection,N,Unknown,None,,,         ,Justin,Vaughn,Unknown,Unknown,no,no,no,no,yes,False
101815070,METROPOLITAN NASHVILLE POLICE DEPT,20170973472,Davidson,Nashville,11/4/2017 10:00:00 PM,2,0,0,36.126190,-86.727830,I 24,,,,0.00,,,,,,,51.45,N,Not at Intersection,N,Non-Junction,None,,,         ,Brenda,Navarro,Cloudy,"Sideswipe, Same Direction",no,no,no,no,no,False
101815072,METROPOLITAN NASHVILLE POLICE DEPT,20170973294,Davidson,Not in City Limit,11/4/2017 9:03:00 PM,3,1,0,36.266000,-86.741400,OLD HICKORY BLVDW,,,,3.00,Feet,West,NESBITT LN,,,,0.00,N,Not at Intersection,N,Non-Junction,None,,,         ,Janelle,Keslar,Clear,Other,no,no,no,no,no,False
101815082,METROPOLITAN NASHVILLE POLICE DEPT,20170973435,Davidson,Nashville,11/4/2017 10:17:00 PM,2,1,0,36.069120,-86.691020,HAYWOOD LN,,,,100.00,Feet,West,I24 E EXT RAMP,,,,0.00,N,Not at Intersection,Y,Entrance/Exit Ramp Related,None,,,         ,Mary,Williams,Clear,Front to Rear,no,no,no,no,no,False
101815083,METROPOLITAN NASHVILLE POLICE DEPT,20170973533,Davidson,Nashville,11/4/2017 11:15:00 PM,2,0,0,36.079380,-86.655390,UNA ANTIOCH PKE,,,,135.00,Feet,South,OAK BARREL LN,,,,0.00,N,Not at Intersection,N,Non-Junction,None,,,         ,Autumn,Manning,Cloudy,"Sideswipe, Same Direction",no,no,no,no,yes,False
101815093,METROPOLITAN NASHVILLE POLICE DEPT,20170973429,Davidson,Nashville,11/4/2017 10:24:00 PM,2,0,0,36.089140,-86.627450,BELL RD,,,,0.00,,,NASHBORO BLVD,,,,0.00,Y,T-Intersection,N,Intersection,None,,,         ,Patrick,Taylor,Clear,Angle,no,no,no,no,no,False
101815107,METROPOLITAN NASHVILLE POLICE DEPT,20170973703,Davidson,Nashville,11/5/2017 12:47:00 AM,2,0,0,36.176690,-86.787390,4TH AVN,,,,234.00,Feet,South,MONROE ST,,,,0.00,N,Not at Intersection,N,Non-Junction,None,,,         ,John,Deiterick,Clear,Other,no,no,no,no,yes,False
101815111,METROPOLITAN NASHVILLE POLICE DEPT,20170973537,Davidson,Nashville,11/4/2017 10:39:00 PM,2,0,0,36.187920,-86.798480,DOMINICAN DR,,,,0.00,,,ROSA L PARKS BLVD,,,,0.00,Y,Four-Way, ,Non-Junction,None,,,         ,Jamel,Griffin,Clear,"Sideswipe, Same Direction",no,no,no,no,yes,False
101815113,METROPOLITAN NASHVILLE POLICE DEPT,20170973569,Davidson,Nashville,11/4/2017 10:46:00 PM,2,0,0,36.177040,-86.807030,16TH AVN,,,,42.00,Feet,South,WHELESS ST,,,,0.00,N,Not at Intersection,N,Non-Junction,None,,,         ,John,Deiterick,Clear,Front to Rear,no,no,no,no,yes,False
101815116,METROPOLITAN NASHVILLE POLICE DEPT,20170973498,Davidson,Nashville,11/4/2017 9:20:00 PM,2,0,0,36.047550,-86.655930,BELL RD,,,,0.00,,,HICKORY HOLLOW PKWY,,,,0.00,Y,Four-Way, ,Intersection,None,,,         ,Sandra,Fly,Clear,"Sideswipe, Same Direction",no,no,no,no,no,False
101815119,METROPOLITAN NASHVILLE POLICE DEPT,20170973757,Davidson,Nashville,11/5/2017 12:00:00 AM,2,1,0,36.156500,-86.848980,INDIANA AV,,,,48.00,Feet,West,51ST AVN,,,,0.00,N,Not at Intersection,N,Non-Junction,None,,,         ,Terrance,Stuckey,Clear,"Sideswipe, Same Direction",no,no,no,no,yes,False
101815147,METROPOLITAN NASHVILLE POLICE DEPT,20170973799,Davidson,Nashville,11/5/2017 1:40:00 AM,2,0,0,36.077090,-86.725560,EDMONDSON PKE,,,,0.00,,,WALLACE RD,,,,0.00,Y,Four-Way,N,Intersection,None,,,         ,Kevin,McGinniss,Cloudy,Angle,no,no,no,no,no,False
101815148,METROPOLITAN NASHVILLE POLICE DEPT,20170973920,Davidson,Nashville,11/5/2017 1:54:00 AM,1,0,0,36.122410,-86.909600,I 40,,,,0.00,,,,,,,200.30,N,Not at Intersection,N,Non-Junction,None,,,         ,Albert,Wilson,Clear,Not Collision with Motor Vehicle in Transport,no,no,no,no,no,False
101815149,METROPOLITAN NASHVILLE POLICE DEPT,20170973851,Davidson,Nashville,11/5/2017 1:13:00 AM,1,1,0,36.199700,-86.613830,TYLER DR,,,,94.00,Feet,East,TERRY LN,,,,0.00,N,Not at Intersection,N,Non-Junction,None,,,         ,Brett,Johns,Clear,Not Collision with Motor Vehicle in Transport,no,no,no,no,no,False
101815151,METROPOLITAN NASHVILLE POLICE DEPT,20170973824,Davidson,Nashville,11/5/2017 1:01:00 AM,2,0,0,36.151680,-86.768390,I 40,,,,0.00,,,,,,,210.50,N,Not at Intersection, ,Non-Junction,None,,,         ,Katelin,Ehrhardt,,Front to Rear,no,no,no,no,no,False
101815152,METROPOLITAN NASHVILLE POLICE DEPT,20170973778,Davidson,Nashville,11/5/2017 1:17:00 AM,2,0,0,36.156710,-86.794140,CHURCH ST,,,,116.00,Feet,West,16TH AVN,,,,0.00,N,Not at Intersection,N,Non-Junction,None,,,         ,Craig,Oakley,Clear,"Sideswipe, Same Direction",no,no,no,yes,yes,False
101815153,METROPOLITAN NASHVILLE POLICE DEPT,20170973748,Davidson,Not in City Limit,11/5/2017 1:00:00 AM,1,1,0,36.075370,-86.967270,COLEY DAVIS RD,,,,122.00,Feet,East,SOMERSET FARMS DR,,,,0.00,N,Not at Intersection,N,Non-Junction,None,,,         ,Edward,Holden,Clear,Not Collision with Motor Vehicle in Transport,no,no,no,no,no,False
101815166,VANDERBILT UNIVERSITY POLICE,2017-0973420,Davidson,Nashville,10/29/2017 12:00:00 AM,1,0,0,36.140130,-86.801610,MEDICAL CENTER DR,,,,188.00,Feet,North,PIERCE AV,,,,0.00,N,Not at Intersection, ,Non-Junction,None,,,         ,Adam,Dorris,Clear,Unknown,no,no,no,yes,no,Campus
101815167,METROPOLITAN NASHVILLE POLICE DEPT,20170973884,Davidson,Nashville,11/5/2017 1:31:00 AM,2,0,0,36.154340,-86.798960,19TH AVN,,,,0.00,,,CHURCH ST,,,,0.00,Y,Four-Way, ,Intersection,None,,,         ,Ryan,Worstall,Clear,Angle,no,no,no,no,no,False
101815175,GOODLETTSVILLE POLICE DEPT,17-39151,Davidson,Goodlettsville,11/4/2017 10:31:00 PM,2,0,0,36.305570,-86.702990,RIVERGATE PKWY,,,,0.00,,,RIVERGATE DR,,,,0.00,Y,Four-Way, ,Intersection-Related,None,,,         ,Jeffrey,Petty,Clear,Front to Rear,no,no,no,no,no,False
101815181,METROPOLITAN NASHVILLE POLICE DEPT,20170973847,Davidson,Nashville,11/5/2017 1:13:00 AM,1,1,0,36.156760,-86.794040,CHURCH ST,,,,82.00,Feet,West,16TH AVN,,,,0.00,N,Not at Intersection,N,Non-Junction,None,,,         ,Craig,Oakley,Clear,Not Collision with Motor Vehicle in Transport,yes,no,no,no,yes,False
101815185,GOODLETTSVILLE POLICE DEPT,17-39155,Davidson,Goodlettsville,11/4/2017 11:44:00 PM,2,1,0,36.295820,-86.704450,GLEAVES ST,,,,0.00,,,WREN RD,,,,0.00,Y,T-Intersection,N,Intersection,None,,,         ,Jeffrey,Petty,Clear,Angle,no,no,no,no,yes,False
101815191,METROPOLITAN NASHVILLE POLICE DEPT,20170973460,Davidson,Nashville,11/4/2017 10:40:00 PM,1,0,0,36.161000,-86.775620,3RD AVS,,,,219.00,Feet,South,BROADWAY,,,,0.00,N,Not at Intersection, ,Non-Junction,None,,,         ,Darrien,Spann,Clear,Not Collision with Motor Vehicle in Transport,no,yes,no,no,no,False
101815206,METROPOLITAN NASHVILLE POLICE DEPT,20170973503,Davidson,Nashville,11/4/2017 10:37:00 PM,2,0,0,36.082100,-86.761690,HARDING PL,,,,0.00,,,SIDCO DR,,,,0.00,Y,T-Intersection, ,Entrance/Exit Ramp Related,None,,,         ,Jacob,West,Clear,"Sideswipe, Same Direction",no,no,no,no,no,False
101815218,METROPOLITAN NASHVILLE POLICE DEPT,20170974148,Davidson,Not in City Limit,11/5/2017 4:18:00 AM,1,0,0,36.035330,-86.968660,HIGHWAY 100,,,,150.00,Feet,West,PASQUO RD,,,,0.00,N,Not at Intersection,N,Non-Junction,None,,,         ,Albert,Wilson,Clear,Not Collision with Motor Vehicle in Transport,no,no,no,no,no,False
101815262,METROPOLITAN NASHVILLE POLICE DEPT,20170974273,Davidson,Nashville,11/4/2017 10:49:00 PM,1,0,0,36.217960,-86.629290,AARONWOOD DR,,,,519.00,Feet,North,JAYWOOD DR,,,,0.00,N,Not at Intersection,N,Non-Junction,None,,,         ,Michael,Brooks,Cloudy,Not Collision with Motor Vehicle in Transport,no,no,no,no,yes,False
101815265,METROPOLITAN NASHVILLE POLICE DEPT,20170974222,Davidson,Nashville,11/5/2017 12:00:00 AM,2,2,0,36.150610,-86.865150,I 40,,,,0.00,,,,,,,203.55,N,Not at Intersection,N,Non-Junction,None,,,         ,Terrance,Stuckey,Clear,"Sideswipe, Same Direction",no,no,no,no,no,False
101815269,METROPOLITAN NASHVILLE POLICE DEPT,20170974087,Davidson,Nashville,11/5/2017 3:21:00 AM,1,0,0,36.096400,-86.648890,SMITH SPRINGS RD,,,,1308.00,Feet,East,REYNOLDS RD,,,,0.00,N,Not at Intersection,N,Non-Junction,None,,,         ,Bridget,Griepentrog,Clear,Not Collision with Motor Vehicle in Transport,no,no,no,no,no,False
101815270,METROPOLITAN NASHVILLE POLICE DEPT,20170974108,Davidson,Nashville,11/5/2017 3:22:00 AM,1,0,0,36.096410,-86.648750,SMITH SPRINGS RD,,,,1351.00,Feet,East,REYNOLDS RD,,,,0.00,N,Not at Intersection, ,Non-Junction,None,,,         ,Bridget,Griepentrog,Clear,Not Collision with Motor Vehicle in Transport,no,no,no,no,no,False
101815273,METROPOLITAN NASHVILLE POLICE DEPT,20170974146,Davidson,Nashville,11/5/2017 4:18:00 AM,2,1,0,36.153400,-86.800840,20TH AVN,,,,0.00,,,CHURCH ST,,,,0.00,Y,Four-Way,N,Intersection,None,,,         ,Nicholas,Smith,Clear,Angle,no,no,no,no,no,Campus
101815293,METROPOLITAN NASHVILLE POLICE DEPT,20170974386,Davidson,Nashville,11/5/2017 7:58:00 AM,1,0,0,36.172820,-86.584880,S NEW HOPE RD,,,,0.00,,,CENTRAL PKE,,,,0.00,Y,T-Intersection,N,Intersection,None,,,         ,Michael,Brooks,Cloudy,Not Collision with Motor Vehicle in Transport,no,no,no,no,no,False
101815331,METROPOLITAN NASHVILLE POLICE DEPT,20170974538,Davidson,Nashville,11/5/2017 9:36:00 AM,1,0,0,36.217340,-86.593900,GRIFFIN PL,,,,458.00,Feet,East,GRIFFIN CIR,,,,0.00,N,Not at Intersection,N,Non-Junction,None,,,         ,Michael,Brooks,Cloudy,Not Collision with Motor Vehicle in Transport,no,no,no,yes,yes,False
101815366,METROPOLITAN NASHVILLE POLICE DEPT,20170974443,Davidson,Nashville,11/5/2017 8:38:00 AM,2,2,0,36.148510,-86.766520,2ND AVS,,,,125.00,Feet,East,CAMERON ST,,,,0.00,N,Not at Intersection,N,Non-Junction,None,,,         ,Deandera,Payne,Clear,Angle,no,no,no,no,no,False
101815377,METROPOLITAN NASHVILLE POLICE DEPT,20170974619,Davidson,Not in City Limit,11/5/2017 9:45:00 AM,1,0,0,36.278000,-86.734610,I 65,,,,0.00,,,,,,,93.20,N,Not at Intersection, ,Non-Junction,None,,,         ,Jack,Crouch,Clear,Not Collision with Motor Vehicle in Transport,no,no,no,no,no,False
101815381,METROPOLITAN NASHVILLE POLICE DEPT,20170974589,Davidson,Not in City Limit,11/5/2017 10:05:00 AM,3,2,0,36.073920,-86.925810,HIGHWAY 70S,,,,137.00,Feet,East,HICKS RD,,,,0.00,N,Not at Intersection,N,Non-Junction,None,,,         ,Douglas,Atwood,Clear,Front to Rear,no,no,no,no,no,False
101815385,METROPOLITAN NASHVILLE POLICE DEPT,20170974631,Davidson,Nashville,11/5/2017 10:41:00 AM,3,0,0,36.141550,-86.732740,I 40,,,,0.00,,,,,,,212.95,N,Not at Intersection, ,Non-Junction,None,,,         ,Jed,Baldoni,Clear,Front to Rear,no,no,no,no,no,False
101815395,METROPOLITAN NASHVILLE POLICE DEPT,20170974660,Davidson,Nashville,11/5/2017 10:54:00 AM,2,0,0,36.169670,-86.806710,DR D B TODD JR BLVD,,,,78.00,Feet,North,JEFFERSON ST,,,,0.00,N,Not at Intersection, ,Non-Junction,None,,,         ,Isaac,Wood,Clear,"Sideswipe, Same Direction",no,no,no,no,no,False
101815415,METROPOLITAN NASHVILLE POLICE DEPT,20170974732,Davidson,Nashville,11/5/2017 11:35:00 AM,2,0,0,36.134070,-86.727100,I 24,,,,0.00,,,,,,,52.10,N,Not at Intersection, ,Entrance/Exit Ramp Related,None,,,         ,Michael,Dudley,Clear,Front to Rear,no,no,no,no,no,False
101815457,METROPOLITAN NASHVILLE POLICE DEPT,20170974350,Davidson,Nashville,11/5/2017 12:00:00 AM,1,0,0,36.182490,-86.806530,CEPHAS ST,,,,353.00,Feet,West,COFFEE ST,,,,0.00,N,Not at Intersection,N,Non-Junction,None,,,         ,Joshua,Baker,Unknown,Not Collision with Motor Vehicle in Transport,no,no,no,no,yes,False
101815489,METROPOLITAN NASHVILLE POLICE DEPT,20170974827,Davidson,Antioch,11/5/2017 12:42:00 PM,1,0,0,36.030300,-86.588630,HICKORY WAY,,,,116.00,Feet,East,LAVERGNE COUCHVILLE PKE,,,,0.00,N,Not at Intersection, ,Non-Junction,None,,,         ,Blake,Lutz,Clear,Not Collision with Motor Vehicle in Transport,no,no,no,no,no,False
101815502,METROPOLITAN NASHVILLE POLICE DEPT,20170974669,Davidson,Nashville,11/5/2017 10:50:00 AM,2,0,0,36.103230,-86.666480,MURFREESBORO PKE,,,,0.00,,,FAIRCLOTH LN,,,,0.00,Y,T-Intersection,N,Intersection-Related,None,,,         ,Gregory,Lindstrom,Clear,Angle,no,no,no,no,no,False
101815503,METROPOLITAN NASHVILLE POLICE DEPT,20170974772,Davidson,Nashville,11/5/2017 12:00:00 PM,2,0,0,36.102870,-86.665900,MURFREESBORO PKE,,,,116.00,Feet,East,TOWN PARK DR,,,,0.00,N,Not at Intersection,N,Non-Junction,None,,,         ,Gregory,Lindstrom,Clear,Front to Rear,no,no,no,no,yes,False