master_record_number,agency,agency_tracking_number,county,city,collision_date,vehicles_involved,number_injured,number_dead,latitude,longitude,roadway_name,roadway_suffix,roadway_number,roadway_local_id,distance_from_reference,miles-feet_indicator,direction_from_reference,intersection_road_name,intersection_road_name_suffix,intersection_road_number,intersection_local_id,mile_marker,intersection_indicator,intersect_type,interchange_related_indicator,relation_to_junction,work_zone_type,construction_maintenance_zone,construction_maintenance_zone_location,fatal_case_number,officer_first_name,officer_last_name,weather_condition(s),manner_of_crash,pedestrian,bicycle,scooter,parking,hitrun,mou
101816884,METROPOLITAN NASHVILLE POLICE DEPT,20170978229,Davidson,Nashville,11/6/2017 5:45:00 PM,2,0,0,36.112680,-86.708620,BRILEY PKWYS,,,,368.00,Feet,East,CURREY RD,,,,0.00,N,Not at Intersection, ,Non-Junction,None,,,         ,Benjamin,Froehlich,Cloudy,Front to Rear,no,no,no,no,yes,False
101816887,METROPOLITAN NASHVILLE POLICE DEPT,20170978094,Davidson,Nashville,11/6/2017 5:15:00 PM,2,1,0,36.111310,-86.756760,THOMPSON LN,,,,371.00,Feet,East,KRAFT DR,,,,0.00,N,Not at Intersection,N,Non-Junction,None,,,         ,Jon,Mcvey,Rain,Front to Rear,no,no,no,no,no,False
101816888,METROPOLITAN NASHVILLE POLICE DEPT,20170978246,Davidson,Lakewood,11/6/2017 6:39:00 PM,1,0,0,36.236240,-86.627340,OLD HICKORY BLVD,,,,11.00,Feet,North,FIELDS DR,,,,0.00,N,Not at Intersection, ,Non-Junction,None,,,         ,Codey,Mullins,Rain,Not Collision with Motor Vehicle in Transport,no,no,no,no,no,False
101816889,METROPOLITAN NASHVILLE POLICE DEPT,20170978262,Davidson,Nashville,11/6/2017 12:00:00 AM,2,0,0,36.181420,-86.799830,I 65,,,,0.00,,,,,,,85.10,N,Not at Intersection, ,Non-Junction,None,,,         ,Adam,Gartner,Rain,Front to Rear,no,no,no,no,no,False
101816895,METROPOLITAN NASHVILLE POLICE DEPT,20170978048,Davidson,Nashville,11/6/2017 5:13:00 PM,3,0,0,36.154950,-86.831030,I 40,,,,0.00,,,,,,,205.45,N,Not at Intersection,N,Non-Junction,None,,,         ,Walter,Gray II,Cloudy,Front to Rear,no,no,no,no,no,False
101816906,VANDERBILT UNIVERSITY POLICE,17-0978200,Davidson,Nashville,11/6/2017 6:15:00 PM,2,0,0,36.148060,-86.806190,WEST END AV,,,,100.00,Feet,East,24TH AVS,,,,0.00,N,Not at Intersection, ,Non-Junction,None,,,         ,William,West,Rain,Front to Rear,no,no,no,no,no,Campus
101816918,METROPOLITAN NASHVILLE POLICE DEPT,20170978250,Davidson,Nashville,11/6/2017 6:35:00 PM,2,0,0,36.183700,-86.747380,EASTLAND AV,,,,200.00,Feet,West,N 12TH ST,,,,0.00,N,Not at Intersection, ,Non-Junction,None,,,         ,Edward,Conrads,Rain,Angle,no,no,no,no,no,False
101816938,METROPOLITAN NASHVILLE POLICE DEPT,20170978152,Davidson,Nashville,11/6/2017 5:50:00 PM,2,3,0,36.140590,-86.721910,I 40,,,,0.00,,,,,,,213.55,N,Not at Intersection,N,Non-Junction,None,,,         ,Samuel,Sundra,Rain,Front to Rear,no,no,no,no,no,False
101816939,METROPOLITAN NASHVILLE POLICE DEPT,20170978233,Davidson,Nashville,11/6/2017 6:15:00 PM,2,0,0,36.198440,-86.620270,LEBANON PKE,,,,0.00,,,OLD HICKORY BLVD,,,,0.00,Y,Four-Way,N,Intersection,None,,,         ,Matthew,Turppa,Rain,Front to Rear,no,no,no,no,no,False
101816941,METROPOLITAN NASHVILLE POLICE DEPT,20170977979,Davidson,Not in City Limit,11/6/2017 12:00:00 AM,2,0,0,36.258160,-86.849670,CLARKSVILLE PKE,,,,723.00,Feet,East,DRY FORK RD,,,,0.00,N,Not at Intersection, ,Non-Junction,None,,,         ,Melvin,Taylor,Clear,Front to Rear,no,no,no,no,no,False
101816942,METROPOLITAN NASHVILLE POLICE DEPT,20170978238,Davidson,Nashville,11/6/2017 12:00:00 AM,2,0,0,36.217500,-86.846200,KINGS LN,,,,32.00,Feet,East,PHIPPS DR,,,,0.00,N,Not at Intersection, ,Non-Junction,None,,,         ,Melvin,Taylor,Rain,Front to Rear,no,no,no,no,no,False
101816966,METROPOLITAN NASHVILLE POLICE DEPT,20170978201,Davidson,Nashville,11/6/2017 6:15:00 PM,2,1,0,36.191490,-86.753170,ELLINGTON PKWYS,,,,146.00,Feet,South,ELLINGTON PKWY S ENT RAMP,,,,0.00,N,Not at Intersection,N,Non-Junction,None,,,         ,Benjamin,Williams,Rain,Front to Rear,no,no,no,no,no,False
101816976,METROPOLITAN NASHVILLE POLICE DEPT,20170977587,Davidson,Not in City Limit,11/6/2017 2:57:00 PM,2,1,0,36.272780,-86.710160,GALLATIN PKEN,,,,0.00,,,NESBITT LN,,,,0.00,Y,T-Intersection,Y,Intersection,None,,,         ,Samuel,Miller,Cloudy,Angle,no,no,no,no,no,False
101816977,METROPOLITAN NASHVILLE POLICE DEPT,20170978042,Davidson,Not in City Limit,11/6/2017 4:41:00 PM,2,0,0,36.264150,-86.735620,I65 N EXT RAMP,,,,0.00,Feet,East,OLD HICKORY BLVDW,,,,0.00,N,Not at Intersection, ,Entrance/Exit Ramp Related,None,,,         ,Samuel,Miller,Cloudy,Front to Rear,no,no,no,no,no,False
101816978,METROPOLITAN NASHVILLE POLICE DEPT,20170978127,Davidson,Not in City Limit,11/6/2017 5:44:00 PM,2,0,0,36.286150,-86.807650,I 24,,,,0.00,,,,,,,39.80,N,Not at Intersection, ,Non-Junction,None,,,         ,Samuel,Miller,Cloudy,Front to Rear,no,no,no,no,no,False
101816981,METROPOLITAN NASHVILLE POLICE DEPT,20170978065,Davidson,Nashville,11/6/2017 5:11:00 PM,1,3,0,36.029160,-86.647220,OLD FRANKLIN RD,,,,500.00,Feet,East,CANE RIDGE RD,,,,0.00,N,Not at Intersection,N,Non-Junction,None,,,         ,Joseph,Progar,Rain,Not Collision with Motor Vehicle in Transport,no,no,no,no,no,False
101816984,METROPOLITAN NASHVILLE POLICE DEPT,20170978360,Davidson,Nashville,11/6/2017 7:09:00 PM,2,0,0,36.105400,-86.717850,I 24,,,,0.00,,,,,,,54.10,N,Not at Intersection, ,Non-Junction,None,,,         ,Alyson,Cook,Rain,Front to Rear,no,no,no,no,no,False
101816992,METROPOLITAN NASHVILLE POLICE DEPT,20170978261,Davidson,Nashville,11/6/2017 6:25:00 PM,2,1,0,36.233860,-86.724810,GALLATIN PKE,,,,23.00,Feet,North,BRILEY PKWY E EXT RAMP,,,,0.00,N,Not at Intersection,N,Non-Junction,None,,,         ,Michael,Moss,Rain,Front to Rear,no,no,no,no,no,False
101816999,METROPOLITAN NASHVILLE POLICE DEPT,20170978393,Davidson,Nashville,11/6/2017 7:19:00 PM,2,0,0,36.065530,-86.685650,I 24,,,,0.00,,,,,,,57.35,N,Not at Intersection, ,Non-Junction,None,,,         ,Alyson,Cook,Rain,"Sideswipe, Same Direction",no,no,no,no,no,False
101817005,METROPOLITAN NASHVILLE POLICE DEPT,20170978199,Davidson,Not in City Limit,11/6/2017 5:44:00 PM,2,0,0,36.286170,-86.807670,I 24,,,,0.00,,,,,,,39.80,N,Not at Intersection,N,Non-Junction,None,,,         ,Samuel,Miller,Cloudy,Front to Rear,no,no,no,no,no,False
101817006,METROPOLITAN NASHVILLE POLICE DEPT,20170978303,Davidson,Not in City Limit,11/6/2017 6:38:00 PM,2,0,0,36.267160,-86.791850,I 24,,,,0.00,,,,,,,41.35,N,Not at Intersection, ,Non-Junction,None,,,         ,Samuel,Miller,Rain,Front to Rear,no,no,no,no,no,False
101817007,METROPOLITAN NASHVILLE POLICE DEPT,20170978154,Davidson,Not in City Limit,11/6/2017 5:12:00 PM,2,0,0,36.309200,-86.676220,GALLATIN PKEN,,,,0.00,,,CUMBERLAND HILLS DR,,,,0.00,Y,T-Intersection, ,,None,,,         ,Joel,Callies,,,no,no,no,no,no,False
101817009,METROPOLITAN NASHVILLE POLICE DEPT,20170978359,Davidson,Nashville,11/6/2017 4:30:00 PM,3,1,0,36.032370,-86.766770,CLOVERLAND DR,,,,572.00,Feet,East,JONES PKWY,,,,0.00,N,Not at Intersection,N,Non-Junction,None,,,         ,Allyson,Reis,Rain,Front to Rear,no,no,no,no,yes,False
101817012,METROPOLITAN NASHVILLE POLICE DEPT,20170978111,Davidson,Nashville,11/6/2017 5:38:00 PM,3,1,0,36.082610,-86.727250,NOLENSVILLE PKE,,,,0.00,,,WELSHWOOD DR,,,,0.00,Y,T-Intersection,N,Intersection,None,,,         ,William,King,Rain,Angle,no,no,no,no,yes,False
101817013,METROPOLITAN NASHVILLE POLICE DEPT,20170978302,Davidson,Nashville,11/6/2017 7:09:00 PM,1,1,0,36.031910,-86.760120,CLOVERLAND DR,,,,50.00,Feet,East,CLOVERMEADE DR,,,,0.00,N,Not at Intersection,N,Non-Junction,None,,,         ,William,King,Rain,Not Collision with Motor Vehicle in Transport,no,no,no,no,no,False
101817017,METROPOLITAN NASHVILLE POLICE DEPT,20170978457,Davidson,Nashville,11/6/2017 8:20:00 PM,1,1,0,36.094910,-86.737020,NOLENSVILLE PKE,,,,358.00,Feet,South,WHEELER AV,,,,0.00,N,Not at Intersection,N,Non-Junction,None,,,         ,Tien,Nguyen,Rain,Not Collision with Motor Vehicle in Transport,yes,no,no,no,no,False
101817018,METROPOLITAN NASHVILLE POLICE DEPT,20170978115,Davidson,Nashville,11/6/2017 5:31:00 PM,1,0,0,36.139910,-86.725170,I 40,,,,0.00,,,,,,,213.40,N,Not at Intersection, ,Non-Junction,None,,,         ,Jaby,Djabbarov,Rain,Not Collision with Motor Vehicle in Transport,no,no,no,no,no,False
101817028,METROPOLITAN NASHVILLE POLICE DEPT,20170978467,Davidson,Nashville,11/6/2017 8:15:00 PM,2,0,0,36.074550,-86.920950,OLD HICKORY BLVD,,,,25.00,Feet,North,HIGHWAY 70S,,,,0.00,N,Not at Intersection, ,,None,,,         ,Andrew,Brazee,,,no,no,no,no,no,False
101817052,VANDERBILT UNIVERSITY POLICE,2017-0978370,Davidson,Nashville,11/6/2017 7:32:00 PM,1,1,0,36.144840,-86.806800,25TH AVS,,,,0.00,,,VANDERBILT PL,,,,0.00,Y,T-Intersection,N,Intersection,None,,,         ,Cameron,Hoppe,Rain,Not Collision with Motor Vehicle in Transport,yes,no,no,no,no,Campus
101817053,METROPOLITAN NASHVILLE POLICE DEPT,20170978322,Davidson,Nashville,11/6/2017 5:44:00 PM,2,0,0,36.111080,-86.754470,THOMPSON LN,,,,0.00,,,EUGENIA AV,,,,0.00,Y,T-Intersection, ,Intersection,None,,,         ,Austin,Kendrick,Rain,"Sideswipe, Same Direction",no,no,no,no,no,False
101817056,METROPOLITAN NASHVILLE POLICE DEPT,20170978486,Davidson,Nashville,11/6/2017 8:05:00 PM,2,0,0,36.154040,-86.796760,HAYES ST,,,,0.00,,,18TH AVN,,,,0.00,Y,Four-Way,N,Intersection,None,,,         ,Chad,Wilkinson,Rain,Angle,no,no,no,no,no,False
101817072,METROPOLITAN NASHVILLE POLICE DEPT,2017-0978513,Davidson,Nashville,11/6/2017 8:42:00 PM,2,0,0,36.198440,-86.620270,LEBANON PKE,,,,0.00,,,OLD HICKORY BLVD,,,,0.00,Y,Four-Way, ,,None,,,         ,Sandra,Talavera,,,no,no,no,no,no,False
101817073,METROPOLITAN NASHVILLE POLICE DEPT,20170978319,Davidson,Nashville,11/6/2017 7:17:00 PM,1,0,0,36.087590,-86.688390,EZELL PKE,,,,77.00,Feet,South,CORRECTIONS CENTER PVTDR,,,,0.00,N,Not at Intersection,N,Non-Junction,None,,,         ,Marcus,Darden,Clear,Not Collision with Motor Vehicle in Transport,no,no,no,no,no,False
101817095,METROPOLITAN NASHVILLE POLICE DEPT,20170978590,Davidson,Nashville,11/6/2017 9:22:00 PM,2,0,0,36.148550,-86.781270,I 40,,,,0.00,,,,,,,209.75,N,Not at Intersection,N,Entrance/Exit Ramp Related,None,,,         ,Tien,Nguyen,Rain,Front to Rear,no,no,no,no,no,False
101817096,METROPOLITAN NASHVILLE POLICE DEPT,20170978588,Davidson,Nashville,11/6/2017 9:21:00 PM,2,0,0,36.152400,-86.775740,EWING AV,,,,336.00,Feet,South,LAFAYETTE ST,,,,0.00,N,Not at Intersection, ,"Driveway, Alley Access, etc",None,,,         ,John,Chambers,Rain,Angle,no,no,no,no,no,False
101817106,METROPOLITAN NASHVILLE POLICE DEPT,20170978318,Davidson,Nashville,11/6/2017 6:30:00 PM,2,0,0,36.203400,-86.738610,GALLATIN PKE,,,,50.00,Feet,South,E TRINITY LN,,,,0.00,N,Not at Intersection, ,Non-Junction,None,,,         ,Ryan,Howard,Rain,Angle,no,no,no,yes,no,False
101817107,METROPOLITAN NASHVILLE POLICE DEPT,20170978290,Davidson,Nashville,11/6/2017 6:59:00 PM,2,1,0,36.081100,-86.758360,HARDING PL,,,,0.00,,,TROUSDALE DR,,,,0.00,Y,Four-Way,N,Intersection-Related,None,,,         ,Tien,Nguyen,Rain,Angle,no,no,no,no,no,False
101817108,METROPOLITAN NASHVILLE POLICE DEPT,20170978630,Davidson,Nashville,11/6/2017 6:14:00 PM,2,0,0,36.141720,-86.778670,CHESTNUT ST,,,,0.00,Feet,,8TH AVS,,,,0.00,Y,Four-Way,Y,Intersection-Related,None,,,         ,Austin,Kendrick,Rain,Angle,no,no,no,no,yes,False
101817117,METROPOLITAN NASHVILLE POLICE DEPT,20170978560,Davidson,Not in City Limit,11/6/2017 9:57:00 PM,1,0,0,36.104100,-86.932010,I 40,,,,0.00,,,,,,,198.60,N,Not at Intersection,N,Non-Junction,None,,,         ,Walter,Gray II,Rain,Not Collision with Motor Vehicle in Transport,no,no,no,no,no,False
101817119,METROPOLITAN NASHVILLE POLICE DEPT,20170978596,Davidson,Nashville,11/6/2017 8:20:00 PM,1,0,0,36.114850,-86.772380,I440 W ENT RAMP,,,,306.00,Feet,North,I 65,,,,0.00,N,Not at Intersection, ,,None,,,         ,Hillary,Sherman,,,no,no,no,no,no,False
101817146,METROPOLITAN NASHVILLE POLICE DEPT,20170978690,Davidson,Nashville,11/6/2017 10:23:00 PM,1,1,0,36.153150,-86.854470,I 40,,,,0.00,,,I40 W EXT RAMP,,,,0.00,Y,OTHER,N,Non-Junction,None,,,         ,Barrett,Teague,Rain,Not Collision with Motor Vehicle in Transport,no,no,no,no,no,False
101817156,METROPOLITAN NASHVILLE POLICE DEPT,20170978079,Davidson,Nashville,11/6/2017 5:10:00 PM,2,0,0,36.152140,-86.753560,I 40,,,,0.00,,,,,,,211.40,N,Not at Intersection,Y,Non-Junction,None,,,         ,Johnathan,Pannell,Clear,"Sideswipe, Same Direction",no,no,no,no,no,False
101817157,METROPOLITAN NASHVILLE POLICE DEPT,20170978297,Davidson,Nashville,11/6/2017 7:00:00 PM,3,0,0,36.148090,-86.744950,I 40,,,,0.00,,,,,,,211.95,N,Not at Intersection,Y,Non-Junction,None,,,         ,Johnathan,Pannell,Rain,"Sideswipe, Same Direction",no,no,no,no,yes,False
101817158,METROPOLITAN NASHVILLE POLICE DEPT,20170978472,Davidson,Nashville,11/6/2017 8:20:00 PM,1,0,0,36.148130,-86.745020,I 40,,,,0.00,,,,,,,211.95,N,Not at Intersection,N,Non-Junction,None,,,         ,Johnathan,Pannell,Rain,Not Collision with Motor Vehicle in Transport,no,no,no,no,no,False
101817159,METROPOLITAN NASHVILLE POLICE DEPT,20170978593,Davidson,Nashville,11/6/2017 9:23:00 PM,3,1,0,36.152720,-86.754560,I 40,,,,0.00,,,,,,,211.30,N,Not at Intersection,N,Non-Junction,None,,,         ,Johnathan,Pannell,Rain,"Sideswipe, Same Direction",no,no,no,no,no,False
101817161,METROPOLITAN NASHVILLE POLICE DEPT,20170978743,Davidson,Nashville,11/6/2017 12:00:00 AM,1,0,0,36.040550,-86.784660,FRANKLIN PKE,,,,528.00,Feet,North,FRANKLIN PIKE CIR,,,,0.00,N,Not at Intersection, ,Non-Junction,None,,,         ,Trevor,Taylor,Rain,Not Collision with Motor Vehicle in Transport,no,no,no,no,no,False
101817163,METROPOLITAN NASHVILLE POLICE DEPT,20170978778,Davidson,Nashville,11/6/2017 11:15:00 PM,1,0,0,36.170410,-86.879580,COCKRILL BEND BLVD,,,,684.00,Feet,West,WESTBELT DR,,,,0.00,N,Not at Intersection,N,Non-Junction,None,,,         ,Sarah,Ortkiese,Rain,Not Collision with Motor Vehicle in Transport,no,no,no,no,no,False
101817167,METROPOLITAN NASHVILLE POLICE DEPT,20170978564,Davidson,Nashville,11/6/2017 9:13:00 PM,7,0,0,36.183170,-86.775010,I 24,,,,0.00,,,,,,,47.40,N,Not at Intersection,N,Non-Junction,None,,,         ,Joshua,Lackey,Rain,Front to Rear,no,no,no,no,yes,False
101817168,METROPOLITAN NASHVILLE POLICE DEPT,20170978798,Davidson,Nashville,11/6/2017 12:00:00 AM,1,0,0,36.130250,-86.899250,I 40,,,,0.00,,,,,,,201.00,N,Not at Intersection,N,Non-Junction,None,,,         ,Terrance,Stuckey,Rain,Not Collision with Motor Vehicle in Transport,no,no,no,no,no,False
101817169,METROPOLITAN NASHVILLE POLICE DEPT,20170978870,Davidson,Not in City Limit,11/6/2017 12:00:00 AM,1,0,0,36.101540,-86.931210,SAWYER BROWN RD,,,,46.00,Feet,North,CEDAR PLACE ROW,,,,0.00,N,Not at Intersection,N,Unknown,None,,,         ,Edward,Holden,Rain,Unknown,no,no,no,no,yes,False
101817179,METROPOLITAN NASHVILLE POLICE DEPT,20170978853,Davidson,Nashville,11/6/2017 11:42:00 PM,1,1,0,36.061260,-86.681210,I 24,,,,0.00,,,,,,,57.75,N,Not at Intersection,N,Non-Junction,None,,,         ,Dale,Dameron,Rain,Not Collision with Motor Vehicle in Transport,no,no,no,no,no,False
101817183,METROPOLITAN NASHVILLE POLICE DEPT,20170978768,Davidson,Nashville,11/6/2017 11:08:00 PM,1,1,0,36.174270,-86.689830,BRILEY PKWYN,,,,0.00,,,,,,,0.00,,,N,Non-Junction,None,,,         ,Joseph,Zambardi,Rain,Not Collision with Motor Vehicle in Transport,no,no,no,no,no,False
101817184,METROPOLITAN NASHVILLE POLICE DEPT,20170978954,Davidson,Nashville,11/7/2017 12:28:00 AM,1,1,0,36.056010,-86.675760,I 24,,,,0.00,,,,,,,58.20,N,Not at Intersection,N,Non-Junction,None,,,         ,Justin,McCormick,Rain,Not Collision with Motor Vehicle in Transport,no,no,no,no,no,False
101817188,METROPOLITAN NASHVILLE POLICE DEPT,20170978885,Davidson,Nashville,11/6/2017 11:54:00 PM,1,0,0,36.139970,-86.727910,I 24,,,,0.00,,,,,,,51.50,N,Not at Intersection, ,,None,,,         ,Joseph,Zambardi,,,no,no,no,no,no,False
101817192,METROPOLITAN NASHVILLE POLICE DEPT,20170978943,Davidson,Nashville,11/6/2017 11:48:00 PM,2,0,0,36.126410,-86.729120,I440 W ENT RAMP,,,,0.00,,,I 24,,,,0.00,Y,OTHER, ,Entrance/Exit Ramp Related,None,,,         ,Leonard,Spadavecchia,Rain,"Sideswipe, Same Direction",no,no,no,no,no,False
101817193,METROPOLITAN NASHVILLE POLICE DEPT,20170978948,Davidson,Nashville,11/7/2017 12:00:00 AM,1,0,0,36.139980,-86.727920,I 24,,,,0.00,,,,,,,51.50,N,Not at Intersection,N,Non-Junction,None,,,         ,Kyle,Berkheiser,Rain,Not Collision with Motor Vehicle in Transport,no,no,no,no,no,False
101817196,METROPOLITAN NASHVILLE POLICE DEPT,20170978776,Davidson,Nashville,11/6/2017 11:10:00 PM,2,0,0,36.207680,-86.776330,I 65,,,,0.00,,,,,,,87.40,N,Not at Intersection,N,Non-Junction,None,,,         ,Geoffrey,Daugherty,Rain,"Sideswipe, Same Direction",no,no,no,no,no,False
101817201,METROPOLITAN NASHVILLE POLICE DEPT,20170978912,Davidson,Nashville,11/7/2017 12:00:00 AM,1,0,0,36.105280,-86.717350,I 24,,,,0.00,,,,,,,54.10,N,Not at Intersection,N,Non-Junction,None,,,         ,Brian,Mclarty,,Not Collision with Motor Vehicle in Transport,no,no,no,no,no,False
101817204,METROPOLITAN NASHVILLE POLICE DEPT,20170978875,Davidson,Nashville,11/6/2017 12:00:00 AM,2,0,0,36.155040,-86.797520,18TH AVN,,,,0.00,Feet,,CHURCH ST,,,,0.00,Y,Four-Way,N,Intersection,None,,,         ,Akira,McSwain,Rain,Angle,no,no,no,no,no,False
101817205,METROPOLITAN NASHVILLE POLICE DEPT,20170978840,Davidson,Nashville,11/6/2017 11:30:00 PM,3,0,0,36.053640,-86.672830,I 24,,,,0.00,,,,,,,58.45,N,Not at Intersection,N,Non-Junction,None,,,         ,Brenda,Navarro,Rain,Angle,no,no,no,no,no,False
101817207,METROPOLITAN NASHVILLE POLICE DEPT,20170979018,Davidson,Nashville,11/7/2017 1:15:00 AM,1,1,0,36.167970,-86.688280,BRILEY PKWYN,,,,185.00,Feet,East,LEBANON PKE,,,,0.00,N,Not at Intersection,N,Non-Junction,None,,,         ,Eric,Hall,Rain,Not Collision with Motor Vehicle in Transport,no,no,no,no,no,False
101817216,METROPOLITAN NASHVILLE POLICE DEPT,20170979168,Davidson,Nashville,11/6/2017 9:50:00 PM,2,0,0,36.055400,-86.696670,TUSCULUM RD,,,,0.00,,,OLD TUSCULUM RD,,,,0.00,Y,T-Intersection,N,Intersection-Related,None,,,         ,Justin,McCormick,Rain,Front to Rear,no,no,no,no,no,False
101817217,METROPOLITAN NASHVILLE POLICE DEPT,20170978957,Davidson,Not in City Limit,11/7/2017 12:25:00 AM,1,1,0,36.320050,-86.849970,I 24,,,,0.00,,,,,,,36.00,N,Not at Intersection,N,Non-Junction,None,,,         ,John,Tyree,Rain,Not Collision with Motor Vehicle in Transport,no,no,no,no,no,False
101817218,METROPOLITAN NASHVILLE POLICE DEPT,20170979035,Davidson,Nashville,11/7/2017 1:14:00 AM,1,0,0,36.053270,-86.599140,HOBSON,PIKE,,,200.00,Feet,East,LAKEWALK,DR,,,0.00,N,Not at Intersection,N,Non-Junction,None,,,         ,Kevin,Breeding,Rain,Not Collision with Motor Vehicle in Transport,no,no,no,no,no,False
101817222,METROPOLITAN NASHVILLE POLICE DEPT,20170979200,Davidson,Nashville,11/7/2017 2:52:00 AM,1,1,0,36.025391,-86.615912,OLD HICKORY BLVD,,,,3.70,Miles,South,LOGISTICS,WAY,,,0.00,N,Not at Intersection,N,Non-Junction,None,,,         ,Dale,Dameron,Rain,Not Collision with Motor Vehicle in Transport,no,no,no,no,no,False
101817250,METROPOLITAN NASHVILLE POLICE DEPT,20170979445,Davidson,Nashville,11/7/2017 4:55:00 AM,1,0,0,36.030850,-86.638690,I 24,,,,0.00,,,,,,,60.95,N,Not at Intersection, ,Non-Junction,None,,,         ,Kevin,Clausius,Rain,Not Collision with Motor Vehicle in Transport,no,no,no,no,no,False
101817252,METROPOLITAN NASHVILLE POLICE DEPT,20170979485,Davidson,Nashville,11/7/2017 5:17:00 AM,1,0,0,36.050780,-86.668640,I 24,,,,0.00,,,,,,,58.75,N,Not at Intersection, ,Non-Junction,None,,,         ,Dale,Dameron,Rain,Not Collision with Motor Vehicle in Transport,no,no,no,no,no,False
101817253,METROPOLITAN NASHVILLE POLICE DEPT,20170979396,Davidson,Nashville,11/7/2017 4:35:00 AM,1,0,0,36.128000,-86.901040,I 40,,,,0.00,,,,,,,200.85,N,Not at Intersection, ,Non-Junction,None,,,         ,Edward,Holden,Rain,Not Collision with Motor Vehicle in Transport,no,no,no,no,no,False
101817255,METROPOLITAN NASHVILLE POLICE DEPT,20170979506,Davidson,Nashville,11/7/2017 5:30:00 AM,1,1,0,36.077090,-86.725560,EDMONDSON PKE,,,,0.00,,,WALLACE RD,,,,0.00,Y,Four-Way,N,Intersection,None,,,         ,Ralph,Smith IV,Rain,Not Collision with Motor Vehicle in Transport,yes,no,no,no,no,False
101817259,METROPOLITAN NASHVILLE POLICE DEPT,20170979517,Davidson,Nashville,11/7/2017 5:43:00 AM,1,1,0,36.142680,-86.650520,I 40,,,,0.00,,,,,,,217.45,N,Not at Intersection,N,Non-Junction,None,,,         ,Kyle,Berkheiser,Rain,Not Collision with Motor Vehicle in Transport,no,no,no,no,no,False
101817262,METROPOLITAN NASHVILLE POLICE DEPT,20170979498,Davidson,Nashville,11/7/2017 5:24:00 AM,2,0,0,36.049180,-86.665380,I 24,,,,0.00,,,,,,,59.00,N,Not at Intersection,N,Non-Junction,None,,,         ,William,Williams,Rain,Front to Rear,no,no,no,no,no,False
101817278,METROPOLITAN NASHVILLE POLICE DEPT,20170979551,Davidson,Nashville,11/7/2017 5:56:00 AM,2,0,0,36.238090,-86.736130,I65 N ENT RAMP,,,,0.00,,,BRILEY PKWY W EXT RAMP,,,,0.00,Y,Roundabout, ,Non-Junction,None,,,         ,Michael,Richardson,Cloudy,"Sideswipe, Same Direction",no,no,no,no,no,False
101817279,METROPOLITAN NASHVILLE POLICE DEPT,20170979558,Davidson,Nashville,11/7/2017 5:54:00 AM,2,0,0,36.073770,-86.692650,I 24,,,,0.00,,,,,,,56.65,N,Not at Intersection,N,Non-Junction,None,,,         ,Justin,McCormick,Rain,Angle,no,no,no,no,no,False
101817280,METROPOLITAN NASHVILLE POLICE DEPT,20170979617,Davidson,Nashville,11/7/2017 6:15:00 AM,2,0,0,36.131420,-86.896690,CHARLOTTE PKE,,,,69.00,Feet,East,I40 E EXT RAMP,,,,0.00,N,Not at Intersection,N,Non-Junction,None,,,         ,Curtis,Rich,Rain,Front to Rear,no,no,no,no,no,False
101817281,METROPOLITAN NASHVILLE POLICE DEPT,20170979599,Davidson,Nashville,11/7/2017 6:33:00 AM,1,0,0,36.237590,-86.786320,I 24,,,,0.00,,,,,,,43.60,N,Not at Intersection,N,Non-Junction,None,,,         ,Ronald,Bright,Rain,Not Collision with Motor Vehicle in Transport,no,no,no,no,no,False
101817284,METROPOLITAN NASHVILLE POLICE DEPT,2017-0979610,Davidson,Nashville,11/6/2017 11:28:00 PM,2,0,0,36.095360,-86.697920,HARDING INDUSTRIAL DR,,,,2036.00,Feet,North,ANTIOCH PKE,,,,0.00,N,Not at Intersection,N,OtherLocation,None,,,         ,William,Whitworth,Rain,"Sideswipe, Same Direction",no,no,no,yes,yes,False
101817286,METROPOLITAN NASHVILLE POLICE DEPT,20170979148,Davidson,Nashville,11/7/2017 2:10:00 AM,3,0,0,36.149770,-86.747740,I 40,,,,0.00,,,,,,,211.75,N,Not at Intersection,N,Non-Junction,None,,,         ,Ian,Swander,Rain,Front to Rear,no,no,no,no,no,False
101817293,METROPOLITAN NASHVILLE POLICE DEPT,20170979188,Davidson,Nashville,11/7/2017 2:40:00 AM,1,1,0,36.046210,-86.657680,BELL RD,,,,101.00,Feet,East,COLLINS PARK DR,,,,0.00,N,Not at Intersection,N,Non-Junction,None,,,         ,Brenda,Navarro,Rain,Not Collision with Motor Vehicle in Transport,yes,no,no,no,no,False
101817297,METROPOLITAN NASHVILLE POLICE DEPT,20170979568,Davidson,Nashville,11/7/2017 12:00:00 AM,1,0,0,36.148810,-86.666280,ELM HILL PKE,,,,0.00,,,DONELSON PKE,,,,0.00,Y,Four-Way, ,Non-Junction,None,,,         ,Honorio,Canchola,Rain,Not Collision with Motor Vehicle in Transport,no,no,no,no,no,False