master_record_number,agency,agency_tracking_number,county,city,collision_date,vehicles_involved,number_injured,number_dead,latitude,longitude,roadway_name,roadway_suffix,roadway_number,roadway_local_id,distance_from_reference,miles-feet_indicator,direction_from_reference,intersection_road_name,intersection_road_name_suffix,intersection_road_number,intersection_local_id,mile_marker,intersection_indicator,intersect_type,interchange_related_indicator,relation_to_junction,work_zone_type,construction_maintenance_zone,construction_maintenance_zone_location,fatal_case_number,officer_first_name,officer_last_name,weather_condition(s),manner_of_crash,pedestrian,bicycle,scooter,parking,hitrun,mou
101817300,METROPOLITAN NASHVILLE POLICE DEPT,20170979602,Davidson,Nashville,11/7/2017 6:28:00 AM,2,0,0,36.040300,-86.660270,CANE RIDGE RD,,,,169.00,Feet,North,CHIMNEYTOP DR,,,,0.00,N,Not at Intersection, ,Non-Junction,None,,,         ,Zachary,Scott,Rain,Front to Rear,no,no,no,no,no,False
101817307,METROPOLITAN NASHVILLE POLICE DEPT,20170979526,Davidson,Nashville,11/7/2017 5:45:00 AM,3,0,0,36.192880,-86.623830,JUAREZ DR,,,,0.00,Feet,,LEBANON PKE,,,,0.00,Y,Four-Way,Y,Non-Junction,None,,,         ,Tyler,Manivong,Rain,Angle,no,no,no,no,no,False
101817308,METROPOLITAN NASHVILLE POLICE DEPT,20170979521,Davidson,Nashville,11/7/2017 5:44:00 AM,3,1,0,36.203240,-86.776840,I 65,,,,0.00,,,,,,,87.10,N,Not at Intersection,N,Non-Junction,None,,,         ,Anthony,Cavis,Rain,Front to Rear,no,no,no,no,no,False
101817310,METROPOLITAN NASHVILLE POLICE DEPT,20170979722,Davidson,Nashville,11/7/2017 7:35:00 AM,2,0,0,36.198390,-86.776380,I 65,,,,0.00,,,,,,,86.75,N,Not at Intersection, ,Non-Junction,None,,,         ,Ronald,Bright,Cloudy,Front to Rear,no,no,no,no,no,False
101817312,METROPOLITAN NASHVILLE POLICE DEPT,20170979566,Davidson,Nashville,11/7/2017 6:05:00 AM,2,0,0,36.147490,-86.642750,I 40,,,,0.00,,,,,,,218.10,N,Not at Intersection,N,Non-Junction,None,,,         ,Michael,Dance,Rain,"Sideswipe, Same Direction",no,no,no,no,no,False
101817314,METROPOLITAN NASHVILLE POLICE DEPT,20170979680,Davidson,Nashville,11/7/2017 7:13:00 AM,2,0,0,36.063310,-86.739500,EDMONDSON PKE,,,,49.00,Feet,South,GREENTREE DR,,,,0.00,N,Not at Intersection, ,Non-Junction,None,,,         ,Darren,White,Rain,Front to Rear,no,no,no,no,no,False
101817317,METROPOLITAN NASHVILLE POLICE DEPT,2017-0979586,Davidson,Nashville,11/7/2017 6:20:00 AM,2,0,0,36.254140,-86.739000,I 65,,,,0.00,,,,,,,91.55,N,Not at Intersection,N,Non-Junction,None,,,         ,Arthur,Hipp,Rain,Front to Rear,no,no,no,no,no,False
101817320,METROPOLITAN NASHVILLE POLICE DEPT,20170979553,Davidson,Nashville,11/7/2017 5:55:00 AM,2,0,0,36.192880,-86.623830,JUAREZ DR,,,,0.00,Feet,,LEBANON PKE,,,,0.00,Y,Four-Way, ,Intersection,None,,,         ,Tyler,Manivong,Clear,Front to Rear,no,no,no,no,no,False
101817324,METROPOLITAN NASHVILLE POLICE DEPT,20170979556,Davidson,Nashville,11/7/2017 6:00:00 AM,5,0,0,36.153840,-86.840290,I 40,,,,0.00,,,,,,,204.90,N,Not at Intersection,N,Non-Junction,None,,,         ,Terrance,Stuckey,Rain,Front to Rear,no,no,no,no,no,False
101817325,METROPOLITAN NASHVILLE POLICE DEPT,20170979788,Davidson,Nashville,11/7/2017 7:45:00 AM,2,0,0,36.041840,-86.743920,EDMONDSON PKE,,,,159.00,Feet,South,BRENTWOOD SQ,,,,0.00,N,Not at Intersection, ,Non-Junction,None,,,         ,Darren,White,Rain,Angle,no,no,no,no,no,False
101817348,METROPOLITAN NASHVILLE POLICE DEPT,20170979800,Davidson,Nashville,11/7/2017 7:50:00 AM,2,1,0,36.086660,-86.691620,ANTIOCH PKE,,,,330.00,Feet,South,HARDING PL,,,,0.00,N,Not at Intersection,N,Non-Junction,None,,,         ,Brenda,Navarro,Cloudy,Angle,no,no,no,no,no,False
101817366,METROPOLITAN NASHVILLE POLICE DEPT,20170979679,Davidson,Nashville,11/7/2017 7:10:00 AM,2,0,0,36.110580,-86.740970,THOMPSON LN,,,,69.00,Feet,West,SIMMONS AV,,,,0.00,N,Not at Intersection,N,Non-Junction,None,,,         ,James,Thomas,Cloudy,Front to Rear,no,no,no,no,no,False
101817371,METROPOLITAN NASHVILLE POLICE DEPT,20170979609,Davidson,Nashville,11/7/2017 6:39:00 AM,2,0,0,36.168120,-86.609250,I 40,,,,0.00,,,,,,,220.40,N,Not at Intersection, ,Non-Junction,None,,,         ,James,Curtis,Cloudy,"Sideswipe, Same Direction",no,no,no,no,no,False
101817380,METROPOLITAN NASHVILLE POLICE DEPT,20170979886,Davidson,Nashville,11/7/2017 8:00:00 AM,2,0,0,36.168350,-86.656860,STEWARTS FERRY PKE,,,,0.00,,,LEBANON PKE,,,,0.00,Y,Four-Way, ,Intersection-Related,None,,,         ,William,Waters,Cloudy,Front to Rear,no,no,no,no,no,False
101817385,METROPOLITAN NASHVILLE POLICE DEPT,2017-0977404,Davidson,Nashville,11/6/2017 1:34:00 PM,2,0,0,36.139550,-86.818880,WEST END AV,,,,100.00,Feet,North,ORLEANS DR,,,,0.00,N,Not at Intersection, ,Non-Junction,None,,,         ,Allen,Bates,Cloudy,Front to Rear,no,no,no,no,no,False
101817388,METROPOLITAN NASHVILLE POLICE DEPT,20170979591,Davidson,Nashville,11/7/2017 6:00:00 AM,2,0,0,36.117270,-86.702490,BRILEY PKWY S ENT RAMP,,,,0.00,,,BRILEY PKWYS,,,,0.00,Y,Y-Intersection, ,Entrance/Exit Ramp Related,None,,,         ,Roy,McElwee,Rain,Front to Rear,no,no,no,no,no,False
101817389,METROPOLITAN NASHVILLE POLICE DEPT,20170980029,Davidson,Nashville,11/7/2017 9:17:00 AM,2,0,0,36.207270,-86.777830,BRICK CHURCH PKE,,,,100.00,Feet,South,I65 S EXT RAMP,,,,0.00,N,Not at Intersection, ,,None,,,         ,Michael,McCord,,,no,no,no,no,no,False
101817397,METROPOLITAN NASHVILLE POLICE DEPT,20170979778,Davidson,Nashville,11/7/2017 7:41:00 AM,1,0,0,36.207880,-86.723230,RIVERSIDE DR,,,,173.00,Feet,North,KIRKLAND AV,,,,0.00,N,Not at Intersection,N,Non-Junction,None,,,         ,Jeremy,Stricklin,Rain,Not Collision with Motor Vehicle in Transport,no,no,no,no,yes,False
101817405,METROPOLITAN NASHVILLE POLICE DEPT,2017-0979938,Davidson,Nashville,11/7/2017 8:55:00 AM,2,2,0,36.091620,-86.685510,HARDING PL,,,,87.00,Feet,West,MCGAVOCK PKE,,,,0.00,N,Not at Intersection,N,Non-Junction,None,,,         ,Stanley,Collins,Rain,Front to Rear,no,no,no,no,no,False
101817416,METROPOLITAN NASHVILLE POLICE DEPT,2017-0980046,Davidson,Nashville,11/7/2017 9:31:00 AM,2,1,0,36.041460,-86.652030,I24 W ENT RAMP,,,,0.00,Feet,East,I 24,,,,0.00,N,Not at Intersection,N,Non-Junction,None,,,         ,William,Whitworth,Cloudy,Front to Rear,no,no,no,no,yes,False
101817418,METROPOLITAN NASHVILLE POLICE DEPT,20170979953,Davidson,Nashville,11/7/2017 7:21:00 AM,2,0,0,36.190300,-86.630780,HICKORY HILL LN,,,,868.00,Feet,North,LEBANON PKE,,,,0.00,N,Not at Intersection,N,"Driveway, Alley Access, etc",None,,,         ,Michael,Dance,Clear,Angle,no,no,no,no,no,False
101817420,METROPOLITAN NASHVILLE POLICE DEPT,20170979641,Davidson,Nashville,11/7/2017 6:15:00 AM,2,0,0,36.155590,-86.771070,2ND AVS,,,,0.00,,,LEA AV,,,,0.00,Y,T-Intersection, ,Non-Junction,None,,,         ,Nopel,Stella,Clear,Angle,no,no,no,no,yes,False
101817424,METROPOLITAN NASHVILLE POLICE DEPT,20170980009,Davidson,Nashville,11/7/2017 9:20:00 AM,3,1,0,36.163480,-86.824800,ALBION ST,,,,0.00,,,32ND AVN,,,,0.00,Y,OTHER,Y,Intersection,None,,,         ,James,Jarvis,Cloudy,Angle,no,no,no,no,no,False
101817427,METROPOLITAN NASHVILLE POLICE DEPT,20170980077,Davidson,Nashville,11/7/2017 7:54:00 AM,1,0,0,36.165180,-86.587520,PORT JAMAICA DR,,,,116.00,Feet,East,PORT JAMAICA CT,,,,0.00,N,Not at Intersection,N,Non-Junction,None,,,         ,Michael,Dance,Cloudy,Not Collision with Motor Vehicle in Transport,no,no,no,no,no,False
101817428,METROPOLITAN NASHVILLE POLICE DEPT,20170980088,Davidson,Nashville,11/7/2017 9:30:00 AM,2,0,0,36.035410,-86.643790,I 24,,,,0.00,,,,,,,60.50,N,Not at Intersection, ,Non-Junction,None,,,         ,Jessie,Meadows,Rain,Front to Rear,no,no,no,no,no,False
101817429,METROPOLITAN NASHVILLE POLICE DEPT,20170980158,Davidson,Nashville,11/7/2017 1:00:00 AM,2,0,0,36.121310,-86.746540,VALERIA ST,,,,296.00,Feet,East,WICKSON AV,,,,0.00,N,Not at Intersection, ,Non-Junction,None,,,         ,Jessie,Meadows,Rain,Angle,no,no,no,no,no,False
101817449,METROPOLITAN NASHVILLE POLICE DEPT,20170980326,Davidson,Madison,11/7/2017 11:10:00 AM,2,0,0,36.263820,-86.704460,STATE RT 45,,,,0.00,,,DELAWARE AV,,,,0.00,Y,Four-Way, ,Non-Junction,None,,,         ,Thomas,Odom,Cloudy,Front to Rear,no,no,no,no,no,False
101817453,METROPOLITAN NASHVILLE POLICE DEPT,20170980380,Davidson,Nashville,11/7/2017 11:11:00 AM,2,0,0,36.100180,-86.870680,PAGE RD,,,,138.00,Feet,East,HARDING PKE,,,,0.00,N,Not at Intersection, ,Non-Junction,None,,,         ,Curtis,Rich,Cloudy,"Sideswipe, Opposite Direction",no,no,no,no,yes,False
101817456,METROPOLITAN NASHVILLE POLICE DEPT,20170980238,Davidson,Nashville,11/7/2017 10:15:00 AM,2,0,0,36.086470,-86.728880,ELYSIAN FIELDS RD,,,,98.00,Feet,West,ELYSIAN FIELDS CT,,,,0.00,N,Not at Intersection, ,Non-Junction,None,,,         ,Michael,Dudley,Cloudy,Angle,no,no,no,no,yes,False
101817459,METROPOLITAN NASHVILLE POLICE DEPT,20170980367,Davidson,Nashville,11/7/2017 12:00:00 AM,2,0,0,36.134460,-86.700110,ARBOR CREEK BLVD,,,,676.00,Feet,South,BRILEY PKWY,,,,0.00,N,Not at Intersection,N,Non-Junction,None,,,         ,Michael,Dance,Unknown,"Sideswipe, Opposite Direction",no,no,no,yes,yes,False
101817464,GOODLETTSVILLE POLICE DEPT,17-39452,Davidson,Goodlettsville,11/7/2017 9:11:00 AM,2,0,0,36.318300,-86.700530,CONFERENCE DR,,,,0.00,,,NORTHCREEK BLVD,,,,0.00,Y,Four-Way,N,Intersection,None,,,         ,Daniel,Knalls,Cloudy,Front to Rear,no,no,no,no,yes,False
101817467,METROPOLITAN NASHVILLE POLICE DEPT,20170980406,Davidson,Nashville,11/7/2017 9:23:00 AM,2,0,0,36.075950,-86.728220,EDMONDSON PKE,,,,888.00,Feet,West,PROVIDENCE HTS,,,,0.00,N,Not at Intersection, ,Non-Junction,None,,,         ,Darren,White,Clear,Front to Rear,no,no,no,no,no,False
101817471,METROPOLITAN NASHVILLE POLICE DEPT,20170980184,Davidson,Nashville,11/7/2017 10:10:00 AM,2,0,0,36.034680,-86.642970,I 24,,,,0.00,,,,,,,60.60,N,Not at Intersection,N,Non-Junction,None,,,         ,Stephen,Soule,Cloudy,Front to Rear,no,no,no,no,yes,False
101817474,Nashville Airport Police,17-03891,Davidson,Nashville,10/31/2017 12:30:00 PM,2,0,0,36.116700,-86.668180,DONELSON PKE,,,,0.00,,,HANGAR LN,,,,0.00,Y,T-Intersection,Y,Intersection,None,,,         ,Mark,Lawrence,Clear,Front to Rear,no,no,no,no,no,False
101817475,METROPOLITAN NASHVILLE POLICE DEPT,20170979624,Davidson,Nashville,11/7/2017 6:42:00 AM,2,0,0,36.088020,-86.649380,MURFREESBORO PKE,,,,423.00,Feet,South,RANSOM PL,,,,0.00,N,Not at Intersection,N,Non-Junction,None,,,         ,Brandon,O'Guin,Cloudy,Angle,no,no,no,no,no,False
101817484,METROPOLITAN NASHVILLE POLICE DEPT,20170979918,Davidson,Nashville,11/7/2017 8:13:00 AM,2,0,0,36.106470,-86.767890,I 65,,,,0.00,,,,,,,79.45,N,Not at Intersection, ,Non-Junction,None,,,         ,Nathan,Kemp,Rain,Front to Rear,no,no,no,no,no,False
101817485,METROPOLITAN NASHVILLE POLICE DEPT,20170979920,Davidson,Nashville,11/7/2017 8:21:00 AM,2,0,0,36.110220,-86.770450,I 65,,,,0.00,,,,,,,79.75,N,Not at Intersection, ,Non-Junction,None,,,         ,Nathan,Kemp,Rain,Front to Rear,no,no,no,no,no,False
101817486,METROPOLITAN NASHVILLE POLICE DEPT,20170980153,Davidson,Nashville,11/7/2017 10:09:00 AM,2,1,0,36.113950,-86.810880,WOODMONT BLVD,,,,0.00,,,HILLSBORO PKE,,,,0.00,Y,Four-Way,N,Intersection,None,,,         ,Nathan,Kemp,Clear,Angle,no,no,no,no,no,False
101817487,METROPOLITAN NASHVILLE POLICE DEPT,20170980431,Davidson,Nashville,11/7/2017 11:54:00 AM,2,0,0,36.151100,-86.799900,WEST END AV,,,,193.00,Feet,West,20TH AVS,,,,0.00,N,Not at Intersection,N,"Driveway, Alley Access, etc",None,,,         ,Nathan,Kemp,Clear,Angle,no,no,no,no,no,Campus
101817498,METROPOLITAN NASHVILLE POLICE DEPT,2017-0980353,Davidson,Nashville,11/7/2017 11:20:00 AM,2,0,0,36.086230,-86.649630,UNA ANTIOCH PKE,,,,374.00,Feet,West,NASHBORO BLVD,,,,0.00,N,Not at Intersection,N,OtherLocation,None,,,         ,William,Whitworth,Cloudy,Angle,no,no,no,yes,yes,False
101817499,METROPOLITAN NASHVILLE POLICE DEPT,20170980307,Davidson,Nashville,11/7/2017 10:45:00 AM,1,0,0,36.294460,-86.756400,CAMPBELL RD,,,,0.84,Miles,West,OLD DICKERSON PKE,,,,0.00,N,Not at Intersection,N,Non-Junction,None,,,         ,Thomas,Odom,Rain,Not Collision with Motor Vehicle in Transport,no,no,no,no,yes,False
101817509,METROPOLITAN NASHVILLE POLICE DEPT,20170979807,Davidson,Nashville,11/7/2017 7:44:00 AM,2,1,0,36.098360,-86.711740,ANTIOCH PKE,,,,210.00,Feet,West,MCILLWAIN PL,,,,0.00,N,Not at Intersection,N,Non-Junction,None,,,         ,Brandon,O'Guin,Cloudy,Front to Rear,no,no,no,no,no,False
101817531,METROPOLITAN NASHVILLE POLICE DEPT,20170980510,Davidson,Nashville,11/7/2017 12:20:00 PM,2,0,0,36.183820,-86.748370,EASTLAND AV,,,,0.00,,,GALLATIN AV,,,,0.00,Y,T-Intersection, ,Non-Junction,None,,,         ,Michael,Thompson,Cloudy,Front to Rear,no,no,no,no,no,False
101817563,METROPOLITAN NASHVILLE POLICE DEPT,20170979797,Davidson,Nashville,11/7/2017 8:00:00 AM,2,1,0,36.142920,-86.650270,ELM HILL PKE,,,,71.00,Feet,West,MCCRORY CREEK RD,,,,0.00,N,Not at Intersection,N,Non-Junction,None,,,         ,James,Curtis,Cloudy,Front to Rear,no,no,no,no,no,False
101817577,METROPOLITAN NASHVILLE POLICE DEPT,20170980442,Davidson,Nashville,11/7/2017 11:45:00 AM,2,0,0,36.149380,-86.857920,WHITE BRIDGE PKE,,,,281.00,Feet,South,CHARLOTTE PKE,,,,0.00,N,Not at Intersection, ,Non-Junction,None,,,         ,Brian,Myatt,Cloudy,"Sideswipe, Same Direction",no,no,no,no,no,False
101817582,METROPOLITAN NASHVILLE POLICE DEPT,20170980516,Davidson,Nashville,11/7/2017 12:20:00 PM,2,0,0,36.161300,-86.784520,9TH AVN,,,,0.00,,,CHURCH ST,,,,0.00,Y,Four-Way, ,Non-Junction,None,,,         ,Nopel,Stella,Clear,Angle,no,no,no,no,yes,False
101817590,METROPOLITAN NASHVILLE POLICE DEPT,20170980536,Davidson,Madison,11/7/2017 12:30:00 PM,3,2,0,36.264450,-86.732310,OLD HICKORY BLVDW,,,,8.00,Feet,West,N GRAYCROFT AV,,,,0.00,N,Not at Intersection,N,Non-Junction,None,,,         ,Michael,Agee,Cloudy,Angle,no,no,no,no,no,False
101817603,METROPOLITAN NASHVILLE POLICE DEPT,20170980707,Davidson,Nashville,11/7/2017 1:36:00 PM,2,0,0,36.207370,-86.735770,GALLATIN PKE,,,,172.00,Feet,North,MAYNOR AV,,,,0.00,N,Not at Intersection,N,Non-Junction,None,,,         ,Eric,Knight,Cloudy,Front to Rear,no,no,no,no,no,False
101817680,BRENTWOOD POLICE DEPT,201700040007,Davidson,Nashville,11/7/2017 12:40:00 PM,2,0,0,36.039690,-86.781560,I65 N EXT RAMP,,,,0.00,,,OLD HICKORY BLVD,,,,0.00,Y,OTHER, ,Entrance/Exit Ramp Related,None,,,         ,Bryan,Kirkpatrick,Cloudy,Front to Rear,no,no,no,no,no,False
101817684,METROPOLITAN NASHVILLE POLICE DEPT,20170980763,Davidson,Nashville,11/7/2017 1:58:00 PM,2,0,0,36.146840,-86.744020,RUNDLE AV,,,,86.00,Feet,West,FESSLERS LN,,,,0.00,N,Not at Intersection, ,Non-Junction,None,,,         ,Cody,O'Quinn,Cloudy,"Sideswipe, Same Direction",no,no,no,no,no,False
101817689,METROPOLITAN NASHVILLE POLICE DEPT,2017-0980858,Davidson,Nashville,11/7/2017 2:46:00 PM,2,0,0,36.114150,-86.812770,WOODMONT BLVD,,,,142.00,Feet,West,VALLEY BROOK RD,,,,0.00,N,Not at Intersection, ,,None,,,         ,Ryan,Allen,,,no,no,no,no,no,False
101817696,METROPOLITAN NASHVILLE POLICE DEPT,20170980886,Davidson,Nashville,11/7/2017 3:05:00 PM,2,0,0,36.113400,-86.799970,BELMONT BLVD,,,,129.00,Feet,North,WOODMONT BLVD,,,,0.00,N,Not at Intersection, ,,None,,,         ,Austin,Kendrick,,,no,no,no,no,no,False
101817722,METROPOLITAN NASHVILLE POLICE DEPT,20170980751,Davidson,Nashville,11/7/2017 1:49:00 PM,2,1,0,36.042450,-86.712940,NOLENSVILLE PKE,,,,0.00,,,SWISS AV,,,,0.00,Y,Four-Way,N,Intersection,None,,,         ,Russell,Freeman,Cloudy,Angle,no,no,no,no,no,False
101817725,METROPOLITAN NASHVILLE POLICE DEPT,20170980932,Davidson,Nashville,11/6/2017 12:00:00 AM,1,0,0,36.206290,-86.822110,TUCKER RD,,,,662.00,Feet,North,ST MARYS LN,,,,0.00,N,Not at Intersection, ,Non-Junction,None,,,         ,Melvin,Taylor,Rain,Not Collision with Motor Vehicle in Transport,no,no,no,no,no,False
101817734,METROPOLITAN NASHVILLE POLICE DEPT,20170980928,Davidson,Nashville,11/7/2017 2:12:00 PM,2,0,0,36.213080,-86.721750,KENNEDY AV,,,,37.00,Feet,South,STRATFORD AV,,,,0.00,N,Not at Intersection,N,Non-Junction,None,,,         ,Steven,Frazier Jr.,Rain,"Sideswipe, Opposite Direction",no,no,no,no,no,False
101817737,METROPOLITAN NASHVILLE POLICE DEPT,20170980926,Davidson,Nashville,11/7/2017 3:15:00 PM,2,0,0,36.175530,-86.792860,ROSA L PARKS BLVD,,,,112.00,Feet,North,MONROE ST,,,,0.00,N,Not at Intersection, ,"Driveway, Alley Access, etc",None,,,         ,Landon,Bagwell,Rain,Angle,no,no,no,no,no,False
101817738,METROPOLITAN NASHVILLE POLICE DEPT,20170980863,Davidson,Nashville,11/7/2017 2:45:00 PM,2,1,0,36.088060,-86.771800,FRANKLIN PKE,,,,0.00,,,S CURTISWOOD LN,,,,0.00,Y,T-Intersection,N,Intersection-Related,None,,,         ,Jon,Mcvey,Cloudy,Angle,no,no,no,no,no,False
101817754,METROPOLITAN NASHVILLE POLICE DEPT,20170980853,Davidson,Nashville,11/7/2017 3:30:00 PM,2,0,0,36.167730,-86.833830,TIGERBELLE DR,,,,0.00,,,38TH AVN,,,,0.00,Y,T-Intersection, ,Intersection,None,,,         ,Clayton,Lewis,Rain,Angle,no,no,no,no,no,False
101817759,METROPOLITAN NASHVILLE POLICE DEPT,20170980981,Davidson,Nashville,11/7/2017 3:38:00 PM,2,0,0,36.108140,-86.677700,MURFREESBORO PKE,,,,273.00,Feet,West,DELL PKWY,,,,0.00,N,Not at Intersection, ,Non-Junction,None,,,         ,Wesley,Young,Rain,"Sideswipe, Same Direction",no,no,no,no,no,False
101817760,METROPOLITAN NASHVILLE POLICE DEPT,20170981047,Davidson,Nashville,11/7/2017 3:58:00 PM,2,1,0,36.103620,-86.666480,FAIRCLOTH LN,,,,0.00,,,OLD MURFREESBORO PKE,,,,0.00,Y,Four-Way,N,Intersection,None,,,         ,Michael,Apsey,Cloudy,Front to Rear,no,no,no,no,no,False
101817768,METROPOLITAN NASHVILLE POLICE DEPT,20170981041,Davidson,Nashville,11/7/2017 3:26:00 PM,1,0,0,36.073060,-86.773920,FRANKLIN PKE,,,,453.00,Feet,North,OVERTON LN,,,,0.00,N,Not at Intersection,N,Non-Junction,None,,,         ,Edin,Plancic,Cloudy,Not Collision with Motor Vehicle in Transport,no,no,no,no,no,False
101817775,METROPOLITAN NASHVILLE POLICE DEPT,20170980944,Davidson,Nashville,11/7/2017 3:30:00 PM,2,0,0,36.120020,-86.726830,I 24,,,,0.00,,,,,,,52.90,N,Not at Intersection, ,Non-Junction,None,,,         ,Jessie,Meadows,Cloudy,Front to Rear,no,no,no,no,no,False
101817776,METROPOLITAN NASHVILLE POLICE DEPT,20170980879,Davidson,Nashville,11/7/2017 2:32:00 PM,2,0,0,36.253220,-86.716800,GALLATIN PKES,,,,0.00,,,MADISON SQ,,,,0.00,Y,Four-Way, ,Intersection,None,,,         ,Cecilia,Gomez,Cloudy,Angle,no,no,no,no,no,False
101817777,METROPOLITAN NASHVILLE POLICE DEPT,20170981016,Davidson,Nashville,11/7/2017 3:55:00 PM,2,0,0,36.116390,-86.834980,WOODMONT BLVD,,,,0.00,Feet,South,WILSON BLVDS,,,,0.00,N,Not at Intersection, ,Non-Junction,None,,,         ,Torian,Cox,Cloudy,Front to Rear,no,no,no,no,no,False
101817801,METROPOLITAN NASHVILLE POLICE DEPT,2017-0980818,Davidson,Nashville,11/7/2017 2:30:00 PM,2,2,0,36.079010,-86.728060,HARDING PL,,,,560.00,Feet,West,COVENTRY DR,,,,0.00,N,Not at Intersection,N,Non-Junction,None,,,         ,Sean,Williams,Clear,Angle,no,no,no,no,no,False
101817802,METROPOLITAN NASHVILLE POLICE DEPT,20170980975,Davidson,Nashville,11/7/2017 12:00:00 AM,2,0,0,36.165550,-86.800130,HERMAN ST,,,,49.00,Feet,East,16TH AVN,,,,0.00,N,Not at Intersection, ,Non-Junction,None,,,         ,Melvin,Taylor,Clear,Angle,no,no,no,no,no,False
101817813,METROPOLITAN NASHVILLE POLICE DEPT,20170980989,Davidson,Nashville,11/7/2017 3:43:00 PM,3,0,0,36.156890,-86.709390,LEBANON PKE,,,,134.00,Feet,West,OMOHUNDRO DR,,,,0.00,N,Not at Intersection, ,Non-Junction,None,,,         ,Cody,O'Quinn,Cloudy,Front to Rear,no,no,no,no,no,False
101817814,METROPOLITAN NASHVILLE POLICE DEPT,20170981086,Davidson,Nashville,11/7/2017 4:24:00 PM,2,0,0,36.077550,-86.774580,TYNE BLVD,,,,437.00,Feet,West,FRANKLIN PKE,,,,0.00,N,Not at Intersection,N,Non-Junction,None,,,         ,Jon,Mcvey,Cloudy,Front to Rear,no,no,no,no,no,False
101817815,METROPOLITAN NASHVILLE POLICE DEPT,20170980980,Davidson,Nashville,11/7/2017 3:35:00 PM,2,0,0,36.159610,-86.848960,51ST AVN,,,,84.00,Feet,South,KENTUCKY AV,,,,0.00,N,Not at Intersection,N,Non-Junction,None,,,         ,Jake,Carr,Rain,"Sideswipe, Opposite Direction",no,no,no,no,no,False
101817832,METROPOLITAN NASHVILLE POLICE DEPT,20170980872,Davidson,Nashville,11/7/2017 2:58:00 PM,2,0,0,36.170270,-86.806730,I 40,,,,0.00,,,,,,,207.30,N,Not at Intersection, ,Non-Junction,None,,,         ,Kevin,Reynolds,Clear,"Sideswipe, Same Direction",no,no,no,no,no,False
101817833,METROPOLITAN NASHVILLE POLICE DEPT,20170980483,Davidson,Nashville,11/7/2017 12:00:00 PM,1,0,0,36.158550,-86.802300,PEARL ST,,,,75.00,Feet,West,19TH AVN,,,,0.00,N,Not at Intersection,N,Non-Junction,None,,,         ,Isaac,Wood,Cloudy,Not Collision with Motor Vehicle in Transport,no,no,no,no,yes,False
101817834,METROPOLITAN NASHVILLE POLICE DEPT,20170981191,Davidson,Nashville,11/7/2017 5:14:00 PM,2,1,0,36.074480,-86.638650,MURFREESBORO PKE,,,,0.00,,,RURAL HILL RD,,,,0.00,Y,Four-Way,N,Intersection,None,,,         ,Michael,Apsey,Cloudy,Front to Rear,no,no,no,no,no,False
101817835,METROPOLITAN NASHVILLE POLICE DEPT,20170981232,Davidson,Nashville,11/7/2017 5:00:00 PM,2,0,0,36.168700,-86.666990,LEBANON PKE,,,,27.00,Feet,West,J B ESTILLE DR,,,,0.00,N,Not at Intersection, ,Non-Junction,None,,,         ,John,Kelley,Cloudy,Front to Rear,no,no,no,no,no,False
101817840,METROPOLITAN NASHVILLE POLICE DEPT,20170981181,Davidson,Nashville,11/7/2017 5:11:00 PM,2,0,0,36.180140,-86.749890,N 11TH ST,,,,0.00,,,GALLATIN AV,,,,0.00,Y,Y-Intersection, ,Intersection,None,,,         ,Charles,Wakefield,Clear,HeadOn,no,no,no,no,no,False
101817847,METROPOLITAN NASHVILLE POLICE DEPT,20170981206,Davidson,Nashville,11/7/2017 12:00:00 AM,2,0,0,36.186300,-86.798390,ROSA L PARKS BLVD,,,,66.00,Feet,North,I65 S EXT RAMP,,,,0.00,N,Not at Intersection, ,Non-Junction,None,,,         ,Melvin,Taylor,Clear,Front to Rear,no,no,no,no,no,False
101817848,METROPOLITAN NASHVILLE POLICE DEPT,20170981216,Davidson,Nashville,11/7/2017 5:07:00 PM,2,0,0,36.125250,-86.729350,I24 E ENT RAMP,,,,0.00,Feet,East,I 440,,,,0.00,N,Not at Intersection,N,Entrance/Exit Ramp Related,None,,,         ,Alyson,Cook,Cloudy,Front to Rear,no,no,no,no,yes,False
101817851,METROPOLITAN NASHVILLE POLICE DEPT,20170980943,Davidson,Not in City Limit,11/7/2017 3:23:00 PM,2,2,0,36.260460,-86.757660,DICKERSON PKE,,,,253.00,Feet,South,TUCKAHOE DR,,,,0.00,N,Not at Intersection,N,Non-Junction,None,,,         ,Janelle,Keslar,Clear,Front to Rear,no,no,no,no,no,False
101817860,METROPOLITAN NASHVILLE POLICE DEPT,20170978198,Davidson,Nashville,11/6/2017 6:08:00 PM,2,0,0,36.090600,-86.650890,MURFREESBORO PKE,,,,144.00,Feet,South,BOROWOOD DR,,,,0.00,N,Not at Intersection, ,Non-Junction,None,,,         ,Christopher,Augustin,Cloudy,"Sideswipe, Same Direction",no,no,no,no,no,False
101817862,METROPOLITAN NASHVILLE POLICE DEPT,20170981182,Davidson,Nashville,11/7/2017 4:49:00 PM,2,0,0,36.150700,-86.785690,I 40,,,,0.00,,,,,,,209.50,N,Not at Intersection, ,Non-Junction,None,,,         ,Hillary,Sherman,Clear,"Sideswipe, Same Direction",no,no,no,no,no,False
101817876,METROPOLITAN NASHVILLE POLICE DEPT,20170981370,Davidson,Nashville,11/7/2017 6:19:00 PM,2,0,0,36.150060,-86.784830,I 40,,,,0.00,,,,,,,209.55,N,Not at Intersection, ,Non-Junction,None,,,         ,Austin,Kendrick,Clear,"Sideswipe, Same Direction",no,no,no,no,no,False
101817879,METROPOLITAN NASHVILLE POLICE DEPT,20170981307,Davidson,Nashville,11/7/2017 5:50:00 PM,2,1,0,36.239810,-86.747400,I65 S EXT RAMP,,,,0.00,Feet,East,BRILEY PKWYW,,,,0.00,N,Not at Intersection,N,Non-Junction,None,,,         ,Joanna,D'Agostino,Clear,Front to Rear,no,no,no,no,no,False