master_record_number,agency,agency_tracking_number,county,city,collision_date,vehicles_involved,number_injured,number_dead,latitude,longitude,roadway_name,roadway_suffix,roadway_number,roadway_local_id,distance_from_reference,miles-feet_indicator,direction_from_reference,intersection_road_name,intersection_road_name_suffix,intersection_road_number,intersection_local_id,mile_marker,intersection_indicator,intersect_type,interchange_related_indicator,relation_to_junction,work_zone_type,construction_maintenance_zone,construction_maintenance_zone_location,fatal_case_number,officer_first_name,officer_last_name,weather_condition(s),manner_of_crash,pedestrian,bicycle,scooter,parking,hitrun,mou
101818683,METROPOLITAN NASHVILLE POLICE DEPT,20170984063,Davidson,Not in City Limit,11/8/2017 12:00:00 AM,2,2,0,36.318050,-86.888470,CLARKSVILLE PKE,,,,57.00,Feet,East,CHAMBLISS RD,,,,0.00,N,Not at Intersection,N,Non-Junction,None,,,         ,Melvin,Taylor,Clear,Angle,no,no,no,no,no,False
101818699,METROPOLITAN NASHVILLE POLICE DEPT,20170984255,Davidson,Nashville,11/8/2017 3:51:00 PM,2,0,0,36.106770,-86.768090,I 65,,,,0.00,,,,,,,79.50,N,Not at Intersection,N,Non-Junction,None,,,         ,Tien,Nguyen,Cloudy,Front to Rear,no,no,no,no,no,False
101818715,METROPOLITAN NASHVILLE POLICE DEPT,20170984219,Davidson,Not in City Limit,11/8/2017 3:30:00 PM,2,0,0,36.262210,-86.712210,GALLATIN PKES,,,,0.00,,,E OLD HICKORY BLVD,,,,0.00,Y,Four-Way,Y,Intersection,None,,,         ,Samuel,Miller,Cloudy,Angle,no,no,no,no,no,False
101818717,METROPOLITAN NASHVILLE POLICE DEPT,20170984292,Davidson,Nashville,11/8/2017 4:06:00 PM,2,0,0,36.148840,-86.762470,LAFAYETTE ST,,,,0.00,,,CHARLES E DAVIS BLVD,,,,0.00,Y,Four-Way, ,,None,,,         ,John,Joyce,,,no,no,no,no,no,False
101818735,GOODLETTSVILLE POLICE DEPT,17-38708,Davidson,Goodlettsville,11/1/2017 1:02:00 PM,2,1,0,36.303418,-86.728587,OLD DICKERSON RD.,,,,0.00,,,HITT LANE,,,,0.00,Y,T-Intersection,N,Intersection,None,,,         ,John,Spencer,Clear,Angle,no,no,no,no,yes,False
101818740,METROPOLITAN NASHVILLE POLICE DEPT,20170984268,Davidson,Nashville,11/8/2017 1:50:00 PM,2,0,0,36.206590,-86.777510,W TRINITY LN,,,,115.00,Feet,East,I65 S ENT RAMP,,,,0.00,N,Not at Intersection, ,,None,,,         ,Victor,Alexander,,,no,no,no,no,no,False
101818742,METROPOLITAN NASHVILLE POLICE DEPT,20170984230,Davidson,Nashville,11/8/2017 3:38:00 PM,2,0,0,36.106990,-86.719370,I 24,,,,0.00,,,,,,,53.95,N,Not at Intersection,N,Non-Junction,None,,,         ,Patrick,Martin,Clear,"Sideswipe, Same Direction",no,no,no,no,yes,False
101818743,METROPOLITAN NASHVILLE POLICE DEPT,20170968229,Davidson,Nashville,11/3/2017 2:28:00 AM,1,1,1,35.989680,-86.627120,BURKITT RD,,,,300.00,Feet,West,BATTLE RD,,,,0.00,N,Not at Intersection,N,Non-Junction,None,,,17-0818  ,William,Waters,Cloudy,Not Collision with Motor Vehicle in Transport,no,no,no,no,no,False
101818759,METROPOLITAN NASHVILLE POLICE DEPT,20170984359,Davidson,Nashville,11/8/2017 12:00:00 AM,2,0,0,36.180600,-86.800190,I 65,,,,0.00,,,,,,,85.00,N,Not at Intersection, ,Non-Junction,None,,,         ,Melvin,Taylor,Clear,Front to Rear,no,no,no,no,no,False
101818760,METROPOLITAN NASHVILLE POLICE DEPT,20170984238,Davidson,Nashville,11/8/2017 3:40:00 PM,2,0,0,36.151250,-86.794320,DIVISION ST,,,,0.00,,,18TH AVS,,,,0.00,Y,T-Intersection, ,Non-Junction,None,,,         ,David,Collins,Cloudy,"Sideswipe, Same Direction",no,no,no,no,no,False
101818761,METROPOLITAN NASHVILLE POLICE DEPT,20170984395,Davidson,Nashville,11/8/2017 4:41:00 PM,2,0,0,36.140730,-86.732280,I 40,,,,0.00,,,,,,,213.00,N,Not at Intersection, ,Non-Junction,None,,,         ,Jonathan,Cavezza,Clear,Angle,no,no,no,no,no,False
101818763,METROPOLITAN NASHVILLE POLICE DEPT,20170984152,Davidson,Nashville,11/8/2017 3:08:00 PM,1,0,0,36.155200,-86.785950,DEMONBREUN ST,,,,228.00,Feet,North,11TH AVS,,,,0.00,N,Not at Intersection, ,"Driveway, Alley Access, etc",None,,,         ,Christopher,Augustin,Cloudy,Not Collision with Motor Vehicle in Transport,no,no,no,yes,no,False
101818770,METROPOLITAN NASHVILLE POLICE DEPT,20170984396,Davidson,Nashville,11/8/2017 4:50:00 PM,2,1,0,36.180340,-86.796180,ROSA L PARKS BLVD,,,,106.00,Feet,South,GARFIELD ST,,,,0.00,N,Not at Intersection,N,Non-Junction,None,,,         ,Jason,Hees,Clear,Front to Rear,no,no,no,no,no,False
101818771,METROPOLITAN NASHVILLE POLICE DEPT,20170984099,Davidson,Nashville,11/8/2017 1:19:00 PM,2,0,0,36.181510,-86.773700,N 1ST ST,,,,0.00,,,DICKERSON PKE,,,,0.00,Y,OTHER, ,,None,,,         ,Jonathan,Hadley,,,no,no,no,no,no,False
101818780,METROPOLITAN NASHVILLE POLICE DEPT,20170984122,Davidson,Nashville,11/8/2017 4:30:00 PM,2,1,0,36.084820,-86.703390,TRAVELERS INN DR,,,,41.00,Feet,South,HARDING PL,,,,0.00,N,Not at Intersection,N,Non-Junction,None,,,         ,Jessie,Meadows,Clear,Angle,no,no,no,no,no,False
101818781,METROPOLITAN NASHVILLE POLICE DEPT,20170984448,Davidson,Nashville,11/8/2017 5:45:00 PM,2,0,0,36.084480,-86.704870,HARDING PL,,,,321.00,Feet,East,LINBAR DR,,,,0.00,N,Not at Intersection, ,Non-Junction,None,,,         ,Jessie,Meadows,Clear,Front to Rear,no,no,no,no,no,False
101818782,METROPOLITAN NASHVILLE POLICE DEPT,20170984449,Davidson,Nashville,11/8/2017 5:00:00 PM,2,0,0,36.095180,-86.707500,I 24,,,,0.00,,,,,,,55.00,N,Not at Intersection, ,Non-Junction,None,,,         ,Andrew,Mullen,Cloudy,"Sideswipe, Same Direction",no,no,no,no,no,False
101818789,METROPOLITAN NASHVILLE POLICE DEPT,20170984541,Davidson,Nashville,11/8/2017 5:08:00 PM,2,0,0,36.121670,-86.756250,I 440,,,,0.00,,,,,,,6.00,N,Not at Intersection, ,Non-Junction,None,,,         ,Austin,Kendrick,Clear,Front to Rear,no,no,no,no,no,False
101818792,METROPOLITAN NASHVILLE POLICE DEPT,20170984460,Davidson,Nashville,11/8/2017 4:30:00 PM,2,0,0,36.170530,-86.814070,HEIMAN ST,,,,23.00,Feet,East,W HEIMAN ST,,,,0.00,N,Not at Intersection,N,Non-Junction,None,,,         ,Clayton,Lewis,Clear,Front to Rear,no,no,no,no,no,False
101818794,METROPOLITAN NASHVILLE POLICE DEPT,20170984180,Davidson,Not in City Limit,11/8/2017 3:20:00 PM,2,0,0,36.273310,-86.710070,GALLATIN PKEN,,,,50.00,Feet,South,ANDERSON LN,,,,0.00,N,Not at Intersection,N,Non-Junction,None,,,         ,Bradley,Campbell,Clear,Front to Rear,no,no,no,no,no,False
101818800,METROPOLITAN NASHVILLE POLICE DEPT,20170984512,Davidson,Nashville,11/8/2017 5:40:00 PM,2,0,0,36.128770,-86.841630,HARDING PKE,,,,589.00,Feet,West,BRIXWORTH LN,,,,0.00,N,Not at Intersection, ,Non-Junction,None,,,         ,Torian,Cox,Clear,Front to Rear,no,no,no,no,no,False
101818802,METROPOLITAN NASHVILLE POLICE DEPT,20170984562,Davidson,Nashville,11/8/2017 6:01:00 PM,2,0,0,36.167330,-86.795650,I 40,,,,0.00,,,,,,,208.25,N,Not at Intersection, ,Non-Junction,None,,,         ,Jacob,Dick,Clear,Front to Rear,no,no,no,no,no,False
101818805,VANDERBILT UNIVERSITY POLICE,2017-0984458,Davidson,Nashville,11/8/2017 12:00:00 AM,2,0,0,36.141060,-86.813380,VANDERBILT PL,,,,0.00,,,,,,,0.00,,,N,Non-Junction,None,,,         ,Christopher,Dion,Unknown,Unknown,no,no,no,yes,yes,Campus
101818807,METROPOLITAN NASHVILLE POLICE DEPT,20170984314,Davidson,Nashville,11/8/2017 4:21:00 PM,2,0,0,36.149470,-86.783830,I 40,,,,0.00,,,,,,,209.60,N,Not at Intersection,N,Non-Junction,None,,,         ,David,Collins,Cloudy,Front to Rear,no,no,no,no,no,False
101818815,METROPOLITAN NASHVILLE POLICE DEPT,20170984646,Davidson,Nashville,11/8/2017 12:00:00 AM,2,0,0,36.207810,-86.839760,CLARKSVILLE PKE,,,,148.00,Feet,North,W HAMILTON AV,,,,0.00,N,Not at Intersection, ,Non-Junction,None,,,         ,Melvin,Taylor,Clear,Angle,no,no,no,no,yes,False
101818830,METROPOLITAN NASHVILLE POLICE DEPT,20170984600,Davidson,Nashville,11/8/2017 4:27:00 PM,2,0,0,36.188700,-86.775450,I65 S ENT RAMP,,,,0.00,Feet,East,I 24,,,,0.00,N,Not at Intersection, ,Non-Junction,None,,,         ,Amanda,Fox,Clear,Front to Rear,no,no,no,no,yes,False
101818840,METROPOLITAN NASHVILLE POLICE DEPT,20170984617,Davidson,Nashville,11/8/2017 5:43:00 PM,2,0,0,36.162900,-86.776860,3RD AVN,,,,0.00,,,COMMERCE ST,,,,0.00,Y,Four-Way,N,Non-Junction,None,,,         ,Jacob,Dick,Clear,Front to Rear,no,no,no,no,yes,False
101818846,METROPOLITAN NASHVILLE POLICE DEPT,20170984700,Davidson,Not in City Limit,11/8/2017 12:00:00 AM,1,0,0,36.283390,-86.706960,GALLATIN PKEN,,,,0.00,,,EDGEMEADE BLVD,,,,0.00,Y,T-Intersection,N,Intersection,None,,,         ,Joel,Callies,Clear,Not Collision with Motor Vehicle in Transport,no,no,no,no,no,False
101818848,METROPOLITAN NASHVILLE POLICE DEPT,20170984733,Davidson,Nashville,11/8/2017 5:51:00 PM,2,0,0,36.155820,-86.795920,17TH AVN,,,,0.00,,,CHURCH ST,,,,0.00,Y,Four-Way, ,Intersection,None,,,         ,David,Collins,Cloudy,Front to Rear,no,no,no,no,no,False
101818849,BERRY HILL POLICE DEPT,17-3806,Davidson,Berry Hill,11/8/2017 12:00:00 AM,2,0,0,36.119980,-86.776890,OVERBECK LN,,,,0.00,,,,,,,0.00,,, ,,None,,,         ,John,Gleixner,,,no,no,no,yes,no,False
101818877,METROPOLITAN NASHVILLE POLICE DEPT,20170984467,Davidson,Nashville,11/8/2017 5:19:00 PM,3,0,0,36.075440,-86.768010,I 65,,,,0.00,,,,,,,77.30,N,Not at Intersection,N,Non-Junction,None,,,         ,Nicholas,Berens,Clear,Front to Rear,no,no,no,no,no,False
101818878,METROPOLITAN NASHVILLE POLICE DEPT,20170984686,Davidson,Nashville,11/8/2017 7:00:00 PM,2,0,0,36.059090,-86.716140,TUSCULUM RD,,,,0.00,,,NOLENSVILLE PKE,,,,0.00,Y,Four-Way, ,Intersection,None,,,         ,Nicholas,Berens,Clear,Front to Rear,no,no,no,no,no,False
101818880,METROPOLITAN NASHVILLE POLICE DEPT,20170984684,Davidson,Nashville,11/8/2017 7:00:00 PM,2,0,0,36.086540,-86.691530,ANTIOCH PKE,,,,379.00,Feet,South,HARDING PL,,,,0.00,N,Not at Intersection,N,Non-Junction,None,,,         ,Devonte,Coleman,Clear,Angle,no,no,no,no,no,False
101818882,METROPOLITAN NASHVILLE POLICE DEPT,20170984772,Davidson,Nashville,11/8/2017 6:11:00 PM,1,0,0,36.112150,-86.745870,NOLENSVILLE PKE,,,,221.00,Feet,South,MCCLAIN AV,,,,0.00,N,Not at Intersection,N,OtherLocation,None,,,         ,Tien,Nguyen,Clear,Not Collision with Motor Vehicle in Transport,no,no,no,yes,yes,False
101818884,METROPOLITAN NASHVILLE POLICE DEPT,20170984836,Davidson,Nashville,11/8/2017 8:10:00 PM,2,2,0,36.202820,-86.776660,I 65,,,,0.00,,,,,,,87.05,N,Not at Intersection,N,Non-Junction,None,,,         ,Steven,Frazier Jr.,Clear,"Sideswipe, Same Direction",no,no,no,no,yes,False
101818885,METROPOLITAN NASHVILLE POLICE DEPT,20170983810,Davidson,Nashville,11/8/2017 12:37:00 PM,2,3,0,36.157610,-86.801310,CHARLOTTE AV,,,,0.00,,,19TH AVN,,,,0.00,Y,Four-Way,N,Intersection,None,,,         ,Isaac,Wood,Clear,Front to Rear,no,no,no,no,no,False
101818889,METROPOLITAN NASHVILLE POLICE DEPT,20170984444,Davidson,Nashville,11/8/2017 5:11:00 PM,2,0,0,36.159650,-86.796180,MCMILLIN ST,,,,0.00,,,CHARLOTTE AV,,,,0.00,Y,T-Intersection,N,Non-Junction,None,,,         ,Jon,Mcvey,Clear,Angle,no,no,no,no,yes,False
101818890,METROPOLITAN NASHVILLE POLICE DEPT,20170984664,Davidson,Nashville,11/8/2017 6:55:00 PM,2,2,0,36.110990,-86.770850,I440 ENT RAMP,,,,0.00,Feet,East,I 65,,,,0.00,N,Not at Intersection,N,Non-Junction,None,,,         ,Jon,Mcvey,Cloudy,Front to Rear,no,no,no,no,no,False
101818891,METROPOLITAN NASHVILLE POLICE DEPT,20170978243,Davidson,Nashville,11/6/2017 6:36:00 PM,1,0,1,36.221380,-86.759530,HART LN,,,,642.00,Feet,East,DICKERSON PKE,,,,0.00,N,Not at Intersection,N,Non-Junction,None,,,17-0873  ,Christopher,Augustin,Rain,Not Collision with Motor Vehicle in Transport,yes,no,no,no,no,False
101818903,METROPOLITAN NASHVILLE POLICE DEPT,2017-0984256,Davidson,Nashville,11/8/2017 3:39:00 PM,2,0,0,36.161950,-86.776240,3RD AVN,,,,171.00,Feet,North,BROADWAY,,,,0.00,N,Not at Intersection,N,Non-Junction,None,,,         ,Cory,West,Clear,"Sideswipe, Same Direction",no,no,no,no,no,False
101818922,METROPOLITAN NASHVILLE POLICE DEPT,20170984497,Davidson,Nashville,11/8/2017 5:30:00 PM,2,0,0,36.050780,-86.668640,I 24,,,,0.00,,,,,,,58.75,N,Not at Intersection, ,Non-Junction,None,,,         ,Richard,Olive,Cloudy,Front to Rear,no,no,no,no,no,False
101818957,METROPOLITAN NASHVILLE POLICE DEPT,20170984671,Davidson,Nashville,11/8/2017 6:00:00 PM,2,0,0,36.048780,-86.665180,I 24,,,,0.00,,,,,,,59.00,N,Not at Intersection, ,Non-Junction,None,,,         ,Richard,Olive,Clear,"Sideswipe, Same Direction",no,no,no,no,yes,False
101818965,METROPOLITAN NASHVILLE POLICE DEPT,20170984591,Davidson,Nashville,11/8/2017 5:41:00 PM,2,0,0,36.140910,-86.839490,MURPHY RD,,,,0.00,,,,,,,0.00,,,N,Non-Junction,None,,,         ,Jake,Carr,Cloudy,"Sideswipe, Opposite Direction",no,no,no,yes,yes,False
101818974,METROPOLITAN NASHVILLE POLICE DEPT,2017-0984886,Davidson,Nashville,11/8/2017 6:13:00 PM,3,0,0,36.116800,-86.915560,I 40,,,,0.00,,,,,,,199.75,N,Not at Intersection,N,Non-Junction,None,,,         ,Michael,Rogers,Clear,Front to Rear,no,no,no,no,yes,False
101818975,METROPOLITAN NASHVILLE POLICE DEPT,20170984995,Davidson,Antioch,11/8/2017 4:54:00 PM,2,0,0,36.015550,-86.620180,OLD HICKORY BLVD,,,,0.00,,,I24 W EXT RAMP,,,,0.00,Y,OTHER,N,Non-Junction,None,,,         ,Joseph,Progar,Cloudy,HeadOn,no,no,no,yes,yes,False
101818991,METROPOLITAN NASHVILLE POLICE DEPT,20170984665,Davidson,Nashville,11/8/2017 6:31:00 PM,2,0,0,36.037660,-86.784950,OLD HICKORY BLVD,,,,50.00,Feet,East,I65 S EXT RAMP,,,,0.00,N,Not at Intersection, ,Non-Junction,None,,,         ,William,King,Clear,"Sideswipe, Same Direction",no,no,no,no,no,False
101819034,METROPOLITAN NASHVILLE POLICE DEPT,20170985045,Davidson,Nashville,11/8/2017 9:39:00 PM,2,1,0,36.185960,-86.634410,LEBANON PKE,,,,57.00,Feet,West,STONES RIVER GRNWY,,,,0.00,N,Not at Intersection,N,Non-Junction,None,,,         ,Jefferson,Hughes,Clear,Not Collision with Motor Vehicle in Transport,no,no,no,no,yes,False
101819040,METROPOLITAN NASHVILLE POLICE DEPT,20170985215,Davidson,Nashville,11/8/2017 11:12:00 PM,3,0,0,36.112210,-86.922740,I40 W EXT RAMP,,,,0.00,,,I 40,,,,0.00,Y,T-Intersection, ,Non-Junction,None,,,         ,Albert,Wilson,Clear,Front to Rear,no,no,no,no,no,False
101819041,METROPOLITAN NASHVILLE POLICE DEPT,20170985272,Davidson,Nashville,11/8/2017 12:00:00 AM,2,0,0,36.112250,-86.918450,STONECREST DR,,,,259.00,Feet,East,STONECREST WAY,,,,0.00,N,Not at Intersection,N,Non-Junction,None,,,         ,Jackson,Smythe,Clear,Unknown,no,no,no,no,yes,False
101819043,METROPOLITAN NASHVILLE POLICE DEPT,20170985106,Davidson,Not in City Limit,11/8/2017 10:30:00 PM,1,0,0,36.078820,-87.021210,NEWSOM STATION RD,,,,343.00,Feet,North,MCCRORY LN,,,,0.00,N,Not at Intersection, ,"Driveway, Alley Access, etc",None,,,         ,Aaron,Wigginton,Cloudy,Not Collision with Motor Vehicle in Transport,no,no,no,yes,no,False
101819049,THP District 3 - Nashville,317066002,Davidson,Nashville,11/6/2017 9:26:00 AM,2,0,0,36.033450,-86.783230,I 65,,,,0.00,,,,,,,74.20,N,Not at Intersection,N,Non-Junction,None,,,         ,Andrew,Perez,Clear,Front to Rear,no,no,no,no,no,False
101819053,METROPOLITAN NASHVILLE POLICE DEPT,20170985234,Davidson,Nashville,11/8/2017 11:14:00 PM,1,1,0,36.103330,-86.627560,BELL RD,,,,1550.00,Feet,South,NED SHELTON RD,,,,0.00,N,Not at Intersection,N,Non-Junction,None,,,         ,Bridget,Griepentrog,Clear,Not Collision with Motor Vehicle in Transport,no,no,no,no,no,False
101819063,WILSON CO SHERIFFS DEPT,1732972,Davidson,Nashville,11/7/2017 4:21:00 PM,2,0,0,36.217680,-86.579350,LOOKOUT DR,,,,0.00,,,LEBANON RD,,,,0.00,Y,OTHER, ,Non-Junction,None,,,         ,Craig,Anderson,Clear,Angle,no,no,no,no,no,False
101819065,METROPOLITAN NASHVILLE POLICE DEPT,20170985251,Davidson,Nashville,11/8/2017 11:04:00 PM,2,0,0,36.145550,-86.662980,AIRPORT CENTER DR,,,,0.00,,,ROYAL PKWY,,,,0.00,Y,T-Intersection,N,Non-Junction,None,,,         ,Joseph,Zambardi,Clear,Angle,no,no,no,no,no,False
101819075,METROPOLITAN NASHVILLE POLICE DEPT,20170985150,Davidson,Nashville,11/8/2017 10:17:00 PM,2,0,0,36.237900,-86.785900,I 24,,,,0.00,,,,,,,43.55,N,Not at Intersection,Y,Entrance/Exit Ramp Related,None,,,         ,Cheri,Cox,Clear,"Sideswipe, Same Direction",no,no,no,no,no,False
101819077,METROPOLITAN NASHVILLE POLICE DEPT,20170985254,Davidson,Nashville,11/8/2017 11:23:00 PM,2,3,0,36.183820,-86.748370,EASTLAND AV,,,,0.00,,,GALLATIN AV,,,,0.00,Y,Four-Way,N,Intersection-Related,None,,,         ,Christopher,Dameron,Clear,Front to Rear,no,no,no,no,no,False
101819084,METROPOLITAN NASHVILLE POLICE DEPT,20170985475,Davidson,Nashville,11/8/2017 5:00:00 PM,1,0,0,36.053110,-86.653060,RURAL HILL RD,,,,319.00,Feet,North,WILLOW POINTE PVTDR,,,,0.00,N,Not at Intersection, ,Non-Junction,None,,,         ,William,Williams,Clear,Not Collision with Motor Vehicle in Transport,no,no,no,no,no,False
101819105,METROPOLITAN NASHVILLE POLICE DEPT,20170985749,Davidson,Nashville,11/9/2017 3:05:00 AM,1,0,0,36.124410,-86.907450,I 40,,,,0.00,,,,,,,200.45,N,Not at Intersection, ,,None,,,         ,Aaron,Wigginton,,,no,no,no,no,no,False
101819106,METROPOLITAN NASHVILLE POLICE DEPT,20170985664,Davidson,Nashville,11/9/2017 2:14:00 AM,1,1,0,36.120630,-86.807840,LOMBARDY AV,,,,46.00,Feet,East,HILLSBORO PKE,,,,0.00,N,Not at Intersection,N,Non-Junction,None,,,         ,Steven,Wiser,Clear,Not Collision with Motor Vehicle in Transport,no,no,no,no,no,False
101819108,Nashville Airport Police,2017-03992,Davidson,Nashville,11/8/2017 10:15:00 PM,2,0,0,36.126660,-86.665840,AIRPORT SERVICE RD,,,,930.00,Feet,South,DONELSON PKE,,,,0.00,N,Not at Intersection, ,SharedUsePathOrTrail,Work Zone,,,         ,Dalton,Engstrom,Clear,Rear to Rear,no,no,no,yes,no,False
101819121,METROPOLITAN NASHVILLE POLICE DEPT,20170985358,Davidson,Not in City Limit,11/9/2017 12:02:00 AM,2,1,0,36.275850,-86.735370,I 65,,,,0.00,,,,,,,93.05,N,Not at Intersection,N,Non-Junction,None,,,         ,Cheri,Cox,Clear,"Sideswipe, Same Direction",no,no,no,no,yes,False
101819122,METROPOLITAN NASHVILLE POLICE DEPT,20170985419,Davidson,Nashville,11/8/2017 10:24:00 PM,2,0,0,36.082100,-86.761700,HARDING PL,,,,0.00,,,SIDCO DR,,,,0.00,Y,Four-Way,Y,Intersection-Related,None,,,         ,Stephen,Waterman,Clear,"Sideswipe, Same Direction",no,no,no,no,yes,False
101819156,METROPOLITAN NASHVILLE POLICE DEPT,20170986111,Davidson,Nashville,11/9/2017 5:50:00 AM,2,0,0,36.201210,-86.776820,I 65,,,,0.00,,,,,,,87.00,N,Not at Intersection,N,Non-Junction,None,,,         ,Ronald,Bright,Clear,Front to Rear,no,no,no,no,no,False
101819216,METROPOLITAN NASHVILLE POLICE DEPT,20170986148,Davidson,Nashville,11/9/2017 6:20:00 AM,2,0,0,36.087250,-86.692070,ANTIOCH PKE,,,,77.00,Feet,South,HARDING PL,,,,0.00,N,Not at Intersection, ,Non-Junction,None,,,         ,Brandon,O'Guin,Clear,Front to Rear,no,no,no,no,no,False
101819226,METROPOLITAN NASHVILLE POLICE DEPT,20170986203,Davidson,Nashville,11/9/2017 6:59:00 AM,2,0,0,36.242510,-86.704000,PENN MEADE WAY,,,,266.00,Feet,East,SONAR ST,,,,0.00,N,Not at Intersection, ,,None,,,         ,James,Curtis,,,no,no,no,no,no,False
101819229,METROPOLITAN NASHVILLE POLICE DEPT,20170986205,Davidson,Nashville,11/9/2017 7:01:00 AM,2,0,0,36.153870,-86.758060,I 40,,,,0.00,,,,,,,211.10,N,Not at Intersection, ,Non-Junction,None,,,         ,Michael,Dance,Clear,Front to Rear,no,no,no,no,no,False
101819235,METROPOLITAN NASHVILLE POLICE DEPT,20170986284,Davidson,Nashville,11/9/2017 7:44:00 AM,2,0,0,36.153800,-86.841810,I 40,,,,0.00,,,,,,,204.85,N,Not at Intersection, ,Non-Junction,None,,,         ,Curtis,Rich,Clear,Front to Rear,no,no,no,no,no,False
101819248,METROPOLITAN NASHVILLE POLICE DEPT,20170986319,Davidson,Nashville,11/9/2017 8:03:00 AM,2,0,0,36.201380,-86.751290,ELLINGTON PKWY,,,,230.00,Feet,South,CHEROKEE AV,,,,0.00,N,Not at Intersection, ,Non-Junction,None,,,         ,Jared,Eaves,Clear,Front to Rear,no,no,no,no,no,False
101819267,METROPOLITAN NASHVILLE POLICE DEPT,20170986195,Davidson,Not in City Limit,11/9/2017 6:50:00 AM,2,0,0,36.291500,-86.907580,GRAYS POINT RD,,,,0.56,Miles,West,CRAFT RD,,,,0.00,N,Not at Intersection, ,Non-Junction,None,,,         ,Jeanine,Sarno,Clear,Front to Rear,no,no,no,no,no,False
101819270,METROPOLITAN NASHVILLE POLICE DEPT,20170986191,Davidson,Nashville,11/9/2017 6:05:00 AM,2,0,0,36.157440,-86.770530,HERMITAGE AV,,,,0.00,,,PEABODY ST,,,,0.00,Y,Four-Way, ,Non-Junction,None,,,         ,Nopel,Stella,Clear,Front to Rear,no,no,no,no,yes,False
101819274,METROPOLITAN NASHVILLE POLICE DEPT,20170986419,Davidson,Nashville,11/9/2017 7:58:00 AM,2,0,0,36.041160,-86.776470,OLD HICKORY BLVD,,,,50.00,Feet,West,BRENTWOOD COMMONS WAY,,,,0.00,N,Not at Intersection, ,Non-Junction,None,,,         ,Earl,Davis,Clear,Front to Rear,no,no,no,no,no,False
101819277,METROPOLITAN NASHVILLE POLICE DEPT,20170986337,Davidson,Nashville,11/9/2017 7:45:00 AM,2,0,0,36.096600,-86.651230,SMITH SPRINGS RD,,,,623.00,Feet,East,REYNOLDS RD,,,,0.00,N,Not at Intersection, ,Non-Junction,None,,,         ,Scott,Toney,Clear,Front to Rear,no,no,no,no,no,False
101819282,METROPOLITAN NASHVILLE POLICE DEPT,20170986349,Davidson,Nashville,11/9/2017 8:07:00 AM,2,0,0,36.086910,-86.648680,UNA ANTIOCH PKE,,,,0.00,,,NASHBORO BLVD,,,,0.00,Y,Four-Way, ,,None,,,         ,Michael,Dance,,,no,no,no,no,no,False
101819290,METROPOLITAN NASHVILLE POLICE DEPT,20170986214,Davidson,Nashville,11/9/2017 7:00:00 AM,2,0,0,36.191470,-86.787330,I 65,,,,0.00,,,,,,,85.90,N,Not at Intersection, ,OtherLocation,None,,,         ,Joshua,Baker,Clear,"Sideswipe, Same Direction",no,no,no,no,no,False
101819294,METROPOLITAN NASHVILLE POLICE DEPT,20170986449,Davidson,Nashville,11/9/2017 7:48:00 AM,2,1,0,36.188880,-86.823090,CLARKSVILLE PKE,,,,0.00,,,ROSA L PARKS BLVD,,,,0.00,Y,OTHER,N,Non-Junction,None,,,         ,Ronald,Bright,Clear,Front to Rear,no,no,no,no,no,False
101819296,METROPOLITAN NASHVILLE POLICE DEPT,20170986405,Davidson,Nashville,11/9/2017 8:22:00 AM,1,0,0,36.120340,-86.843340,WOODMONT BLVD,,,,242.00,Feet,South,WESTCHASE DR,,,,0.00,N,Not at Intersection,N,Non-Junction,None,,,         ,Curtis,Rich,Clear,Not Collision with Motor Vehicle in Transport,no,no,no,no,no,False
101819301,METROPOLITAN NASHVILLE POLICE DEPT,20170986247,Davidson,Nashville,11/9/2017 7:27:00 AM,2,1,0,36.065740,-86.629470,MURFREESBORO PKE,,,,0.00,,,HAMILTON CROSSINGS,,,,0.00,Y,T-Intersection,N,Non-Junction,None,,,         ,Sekou,Samassi,Clear,Other,no,no,no,no,no,False
101819302,METROPOLITAN NASHVILLE POLICE DEPT,20170986374,Davidson,Nashville,11/9/2017 8:15:00 AM,2,0,0,36.228500,-86.772760,I 65,,,,0.00,,,,,,,88.85,N,Not at Intersection, ,Non-Junction,None,,,         ,Thomas,Odom,Clear,Angle,no,no,no,no,no,False
101819304,METROPOLITAN NASHVILLE POLICE DEPT,20170986317,Davidson,Nashville,11/9/2017 7:50:00 AM,2,1,0,36.125830,-86.751630,GLENROSE AV,,,,33.00,Feet,West,WHITNEY AV,,,,0.00,N,Not at Intersection,N,Non-Junction,None,,,         ,Sara,Lober,Clear,Front to Rear,no,no,no,no,no,False
101819306,METROPOLITAN NASHVILLE POLICE DEPT,20170986428,Davidson,Nashville,11/9/2017 8:15:00 AM,1,0,0,36.044460,-86.846760,OLD HICKORY BLVD,,,,115.00,Feet,East,WHITE SWANS CRSG,,,,0.00,N,Not at Intersection, ,Non-Junction,None,,,         ,Earl,Davis,Clear,Not Collision with Motor Vehicle in Transport,no,no,no,no,no,False
101819308,METROPOLITAN NASHVILLE POLICE DEPT,20170986377,Davidson,Nashville,11/9/2017 8:19:00 AM,3,0,0,36.190550,-86.826040,CLARKSVILLE PKE,,,,232.00,Feet,East,TSU CONNECTOR,,,,0.00,N,Not at Intersection,N,Non-Junction,None,,,         ,William,Caillouette,Clear,Front to Rear,no,no,no,no,yes,False