master_record_number,agency,agency_tracking_number,county,city,collision_date,vehicles_involved,number_injured,number_dead,latitude,longitude,roadway_name,roadway_suffix,roadway_number,roadway_local_id,distance_from_reference,miles-feet_indicator,direction_from_reference,intersection_road_name,intersection_road_name_suffix,intersection_road_number,intersection_local_id,mile_marker,intersection_indicator,intersect_type,interchange_related_indicator,relation_to_junction,work_zone_type,construction_maintenance_zone,construction_maintenance_zone_location,fatal_case_number,officer_first_name,officer_last_name,weather_condition(s),manner_of_crash,pedestrian,bicycle,scooter,parking,hitrun,mou
101819313,METROPOLITAN NASHVILLE POLICE DEPT,20170986404,Davidson,Nashville,11/9/2017 7:50:00 AM,2,0,0,36.158060,-86.799970,CHARLOTTE AV,,,,0.00,,,DR D B TODD JR BLVD,,,,0.00,Y,Four-Way,N,Intersection,None,,,         ,Isaac,Wood,Clear,Angle,no,no,no,no,yes,False
101819315,METROPOLITAN NASHVILLE POLICE DEPT,20170986248,Davidson,Nashville,11/9/2017 7:23:00 AM,2,0,0,36.211130,-86.778550,BRICK CHURCH PKE,,,,355.00,Feet,South,DENNIS DR,,,,0.00,N,Not at Intersection, ,,None,,,         ,James,Wray,,,no,no,no,no,no,False
101819322,METROPOLITAN NASHVILLE POLICE DEPT,20170986348,Davidson,Nashville,11/9/2017 8:00:00 AM,2,2,0,36.064790,-86.628480,HAMILTON CHURCH RD,,,,0.00,,,MURFREESBORO PKE,,,,0.00,Y,Four-Way,N,Intersection,None,,,         ,Sekou,Samassi,Clear,Angle,no,no,no,no,no,False
101819338,METROPOLITAN NASHVILLE POLICE DEPT,20170986375,Davidson,Nashville,11/9/2017 8:06:00 AM,2,0,0,36.225840,-86.777380,I65 S ENT RAMP,,,,0.00,Feet,East,I 65,,,,0.00,N,Not at Intersection, ,Non-Junction,None,,,         ,Michael,McCord,Clear,Front to Rear,no,no,no,no,no,False
101819341,METROPOLITAN NASHVILLE POLICE DEPT,20170986215,Davidson,Nashville,11/9/2017 7:03:00 AM,2,0,0,36.050060,-86.735530,TOBYLYNN DR,,,,434.00,Feet,West,VIVIAN DR,,,,0.00,N,Not at Intersection, ,Non-Junction,None,,,         ,Phillip,Murphy,Clear,"Sideswipe, Same Direction",no,no,no,no,no,False
101819347,METROPOLITAN NASHVILLE POLICE DEPT,20170986199,Davidson,Nashville,11/9/2017 6:55:00 AM,2,0,0,36.073400,-86.759140,BRAMBLEWOOD DR,,,,0.00,,,TROUSDALE DR,,,,0.00,Y,Four-Way,N,Intersection,None,,,         ,Erik,Wagner,Clear,Front to Rear,no,no,no,no,no,False
101819348,METROPOLITAN NASHVILLE POLICE DEPT,20170986360,Davidson,Nashville,11/9/2017 8:10:00 AM,2,1,0,36.185160,-86.612540,OLD HICKORY BLVD,,,,781.00,Feet,North,ANDREW JACKSON PKWY,,,,0.00,N,Not at Intersection,N,Non-Junction,None,,,         ,Gregory,Lindstrom,Clear,Front to Rear,no,no,no,no,no,False
101819349,METROPOLITAN NASHVILLE POLICE DEPT,20170986644,Davidson,Nashville,11/9/2017 10:00:00 AM,2,0,0,36.140180,-86.722720,I 40,,,,0.00,,,,,,,213.50,N,Not at Intersection, ,Non-Junction,None,,,         ,Michael,Dance,Clear,Front to Rear,no,no,no,no,no,False
101819353,METROPOLITAN NASHVILLE POLICE DEPT,20170986370,Davidson,Nashville,11/9/2017 7:25:00 AM,2,0,0,36.055270,-86.674690,I 24,,,,0.00,,,,,,,58.30,N,Not at Intersection, ,Non-Junction,None,,,         ,Sharissa,Perez,Clear,HeadOn,no,no,no,no,no,False
101819354,METROPOLITAN NASHVILLE POLICE DEPT,20170986596,Davidson,Nashville,11/9/2017 9:45:00 AM,3,1,0,36.115200,-86.823690,WOODMONT BLVD,,,,53.00,Feet,West,VALLEY BROOK RD,,,,0.00,N,Not at Intersection,N,Non-Junction,None,,,         ,Curtis,Rich,Clear,Front to Rear,no,no,no,no,no,False
101819371,METROPOLITAN NASHVILLE POLICE DEPT,20170986362,Davidson,Nashville,11/9/2017 8:16:00 AM,3,0,0,36.117960,-86.800430,I 440,,,,0.00,,,,,,,3.20,N,Not at Intersection, ,Non-Junction,None,,,         ,Nathan,Smith,Clear,"Sideswipe, Same Direction",no,no,no,no,no,False
101819380,THP District 3 - Nashville,317066577,Davidson,Nashville,11/9/2017 7:38:00 AM,1,0,0,36.149160,-86.857410,ORLANDO AV,,,,0.00,,,,,,,0.00,,,N,Non-Junction,None,,,         ,Kevin,Smith,Clear,Not Collision with Motor Vehicle in Transport,no,no,no,yes,no,False
101819388,METROPOLITAN NASHVILLE POLICE DEPT,20170986271,Davidson,Nashville,11/9/2017 7:28:00 AM,2,0,0,36.037500,-86.785840,OLD HICKORY BLVD,,,,0.00,,,WILSON PIKE CIR,,,,0.00,Y,T-Intersection, ,Intersection-Related,None,,,         ,Phillip,Murphy,Clear,Front to Rear,no,no,no,no,no,False
101819389,METROPOLITAN NASHVILLE POLICE DEPT,20170986424,Davidson,Nashville,11/9/2017 8:39:00 AM,2,0,0,36.229380,-86.759280,EWING DR,,,,0.00,,,DICKERSON PKE,,,,0.00,Y,Four-Way, ,Non-Junction,None,,,         ,Alex,Moore,Clear,Angle,no,no,no,no,no,False
101819393,THP District 9 - Administrative,317066297,Davidson,Nashville,11/7/2017 9:22:00 PM,2,0,0,36.161490,-86.777510,4TH AVN,,,,196.00,Feet,North,BROADWAY,,,,0.00,N,Not at Intersection, ,"Driveway, Alley Access, etc",None,,,         ,William,Goodman,Cloudy,Rear to Side,no,no,no,no,no,False
101819398,METROPOLITAN NASHVILLE POLICE DEPT,20170986615,Davidson,Nashville,11/9/2017 9:50:00 AM,2,0,0,36.126070,-86.846120,HARDING PKE,,,,140.00,Feet,East,KENNER AV,,,,0.00,N,Not at Intersection,N,"Driveway, Alley Access, etc",None,,,         ,Gregory,McDaniel,Clear,Angle,no,no,no,no,no,False
101819402,METROPOLITAN NASHVILLE POLICE DEPT,20170986479,Davidson,Nashville,11/9/2017 8:45:00 AM,2,0,0,36.218150,-86.803480,WHITES CREEK PKE,,,,0.00,,,MOORMANS ARM RD,,,,0.00,Y,T-Intersection,N,Intersection,None,,,         ,Jeanine,Sarno,Clear,"Sideswipe, Opposite Direction",no,no,no,no,no,False
101819406,METROPOLITAN NASHVILLE POLICE DEPT,20170986324,Davidson,Nashville,11/9/2017 7:57:00 AM,2,1,0,36.169870,-86.673640,LEBANON PKE,,,,0.00,,,SHADY GROVE RD,,,,0.00,Y,T-Intersection,N,Intersection,None,,,         ,James,Curtis,Clear,Angle,no,no,no,no,no,False
101819407,METROPOLITAN NASHVILLE POLICE DEPT,20170986550,Davidson,Nashville,11/9/2017 9:31:00 AM,2,0,0,36.173800,-86.602230,OLD HICKORY BLVD,,,,80.00,Feet,North,CENTRAL PKE,,,,0.00,N,Not at Intersection, ,,None,,,         ,James,Curtis,,,no,no,no,no,no,False
101819408,METROPOLITAN NASHVILLE POLICE DEPT,20170986573,Davidson,Nashville,11/9/2017 9:39:00 AM,1,0,0,36.231920,-86.621020,SHUTE LN,,,,537.00,Feet,East,BRANDYWINE DR,,,,0.00,N,Not at Intersection, ,,None,,,         ,James,Curtis,,,no,no,no,no,no,False
101819409,METROPOLITAN NASHVILLE POLICE DEPT,20170986746,Davidson,Lakewood,11/9/2017 5:05:00 AM,2,0,0,36.242870,-86.636080,FERRELL DR,,,,232.00,Feet,South,OLD HICKORY BLVD,,,,0.00,N,Not at Intersection, ,,None,,,         ,James,Curtis,,,no,no,no,yes,no,False
101819410,METROPOLITAN NASHVILLE POLICE DEPT,20170986418,Davidson,Not in City Limit,11/9/2017 8:00:00 AM,1,1,0,36.000340,-86.637030,OLD HICKORY BLVD,,,,339.00,Feet,West,CANE RIDGE RD,,,,0.00,N,Not at Intersection,N,Non-Junction,None,,,         ,Zachary,Scott,Clear,Not Collision with Motor Vehicle in Transport,no,no,no,no,no,False
101819415,METROPOLITAN NASHVILLE POLICE DEPT,20170986390,Davidson,Nashville,11/9/2017 8:26:00 AM,2,1,0,36.122440,-86.794700,PARIS AV,,,,0.00,,,BELMONT BLVD,,,,0.00,Y,Four-Way,N,Intersection,None,,,         ,Erik,Wagner,Clear,Front to Rear,no,no,no,no,no,False
101819416,METROPOLITAN NASHVILLE POLICE DEPT,20170986810,Davidson,Nashville,11/9/2017 10:40:00 AM,2,0,0,36.173320,-86.808350,UNDERWOOD ST,,,,32.00,Feet,West,DR D B TODD JR BLVD,,,,0.00,N,Not at Intersection, ,Non-Junction,None,,,         ,Nicholas,MacDougall,Clear,Rear to Side,no,no,no,no,no,False
101819422,METROPOLITAN NASHVILLE POLICE DEPT,20170986761,Davidson,Nashville,11/9/2017 10:50:00 AM,2,0,0,36.152460,-86.837060,42ND AVN,,,,0.00,,,CHARLOTTE AV,,,,0.00,Y,Four-Way, ,Intersection-Related,None,,,         ,Curtis,Rich,Clear,Angle,no,no,no,no,no,False
101819427,METROPOLITAN NASHVILLE POLICE DEPT,20170986791,Davidson,Nashville,11/9/2017 11:14:00 AM,2,0,0,36.183390,-86.775040,I 24,,,,0.00,,,,,,,47.35,N,Not at Intersection, ,Non-Junction,None,,,         ,Jared,Eaves,Clear,"Sideswipe, Same Direction",no,no,no,no,no,False
101819440,METROPOLITAN NASHVILLE POLICE DEPT,20170986536,Davidson,Nashville,11/9/2017 9:20:00 AM,2,1,0,36.094620,-86.762620,I 65,,,,0.00,,,,,,,78.65,N,Not at Intersection,N,Non-Junction,None,,,         ,Erik,Wagner,Clear,Front to Rear,no,no,no,no,no,False
101819456,METROPOLITAN NASHVILLE POLICE DEPT,20170986901,Davidson,Nashville,11/9/2017 11:35:00 AM,2,0,0,36.208430,-86.767270,DICKERSON PKE,,,,0.00,,,QUEEN AV,,,,0.00,Y,T-Intersection, ,Non-Junction,None,,,         ,Alex,Moore,Clear,Angle,no,no,no,no,no,False
101819458,METROPOLITAN NASHVILLE POLICE DEPT,20170986789,Davidson,Nashville,11/9/2017 9:51:00 AM,2,0,0,36.124110,-86.790340,SWEETBRIAR AV,,,,178.00,Feet,West,12TH AVS,,,,0.00,N,Not at Intersection, ,Non-Junction,None,,,         ,Nathan,Smith,Clear,"Sideswipe, Same Direction",no,no,no,no,no,False
101819489,METROPOLITAN NASHVILLE POLICE DEPT,20170986389,Davidson,Nashville,11/9/2017 8:25:00 AM,2,0,0,36.176730,-86.772310,SPRING ST,,,,0.00,,,I24 W EXT RAMP,,,,0.00,Y,OTHER, ,Entrance/Exit Ramp Related,None,,,         ,Frank,Campbell,Clear,Front to Rear,no,no,no,no,no,False
101819492,METROPOLITAN NASHVILLE POLICE DEPT,20170986985,Davidson,Nashville,11/9/2017 11:33:00 AM,2,0,0,36.196280,-86.776120,I 65,,,,0.00,,,,,,,86.60,N,Not at Intersection, ,Non-Junction,None,,,         ,Michael,McCord,Clear,Front to Rear,no,no,no,no,no,False
101819495,METROPOLITAN NASHVILLE POLICE DEPT,20170986745,Davidson,Nashville,11/9/2017 10:40:00 AM,2,0,0,36.188040,-86.797960,DOMINICAN DR,,,,158.00,Feet,East,ROSA L PARKS BLVD,,,,0.00,N,Not at Intersection, ,"Driveway, Alley Access, etc",None,,,         ,Joshua,Baker,Clear,Angle,no,no,no,no,no,False
101819501,METROPOLITAN NASHVILLE POLICE DEPT,20170987012,Davidson,Nashville,11/9/2017 12:10:00 PM,2,0,0,36.101540,-86.819310,HILLSBORO CIR,,,,225.00,Feet,North,HOBBS RD,,,,0.00,N,Not at Intersection, ,Non-Junction,None,,,         ,Curtis,Rich,Clear,Not Collision with Motor Vehicle in Transport,no,no,no,yes,yes,False
101819508,METROPOLITAN NASHVILLE POLICE DEPT,20170986631,Davidson,Nashville,11/9/2017 10:45:00 AM,2,0,0,36.154450,-86.806630,MURPHY AV,,,,204.00,Feet,West,22ND AVN,,,,0.00,N,Not at Intersection, ,Non-Junction,None,,,         ,Russell,Freeman,Clear,"Sideswipe, Same Direction",no,no,no,no,no,False
101819510,GOODLETTSVILLE POLICE DEPT,17-39680,Davidson,Goodlettsville,11/9/2017 11:31:00 AM,2,0,0,36.305460,-86.707000,I 65,,,,0.00,,,,,,,95.60,N,Not at Intersection,N,Non-Junction,None,,,         ,George,Forbes,Clear,Not Collision with Motor Vehicle in Transport,no,no,no,no,yes,False
101819511,METROPOLITAN NASHVILLE POLICE DEPT,20170986775,Davidson,Nashville,11/9/2017 10:25:00 AM,2,1,0,36.157590,-86.760420,I 24,,,,0.00,,,,,,,49.60,N,Not at Intersection,Y,Non-Junction,None,,,         ,Nopel,Stella,Clear,"Sideswipe, Same Direction",no,no,no,no,no,False
101819530,METROPOLITAN NASHVILLE POLICE DEPT,2017-0987058,Davidson,Nashville,11/9/2017 12:31:00 PM,2,0,0,36.064750,-86.708990,MELPAR DR,,,,441.00,Feet,North,MADELINE DR,,,,0.00,N,Not at Intersection, ,Non-Junction,None,,,         ,Stanley,Collins,Clear,Angle,no,no,no,no,no,False
101819586,METROPOLITAN NASHVILLE POLICE DEPT,20170986647,Davidson,Nashville,11/9/2017 9:10:00 AM,2,0,0,36.044710,-86.661530,CANE RIDGE RD,,,,23.00,Feet,South,BELL RD,,,,0.00,N,Not at Intersection, ,Non-Junction,None,,,         ,Sharissa,Perez,Clear,Front to Rear,no,no,no,no,no,False
101819602,METROPOLITAN NASHVILLE POLICE DEPT,20170986945,Davidson,Nashville,11/9/2017 11:40:00 AM,2,0,0,36.037400,-86.786570,FRANKLIN PKE,,,,0.00,,,OLD HICKORY BLVD,,,,0.00,Y,Four-Way, ,Intersection,None,,,         ,Ian,Hammond,Clear,Angle,no,no,no,no,no,False
101819603,METROPOLITAN NASHVILLE POLICE DEPT,20170986950,Davidson,Nashville,11/9/2017 11:51:00 AM,2,0,0,36.249660,-86.757100,OLD DUE WEST AV,,,,0.00,,,DICKERSON PKE,,,,0.00,Y,T-Intersection, ,Intersection-Related,None,,,         ,Jack,Crouch,Clear,Angle,no,no,no,no,no,False
101819604,METROPOLITAN NASHVILLE POLICE DEPT,20170986381,Davidson,Nashville,11/9/2017 8:20:00 AM,2,3,0,36.088350,-86.803230,GRANNY WHITE PKE,,,,219.00,Feet,North,MCARTHUR RIDGE CT,,,,0.00,N,Not at Intersection,N,"Driveway, Alley Access, etc",None,,,         ,Phillip,Murphy,Clear,Front to Rear,no,no,no,no,no,False
101819672,METROPOLITAN NASHVILLE POLICE DEPT,20170987145,Davidson,Nashville,11/9/2017 1:07:00 PM,2,1,0,36.229440,-86.831000,BRILEY PKWY E ENT RAMP,,,,0.00,,,BRILEY PKWYE,,,,0.00,Y,OTHER,N,Non-Junction,None,,,         ,James,Wray,Clear,Not Collision with Motor Vehicle in Transport,no,no,no,no,yes,False
101819693,METROPOLITAN NASHVILLE POLICE DEPT,20170987220,Davidson,Nashville,11/9/2017 1:33:00 PM,2,3,0,36.147210,-86.743620,I 40,,,,0.00,,,,,,,212.00,N,Not at Intersection,N,Non-Junction,None,,,         ,Michael,Dance,Clear,Unknown,no,no,no,no,no,False
101819711,METROPOLITAN NASHVILLE POLICE DEPT,20170987353,Davidson,Nashville,11/9/2017 2:44:00 PM,2,0,0,36.143200,-86.776830,I 65,,,,0.00,,,,,,,82.00,N,Not at Intersection, ,Entrance/Exit Ramp Related,None,,,         ,Tien,Nguyen,Clear,Front to Rear,no,no,no,no,no,False
101819719,METROPOLITAN NASHVILLE POLICE DEPT,20170987063,Davidson,Nashville,11/9/2017 12:35:00 PM,1,0,0,36.201200,-86.621120,OLD HICKORY BLVD,,,,242.00,Feet,North,PLANTATION DR,,,,0.00,N,Not at Intersection,N,Non-Junction,None,,,         ,James,Curtis,Clear,Not Collision with Motor Vehicle in Transport,no,no,no,no,yes,False
101819739,METROPOLITAN NASHVILLE POLICE DEPT,20170987427,Davidson,Nashville,11/9/2017 3:03:00 PM,2,0,0,36.166690,-86.766010,INTERSTATE DR,,,,179.00,Feet,North,SHELBY AV,,,,0.00,N,Not at Intersection, ,Non-Junction,None,,,         ,Joshua,Hausman,Clear,"Sideswipe, Same Direction",no,no,no,no,no,False
101819769,METROPOLITAN NASHVILLE POLICE DEPT,20170987337,Davidson,Not in City Limit,11/9/2017 2:30:00 PM,2,0,0,36.264520,-86.731060,OLD HICKORY BLVDW,,,,248.00,Feet,West,N MARTHONA RD,,,,0.00,N,Not at Intersection, ,,None,,,         ,Jerry,Pirtle,,,no,no,no,no,no,False
101819792,METROPOLITAN NASHVILLE POLICE DEPT,2017-0987469,Davidson,Nashville,11/9/2017 2:30:00 PM,2,0,0,36.116560,-86.837150,WOODMONT BLVD,,,,195.00,Feet,West,ESTES RD,,,,0.00,N,Not at Intersection, ,Non-Junction,None,,,         ,Ryan,Allen,Clear,Front to Rear,no,no,no,no,no,False
101819793,METROPOLITAN NASHVILLE POLICE DEPT,20170987326,Davidson,Nashville,11/9/2017 2:40:00 PM,2,0,0,36.136030,-86.698680,BRILEY PKWYN,,,,0.00,,,CORPORATE DR,,,,0.00,Y,Four-Way,N,Intersection-Related,None,,,         ,Cody,O'Quinn,Clear,Front to Rear,no,no,no,no,no,False
101819795,METROPOLITAN NASHVILLE POLICE DEPT,20170987405,Davidson,Not in City Limit,11/9/2017 12:00:00 AM,1,0,0,36.323740,-86.864050,I 24,,,,0.00,,,,,,,35.20,N,Not at Intersection, ,Non-Junction,None,,,         ,Melvin,Taylor,Clear,Not Collision with Motor Vehicle in Transport,no,no,no,no,no,False
101819813,METROPOLITAN NASHVILLE POLICE DEPT,20170987540,Davidson,Nashville,11/9/2017 4:07:00 PM,1,0,0,36.141000,-86.822810,I 440,,,,0.00,,,,,,,0.15,N,Not at Intersection,N,Non-Junction,None,,,         ,David,Collins,Clear,Not Collision with Motor Vehicle in Transport,no,no,no,no,no,False
101819819,METROPOLITAN NASHVILLE POLICE DEPT,20170987609,Davidson,Nashville,11/9/2017 4:42:00 PM,2,0,0,36.141720,-86.778670,CHESTNUT ST,,,,0.00,,,8TH AVS,,,,0.00,Y,Four-Way,N,Intersection-Related,None,,,         ,Tien,Nguyen,Clear,Front to Rear,no,no,no,no,yes,False
101819830,METROPOLITAN NASHVILLE POLICE DEPT,20170987438,Davidson,Nashville,11/9/2017 3:19:00 PM,2,0,0,36.115770,-86.781780,I 440,,,,0.00,,,,,,,4.45,N,Not at Intersection, ,Non-Junction,None,,,         ,Hillary,Sherman,Clear,Front to Rear,no,no,no,no,no,False
101819839,METROPOLITAN NASHVILLE POLICE DEPT,20170987451,Davidson,Nashville,11/9/2017 3:24:00 PM,1,1,0,36.135540,-86.797170,MAGNOLIA BLVD,,,,0.00,,,17TH AVS,,,,0.00,Y,T-Intersection,N,Intersection,None,,,         ,Jon,Mcvey,Clear,Not Collision with Motor Vehicle in Transport,no,yes,no,no,no,False
101819840,METROPOLITAN NASHVILLE POLICE DEPT,20170987491,Davidson,Nashville,11/9/2017 3:44:00 PM,2,0,0,36.134620,-86.779060,8TH AVS,,,,124.00,Feet,North,WEDGEWOOD AV,,,,0.00,N,Not at Intersection, ,Non-Junction,None,,,         ,Tien,Nguyen,Clear,"Sideswipe, Same Direction",no,no,no,no,no,False
101819841,METROPOLITAN NASHVILLE POLICE DEPT,20170987646,Davidson,Nashville,11/9/2017 4:36:00 PM,2,0,0,36.115360,-86.778720,I65 ENT RAMP,,,,476.00,Feet,West,I 440,,,,0.00,N,Not at Intersection, ,,None,,,         ,Hillary,Sherman,,,no,no,no,no,no,False
101819842,METROPOLITAN NASHVILLE POLICE DEPT,20170987508,Davidson,Nashville,11/9/2017 3:51:00 PM,1,1,0,36.144530,-86.881400,I 40,,,,0.00,,,,,,,202.50,N,Not at Intersection,N,Non-Junction,None,,,         ,Brandon,Pedigo,Clear,Not Collision with Motor Vehicle in Transport,no,no,no,no,no,False
101819845,METROPOLITAN NASHVILLE POLICE DEPT,20170986633,Davidson,Nashville,11/9/2017 10:05:00 AM,2,0,0,36.135230,-86.724360,I24 W EXT RAMP,,,,0.00,Feet,East,MURFREESBORO PKE,,,,0.00,N,Not at Intersection, ,Non-Junction,None,,,         ,Jessie,Meadows,Clear,"Sideswipe, Same Direction",no,no,no,no,no,False
101819846,METROPOLITAN NASHVILLE POLICE DEPT,20170986816,Davidson,Nashville,11/9/2017 11:25:00 AM,2,0,0,36.109870,-86.720530,BRILEY PKWYN,,,,60.00,Feet,West,I24 W EXT RAMP,,,,0.00,N,Not at Intersection,N,Entrance/Exit Ramp Related,None,,,         ,Jessie,Meadows,Clear,Angle,no,no,no,no,no,False
101819847,METROPOLITAN NASHVILLE POLICE DEPT,20170986984,Davidson,Nashville,11/9/2017 12:30:00 PM,2,0,0,36.083360,-86.726900,WELCH RD,,,,169.00,Feet,East,NOLENSVILLE PKE,,,,0.00,N,Not at Intersection, ,Non-Junction,None,,,         ,Jessie,Meadows,Clear,"Sideswipe, Same Direction",no,no,no,no,no,False
101819848,METROPOLITAN NASHVILLE POLICE DEPT,20170987157,Davidson,Nashville,11/9/2017 1:30:00 PM,2,0,0,36.106330,-86.718670,I 24,,,,0.00,,,,,,,54.00,N,Not at Intersection,N,Non-Junction,None,,,         ,Jessie,Meadows,Clear,"Sideswipe, Same Direction",no,no,no,no,yes,False
101819849,METROPOLITAN NASHVILLE POLICE DEPT,20170987300,Davidson,Nashville,11/9/2017 2:40:00 PM,2,0,0,36.142990,-86.744340,FESSLERS LN,,,,70.00,Feet,North,MURFREESBORO PKE,,,,0.00,N,Not at Intersection, ,Non-Junction,None,,,         ,Jessie,Meadows,Clear,"Sideswipe, Same Direction",no,no,no,no,no,False
101819850,METROPOLITAN NASHVILLE POLICE DEPT,20170987386,Davidson,Nashville,11/9/2017 3:00:00 PM,2,0,0,36.145020,-86.766470,CHESTNUT ST,,,,67.00,Feet,East,4TH AVS,,,,0.00,N,Not at Intersection, ,Non-Junction,None,,,         ,Jessie,Meadows,Clear,Angle,no,no,no,no,no,False
101819852,METROPOLITAN NASHVILLE POLICE DEPT,20170987361,Davidson,Nashville,11/9/2017 2:58:00 PM,2,0,0,36.125450,-86.732230,I 440,,,,0.00,,,,,,,7.30,N,Not at Intersection,Y,Non-Junction,None,,,         ,Alyson,Cook,Clear,Front to Rear,no,no,no,no,no,False
101819854,METROPOLITAN NASHVILLE POLICE DEPT,20170987696,Davidson,Nashville,11/9/2017 5:07:00 PM,2,0,0,36.246320,-86.744320,I65 N ENT RAMP,,,,0.00,Feet,East,I 65,,,,0.00,N,Not at Intersection,N,Non-Junction,None,,,         ,Samuel,Miller,Clear,Front to Rear,no,no,no,no,no,False
101819860,METROPOLITAN NASHVILLE POLICE DEPT,20170987729,Davidson,Nashville,11/9/2017 12:00:00 AM,2,1,0,36.169280,-86.680570,LEBANON PKE,,,,203.00,Feet,West,MCGAVOCK PKE,,,,0.00,N,Not at Intersection,N,Non-Junction,None,,,         ,Craig,Gentry,Clear,"Sideswipe, Opposite Direction",no,no,no,no,no,False
101819861,METROPOLITAN NASHVILLE POLICE DEPT,2017-0987629,Davidson,Nashville,11/9/2017 4:38:00 PM,2,0,0,36.091340,-86.827800,HARDING PL,,,,207.00,Feet,East,HILLSBORO PKE,,,,0.00,N,Not at Intersection,N,Non-Junction,None,,,         ,Ryan,Allen,Clear,"Sideswipe, Opposite Direction",no,no,no,no,yes,False
101819866,METROPOLITAN NASHVILLE POLICE DEPT,20170987683,Davidson,Nashville,11/9/2017 4:54:00 PM,2,0,0,36.040620,-86.779890,OLD HICKORY BLVD,,,,182.00,Feet,West,STONE BROOK DR,,,,0.00,N,Not at Intersection, ,Non-Junction,None,,,         ,Edin,Plancic,Clear,Front to Rear,no,no,no,no,no,False
101819872,METROPOLITAN NASHVILLE POLICE DEPT,20170987497,Davidson,Nashville,11/9/2017 3:48:00 PM,2,0,0,36.160010,-86.776550,4TH AVS,,,,31.00,Feet,North,SYMPHONY PL,,,,0.00,N,Not at Intersection, ,Non-Junction,None,,,         ,Pedro,Rivera Chaparro,Clear,Front to Rear,no,no,no,no,no,False
101819874,METROPOLITAN NASHVILLE POLICE DEPT,20170987632,Davidson,Nashville,11/9/2017 4:47:00 PM,2,0,0,36.169680,-86.797300,I 40,,,,0.00,,,,,,,207.95,N,Not at Intersection, ,Entrance/Exit Ramp Related,None,,,         ,Thomas,Burns,Clear,Front to Rear,no,no,no,no,no,False
101819875,METROPOLITAN NASHVILLE POLICE DEPT,20170987474,Davidson,Nashville,11/9/2017 3:35:00 PM,2,0,0,36.160470,-86.778440,5TH AVS,,,,0.00,Feet,North,BROADWAY,,,,0.00,N,Not at Intersection, ,,None,,,         ,Gregory,Scott,,,no,no,no,no,no,False
101819876,METROPOLITAN NASHVILLE POLICE DEPT,20170987559,Davidson,Nashville,11/9/2017 4:10:00 PM,2,0,0,36.191660,-86.794030,VANTAGE WAY,,,,956.00,Feet,East,FRENCH LANDING DR,,,,0.00,N,Not at Intersection,N,Non-Junction,None,,,         ,Kevin,Reynolds,Clear,Angle,no,no,no,no,no,False
101819878,METROPOLITAN NASHVILLE POLICE DEPT,20170987778,Davidson,Nashville,11/9/2017 2:53:00 PM,2,0,0,36.111160,-86.755230,SIDCO DR,,,,0.00,,,THOMPSON LN,,,,0.00,Y,T-Intersection, ,Intersection-Related,None,,,         ,Tien,Nguyen,Clear,Front to Rear,no,no,no,no,no,False
101819879,METROPOLITAN NASHVILLE POLICE DEPT,20170987580,Davidson,Nashville,11/9/2017 4:23:00 PM,2,1,0,36.125830,-86.751520,GLENROSE AV,,,,0.00,,,WHITNEY AV,,,,0.00,Y,T-Intersection,N,Intersection,None,,,         ,Alyson,Cook,Clear,Angle,no,no,no,no,no,False
101819881,METROPOLITAN NASHVILLE POLICE DEPT,20170987733,Davidson,Nashville,11/9/2017 4:45:00 PM,2,0,0,36.167660,-86.795880,I 40,,,,0.00,,,,,,,208.20,N,Not at Intersection, ,Non-Junction,None,,,         ,Andrew,Delke,Clear,Angle,no,no,no,no,no,False
101819892,METROPOLITAN NASHVILLE POLICE DEPT,20170987766,Davidson,Nashville,11/9/2017 12:00:00 PM,2,0,0,36.238070,-86.778490,SPEARS RD,,,,220.00,Feet,South,BRILEY PKWYE,,,,0.00,N,Not at Intersection,N,Non-Junction,None,,,         ,Joanna,D'Agostino,Clear,Rear to Side,no,no,no,no,yes,False
101819896,METROPOLITAN NASHVILLE POLICE DEPT,20170987759,Davidson,Nashville,11/9/2017 5:30:00 PM,2,0,0,36.198960,-86.845120,ASHLAND CITY HWY,,,,29.00,Feet,East,HYDES FERRY RD,,,,0.00,N,Not at Intersection,Y,Non-Junction,None,,,         ,Victor,Alexander,Clear,Angle,no,no,no,no,yes,False
101819898,METROPOLITAN NASHVILLE POLICE DEPT,20170987648,Davidson,Nashville,11/9/2017 4:59:00 PM,2,1,0,36.135440,-86.726730,I 24,,,,0.00,,,,,,,52.20,N,Not at Intersection,N,Non-Junction,None,,,         ,Alyson,Cook,Clear,Angle,no,no,no,no,no,False
101819899,METROPOLITAN NASHVILLE POLICE DEPT,20170987662,Davidson,Nashville,11/9/2017 12:00:00 AM,1,1,0,36.159220,-86.824410,CLIFTON AV,,,,80.00,Feet,West,32ND AVN,,,,0.00,N,Not at Intersection,N,Non-Junction,None,,,         ,Melvin,Taylor,Clear,Not Collision with Motor Vehicle in Transport,yes,no,no,no,yes,False
101819904,METROPOLITAN NASHVILLE POLICE DEPT,20170987718,Davidson,Nashville,11/9/2017 5:10:00 PM,2,1,0,36.167950,-86.815500,I40 W EXT RAMP,,,,0.00,Feet,East,I 40,,,,0.00,N,Not at Intersection,N,Non-Junction,None,,,         ,Landon,Bagwell,Clear,Front to Rear,no,no,no,no,yes,False