master_record_number,agency,agency_tracking_number,county,city,collision_date,vehicles_involved,number_injured,number_dead,latitude,longitude,roadway_name,roadway_suffix,roadway_number,roadway_local_id,distance_from_reference,miles-feet_indicator,direction_from_reference,intersection_road_name,intersection_road_name_suffix,intersection_road_number,intersection_local_id,mile_marker,intersection_indicator,intersect_type,interchange_related_indicator,relation_to_junction,work_zone_type,construction_maintenance_zone,construction_maintenance_zone_location,fatal_case_number,officer_first_name,officer_last_name,weather_condition(s),manner_of_crash,pedestrian,bicycle,scooter,parking,hitrun,mou
101820764,METROPOLITAN NASHVILLE POLICE DEPT,20170990351,Davidson,Nashville,11/10/2017 12:40:00 PM,2,0,0,36.171230,-86.767790,I 24,,,,0.00,,,,,,,48.40,N,Not at Intersection,N,Non-Junction,Construction Zone,Other,Transition Area,         ,Charles,Coe,Clear,Front to Rear,no,no,no,no,no,False
101820792,METROPOLITAN NASHVILLE POLICE DEPT,20170990412,Davidson,Nashville,11/10/2017 1:10:00 PM,2,0,0,36.074430,-86.745970,BLACKMAN RD,,,,0.00,,,DANBY DR,,,,0.00,Y,Four-Way, ,Intersection,None,,,         ,Timothy,Edwards,Clear,Other,no,no,no,no,no,False
101820795,METROPOLITAN NASHVILLE POLICE DEPT,20170990407,Davidson,Nashville,11/10/2017 12:54:00 PM,2,0,0,36.129630,-86.795560,BELMONT BLVD,,,,0.00,,,BLAIR BLVD,,,,0.00,Y,T-Intersection, ,Intersection,None,,,         ,Nathan,Smith,Clear,Angle,no,no,no,no,no,False
101820811,METROPOLITAN NASHVILLE POLICE DEPT,20170990395,Davidson,Nashville,11/10/2017 1:05:00 PM,3,1,0,36.145160,-86.813620,29TH AVN,,,,282.00,Feet,South,POSTON AV,,,,0.00,N,Not at Intersection,N,Non-Junction,Construction Zone,,,         ,Russell,Freeman,Clear,Angle,no,no,no,no,no,Campus
101820826,METROPOLITAN NASHVILLE POLICE DEPT,20170990368,Davidson,Nashville,11/10/2017 12:50:00 PM,2,0,0,36.158860,-86.624450,I 40,,,,0.00,,,,,,,219.30,N,Not at Intersection, ,Non-Junction,None,,,         ,Michael,Dance,Clear,"Sideswipe, Same Direction",no,no,no,no,no,False
101820858,METROPOLITAN NASHVILLE POLICE DEPT,20170990537,Davidson,Nashville,11/10/2017 2:15:00 PM,2,0,0,36.183430,-86.748860,W EASTLAND AV,,,,90.00,Feet,West,GALLATIN AV,,,,0.00,N,Not at Intersection, ,Non-Junction,None,,,         ,Jared,Eaves,Clear,Angle,no,no,no,no,no,False
101820859,METROPOLITAN NASHVILLE POLICE DEPT,2017-0986722,Davidson,Nashville,11/9/2017 10:28:00 AM,3,1,0,36.150490,-86.801230,21ST AVS,,,,0.00,,,WEST END AV,,,,0.00,Y,Four-Way,N,Non-Junction,None,,,         ,Allen,Bates,Clear,Front to Rear,no,no,no,no,no,Campus
101820869,METROPOLITAN NASHVILLE POLICE DEPT,20170990455,Davidson,Not in City Limit,11/10/2017 1:30:00 PM,2,0,0,36.077090,-86.985420,I 40,,,,0.00,,,,,,,194.45,N,Not at Intersection, ,Non-Junction,None,,,         ,Gregory,McDaniel,Clear,"Sideswipe, Same Direction",no,no,no,no,no,False
101820937,METROPOLITAN NASHVILLE POLICE DEPT,20170990487,Davidson,Hermitage,11/10/2017 1:49:00 PM,1,1,0,36.169150,-86.575040,I 40,,,,0.00,,,,,,,222.25,N,Not at Intersection,N,Unknown,None,,,         ,Michael,Dance,Clear,Unknown,no,no,no,no,no,False
101821027,GOODLETTSVILLE POLICE DEPT,17-39811,Davidson,Goodlettsville,11/10/2017 12:40:00 PM,2,0,0,36.301130,-86.701120,RIVERGATE PKWY,,,,150.00,Feet,North,BLUEBIRD DR,,,,0.00,N,Not at Intersection, ,Non-Junction,None,,,         ,Charles,Hauskin,Clear,Angle,no,no,no,no,no,False
101821052,METROPOLITAN NASHVILLE POLICE DEPT,20170990590,Davidson,Nashville,11/10/2017 2:52:00 PM,3,0,0,36.141500,-86.715520,I 40,,,,0.00,,,,,,,213.90,N,Not at Intersection,N,Non-Junction,None,,,         ,Tyler,Maupin,Clear,Front to Rear,no,no,no,no,yes,False
101821061,METROPOLITAN NASHVILLE POLICE DEPT,20170990540,Davidson,Nashville,11/10/2017 2:00:00 PM,2,0,0,36.219870,-86.774860,I 65,,,,0.00,,,,,,,88.30,N,Not at Intersection,N,Unknown,None,,,         ,Frank,Campbell,Clear,Angle,no,no,no,no,yes,False
101821063,METROPOLITAN NASHVILLE POLICE DEPT,20170990615,Davidson,Nashville,11/10/2017 3:04:00 PM,2,0,0,36.140730,-86.732280,I 40,,,,0.00,,,,,,,213.00,N,Not at Intersection, ,Non-Junction,None,,,         ,Jonathan,Cavezza,Clear,Rear to Side,no,no,no,no,no,False
101821084,METROPOLITAN NASHVILLE POLICE DEPT,20170990659,Davidson,Nashville,11/10/2017 2:32:00 PM,2,0,0,36.199640,-86.740650,DELMAS AV,,,,0.00,,,GALLATIN PKE,,,,0.00,Y,T-Intersection,N,Intersection,None,,,         ,James,Smith,Clear,Other,no,no,no,no,yes,False
101821093,METROPOLITAN NASHVILLE POLICE DEPT,20170985013,Davidson,Nashville,11/8/2017 9:35:00 PM,2,0,0,36.167890,-86.777960,JAMES ROBERTSON PKWY,,,,0.00,,,PUBLIC SQ,,,,0.00,Y,T-Intersection,N,Intersection,None,,,         ,Michael,Douglas,Clear,Front to Rear,no,no,no,no,yes,False
101821132,METROPOLITAN NASHVILLE POLICE DEPT,2017-0990649,Davidson,Nashville,11/10/2017 3:20:00 PM,2,0,0,36.166750,-86.764410,SHELBY AV,,,,50.00,Feet,East,SHELBY AV,,,,0.00,N,Not at Intersection, ,Entrance/Exit Ramp Related,None,,,         ,Michael,Schlegel,Clear,Front to Rear,no,no,no,no,yes,False
101821133,METROPOLITAN NASHVILLE POLICE DEPT,20170990582,Davidson,Nashville,11/10/2017 2:47:00 PM,2,0,0,36.075290,-86.921000,OLD HICKORY BLVD,,,,67.00,Feet,South,BELLE FOREST SHOPPING CENTER P,,,,0.00,N,Not at Intersection,N,Non-Junction,None,,,         ,Brandon,Pedigo,Clear,HeadOn,no,no,no,no,yes,False
101821159,METROPOLITAN NASHVILLE POLICE DEPT,20170990643,Davidson,Nashville,11/10/2017 3:03:00 PM,2,0,0,36.162870,-86.761370,I 24,,,,0.00,,,,,,,49.30,N,Not at Intersection, ,Non-Junction,None,,,         ,Phillip,Box,Clear,"Sideswipe, Same Direction",no,no,no,no,yes,False
101821162,METROPOLITAN NASHVILLE POLICE DEPT,20170990717,Davidson,Nashville,11/10/2017 3:35:00 PM,2,0,0,36.180070,-86.811040,BUCHANAN ST,,,,0.00,,,DR D B TODD JR BLVD,,,,0.00,Y,Four-Way,Y,Intersection,None,,,         ,Seth,Vaughn,Clear,Front to Rear,no,no,no,no,yes,False
101821163,METROPOLITAN NASHVILLE POLICE DEPT,20170990652,Davidson,Nashville,11/10/2017 12:00:00 AM,2,0,0,36.192400,-86.775500,I 24,,,,0.00,,,,,,,46.70,N,Not at Intersection,N,Non-Junction,None,,,         ,Gordon,Stovall,Clear,"Sideswipe, Same Direction",no,no,no,no,yes,False
101821169,METROPOLITAN NASHVILLE POLICE DEPT,20170990078,Davidson,Nashville,11/8/2017 2:00:00 PM,1,0,0,36.128140,-86.831950,ROLLAND RD,,,,325.00,Feet,West,CANTRELL AV,,,,0.00,N,Not at Intersection,N,Non-Junction,None,,,         ,Monica,Blake,Unknown,Not Collision with Motor Vehicle in Transport,no,no,no,yes,yes,False
101821177,METROPOLITAN NASHVILLE POLICE DEPT,20170990132,Davidson,Nashville,11/10/2017 11:00:00 AM,2,0,0,36.209640,-86.635790,JACKSONIAN DR,,,,77.00,Feet,North,BONNAVENT DR,,,,0.00,N,Not at Intersection, ,Non-Junction,None,,,         ,Cody,O'Quinn,Clear,Angle,no,no,no,no,no,False
101821182,METROPOLITAN NASHVILLE POLICE DEPT,20170990591,Davidson,Nashville,11/10/2017 2:27:00 PM,2,1,0,36.125820,-86.846490,KENNER AV,,,,0.00,,,HARDING PKE,,,,0.00,Y,Four-Way,N,Intersection,None,,,         ,Shaun,Heath,Clear,Angle,no,no,no,no,no,False
101821196,METROPOLITAN NASHVILLE POLICE DEPT,20170990691,Davidson,Nashville,11/10/2017 12:00:00 AM,2,0,0,36.187560,-86.794580,I 65,,,,0.00,,,,,,,85.45,N,Not at Intersection, ,Non-Junction,None,,,         ,Melvin,Taylor,Clear,Front to Rear,no,no,no,no,no,False
101821231,METROPOLITAN NASHVILLE POLICE DEPT,20170990728,Davidson,Nashville,11/10/2017 4:10:00 PM,2,0,0,36.068670,-86.690820,I24 E ENT RAMP,,,,0.00,Feet,East,I 24,,,,0.00,N,Not at Intersection,N,Entrance/Exit Ramp Related,None,,,         ,Jessie,Meadows,Clear,"Sideswipe, Same Direction",no,no,no,no,yes,False
101821259,VANDERBILT UNIVERSITY POLICE,17-0990632,Davidson,Nashville,11/10/2017 3:05:00 PM,2,0,0,36.142800,-86.801440,MEDICAL CENTER DR,,,,0.00,,,,,,,0.00,,, ,Non-Junction,None,,,         ,Gregory,Blocker,Clear,"Sideswipe, Same Direction",no,no,no,yes,no,Campus
101821297,METROPOLITAN NASHVILLE POLICE DEPT,20170990753,Davidson,Nashville,11/10/2017 4:07:00 PM,2,1,0,36.172840,-86.765340,JAMES ROBERTSON PKWY,,,,0.00,Feet,,MAIN ST,,,,0.00,Y,Four-Way,N,Intersection,None,,,         ,Amanda,Fox,Clear,Front to Rear,no,no,no,no,no,False
101821330,METROPOLITAN NASHVILLE POLICE DEPT,20170990898,Davidson,Nashville,11/10/2017 5:10:00 PM,1,1,0,36.150790,-86.768250,LAFAYETTE ST,,,,96.00,Feet,West,2ND AVS,,,,0.00,N,Not at Intersection,N,Non-Junction,None,,,         ,Samuel,Sundra,Clear,Not Collision with Motor Vehicle in Transport,yes,no,no,no,yes,False
101821340,METROPOLITAN NASHVILLE POLICE DEPT,20170990907,Davidson,Nashville,11/10/2017 12:00:00 AM,2,0,0,36.196280,-86.799550,ATHENS WAY,,,,34.00,Feet,South,FRENCH LANDING DR,,,,0.00,N,Not at Intersection, ,Non-Junction,None,,,         ,Melvin,Taylor,Clear,"Sideswipe, Same Direction",no,no,no,no,no,False
101821345,METROPOLITAN NASHVILLE POLICE DEPT,20170990656,Davidson,Nashville,11/10/2017 3:22:00 PM,2,0,0,36.112710,-86.746170,NOLENSVILLE PKE,,,,0.00,Feet,East,MCCLAIN AV,,,,0.00,N,Not at Intersection,N,Non-Junction,None,,,         ,Patrick,Martin,Clear,HeadOn,no,no,no,no,no,False
101821347,METROPOLITAN NASHVILLE POLICE DEPT,20170990828,Davidson,Not in City Limit,11/10/2017 3:00:00 PM,2,0,0,36.076970,-86.945520,HIGHWAY 70S,,,,93.00,Feet,West,SAWYER BROWN RD,,,,0.00,N,Not at Intersection, ,Non-Junction,None,,,         ,Andrew,Brazee,Clear,Front to Rear,no,no,no,no,no,False
101821358,METROPOLITAN NASHVILLE POLICE DEPT,20170990928,Davidson,Nashville,11/10/2017 5:18:00 PM,2,1,0,36.089070,-86.649990,MURFREESBORO PKE,,,,0.00,,,RANSOM PL,,,,0.00,Y,Four-Way,N,Intersection,None,,,         ,Michael,Apsey,Clear,Angle,no,no,no,no,no,False
101821363,METROPOLITAN NASHVILLE POLICE DEPT,20170990792,Davidson,Nashville,11/10/2017 4:46:00 PM,2,0,0,36.153710,-86.721560,SPENCE LN,,,,0.00,,,LEBANON PKE,,,,0.00,Y,Four-Way, ,Intersection,None,,,         ,Cody,O'Quinn,Clear,"Sideswipe, Same Direction",no,no,no,no,no,False
101821367,METROPOLITAN NASHVILLE POLICE DEPT,20170990949,Davidson,Nashville,11/10/2017 5:32:00 PM,2,1,0,36.091360,-86.828380,HARDING PL,,,,38.00,Feet,East,HILLSBORO PKE,,,,0.00,N,Not at Intersection,N,Non-Junction,None,,,         ,Edin,Plancic,Clear,Front to Rear,no,no,no,no,no,False
101821387,GOODLETTSVILLE POLICE DEPT,17-39849,Davidson,Goodlettsville,11/10/2017 5:40:00 PM,3,0,0,36.295700,-86.716060,I 65,,,,0.00,,,,,,,94.75,N,Not at Intersection, ,Non-Junction,None,,,         ,Rico,Jones,Clear,Front to Rear,no,no,no,no,no,False
101821398,METROPOLITAN NASHVILLE POLICE DEPT,20170990860,Davidson,Nashville,11/10/2017 4:53:00 PM,2,0,0,36.121560,-86.758620,I 440,,,,0.00,,,,,,,5.85,N,Not at Intersection,N,Non-Junction,None,,,         ,David,Collins,Clear,Front to Rear,no,no,no,no,no,False
101821401,METROPOLITAN NASHVILLE POLICE DEPT,20170990787,Davidson,Nashville,11/10/2017 4:25:00 PM,2,0,0,36.139200,-86.760960,ENSLEY BLVD,,,,87.00,Feet,South,2ND AVS,,,,0.00,N,Not at Intersection, ,Non-Junction,None,,,         ,Patrick,Martin,Clear,"Sideswipe, Same Direction",no,no,no,no,no,False
101821406,BERRY HILL POLICE DEPT,17-3829,Davidson,Berry Hill,11/10/2017 5:50:00 PM,2,0,0,36.112190,-86.765560,THOMPSON LN,,,,329.00,Feet,South,BRANSFORD AV,,,,0.00,N,Not at Intersection, ,,None,,,         ,Stephen,Reece,,,no,no,no,yes,no,False
101821408,METROPOLITAN NASHVILLE POLICE DEPT,20170990858,Davidson,Nashville,11/10/2017 4:50:00 PM,2,0,0,36.097410,-86.657570,MURFREESBORO PKE,,,,568.00,Feet,West,OLD MURFREESBORO PKE,,,,0.00,N,Not at Intersection, ,Non-Junction,None,,,         ,Marcus,Mitchell,Clear,Front to Rear,no,no,no,no,no,False
101821417,METROPOLITAN NASHVILLE POLICE DEPT,20170990573,Davidson,Goodlettsville,11/10/2017 12:00:00 AM,2,0,0,36.296910,-86.699160,GALLATIN PKEN,,,,0.00,,,RIVERGATE PKWY,,,,0.00,Y,Four-Way,N,Intersection,None,,,         ,Joel,Callies,Clear,Front to Rear,no,no,no,no,no,False
101821418,METROPOLITAN NASHVILLE POLICE DEPT,20170990924,Davidson,Nashville,11/10/2017 5:04:00 PM,2,0,0,36.187250,-86.773380,DICKERSON PKE,,,,64.00,Feet,South,CLEVELAND ST,,,,0.00,N,Not at Intersection, ,Non-Junction,None,,,         ,Benjamin,Williams,Clear,Front to Rear,no,no,no,no,no,False
101821419,METROPOLITAN NASHVILLE POLICE DEPT,20170990947,Davidson,Nashville,11/10/2017 5:34:00 PM,2,0,0,36.069160,-86.691250,HAYWOOD LN,,,,0.00,Feet,East,I24 E EXT RAMP,,,,0.00,N,Not at Intersection,N,Non-Junction,None,,,         ,Mary,Williams,Clear,Angle,no,no,no,no,no,False
101821438,METROPOLITAN NASHVILLE POLICE DEPT,20170991022,Davidson,Nashville,11/10/2017 6:05:00 PM,2,1,0,36.103070,-86.666210,MURFREESBORO PKE,,,,0.00,,,TOWN PARK DR,,,,0.00,Y,OTHER,N,Non-Junction,None,,,         ,Eric,Keller,Clear,Front to Rear,no,no,no,no,no,False
101821439,METROPOLITAN NASHVILLE POLICE DEPT,20170990966,Davidson,Antioch,11/10/2017 5:40:00 PM,2,0,0,36.011330,-86.617310,I 24,,,,0.00,,,,,,,62.80,N,Not at Intersection,N,Non-Junction,None,,,         ,Nathaniel,Myers,Clear,Front to Rear,no,no,no,no,no,False
101821444,METROPOLITAN NASHVILLE POLICE DEPT,20170990612,Davidson,Nashville,11/10/2017 2:40:00 PM,2,0,0,36.128350,-86.842420,HARDING PKE,,,,516.00,Feet,East,WOODLAWN DR,,,,0.00,N,Not at Intersection,N,Non-Junction,None,,,         ,Justin,Coyle,Clear,Front to Rear,no,no,no,no,no,False
101821445,METROPOLITAN NASHVILLE POLICE DEPT,20170990820,Davidson,Nashville,11/10/2017 4:38:00 PM,2,0,0,36.147670,-86.868560,CHARLOTTE PKE,,,,85.00,Feet,East,CROLEY DR,,,,0.00,N,Not at Intersection,N,Non-Junction,None,,,         ,Justin,Coyle,Clear,Front to Rear,no,no,no,no,no,False
101821458,METROPOLITAN NASHVILLE POLICE DEPT,20170990690,Davidson,Nashville,11/10/2017 2:45:00 PM,2,0,0,36.134280,-86.774860,WEDGEWOOD AV,,,,0.00,,,I65 N ENT RAMP,,,,0.00,Y,OTHER,N,Non-Junction,None,,,         ,Allyson,Reis,Clear,Front to Rear,no,no,no,no,no,False
101821460,VANDERBILT UNIVERSITY POLICE,2017-0990967,Davidson,Nashville,11/10/2017 5:00:00 PM,2,0,0,36.138840,-86.800590,CAPERS AV,,,,0.00,,,21ST AVS,,,,0.00,Y,T-Intersection, ,Non-Junction,None,,,         ,Robert,Skucy,Clear,Angle,no,no,no,no,no,Campus
101821461,METROPOLITAN NASHVILLE POLICE DEPT,20170991145,Davidson,Nashville,11/10/2017 7:05:00 PM,2,0,0,36.143690,-86.814200,WEST END AV,,,,0.00,,,30TH AVN,,,,0.00,Y,T-Intersection, ,Non-Junction,None,,,         ,David,Collins,Clear,Angle,no,no,no,no,no,Campus
101821463,METROPOLITAN NASHVILLE POLICE DEPT,20170990974,Davidson,Nashville,11/10/2017 5:43:00 PM,2,0,0,36.186910,-86.725100,ROSEBANK AV,,,,201.00,Feet,West,CRESCENT HILL RD,,,,0.00,N,Not at Intersection,N,Non-Junction,None,,,         ,Ryan,Howard,Clear,Angle,no,no,no,no,yes,False
101821474,METROPOLITAN NASHVILLE POLICE DEPT,20170991094,Davidson,Nashville,11/10/2017 5:55:00 PM,2,0,0,36.138270,-86.881570,CHARLOTTE PKE,,,,414.00,Feet,West,HILLWOOD BLVD,,,,0.00,N,Not at Intersection, ,Non-Junction,None,,,         ,Regina,Lewis,Clear,Angle,no,no,no,no,no,False
101821479,METROPOLITAN NASHVILLE POLICE DEPT,20170991100,Davidson,Nashville,11/10/2017 6:00:00 PM,2,0,0,36.076030,-86.920860,OLD HICKORY BLVD,,,,22.00,Feet,South,BELLE FOREST SHOPPING CENTER P,,,,0.00,N,Not at Intersection, ,Non-Junction,None,,,         ,Brandon,Pedigo,Clear,"Sideswipe, Opposite Direction",no,no,no,no,no,False
101821481,METROPOLITAN NASHVILLE POLICE DEPT,20170991130,Davidson,Nashville,11/10/2017 7:03:00 PM,2,0,0,36.182790,-86.611220,CHANDLER PL,,,,0.00,,,DODSON CHAPEL RD,,,,0.00,Y,T-Intersection,N,Non-Junction,None,,,         ,David,Stanley,Clear,Front to Rear,no,no,no,no,no,False
101821484,METROPOLITAN NASHVILLE POLICE DEPT,20170991222,Davidson,Nashville,11/10/2017 7:31:00 PM,2,0,0,36.154550,-86.788380,I 40,,,,0.00,,,,,,,209.25,N,Not at Intersection,N,Non-Junction,None,,,         ,Chad,Wilkinson,Clear,"Sideswipe, Same Direction",no,no,no,no,yes,False
101821489,METROPOLITAN NASHVILLE POLICE DEPT,20170991188,Davidson,Not in City Limit,11/10/2017 7:04:00 PM,1,0,0,36.082440,-86.968200,HIGHWAY 70S,,,,673.00,Feet,South,SADDLE RIDGE CT,,,,0.00,N,Not at Intersection, ,,None,,,         ,Andrew,Brazee,,,no,no,no,no,no,False
101821490,METROPOLITAN NASHVILLE POLICE DEPT,20170991085,Davidson,Nashville,11/10/2017 12:00:00 AM,2,0,0,36.206340,-86.792070,YOUNGS LN,,,,265.00,Feet,West,BAPTIST WORLD CENTER DR,,,,0.00,N,Not at Intersection, ,Non-Junction,None,,,         ,Melvin,Taylor,Clear,HeadOn,no,no,no,no,yes,False
101821491,METROPOLITAN NASHVILLE POLICE DEPT,20170991055,Davidson,Nashville,11/10/2017 12:00:00 AM,2,0,0,36.233560,-86.724490,GALLATIN PKE SB EXT RAMP,,,,0.00,Feet,East,GALLATIN PKE,,,,0.00,N,Not at Intersection,N,Non-Junction,None,,,         ,Gordon,Stovall,Clear,Front to Rear,no,no,no,no,no,False
101821499,METROPOLITAN NASHVILLE POLICE DEPT,20170991229,Davidson,Nashville,11/10/2017 7:44:00 PM,2,1,0,36.047550,-86.655930,BELL RD,,,,0.00,,,HICKORY HOLLOW PKWY,,,,0.00,Y,Four-Way,N,Intersection,None,,,         ,William,Durham,Clear,Angle,no,no,no,no,no,False
101821502,METROPOLITAN NASHVILLE POLICE DEPT,20170991228,Davidson,Nashville,11/10/2017 12:00:00 AM,2,0,0,36.167340,-86.820630,28TH AVN,,,,167.00,Feet,South,JEFFERSON ST,,,,0.00,N,Not at Intersection, ,Non-Junction,None,,,         ,Adam,Gartner,Clear,"Sideswipe, Same Direction",no,no,no,no,no,False
101821503,METROPOLITAN NASHVILLE POLICE DEPT,20170991178,Davidson,Nashville,11/10/2017 6:32:00 PM,2,0,0,36.097660,-86.823270,HILLSBORO PKE,,,,71.00,Feet,East,BURTON HILLS BLVD,,,,0.00,N,Not at Intersection, ,,None,,,         ,Allyson,Reis,,,no,no,no,no,no,False
101821522,METROPOLITAN NASHVILLE POLICE DEPT,20170991129,Davidson,Not in City Limit,11/10/2017 7:02:00 PM,1,0,0,36.326950,-86.887520,I 24,,,,0.00,,,,,,,33.90,N,Not at Intersection,N,Non-Junction,None,,,         ,Timothy,Morgan,Clear,Not Collision with Motor Vehicle in Transport,no,no,no,no,no,False
101821526,METROPOLITAN NASHVILLE POLICE DEPT,20170991220,Davidson,Nashville,11/10/2017 7:34:00 PM,2,0,0,36.114840,-86.810750,HILLSBORO PKE,,,,325.00,Feet,North,WOODMONT BLVD,,,,0.00,N,Not at Intersection, ,"Driveway, Alley Access, etc",None,,,         ,Justin,Coyle,Clear,Angle,no,no,no,no,no,False
101821530,METROPOLITAN NASHVILLE POLICE DEPT,20170990952,Davidson,Nashville,11/10/2017 5:25:00 PM,3,2,0,36.218850,-86.762690,DICKERSON PKE,,,,425.00,Feet,South,ALHAMBRA CIR,,,,0.00,N,Not at Intersection,N,Non-Junction,None,,,         ,Andrew,Anoskey,Clear,Front to Rear,no,no,no,no,no,False
101821532,METROPOLITAN NASHVILLE POLICE DEPT,20170991363,Davidson,Nashville,11/10/2017 8:19:00 PM,2,0,0,36.139500,-86.700200,BRILEY PKWYN,,,,0.00,,,KNIGHTS OF COLUMBUS BLVD,,,,0.00,Y,Four-Way,N,Intersection,None,,,         ,Michael,Apsey,Clear,Front to Rear,no,no,no,no,yes,False
101821535,METROPOLITAN NASHVILLE POLICE DEPT,20170991369,Davidson,Nashville,11/10/2017 7:00:00 PM,1,0,0,36.110180,-86.775280,WOODMONT BLVD WB ENT RAMP,,,,0.00,,,WOODMONT BLVD,,,,0.00,Y,Y-Intersection, ,Non-Junction,None,,,         ,Hillary,Sherman,Clear,Not Collision with Motor Vehicle in Transport,no,no,no,no,no,False
101821538,METROPOLITAN NASHVILLE POLICE DEPT,2017-0990946,Davidson,Nashville,11/10/2017 5:24:00 PM,2,0,0,36.154030,-86.787570,I40 W EXT RAMP,,,,0.00,,,I 40,,,,0.00,Y,Four-Way, ,Intersection,None,,,         ,Michael,Schlegel,Clear,Angle,no,no,no,no,no,False
101821558,METROPOLITAN NASHVILLE POLICE DEPT,20170991217,Davidson,Nashville,11/10/2017 7:35:00 PM,3,4,0,36.059070,-86.716220,TUSCULUM RD,,,,0.00,,,NOLENSVILLE PKE,,,,0.00,Y,Four-Way,N,Intersection,None,,,         ,Eric,Keller,Clear,Angle,no,no,no,no,no,False
101821581,METROPOLITAN NASHVILLE POLICE DEPT,20170991284,Davidson,Nashville,11/10/2017 8:00:00 PM,2,1,0,36.124860,-86.805940,HILLSBORO PKE,,,,30.00,Feet,North,I440 W ENT RAMP,,,,0.00,N,Not at Intersection,N,Entrance/Exit Ramp Related,None,,,         ,Bradley,Pope,Clear,Front to Rear,no,no,no,no,no,False
101821587,METROPOLITAN NASHVILLE POLICE DEPT,2017-0991356,Davidson,Not in City Limit,11/10/2017 7:26:00 PM,1,0,0,36.012630,-86.708680,HOLT RD,,,,1500.00,Feet,West,NOLENSVILLE PKE,,,,0.00,N,Not at Intersection,N,Non-Junction,None,,,         ,William,King,Clear,Not Collision with Motor Vehicle in Transport,no,no,no,no,no,False
101821595,METROPOLITAN NASHVILLE POLICE DEPT,20170990710,Davidson,Nashville,11/10/2017 3:45:00 PM,2,0,0,36.123930,-86.781320,VAULX LN,,,,0.00,,,INVERNESS AV,,,,0.00,Y,Four-Way, ,Intersection,None,,,         ,Jon,Mcvey,Clear,Angle,no,no,no,no,no,False
101821610,VANDERBILT UNIVERSITY POLICE,2017-0991397,Davidson,Nashville,11/10/2017 8:51:00 PM,2,0,0,36.147430,-86.806140,WEST SIDE ROW,,,,0.00,,,24TH AVS,,,,0.00,Y,T-Intersection, ,Non-Junction,None,,,         ,Christopher,Dion,Clear,"Sideswipe, Same Direction",no,no,no,no,no,Campus
101821617,METROPOLITAN NASHVILLE POLICE DEPT,20170991367,Davidson,Nashville,11/10/2017 8:40:00 PM,2,0,0,36.163870,-86.786620,CHARLOTTE AV,,,,0.00,,,YMCA WAY,,,,0.00,Y,Four-Way,N,Intersection,None,,,         ,Michael,Douglas,Clear,Angle,no,no,no,no,no,False
101821618,METROPOLITAN NASHVILLE POLICE DEPT,20170991180,Davidson,Nashville,11/10/2017 12:00:00 AM,1,1,0,36.238270,-86.783180,BRILEY PKWYW,,,,0.00,,,I24 W ENT RAMP,,,,0.00,Y,OTHER,Y,Entrance/Exit Ramp Related,None,,,         ,Joel,Callies,Clear,Not Collision with Motor Vehicle in Transport,no,no,no,no,no,False
101821621,METROPOLITAN NASHVILLE POLICE DEPT,20170990764,Davidson,Nashville,11/10/2017 4:08:00 PM,2,0,0,36.134260,-86.777440,WEDGEWOOD AV,,,,255.00,Feet,West,I65 S ENT RAMP,,,,0.00,N,Not at Intersection,N,Non-Junction,None,,,         ,Jon,Mcvey,Clear,Angle,no,no,no,no,no,False
101821627,Metro Park Police,20170987667,Davidson,Nashville,11/9/2017 12:00:00 AM,1,0,0,36.185050,-86.824030,TSU CONNECTOR,,,,377.00,Feet,West,ED TEMPLE BLVD,,,,0.00,N,Not at Intersection,N,Non-Junction,None,,,         ,Richard,Ellington,Clear,Unknown,no,no,no,no,no,False
101821630,METROPOLITAN NASHVILLE POLICE DEPT,20170991021,Davidson,Nashville,11/10/2017 5:15:00 PM,2,0,0,36.050350,-86.875390,OLD HICKORY BLVD,,,,200.00,Feet,East,CHICKERING RD,,,,0.00,N,Not at Intersection,N,Non-Junction,None,,,         ,Barrett,Teague,Clear,Front to Rear,no,no,no,no,no,False
101821637,METROPOLITAN NASHVILLE POLICE DEPT,20170991411,Davidson,Nashville,11/10/2017 5:30:00 PM,2,0,0,36.082860,-86.761580,SIDCO DR,,,,165.00,Feet,South,CSX DR,,,,0.00,N,Not at Intersection, ,Non-Junction,None,,,         ,Allyson,Reis,Clear,Angle,no,no,no,no,no,False
101821654,METROPOLITAN NASHVILLE POLICE DEPT,20170990917,Davidson,Not in City Limit,11/10/2017 4:38:00 PM,2,0,0,36.306610,-86.686110,GALLATIN PKEN,,,,447.00,Feet,West,NORTHSIDE MARKETPLACE PVTDR,,,,0.00,N,Not at Intersection, ,Non-Junction,None,,,         ,Samuel,Miller,Clear,Angle,no,no,no,no,no,False
101821685,VANDERBILT UNIVERSITY POLICE,17-0991141,Davidson,Nashville,11/10/2017 7:05:00 PM,2,1,0,36.142780,-86.800020,21ST AVS,,,,0.00,,,MEDICAL CENTER DR,,,,0.00,Y,Four-Way,Y,Intersection,None,,,         ,William,West,Clear,Angle,no,no,no,no,no,Campus
101821688,METROPOLITAN NASHVILLE POLICE DEPT,20170991591,Davidson,Nashville,11/10/2017 10:23:00 PM,1,1,0,36.152450,-86.834860,CHARLOTTE AV,,,,0.00,,,40TH AVN,,,,0.00,Y,Four-Way,N,Intersection,None,,,         ,Shaun,Heath,Clear,Not Collision with Motor Vehicle in Transport,yes,no,no,no,yes,False
101821700,METROPOLITAN NASHVILLE POLICE DEPT,20170991546,Davidson,Nashville,11/10/2017 9:00:00 PM,2,0,0,36.153250,-86.794010,17TH AVS,,,,0.00,,,BROADWAY,,,,0.00,Y,T-Intersection,N,Intersection,None,,,         ,Bradley,Pope,Clear,Angle,no,no,no,no,no,False