master_record_number,agency,agency_tracking_number,county,city,collision_date,vehicles_involved,number_injured,number_dead,latitude,longitude,roadway_name,roadway_suffix,roadway_number,roadway_local_id,distance_from_reference,miles-feet_indicator,direction_from_reference,intersection_road_name,intersection_road_name_suffix,intersection_road_number,intersection_local_id,mile_marker,intersection_indicator,intersect_type,interchange_related_indicator,relation_to_junction,work_zone_type,construction_maintenance_zone,construction_maintenance_zone_location,fatal_case_number,officer_first_name,officer_last_name,weather_condition(s),manner_of_crash,pedestrian,bicycle,scooter,parking,hitrun,mou
101822838,METROPOLITAN NASHVILLE POLICE DEPT,20170994142,Davidson,Nashville,11/11/2017 12:00:00 AM,2,0,0,36.186500,-86.690590,BRILEY PKWY S ENT RAMP,,,,0.00,Feet,East,BRILEY PKWYS,,,,0.00,N,Not at Intersection, ,Entrance/Exit Ramp Related,None,,,         ,Kyle,Berkheiser,Clear,"Sideswipe, Same Direction",no,no,no,no,yes,False
101822841,METROPOLITAN NASHVILLE POLICE DEPT,20170994201,Davidson,Nashville,11/11/2017 11:48:00 PM,2,0,0,36.154240,-86.770200,2ND AVS,,,,33.00,Feet,West,ELM ST,,,,0.00,N,Not at Intersection,N,Non-Junction,None,,,         ,Katelin,Ehrhardt,Clear,Angle,no,no,no,no,no,False
101822867,METROPOLITAN NASHVILLE POLICE DEPT,20170994505,Davidson,Nashville,11/12/2017 12:00:00 AM,1,0,0,36.087620,-86.662880,FRANKLIN LIMESTONE RD,,,,477.00,Feet,South,FRANKLIN LIMESTONE CT,,,,0.00,N,Not at Intersection,N,Non-Junction,None,,,         ,Daniel,Garrett,Clear,Not Collision with Motor Vehicle in Transport,no,no,no,no,yes,False
101822905,METROPOLITAN NASHVILLE POLICE DEPT,20170994573,Davidson,Nashville,11/12/2017 3:06:00 AM,2,1,0,36.140670,-86.732110,I 40,,,,0.00,,,,,,,213.00,N,Not at Intersection,N,Non-Junction,None,,,         ,Joseph,Zambardi,Clear,"Sideswipe, Same Direction",no,no,no,no,yes,False
101822911,METROPOLITAN NASHVILLE POLICE DEPT,20170994575,Davidson,Nashville,11/12/2017 3:45:00 AM,1,0,0,36.154280,-86.759420,I 40,,,,0.00,,,,,,,211.00,N,Not at Intersection,N,Non-Junction,None,,,         ,Mekisha,Page,Clear,Not Collision with Motor Vehicle in Transport,no,no,no,no,yes,False
101822912,METROPOLITAN NASHVILLE POLICE DEPT,20170994189,Davidson,Nashville,11/11/2017 11:28:00 PM,2,0,0,36.155550,-86.780740,CLARK PL,,,,196.00,Feet,West,8TH AVS,,,,0.00,N,Not at Intersection, ,Non-Junction,None,,,         ,Hunter,Fikes,Clear,Angle,no,no,no,no,yes,False
101822914,METROPOLITAN NASHVILLE POLICE DEPT,20170994431,Davidson,Nashville,11/12/2017 2:04:00 AM,4,0,0,36.155720,-86.796140,CHURCH ST,,,,75.00,Feet,West,17TH AVN,,,,0.00,N,Not at Intersection,N,Non-Junction,None,,,         ,Jacob,West,Clear,Angle,no,no,no,no,no,False
101822929,METROPOLITAN NASHVILLE POLICE DEPT,20170994526,Davidson,Nashville,11/12/2017 3:17:00 AM,2,0,0,36.155770,-86.796030,CHURCH ST,,,,35.00,Feet,West,17TH AVN,,,,0.00,N,Not at Intersection, ,Non-Junction,None,,,         ,Eugene,Martino,Clear,Front to Rear,no,no,no,no,no,False
101822939,METROPOLITAN NASHVILLE POLICE DEPT,20170994594,Davidson,Nashville,11/12/2017 2:25:00 AM,2,0,0,36.150970,-86.796460,19TH AVS,,,,14.00,Feet,South,BROADWAY,,,,0.00,N,Not at Intersection, ,,None,,,         ,Cody,Jaworski,,,no,no,no,no,no,False
101822941,METROPOLITAN NASHVILLE POLICE DEPT,20170994492,Davidson,Nashville,11/12/2017 12:00:00 AM,2,1,0,36.139070,-86.880560,HILLWOOD BLVD,,,,0.00,,,CHARLOTTE PKE,,,,0.00,Y,Four-Way,N,Intersection,None,,,         ,Carey,Steel,Clear,Angle,no,no,no,no,yes,False
101822943,METROPOLITAN NASHVILLE POLICE DEPT,20170994643,Davidson,Nashville,11/12/2017 4:42:00 AM,3,0,0,36.174950,-86.798670,CHEATHAM PL,,,,179.00,Feet,South,ARTHUR AV,,,,0.00,N,Not at Intersection,N,Non-Junction,None,,,         ,John,Deiterick,Clear,Front to Rear,no,no,no,no,yes,False
101822945,METROPOLITAN NASHVILLE POLICE DEPT,20170994672,Davidson,Nashville,11/12/2017 5:03:00 AM,1,1,0,36.136190,-86.811280,ACKLEN AV,,,,26.00,Feet,West,NATCHEZ TRC,,,,0.00,N,Not at Intersection,N,Non-Junction,None,,,         ,Madison,Meiss,Clear,Not Collision with Motor Vehicle in Transport,no,no,no,no,no,Campus
101822966,METROPOLITAN NASHVILLE POLICE DEPT,20170994486,Davidson,Nashville,11/12/2017 2:42:00 AM,2,0,0,36.106210,-86.673060,DONELSON PKE,,,,0.00,,,MURFREESBORO PKE,,,,0.00,Y,Four-Way,N,Intersection,None,,,         ,Robert,Fondren,Cloudy,Angle,no,no,no,no,no,False
101822967,METROPOLITAN NASHVILLE POLICE DEPT,20170994717,Davidson,Nashville,11/12/2017 4:45:00 AM,2,0,0,36.064790,-86.628480,HAMILTON CHURCH RD,,,,0.00,,,MURFREESBORO PKE,,,,0.00,Y,Four-Way,Y,Intersection,None,,,         ,Kevin,Breeding,Clear,Front to Rear,no,no,no,no,no,False
101822970,METROPOLITAN NASHVILLE POLICE DEPT,2017-0994534,Davidson,Nashville,11/12/2017 3:20:00 AM,3,4,0,36.055970,-86.715590,APRIL LN,,,,21.00,Feet,East,NOLENSVILLE PKE,,,,0.00,N,Not at Intersection,N,Non-Junction,None,,,         ,Autumn,Manning,Clear,Angle,no,no,no,no,yes,False
101822971,METROPOLITAN NASHVILLE POLICE DEPT,20170994567,Davidson,Not in City Limit,11/12/2017 3:29:00 AM,1,0,0,36.231310,-86.962870,BULL RUN RD,,,,2420.00,Feet,West,PINE VALLEY RD,,,,0.00,N,Not at Intersection,N,Non-Junction,None,,,         ,Carey,Steel,Clear,Not Collision with Motor Vehicle in Transport,no,no,no,no,yes,False
101822982,METROPOLITAN NASHVILLE POLICE DEPT,2017-0994742,Davidson,Nashville,11/12/2017 3:20:00 AM,2,3,0,36.055970,-86.715590,APRIL LN,,,,21.00,Feet,East,NOLENSVILLE PKE,,,,0.00,N,Not at Intersection,N,Non-Junction,None,,,         ,Autumn,Manning,Clear,Angle,no,no,no,no,no,False
101822983,METROPOLITAN NASHVILLE POLICE DEPT,20170994776,Davidson,Nashville,11/12/2017 6:23:00 AM,2,1,0,36.014210,-86.620510,OLD HICKORY BLVD,,,,4.00,Feet,South,I24 E EXT RAMP,,,,0.00,N,Not at Intersection,N,Non-Junction,None,,,         ,Brian,Mclarty,Clear,Front to Rear,no,no,no,no,no,False
101822985,METROPOLITAN NASHVILLE POLICE DEPT,20170993040,Davidson,Nashville,11/11/2017 12:33:00 PM,1,0,0,36.234700,-86.722320,BRILEY PKWY W EXT RAMP,,,,0.00,Feet,East,BRILEY PKWYW,,,,0.00,N,Not at Intersection,N,Non-Junction,None,,,         ,Cyretha,Frazier,Cloudy,Not Collision with Motor Vehicle in Transport,no,no,no,no,no,False
101822992,METROPOLITAN NASHVILLE POLICE DEPT,2017994831,Davidson,Nashville,11/12/2017 12:00:00 AM,1,0,0,36.125790,-86.812640,NATCHEZ TRC,,,,0.00,,,,,,,0.00,,,N,OtherLocation,None,,,         ,Erik,Wagner,Unknown,Not Collision with Motor Vehicle in Transport,no,no,no,yes,yes,False
101822999,METROPOLITAN NASHVILLE POLICE DEPT,20170994807,Davidson,Nashville,11/12/2017 6:35:00 AM,3,0,0,36.222200,-86.590690,CASCADE DR,,,,47.00,Feet,South,SHASTA DR,,,,0.00,N,Not at Intersection,N,Non-Junction,None,,,         ,Michael,Brooks,Unknown,Not Collision with Motor Vehicle in Transport,no,no,no,no,yes,False
101823000,BERRY HILL POLICE DEPT,17-3836,Davidson,Berry Hill,11/11/2017 8:35:00 AM,2,1,0,36.114700,-86.766620,BRANSFORD AV,,,,621.00,Feet,North,HEATHER PL,,,,0.00,N,Not at Intersection,N,Non-Junction,None,,,         ,Rick,Willliams,Clear,Not Collision with Motor Vehicle in Transport,yes,no,no,no,no,False
101823021,METROPOLITAN NASHVILLE POLICE DEPT,20170994905,Davidson,Nashville,11/12/2017 7:55:00 AM,2,0,0,36.088210,-86.607070,ANDERSON RD,,,,176.00,Feet,North,SMITH SPRINGS RD,,,,0.00,N,Not at Intersection,N,Non-Junction,None,,,         ,Amery,Milligan,Cloudy,Front to Rear,no,no,no,no,yes,False
101823034,METROPOLITAN NASHVILLE POLICE DEPT,20170994904,Davidson,Not in City Limit,11/12/2017 7:00:00 AM,1,1,0,36.085290,-86.972040,HIGHWAY 70S,,,,1689.00,Feet,West,SADDLE RIDGE CT,,,,0.00,N,Not at Intersection,N,Non-Junction,None,,,         ,Douglas,Atwood,Cloudy,Not Collision with Motor Vehicle in Transport,no,no,no,no,no,False
101823054,METROPOLITAN NASHVILLE POLICE DEPT,20170994815,Davidson,Nashville,11/12/2017 5:16:00 AM,3,0,0,36.143440,-86.763220,2ND AVS,,,,420.00,Feet,North,HART ST,,,,0.00,N,Not at Intersection,N,Non-Junction,None,,,         ,Deandera,Payne,Clear,Front to Rear,no,no,no,no,no,False
101823092,METROPOLITAN NASHVILLE POLICE DEPT,2017995047,Davidson,Nashville,11/12/2017 3:00:00 AM,1,0,0,36.099500,-86.787250,GENERAL BATE DR,,,,252.00,Feet,South,GREERLAND DR,,,,0.00,N,Not at Intersection,N,Non-Junction,None,,,         ,Erik,Wagner,Cloudy,Not Collision with Motor Vehicle in Transport,no,no,no,no,yes,False
101823093,METROPOLITAN NASHVILLE POLICE DEPT,2017-995102,Davidson,Nashville,11/12/2017 9:31:00 AM,2,0,0,36.133120,-86.799990,PORTLAND AV,,,,0.00,,,20TH AVS,,,,0.00,Y,Four-Way,N,Intersection,None,,,         ,Erik,Wagner,Cloudy,Angle,no,no,no,no,no,False
101823094,METROPOLITAN NASHVILLE POLICE DEPT,20170995187,Davidson,Not in City Limit,11/12/2017 10:25:00 AM,2,0,0,36.044570,-86.955560,HIGHWAY 100,,,,200.00,Feet,East,OLD HARDING PKE,,,,0.00,N,Not at Intersection, ,,None,,,         ,Douglas,Atwood,,,no,no,no,no,no,False
101823096,METROPOLITAN NASHVILLE POLICE DEPT,20170995097,Davidson,Nashville,11/12/2017 9:20:00 AM,2,0,0,36.185470,-86.797850,I65 S EXT RAMP,,,,0.00,Feet,East,I 65,,,,0.00,N,Not at Intersection, ,Entrance/Exit Ramp Related,None,,,         ,Joshua,Baker,Rain,Front to Rear,no,no,no,no,no,False
101823113,METROPOLITAN NASHVILLE POLICE DEPT,20170995175,Davidson,Nashville,11/12/2017 10:20:00 AM,2,2,0,36.045580,-86.658450,I24 W EXT RAMP,,,,0.00,,,I 24,,,,0.00,Y,Four-Way,Y,Intersection,None,,,         ,Blake,Lutz,Cloudy,Angle,no,no,no,no,no,False
101823130,METROPOLITAN NASHVILLE POLICE DEPT,20170995218,Davidson,Nashville,11/12/2017 10:45:00 AM,1,1,0,36.149170,-86.875610,AMERICAN RD,,,,312.00,Feet,East,THUNDERBIRD DR,,,,0.00,N,Not at Intersection,N,Non-Junction,None,,,         ,Christopher,Royer,Cloudy,Not Collision with Motor Vehicle in Transport,yes,no,no,yes,no,False
101823154,METROPOLITAN NASHVILLE POLICE DEPT,20170995140,Davidson,Nashville,11/12/2017 10:00:00 AM,2,1,0,36.219640,-86.736360,SAUNDERS AV,,,,1156.00,Feet,North,SAUNDERS CT,,,,0.00,N,Not at Intersection,N,"Driveway, Alley Access, etc",None,,,         ,Doyle,Price,Rain,HeadOn,no,no,no,no,no,False
101823162,METROPOLITAN NASHVILLE POLICE DEPT,20170995142,Davidson,Nashville,11/12/2017 10:00:00 AM,2,2,0,36.141530,-86.671150,I 40,,,,0.00,,,,,,,215.00,N,Not at Intersection,N,Non-Junction,None,,,         ,Terry,Denton,Cloudy,Front to Rear,no,no,no,no,no,False
101823174,METROPOLITAN NASHVILLE POLICE DEPT,20170995254,Davidson,Nashville,11/12/2017 12:00:00 AM,2,0,0,36.174400,-86.774190,OLDHAM ST,,,,0.00,,,N 1ST ST,,,,0.00,Y,Four-Way,N,Intersection-Related,None,,,         ,Daniel,Russett,Cloudy,"Sideswipe, Same Direction",no,no,no,no,no,False
101823177,METROPOLITAN NASHVILLE POLICE DEPT,20170995396,Davidson,Nashville,11/12/2017 12:12:00 PM,2,0,0,36.154550,-86.762170,I 40,,,,0.00,,,,,,,210.85,N,Not at Intersection, ,,None,,,         ,Christian,Martin,,,no,no,no,no,no,False
101823187,METROPOLITAN NASHVILLE POLICE DEPT,20170995229,Davidson,Nashville,11/12/2017 10:50:00 AM,3,0,0,36.192140,-86.780220,I 65,,,,0.00,,,,,,,86.30,N,Not at Intersection,N,Non-Junction,None,,,         ,James,Jarvis,Rain,"Sideswipe, Same Direction",no,no,no,no,no,False
101823200,METROPOLITAN NASHVILLE POLICE DEPT,2017-995358,Davidson,Nashville,11/12/2017 11:53:00 AM,2,0,0,36.040960,-86.746170,OLD HICKORY BLVD,,,,604.00,Feet,East,BRENTWOOD MEADOWS CIR,,,,0.00,N,Not at Intersection, ,OtherLocation,None,,,         ,Erik,Wagner,Cloudy,Angle,no,no,no,no,no,False
101823203,METROPOLITAN NASHVILLE POLICE DEPT,20170995201,Davidson,Nashville,11/12/2017 10:37:00 AM,2,3,0,36.231940,-86.827040,BRILEY PKWYW,,,,590.00,Feet,West,BRILEY PKWYE,,,,0.00,N,Not at Intersection,N,Non-Junction,None,,,         ,James,Wray,Cloudy,"Sideswipe, Same Direction",no,no,no,no,no,False
101823207,METROPOLITAN NASHVILLE POLICE DEPT,20170995407,Davidson,Nashville,11/12/2017 12:19:00 PM,2,0,0,36.246960,-86.721000,GALLATIN PKES,,,,0.00,,,,,,,0.00,,, ,Non-Junction,None,,,         ,Michelle,Steidl,Cloudy,"Sideswipe, Same Direction",no,no,no,no,no,False
101823228,METROPOLITAN NASHVILLE POLICE DEPT,20170995457,Davidson,Not in City Limit,11/12/2017 1:02:00 PM,2,0,0,36.078240,-86.949800,HIGHWAY 70S,,,,228.00,Feet,West,BELLEVUE CTR PVTDR,,,,0.00,N,Not at Intersection,N,Non-Junction,None,,,         ,Adam,Reese,Cloudy,Front to Rear,no,no,no,no,no,False
101823256,METROPOLITAN NASHVILLE POLICE DEPT,20170995453,Davidson,Nashville,11/12/2017 11:55:00 AM,2,0,0,36.166040,-86.763180,S 4TH ST,,,,210.00,Feet,North,I24 W ENT RAMP,,,,0.00,N,Not at Intersection, ,Non-Junction,None,,,         ,Anthony,Rizo,Cloudy,Front to Rear,no,no,no,no,no,False
101823266,METROPOLITAN NASHVILLE POLICE DEPT,20170995384,Davidson,Nashville,11/12/2017 12:12:00 PM,2,1,0,36.173310,-86.765650,SPRING ST,,,,191.00,Feet,North,MAIN ST ENT RAMP,,,,0.00,N,Not at Intersection,N,Non-Junction,None,,,         ,Tony,Folad,Cloudy,Front to Rear,no,no,no,no,no,False
101823269,METROPOLITAN NASHVILLE POLICE DEPT,20170995305,Davidson,Nashville,11/12/2017 11:29:00 AM,2,0,0,36.244160,-86.780340,BRICK CHURCH PKE,,,,0.00,,,BRICK CHURCH LN,,,,0.00,Y,T-Intersection,N,Intersection,None,,,         ,Jack,Crouch,Cloudy,"Sideswipe, Opposite Direction",no,no,no,no,yes,False
101823276,METROPOLITAN NASHVILLE POLICE DEPT,20170995481,Davidson,Nashville,11/12/2017 1:27:00 PM,2,0,0,36.250890,-86.718380,GALLATIN PKES,,,,45.00,Feet,North,MOVING CENTER CT,,,,0.00,N,Not at Intersection, ,Non-Junction,None,,,         ,Michael,Agee,Cloudy,Front to Rear,no,no,no,no,no,False
101823328,METROPOLITAN NASHVILLE POLICE DEPT,2017-995534,Davidson,Nashville,11/12/2017 2:12:00 PM,2,0,0,36.131720,-86.795510,BELMONT BLVD,,,,58.00,Feet,South,BERNARD AV,,,,0.00,N,Not at Intersection, ,Non-Junction,None,,,         ,Erik,Wagner,Cloudy,Front to Rear,no,no,no,no,no,False
101823335,METROPOLITAN NASHVILLE POLICE DEPT,20170995443,Davidson,Nashville,11/12/2017 12:42:00 PM,2,0,0,36.169840,-86.679810,MCGAVOCK PKE,,,,175.00,Feet,North,LEBANON PKE,,,,0.00,N,Not at Intersection, ,,None,,,         ,Jed,Baldoni,,,no,no,no,no,no,False
101823370,METROPOLITAN NASHVILLE POLICE DEPT,20170995539,Davidson,Not in City Limit,11/12/2017 2:25:00 PM,2,0,0,36.076950,-86.945420,HIGHWAY 70S,,,,63.00,Feet,West,SAWYER BROWN RD,,,,0.00,N,Not at Intersection, ,Non-Junction,None,,,         ,Douglas,Atwood,Clear,"Sideswipe, Same Direction",no,no,no,no,no,False
101823383,METROPOLITAN NASHVILLE POLICE DEPT,20170995582,Davidson,Nashville,11/12/2017 2:14:00 PM,2,0,0,36.152470,-86.857530,I 40,,,,0.00,,,,,,,204.00,N,Not at Intersection, ,Non-Junction,None,,,         ,Andrew,Brazee,Clear,"Sideswipe, Same Direction",no,no,no,no,yes,False
101823397,WILLIAMSON CO SHERIFFS OFFICE,1723654,Davidson,Nashville,11/10/2017 6:38:00 PM,1,0,0,36.029040,-86.922540,SNEED RDW,,,,556.00,Feet,East,SAWYER BEND RD,,,,0.00,N,Not at Intersection, ,Non-Junction,None,,,         ,William,Harris,Clear,Not Collision with Motor Vehicle in Transport,no,no,no,no,no,False
101823398,METROPOLITAN NASHVILLE POLICE DEPT,20170995475,Davidson,Nashville,11/12/2017 1:22:00 PM,2,0,0,36.074720,-86.650460,DOVER GLEN DR,,,,362.00,Feet,West,LASSEN CT,,,,0.00,N,Not at Intersection,N,Non-Junction,None,,,         ,Roderic,Williams,Cloudy,Front to Rear,no,no,no,no,yes,False
101823409,METROPOLITAN NASHVILLE POLICE DEPT,20170995606,Davidson,Nashville,11/12/2017 3:16:00 PM,2,1,0,36.214130,-86.730760,GALLATIN PKE,,,,0.00,,,GILLOCK ST,,,,0.00,Y,T-Intersection,N,Intersection,None,,,         ,Christopher,Valdez,Clear,Angle,no,no,no,no,yes,False
101823418,METROPOLITAN NASHVILLE POLICE DEPT,20170995563,Davidson,Goodlettsville,11/12/2017 2:15:00 PM,2,0,0,36.304710,-86.688980,NORTHSIDE FESTIVAL PVTDR,,,,0.00,,,LIBERTY LN,,,,0.00,Y,Four-Way, ,Intersection,None,,,         ,Christopher,Littles,Clear,Front to Rear,no,no,no,no,no,False
101823419,METROPOLITAN NASHVILLE POLICE DEPT,20170995548,Davidson,Nashville,11/12/2017 2:01:00 PM,3,0,0,36.181800,-86.641570,JACKSON DOWNS BLVD,,,,0.00,,,LEBANON PKE,,,,0.00,Y,Four-Way, ,Intersection,None,,,         ,Jaby,Djabbarov,Clear,Front to Rear,no,no,no,no,no,False
101823423,METROPOLITAN NASHVILLE POLICE DEPT,20170995595,Davidson,Nashville,11/12/2017 3:07:00 PM,1,0,0,36.219160,-86.604270,SHUTE LN,,,,97.00,Feet,North,MEADOWGREEN DR,,,,0.00,N,Not at Intersection,N,Non-Junction,None,,,         ,Kimberly,Annson,Cloudy,Not Collision with Motor Vehicle in Transport,no,no,no,no,no,False
101823431,VANDERBILT UNIVERSITY POLICE,17-0993624,Davidson,Nashville,11/11/2017 6:20:00 PM,2,0,0,36.143350,-86.806290,GARLAND AV,,,,50.00,Feet,East,25TH AVS,,,,0.00,N,Not at Intersection,N,Non-Junction,None,,,         ,William,West,Clear,Front to Rear,no,no,no,no,no,Campus
101823439,METROPOLITAN NASHVILLE POLICE DEPT,20170995619,Davidson,Nashville,11/12/2017 3:27:00 PM,1,1,0,36.220380,-86.782380,BRICK CHURCH PKE,,,,160.00,Feet,North,FERNCO DR,,,,0.00,N,Not at Intersection,N,Non-Junction,None,,,         ,Walter,Cothran,Clear,Not Collision with Motor Vehicle in Transport,no,no,no,no,no,False
101823453,METROPOLITAN NASHVILLE POLICE DEPT,20170990899,Davidson,Nashville,11/10/2017 5:15:00 PM,2,1,0,36.123510,-86.727920,I 24,,,,0.00,,,,,,,52.65,N,Not at Intersection,N,Non-Junction,None,,,         ,Jessie,Meadows,Clear,Front to Rear,no,no,no,no,no,False
101823477,METROPOLITAN NASHVILLE POLICE DEPT,20170995701,Davidson,Nashville,11/12/2017 4:19:00 PM,2,0,0,36.094650,-86.624870,BELL RD,,,,281.00,Feet,North,HARBOR LIGHTS DR,,,,0.00,N,Not at Intersection, ,Non-Junction,None,,,         ,Kimberly,Annson,Cloudy,Front to Rear,no,no,no,no,no,False
101823479,METROPOLITAN NASHVILLE POLICE DEPT,20170995717,Davidson,Nashville,11/12/2017 4:23:00 PM,2,0,0,36.109590,-86.728760,THOMPSON LN,,,,218.00,Feet,West,BRILEY PKWYN,,,,0.00,N,Not at Intersection, ,,None,,,         ,Nathaniel,Myers,,,no,no,no,no,no,False
101823482,METROPOLITAN NASHVILLE POLICE DEPT,20170995715,Davidson,Nashville,11/12/2017 12:00:00 AM,2,0,0,36.150880,-86.752650,DUNCAN ST,,,,158.00,Feet,South,FAIN ST,,,,0.00,N,Not at Intersection,N,Non-Junction,None,,,         ,Samuel,Sundra,Cloudy,HeadOn,no,no,no,no,yes,False
101823495,METROPOLITAN NASHVILLE POLICE DEPT,20170995558,Davidson,Nashville,11/12/2017 2:26:00 PM,3,0,0,36.167850,-86.765750,I 24,,,,0.00,,,,,,,48.85,N,Not at Intersection, ,Non-Junction,None,,,         ,David,Snowden,Clear,Front to Rear,no,no,no,no,no,False
101823499,METROPOLITAN NASHVILLE POLICE DEPT,20170995766,Davidson,Nashville,11/12/2017 4:57:00 PM,2,1,0,36.171800,-86.768500,I 24,,,,0.00,,,,,,,48.35,N,Not at Intersection,N,Non-Junction,None,,,         ,Thomas,Miller,Clear,Front to Rear,no,no,no,no,no,False
101823500,METROPOLITAN NASHVILLE POLICE DEPT,20170995741,Davidson,Not in City Limit,11/12/2017 4:42:00 PM,2,0,0,36.263090,-86.690490,E OLD HICKORY BLVD,,,,0.00,,,RANDY RD,,,,0.00,Y,Four-Way,N,Intersection,None,,,         ,Kelly,Cantrell,Clear,Angle,no,no,no,no,no,False
101823504,METROPOLITAN NASHVILLE POLICE DEPT,20170995638,Davidson,Nashville,11/12/2017 3:47:00 PM,2,0,0,36.102760,-86.816750,HILLSBORO PKE,,,,290.00,Feet,South,WARFIELD DR,,,,0.00,N,Not at Intersection, ,Non-Junction,None,,,         ,Nicholas,Carroll,Clear,Angle,no,no,no,no,no,False
101823506,METROPOLITAN NASHVILLE POLICE DEPT,20170995753,Davidson,Nashville,11/12/2017 4:47:00 PM,2,2,0,36.185110,-86.775180,I 24,,,,0.00,,,,,,,47.25,N,Not at Intersection,N,Non-Junction,None,,,         ,Benjamin,Williams,Clear,Front to Rear,no,no,no,no,no,False
101823508,METROPOLITAN NASHVILLE POLICE DEPT,20170995743,Davidson,Nashville,11/12/2017 3:26:00 PM,2,0,0,36.168570,-86.813360,JEFFERSON ST,,,,0.00,,,I40 E EXT RAMP,,,,0.00,Y,Y-Intersection, ,Entrance/Exit Ramp Related,None,,,         ,Samuel,Galluzzi,Cloudy,Front to Rear,no,no,no,no,no,False
101823510,METROPOLITAN NASHVILLE POLICE DEPT,20170995796,Davidson,Nashville,11/12/2017 5:07:00 PM,2,1,0,36.128020,-86.712820,MURFREESBORO PKE,,,,78.00,Feet,East,PHILFRE CT,,,,0.00,N,Not at Intersection,N,Non-Junction,None,,,         ,Dontaveous,Eubanks,Clear,Front to Rear,no,no,no,no,no,False
101823513,METROPOLITAN NASHVILLE POLICE DEPT,20170995617,Davidson,Nashville,11/12/2017 3:19:00 PM,3,0,0,36.168950,-86.775550,JAMES ROBERTSON PKWY,,,,623.00,Feet,East,GAY ST,,,,0.00,N,Not at Intersection, ,Non-Junction,None,,,         ,David,Snowden,Clear,Front to Rear,no,no,no,no,no,False
101823514,METROPOLITAN NASHVILLE POLICE DEPT,20170995839,Davidson,Nashville,11/12/2017 5:31:00 PM,2,0,0,36.139070,-86.880560,HILLWOOD BLVD,,,,0.00,,,CHARLOTTE PKE,,,,0.00,Y,Four-Way,N,Intersection,None,,,         ,Andrew,Brazee,Clear,HeadOn,no,no,no,no,no,False
101823515,METROPOLITAN NASHVILLE POLICE DEPT,20170995797,Davidson,Nashville,11/12/2017 5:00:00 PM,2,0,0,36.173270,-86.791400,JEFFERSON ST,,,,0.00,,,ROSA L PARKS BLVD,,,,0.00,Y,Four-Way, ,Intersection,None,,,         ,Seth,Vaughn,Clear,Angle,no,no,no,no,no,False
101823516,METROPOLITAN NASHVILLE POLICE DEPT,20170995660,Davidson,Nashville,11/12/2017 4:00:00 PM,2,0,0,36.164270,-86.778550,PRINTERS ALY,,,,128.00,Feet,North,CHURCH ST,,,,0.00,N,Not at Intersection, ,Non-Junction,None,,,         ,Joshua,Hausman,Clear,HeadOn,no,no,no,no,yes,False
101823518,METROPOLITAN NASHVILLE POLICE DEPT,20170995887,Davidson,Nashville,11/12/2017 6:03:00 PM,2,0,0,36.131680,-86.768430,BENTON AV,,,,0.00,,,BRANSFORD AV,,,,0.00,Y,Four-Way, ,Intersection-Related,None,,,         ,Tien,Nguyen,Clear,Rear to Side,no,no,no,no,no,False
101823519,METROPOLITAN NASHVILLE POLICE DEPT,20170995607,Davidson,Nashville,11/12/2017 3:17:00 PM,1,1,0,36.252340,-86.784710,I 24,,,,0.00,,,,,,,42.45,N,Not at Intersection,N,Non-Junction,None,,,         ,Janelle,Keslar,Clear,Not Collision with Motor Vehicle in Transport,no,no,no,no,no,False
101823527,METROPOLITAN NASHVILLE POLICE DEPT,20170995722,Davidson,Nashville,11/12/2017 4:27:00 PM,2,0,0,36.166490,-86.776630,GAY ST,,,,309.00,Feet,North,BANK ST,,,,0.00,N,Not at Intersection, ,Non-Junction,None,,,         ,David,Snowden,Clear,Angle,no,no,no,no,no,False
101823528,METROPOLITAN NASHVILLE POLICE DEPT,20170995865,Davidson,Nashville,11/12/2017 5:50:00 PM,2,0,0,36.152240,-86.625070,BELL RD,,,,0.00,,,STEWARTS FERRY PKE,,,,0.00,Y,Four-Way,N,Intersection,None,,,         ,Patrick,Taylor,Clear,Angle,no,no,no,no,no,False
101823546,METROPOLITAN NASHVILLE POLICE DEPT,20170995896,Davidson,Nashville,11/12/2017 5:00:00 PM,2,0,0,36.148040,-86.692410,BRILEY PKWYN,,,,125.00,Feet,South,BRILEY PKWY N EXT RAMP,,,,0.00,N,Not at Intersection,N,Non-Junction,None,,,         ,Brent,Hedgcoth,Clear,Angle,no,no,no,no,no,False
101823552,METROPOLITAN NASHVILLE POLICE DEPT,20170995808,Davidson,Nashville,11/12/2017 5:15:00 PM,2,2,0,36.183760,-86.747830,EASTLAND AV,,,,164.00,Feet,East,GALLATIN AV,,,,0.00,N,Not at Intersection,N,"Driveway, Alley Access, etc",None,,,         ,Alexander,Georgeson,Cloudy,Angle,no,no,no,no,no,False
101823571,METROPOLITAN NASHVILLE POLICE DEPT,20170995830,Davidson,Nashville,11/12/2017 5:30:00 PM,2,0,0,36.125030,-86.734010,I 440,,,,0.00,,,,,,,7.20,N,Not at Intersection, ,Non-Junction,None,,,         ,Aimee,Ortiz,Cloudy,Front to Rear,no,no,no,no,no,False
101823572,METROPOLITAN NASHVILLE POLICE DEPT,20170995771,Davidson,Nashville,11/12/2017 4:45:00 PM,2,0,0,36.039480,-86.781770,OLD HICKORY BLVD,,,,0.00,,,I65 N EXT RAMP,,,,0.00,Y,Y-Intersection, ,Non-Junction,None,,,         ,Nicholas,Berens,Clear,Front to Rear,no,no,no,no,no,False
101823592,METROPOLITAN NASHVILLE POLICE DEPT,20170996044,Davidson,Nashville,11/12/2017 7:21:00 PM,2,0,0,36.045300,-86.701680,BELL RD,,,,0.00,Feet,,OLD HICKORY BLVD,,,,0.00,Y,Four-Way,Y,Intersection,None,,,         ,Benny,Pittman,Clear,Angle,no,no,no,no,no,False