master_record_number,agency,agency_tracking_number,county,city,collision_date,vehicles_involved,number_injured,number_dead,latitude,longitude,roadway_name,roadway_suffix,roadway_number,roadway_local_id,distance_from_reference,miles-feet_indicator,direction_from_reference,intersection_road_name,intersection_road_name_suffix,intersection_road_number,intersection_local_id,mile_marker,intersection_indicator,intersect_type,interchange_related_indicator,relation_to_junction,work_zone_type,construction_maintenance_zone,construction_maintenance_zone_location,fatal_case_number,officer_first_name,officer_last_name,weather_condition(s),manner_of_crash,pedestrian,bicycle,scooter,parking,hitrun,mou
101825920,METROPOLITAN NASHVILLE POLICE DEPT,20171004451,Davidson,Nashville,11/15/2017 7:00:00 AM,1,1,0,36.152120,-86.858320,I 40,,,,0.00,,,,,,,203.95,N,Not at Intersection,N,Non-Junction,None,,,         ,Curtis,Rich,Cloudy,Not Collision with Motor Vehicle in Transport,no,no,no,no,no,False
101825942,METROPOLITAN NASHVILLE POLICE DEPT,20171004409,Davidson,Nashville,11/15/2017 6:34:00 AM,2,1,0,36.238520,-86.741450,ELLINGTON PKWYN,,,,75.00,Feet,East,BRILEY PKWY E EXT RAMP,,,,0.00,N,Not at Intersection,N,Non-Junction,None,,,         ,Thomas,Odom,Clear,Front to Rear,no,no,no,no,yes,False
101825947,METROPOLITAN NASHVILLE POLICE DEPT,2017-1004373,Davidson,Nashville,11/15/2017 12:00:00 AM,2,0,0,36.153890,-86.797050,HAYES ST,,,,103.00,Feet,West,18TH AVN,,,,0.00,N,Not at Intersection,N,Non-Junction,None,,,         ,Erik,Wagner,Cloudy,Unknown,no,no,no,no,yes,False
101825950,METROPOLITAN NASHVILLE POLICE DEPT,2017-1001447,Davidson,Nashville,11/14/2017 9:52:00 AM,2,0,0,36.153150,-86.796940,WEST END AV,,,,0.00,,,,,,,0.00,,, ,,Maintenance Zone,,,         ,Allen,Bates,,,no,no,no,no,no,False
101825959,METROPOLITAN NASHVILLE POLICE DEPT,20171004516,Davidson,Nashville,11/15/2017 7:40:00 AM,2,0,0,36.171430,-86.769040,INTERSTATE DR,,,,0.00,,,JAMES ROBERTSON PKWY,,,,0.00,Y,Four-Way, ,Intersection,None,,,         ,Charles,Coe,Clear,Front to Rear,no,no,no,no,no,False
101825962,METROPOLITAN NASHVILLE POLICE DEPT,20171004515,Davidson,Nashville,11/15/2017 7:45:00 AM,3,1,0,36.129290,-86.854260,WHITE BRIDGE PKE,,,,107.00,Feet,East,TARGET PVTDR,,,,0.00,N,Not at Intersection,N,Non-Junction,None,,,         ,Curtis,Rich,Cloudy,Front to Rear,no,no,no,no,yes,False
101825983,METROPOLITAN NASHVILLE POLICE DEPT,20171004509,Davidson,Not in City Limit,11/15/2017 7:55:00 AM,3,0,0,36.313510,-86.831290,I 24,,,,0.00,,,,,,,37.35,N,Not at Intersection, ,,None,,,         ,Brandon,Evans,,,no,no,no,no,no,False
101825985,METROPOLITAN NASHVILLE POLICE DEPT,20171004478,Davidson,Nashville,11/15/2017 7:15:00 AM,2,0,0,36.146780,-86.742950,I 40,,,,0.00,,,,,,,212.10,N,Not at Intersection,N,Non-Junction,None,,,         ,Michael,Dance,Clear,"Sideswipe, Same Direction",no,no,no,no,yes,False
101825997,METROPOLITAN NASHVILLE POLICE DEPT,20171004471,Davidson,Nashville,11/15/2017 7:15:00 AM,2,0,0,36.157210,-86.790200,I 40,,,,0.00,,,,,,,209.00,N,Not at Intersection,N,Entrance/Exit Ramp Related,None,,,         ,Frank,Campbell,Cloudy,Front to Rear,no,no,no,no,no,False
101826007,GOODLETTSVILLE POLICE DEPT,17-40422,Davidson,Goodlettsville,11/15/2017 7:05:00 AM,2,0,0,36.322910,-86.708440,LONG HOLLOW PKE,,,,262.00,Feet,West,CARTWRIGHT ST,,,,0.00,N,Not at Intersection,N,"Driveway, Alley Access, etc",None,,,         ,John,Spencer,Clear,Angle,no,no,no,no,no,False
101826009,METROPOLITAN NASHVILLE POLICE DEPT,20171004584,Davidson,Nashville,11/15/2017 7:57:00 AM,2,0,0,36.248290,-86.742760,I 65,,,,0.00,,,,,,,91.05,N,Not at Intersection, ,Non-Junction,None,,,         ,Thomas,Odom,Cloudy,Front to Rear,no,no,no,no,no,False
101826028,METROPOLITAN NASHVILLE POLICE DEPT,20171004540,Davidson,Nashville,11/15/2017 7:30:00 AM,2,0,0,36.187920,-86.798480,DOMINICAN DR,,,,0.00,Feet,West,ROSA L PARKS BLVD,,,,0.00,N,Not at Intersection, ,Non-Junction,None,,,         ,Ernie,Wilson,Cloudy,"Sideswipe, Same Direction",no,no,no,no,no,False
101826032,VANDERBILT UNIVERSITY POLICE,17-1004592,Davidson,Nashville,11/15/2017 7:45:00 AM,2,0,0,36.140800,-86.811800,NATCHEZ TRC,,,,0.00,,,,,,,0.00,,,N,Non-Junction,None,,,         ,William,Gladu,Clear,Angle,no,no,no,yes,no,Campus
101826035,METROPOLITAN NASHVILLE POLICE DEPT,20171004600,Davidson,Nashville,11/15/2017 8:05:00 AM,2,0,0,36.142350,-86.734980,I 40,,,,0.00,,,,,,,212.80,N,Not at Intersection,N,Non-Junction,None,,,         ,Michael,Dance,Cloudy,Front to Rear,no,no,no,no,no,False
101826039,METROPOLITAN NASHVILLE POLICE DEPT,20171004637,Davidson,Nashville,11/15/2017 8:17:00 AM,2,0,0,36.160760,-86.793690,CHARLOTTE AV,,,,0.00,,,14TH AVN,,,,0.00,Y,Four-Way, ,Intersection,None,,,         ,Isaac,Wood,Cloudy,"Sideswipe, Same Direction",no,no,no,no,no,False
101826050,METROPOLITAN NASHVILLE POLICE DEPT,20171004726,Davidson,Nashville,11/15/2017 8:52:00 AM,2,1,0,36.153960,-86.818220,28TH AVN,,,,0.00,Feet,,CHARLOTTE AV,,,,0.00,Y,Four-Way,N,Intersection,None,,,         ,Royce,McLester,Rain,Front to Rear,no,no,no,no,no,False
101826054,METROPOLITAN NASHVILLE POLICE DEPT,20171004739,Davidson,Nashville,11/15/2017 8:05:00 AM,2,0,0,36.099070,-86.733690,MCCALL ST,,,,309.00,Feet,West,SABRE DR,,,,0.00,N,Not at Intersection,N,"Driveway, Alley Access, etc",None,,,         ,Michael,Dudley,Cloudy,Angle,no,no,no,yes,yes,False
101826058,METROPOLITAN NASHVILLE POLICE DEPT,20171004738,Davidson,Not in City Limit,11/15/2017 8:53:00 AM,2,0,0,36.331960,-86.900680,I 24,,,,0.00,,,,,,,33.00,N,Not at Intersection,N,Non-Junction,None,,,         ,William,Caillouette,Cloudy,"Sideswipe, Same Direction",no,no,no,no,yes,False
101826059,METROPOLITAN NASHVILLE POLICE DEPT,20171004816,Davidson,Nashville,11/15/2017 9:55:00 AM,2,0,0,36.104040,-86.869330,HARDING PKE,,,,131.00,Feet,North,POST RD,,,,0.00,N,Not at Intersection, ,Non-Junction,None,,,         ,Curtis,Rich,Cloudy,Front to Rear,no,no,no,no,no,False
101826066,METROPOLITAN NASHVILLE POLICE DEPT,20171004803,Davidson,Nashville,11/15/2017 9:35:00 AM,2,0,0,36.142170,-86.711420,I 40,,,,0.00,,,,,,,214.10,N,Not at Intersection,N,Non-Junction,None,,,         ,Michael,Dance,Rain,Front to Rear,no,no,no,no,no,False
101826070,METROPOLITAN NASHVILLE POLICE DEPT,20171004709,Davidson,Nashville,11/15/2017 8:34:00 AM,2,0,0,36.150160,-86.704890,APPLETON DR,,,,0.00,,,ELM TREE DR,,,,0.00,Y,Four-Way,N,Intersection,None,,,         ,William,Mckay,Cloudy,Angle,no,no,no,no,no,False
101826072,METROPOLITAN NASHVILLE POLICE DEPT,20171004577,Davidson,Nashville,11/15/2017 8:00:00 AM,1,1,0,36.045190,-86.700040,BELL RD,,,,485.00,Feet,East,BENZING RD,,,,0.00,N,Not at Intersection,N,Non-Junction,None,,,         ,Brandon,O'Guin,Cloudy,Not Collision with Motor Vehicle in Transport,no,no,no,yes,no,False
101826073,METROPOLITAN NASHVILLE POLICE DEPT,20171004767,Davidson,Nashville,11/15/2017 9:20:00 AM,2,0,0,36.176910,-86.774580,SPRING ST,,,,0.00,,,N 1ST ST,,,,0.00,Y,Four-Way,N,Intersection,None,,,         ,Charles,Coe,Rain,Angle,no,no,no,no,no,False
101826079,METROPOLITAN NASHVILLE POLICE DEPT,20171004787,Davidson,Nashville,11/15/2017 8:05:00 AM,2,0,0,36.069260,-86.691980,I24 E EXT RAMP,,,,0.00,,,HAYWOOD LN,,,,0.00,Y,T-Intersection, ,Intersection-Related,None,,,         ,Ronald,Bright,Rain,Front to Rear,no,no,no,no,no,False
101826112,BELLE MEADE POLICE DEPT,17-0334,Davidson,Belle Meade,11/15/2017 8:00:00 AM,1,0,0,36.120880,-86.853230,HARDING PKE,,,,0.00,,,GARDNER DR,,,,0.00,Y,OTHER, ,Non-Junction,None,,,         ,Keith,Samol,Cloudy,Not Collision with Motor Vehicle in Transport,no,no,no,no,no,False
101826114,METROPOLITAN NASHVILLE POLICE DEPT,20171004587,Davidson,Nashville,11/15/2017 8:04:00 AM,2,1,0,36.107880,-86.768850,I 65,,,,0.00,,,,,,,79.60,N,Not at Intersection,N,Non-Junction,None,,,         ,Nathan,Smith,Cloudy,Front to Rear,no,no,no,no,no,False
101826116,METROPOLITAN NASHVILLE POLICE DEPT,20171004821,Davidson,Nashville,11/15/2017 9:30:00 AM,2,0,0,36.152100,-86.690650,ELM HILL PKE,,,,0.00,,,BRILEY PKWYN,,,,0.00,Y,Four-Way, ,Intersection-Related,None,,,         ,William,Mckay,Cloudy,"Sideswipe, Same Direction",no,no,no,no,no,False
101826118,METROPOLITAN NASHVILLE POLICE DEPT,20171004589,Davidson,Nashville,11/15/2017 8:00:00 AM,2,0,0,36.095820,-86.701970,ANTIOCH PKE,,,,1513.00,Feet,East,METROPLEX DR,,,,0.00,N,Not at Intersection,N,Non-Junction,None,,,         ,Brandon,O'Guin,Cloudy,Front to Rear,no,no,no,no,no,False
101826122,METROPOLITAN NASHVILLE POLICE DEPT,20171004819,Davidson,Nashville,11/15/2017 8:50:00 AM,2,0,0,36.188130,-86.797570,DOMINICAN DR,,,,224.00,Feet,West,FRENCH LANDING DR,,,,0.00,N,Not at Intersection, ,Non-Junction,None,,,         ,Joshua,Baker,Cloudy,"Sideswipe, Same Direction",no,no,no,no,no,False
101826126,METROPOLITAN NASHVILLE POLICE DEPT,20171004893,Davidson,Nashville,11/15/2017 10:40:00 AM,2,0,0,36.159130,-86.865230,BRILEY PKWYN,,,,564.00,Feet,West,BRILEY PKWY N ENT RAMP,,,,0.00,N,Not at Intersection, ,Non-Junction,None,,,         ,Curtis,Rich,Cloudy,Angle,no,no,no,no,no,False
101826131,METROPOLITAN NASHVILLE POLICE DEPT,20171004892,Davidson,Nashville,11/15/2017 10:18:00 AM,1,0,0,36.117770,-86.699290,BRILEY PKWY N ENT RAMP,,,,0.00,Feet,East,BRILEY PKWY N EXT RAMP,,,,0.00,N,Not at Intersection,N,Non-Junction,None,,,         ,Cody,O'Quinn,Cloudy,Not Collision with Motor Vehicle in Transport,no,no,no,no,yes,False
101826132,METROPOLITAN NASHVILLE POLICE DEPT,2017-1004775,Davidson,Nashville,11/15/2017 9:16:00 AM,2,0,0,36.151550,-86.793860,DIVISION ST,,,,175.00,Feet,East,18TH AVS,,,,0.00,N,Not at Intersection, ,"Driveway, Alley Access, etc",None,,,         ,Erik,Wagner,Rain,Angle,no,no,no,no,no,False
101826133,METROPOLITAN NASHVILLE POLICE DEPT,2017-1004856,Davidson,Nashville,11/15/2017 10:03:00 AM,2,2,0,36.131390,-86.795530,BELMONT BLVD,,,,165.00,Feet,North,COMPTON AV,,,,0.00,N,Not at Intersection,N,Non-Junction,None,,,         ,Erik,Wagner,Cloudy,Front to Rear,no,no,no,no,no,False
101826134,VANDERBILT UNIVERSITY POLICE,2017-0959100,Davidson,Nashville,10/31/2017 11:35:00 AM,2,0,0,36.139920,-86.800480,21ST AVS,,,,0.00,,,,,,,0.00,,, ,Non-Junction,None,,,         ,Erich,Stogner,Clear,"Sideswipe, Same Direction",no,no,no,no,no,Campus
101826135,METROPOLITAN NASHVILLE POLICE DEPT,20171004566,Davidson,Nashville,11/15/2017 7:50:00 AM,2,0,0,36.155020,-86.620490,BELL RD,,,,804.00,Feet,East,BELL RD PVTDR,,,,0.00,N,Not at Intersection,N,Non-Junction,None,,,         ,Scott,Toney,Cloudy,Front to Rear,no,no,no,no,yes,False
101826136,METROPOLITAN NASHVILLE POLICE DEPT,20171004643,Davidson,Nashville,11/15/2017 8:15:00 AM,2,0,0,36.146260,-86.742130,I 40,,,,0.00,,,,,,,212.15,N,Not at Intersection, ,Non-Junction,None,,,         ,Scott,Toney,Cloudy,"Sideswipe, Same Direction",no,no,no,no,no,False
101826141,METROPOLITAN NASHVILLE POLICE DEPT,20171004619,Davidson,Nashville,11/15/2017 6:15:00 AM,3,0,0,36.130200,-86.845980,ST THOMAS DR,,,,830.00,Feet,North,BOSLEY SPRINGS RD,,,,0.00,N,Not at Intersection,N,Non-Junction,None,,,         ,Gregory,McDaniel,Clear,Rear to Rear,no,no,no,yes,yes,False
101826151,METROPOLITAN NASHVILLE POLICE DEPT,20171004794,Davidson,Nashville,11/15/2017 8:51:00 AM,2,1,0,36.187920,-86.798480,DOMINICAN DR,,,,0.00,,,ROSA L PARKS BLVD,,,,0.00,Y,OTHER,Y,Intersection,None,,,         ,James,Jarvis,Cloudy,Front to Rear,no,no,no,no,no,False
101826157,METROPOLITAN NASHVILLE POLICE DEPT,20171005049,Davidson,Nashville,11/15/2017 11:13:00 AM,2,0,0,36.151400,-86.779250,8TH AVS,,,,142.00,Feet,South,GLEAVES ST,,,,0.00,N,Not at Intersection, ,,None,,,         ,Christian,Martin,,,no,no,no,no,no,False
101826193,METROPOLITAN NASHVILLE POLICE DEPT,20171005148,Davidson,Nashville,11/15/2017 12:12:00 PM,2,0,0,36.100200,-86.871180,HARDING PKE,,,,53.00,Feet,South,PAGE RD,,,,0.00,N,Not at Intersection, ,Non-Junction,None,,,         ,Curtis,Rich,Cloudy,Front to Rear,no,no,no,no,no,False
101826197,METROPOLITAN NASHVILLE POLICE DEPT,20171004796,Davidson,Nashville,11/15/2017 9:33:00 AM,2,0,0,36.116120,-86.796520,I 440,,,,0.00,,,,,,,3.60,N,Not at Intersection,N,Non-Junction,None,,,         ,Nathan,Smith,Rain,Front to Rear,no,no,no,no,no,False
101826198,METROPOLITAN NASHVILLE POLICE DEPT,20171005139,Davidson,Nashville,11/15/2017 12:08:00 PM,2,0,0,36.194660,-86.775570,I 65,,,,0.00,,,,,,,86.50,N,Not at Intersection,N,Non-Junction,None,,,         ,Thomas,Odom,Cloudy,"Sideswipe, Same Direction",no,no,no,no,yes,False
101826211,METROPOLITAN NASHVILLE POLICE DEPT,20171005180,Davidson,Nashville,11/15/2017 12:22:00 PM,2,0,0,36.162780,-86.775760,2ND AVN,,,,193.00,Feet,South,COMMERCE ST,,,,0.00,N,Not at Intersection, ,,None,,,         ,Christian,Martin,,,no,no,no,no,no,False
101826213,METROPOLITAN NASHVILLE POLICE DEPT,20171004981,Davidson,Nashville,11/15/2017 10:00:00 AM,2,0,0,36.172640,-86.781880,2ND AVN,,,,0.00,,,STOCKYARD ST,,,,0.00,Y,OTHER,N,Intersection,None,,,         ,Randall,Ward,Cloudy,Angle,no,no,no,no,no,False
101826214,GOODLETTSVILLE POLICE DEPT,17-40437,Davidson,Goodlettsville,11/15/2017 9:50:00 AM,2,0,0,36.305910,-86.693820,RIVERGATE MALL PVTDR,,,,0.00,,,CONFERENCE DR,,,,0.00,Y,T-Intersection,N,Non-Junction,None,,,         ,John,Spencer,Clear,HeadOn,no,no,no,no,no,False
101826223,METROPOLITAN NASHVILLE POLICE DEPT,20171005195,Davidson,Nashville,11/15/2017 12:55:00 PM,2,0,0,36.124500,-86.751920,NOLENSVILLE PKE,,,,170.00,Feet,North,I440 W EXT RAMP,,,,0.00,N,Not at Intersection, ,Non-Junction,None,,,         ,Jessie,Meadows,Rain,Angle,no,no,no,no,no,False
101826244,METROPOLITAN NASHVILLE POLICE DEPT,20171005224,Davidson,Not in City Limit,11/15/2017 12:33:00 PM,2,0,0,36.048390,-86.952910,TEMPLE RD,,,,0.00,,,OLD HARDING PKE,,,,0.00,Y,T-Intersection, ,Intersection,None,,,         ,Curtis,Rich,Rain,Angle,no,no,no,no,no,False
101826247,VANDERBILT UNIVERSITY POLICE,17-01005212,Davidson,Nashville,11/15/2017 12:45:00 PM,1,0,0,36.142060,-86.800610,21ST AVS,,,,0.00,,,,,,,0.00,,, ,Non-Junction,Construction Zone,,,         ,Karl,Haury,Cloudy,Not Collision with Motor Vehicle in Transport,no,no,no,no,no,Campus
101826249,METROPOLITAN NASHVILLE POLICE DEPT,20171002517,Davidson,Nashville,11/14/2017 12:00:00 AM,2,0,0,36.192480,-86.815590,ROSA L PARKS BLVD,,,,35.00,Feet,East,MAINSTREAM DR,,,,0.00,N,Not at Intersection, ,Non-Junction,None,,,         ,Melvin,Taylor,Clear,"Sideswipe, Same Direction",no,no,no,no,yes,False
101826250,METROPOLITAN NASHVILLE POLICE DEPT,20171002748,Davidson,Nashville,11/14/2017 12:00:00 AM,2,0,0,36.180800,-86.795800,GARFIELD ST,,,,177.00,Feet,East,ROSA L PARKS BLVD,,,,0.00,N,Not at Intersection, ,Non-Junction,None,,,         ,Melvin,Taylor,Clear,Front to Rear,no,no,no,no,yes,False
101826251,METROPOLITAN NASHVILLE POLICE DEPT,20171005238,Davidson,Nashville,11/15/2017 12:00:00 AM,1,0,0,36.232290,-86.826390,BRILEY PKWYW,,,,363.00,Feet,West,BRILEY PKWYE,,,,0.00,N,Not at Intersection,N,Non-Junction,None,,,         ,Melvin,Taylor,Rain,Not Collision with Motor Vehicle in Transport,no,no,no,no,no,False
101826269,THP District 3 - Nashville,317068003,Davidson,Nashville,11/14/2017 2:59:00 PM,2,0,0,36.105620,-86.671800,MURFREESBORO PKE,,,,0.00,,,EZELL PKE,,,,0.00,Y,T-Intersection,N,Intersection,None,,,         ,Kevin,Smith,Clear,Angle,no,no,no,no,no,False
101826271,METROPOLITAN NASHVILLE POLICE DEPT,20171003020,Davidson,Nashville,11/14/2017 9:00:00 PM,1,1,0,36.128110,-86.742070,FOSTER AV,,,,100.00,Feet,South,LYLE LN,,,,0.00,N,Not at Intersection,N,Non-Junction,None,,,         ,Tyler,Conrads,Clear,Not Collision with Motor Vehicle in Transport,no,no,no,yes,no,False
101826272,METROPOLITAN NASHVILLE POLICE DEPT,20171005040,Davidson,Nashville,11/15/2017 11:24:00 AM,2,0,0,36.110940,-86.745220,THOMPSON LN,,,,0.00,,,NOLENSVILLE PKE,,,,0.00,Y,Four-Way,N,Intersection-Related,None,,,         ,Phillip,Murphy,Cloudy,Front to Rear,no,no,no,no,no,False
101826303,METROPOLITAN NASHVILLE POLICE DEPT,20171004984,Davidson,Nashville,11/15/2017 10:45:00 AM,2,0,0,36.075040,-86.919220,HIGHWAY 70S,,,,52.00,Feet,West,BELLE FOREST SHOPPING CENTER P,,,,0.00,N,Not at Intersection,N,Non-Junction,None,,,         ,Charles,Boles,Cloudy,HeadOn,no,no,no,no,yes,False
101826304,METROPOLITAN NASHVILLE POLICE DEPT,20171005106,Davidson,Nashville,11/15/2017 9:42:00 AM,3,0,0,36.157920,-86.760430,I 24,,,,0.00,,,,,,,49.60,N,Not at Intersection, ,OtherLocation,None,,,         ,Frank,Campbell,Rain,Front to Rear,no,no,no,no,no,False
101826306,METROPOLITAN NASHVILLE POLICE DEPT,20171001737,Davidson,Nashville,11/14/2017 1:04:00 PM,3,4,0,36.163870,-86.786620,CHARLOTTE AV,,,,0.00,,,YMCA WAY,,,,0.00,Y,Four-Way,N,Intersection,None,,,         ,Wesley,Henderson,Clear,Angle,no,no,no,no,no,False
101826307,METROPOLITAN NASHVILLE POLICE DEPT,20171005268,Davidson,Goodlettsville,11/15/2017 1:15:00 PM,2,0,0,36.292960,-86.704090,RIVERGATE SQUARE PVTDR,,,,160.00,Feet,North,ALTA LOMA RD,,,,0.00,N,Not at Intersection,N,Non-Junction,None,,,         ,Thomas,Odom,Cloudy,Front to Rear,no,no,no,yes,yes,False
101826309,METROPOLITAN NASHVILLE POLICE DEPT,20171005124,Davidson,Nashville,11/15/2017 11:34:00 AM,2,0,0,36.040900,-86.779380,OLD HICKORY BLVD,,,,0.00,,,STONE BROOK DR,,,,0.00,Y,Four-Way,N,Intersection,None,,,         ,Phillip,Murphy,Cloudy,Angle,no,no,no,no,no,False
101826315,METROPOLITAN NASHVILLE POLICE DEPT,20171005317,Davidson,Nashville,11/15/2017 1:35:00 PM,2,1,0,36.088770,-86.615250,CASTLEGATE DR,,,,176.00,Feet,South,SMITH SPRINGS RD,,,,0.00,N,Not at Intersection,N,Non-Junction,None,,,         ,Scott,Toney,Rain,Angle,no,no,no,no,no,False
101826317,METROPOLITAN NASHVILLE POLICE DEPT,20171005299,Davidson,Nashville,11/15/2017 1:28:00 PM,2,2,0,36.167510,-86.820670,28TH AVN,,,,104.00,Feet,South,JEFFERSON ST,,,,0.00,N,Not at Intersection,N,Non-Junction,None,,,         ,James,Jarvis,Rain,Angle,no,no,no,no,no,False
101826323,METROPOLITAN NASHVILLE POLICE DEPT,20171005185,Davidson,Nashville,11/15/2017 12:23:00 PM,2,0,0,36.216910,-86.739700,R S GASS BLVD,,,,0.00,,,HART LN,,,,0.00,Y,OTHER,N,Non-Junction,None,,,         ,Alex,Moore,Cloudy,Angle,no,no,no,no,no,False
101826330,METROPOLITAN NASHVILLE POLICE DEPT,20171005324,Davidson,Nashville,11/15/2017 1:35:00 PM,2,0,0,36.188580,-86.729240,PORTER RD,,,,65.00,Feet,South,GREENWOOD AV,,,,0.00,N,Not at Intersection, ,Non-Junction,None,,,         ,Erik,Nash,Rain,"Sideswipe, Same Direction",no,no,no,no,no,False
101826356,METROPOLITAN NASHVILLE POLICE DEPT,20171005294,Davidson,Nashville,11/15/2017 1:20:00 PM,2,2,0,36.228680,-86.759400,DICKERSON PKE,,,,256.00,Feet,South,BROADMOOR DR,,,,0.00,N,Not at Intersection,N,Non-Junction,None,,,         ,Jack,Crouch,Rain,"Sideswipe, Same Direction",no,no,no,no,yes,False
101826357,METROPOLITAN NASHVILLE POLICE DEPT,20171005349,Davidson,Nashville,11/15/2017 2:10:00 PM,2,0,0,36.088780,-86.650910,RANSOM PL,,,,31.00,Feet,West,CAPITAL FUNDS CT,,,,0.00,N,Not at Intersection, ,Non-Junction,None,,,         ,Jessie,Meadows,Rain,Angle,no,no,no,no,no,False
101826358,METROPOLITAN NASHVILLE POLICE DEPT,20170999322,Davidson,Nashville,11/13/2017 4:53:00 PM,2,0,0,36.151710,-86.786670,I 40,,,,0.00,,,,,,,209.45,N,Not at Intersection, ,Entrance/Exit Ramp Related,None,,,         ,Tien,Nguyen,Clear,"Sideswipe, Same Direction",no,no,no,no,no,False
101826359,METROPOLITAN NASHVILLE POLICE DEPT,20170999318,Davidson,Nashville,11/13/2017 7:50:00 PM,2,0,0,36.151680,-86.786640,I 40,,,,0.00,,,,,,,209.45,N,Not at Intersection, ,Non-Junction,None,,,         ,Tien,Nguyen,Clear,Front to Rear,no,no,no,no,no,False
101826360,METROPOLITAN NASHVILLE POLICE DEPT,20171002588,Davidson,Nashville,11/14/2017 5:35:00 PM,2,0,0,36.120160,-86.749840,NOLENSVILLE PKE,,,,146.00,Feet,South,I440 E ENT RAMP,,,,0.00,N,Not at Intersection,N,Non-Junction,None,,,         ,Alyson,Cook,Clear,Front to Rear,no,no,no,no,yes,False
101826361,METROPOLITAN NASHVILLE POLICE DEPT,20171002661,Davidson,Nashville,11/14/2017 6:33:00 PM,2,0,0,36.091890,-86.704830,I 24,,,,0.00,,,,,,,55.20,N,Not at Intersection, ,Non-Junction,None,,,         ,Alyson,Cook,Clear,Front to Rear,no,no,no,no,no,False
101826362,METROPOLITAN NASHVILLE POLICE DEPT,20171002912,Davidson,Nashville,11/14/2017 8:24:00 PM,1,1,0,36.082660,-86.722200,WELCH RD,,,,234.00,Feet,East,FOXGLOVE DR,,,,0.00,N,Not at Intersection,N,Non-Junction,None,,,         ,Alyson,Cook,Clear,Not Collision with Motor Vehicle in Transport,no,no,no,no,no,False
101826399,METROPOLITAN NASHVILLE POLICE DEPT,2017-1005343,Davidson,Nashville,11/15/2017 2:00:00 PM,2,0,0,36.150390,-86.801150,21ST AVS,,,,41.00,Feet,South,WEST END AV,,,,0.00,N,Not at Intersection, ,Non-Junction,None,,,         ,Jonathan,Seidl,Rain,Angle,no,no,no,no,no,Campus
101826408,METROPOLITAN NASHVILLE POLICE DEPT,201701005351,Davidson,Nashville,11/15/2017 1:58:00 PM,2,0,0,36.249060,-86.741940,I 65,,,,0.00,,,,,,,91.15,N,Not at Intersection,N,Non-Junction,None,,,         ,Brandon,Wood,Rain,"Sideswipe, Same Direction",no,no,no,no,no,False
101826409,METROPOLITAN NASHVILLE POLICE DEPT,20171005387,Davidson,Not in City Limit,11/15/2017 2:15:00 PM,2,1,0,36.077820,-86.948390,HIGHWAY 70S,,,,212.00,Feet,East,BELLEVUE CTR PVTDR,,,,0.00,N,Not at Intersection,N,Non-Junction,None,,,         ,Curtis,Rich,Rain,Front to Rear,no,no,no,no,no,False
101826428,METROPOLITAN NASHVILLE POLICE DEPT,20171003066,Davidson,Nashville,11/14/2017 9:21:00 PM,1,0,0,36.124100,-86.811120,I 440,,,,0.00,,,,,,,2.50,N,Not at Intersection,N,Non-Junction,None,,,         ,David,Collins,Clear,Not Collision with Motor Vehicle in Transport,no,no,no,no,no,False
101826429,METROPOLITAN NASHVILLE POLICE DEPT,20170975118,Davidson,Nashville,11/5/2017 12:00:00 AM,1,0,0,36.089220,-86.614040,CLEARLAKE DRW,,,,68.00,Feet,North,SMITH SPRINGS RD,,,,0.00,N,Not at Intersection,N,Non-Junction,None,,,         ,Kimberly,Annson,Clear,Not Collision with Motor Vehicle in Transport,no,no,no,no,yes,False
101826448,METROPOLITAN NASHVILLE POLICE DEPT,20171003014,Davidson,Nashville,11/14/2017 8:28:00 PM,2,0,0,36.176740,-86.772420,SPRING ST,,,,12.00,Feet,East,I24 W ENT RAMP,,,,0.00,N,Not at Intersection, ,Non-Junction,None,,,         ,Charles,Wakefield,Clear,"Sideswipe, Same Direction",no,no,no,no,no,False
101826449,METROPOLITAN NASHVILLE POLICE DEPT,20171005404,Davidson,Nashville,11/15/2017 2:33:00 PM,2,0,0,36.154280,-86.759430,I 40,,,,0.00,,,,,,,211.00,N,Not at Intersection, ,Non-Junction,None,,,         ,Cody,O'Quinn,Rain,Front to Rear,no,no,no,no,no,False
101826454,METROPOLITAN NASHVILLE POLICE DEPT,20171005488,Davidson,Nashville,11/15/2017 2:18:00 PM,2,0,0,36.139390,-86.819050,WEST END AV,,,,22.00,Feet,North,MURPHY RD,,,,0.00,N,Not at Intersection, ,,None,,,         ,Ryan,Cagle,,,no,no,no,no,no,False
101826458,METROPOLITAN NASHVILLE POLICE DEPT,20171005453,Davidson,Nashville,11/15/2017 12:00:00 AM,2,0,0,36.180060,-86.802760,10TH AVN,,,,162.00,Feet,South,BUCHANAN ST,,,,0.00,N,Not at Intersection, ,Non-Junction,None,,,         ,Melvin,Taylor,Clear,"Sideswipe, Opposite Direction",no,no,no,yes,no,False
101826460,METROPOLITAN NASHVILLE POLICE DEPT,20171002433,Davidson,Nashville,11/14/2017 5:20:00 PM,2,0,0,36.059470,-86.668730,MOSS RD,,,,8.00,Feet,East,UNA ANTIOCH PKE,,,,0.00,N,Not at Intersection, ,Non-Junction,None,,,         ,Devonte,Coleman,Clear,Angle,no,no,no,no,no,False
101826461,METROPOLITAN NASHVILLE POLICE DEPT,20171002610,Davidson,Nashville,11/14/2017 6:24:00 PM,3,1,0,36.103230,-86.666480,MURFREESBORO PKE,,,,0.00,,,FAIRCLOTH LN,,,,0.00,Y,T-Intersection,N,Intersection,None,,,         ,Devonte,Coleman,Clear,Angle,no,no,no,no,no,False