master_record_number,agency,agency_tracking_number,county,city,collision_date,vehicles_involved,number_injured,number_dead,latitude,longitude,roadway_name,roadway_suffix,roadway_number,roadway_local_id,distance_from_reference,miles-feet_indicator,direction_from_reference,intersection_road_name,intersection_road_name_suffix,intersection_road_number,intersection_local_id,mile_marker,intersection_indicator,intersect_type,interchange_related_indicator,relation_to_junction,work_zone_type,construction_maintenance_zone,construction_maintenance_zone_location,fatal_case_number,officer_first_name,officer_last_name,weather_condition(s),manner_of_crash,pedestrian,bicycle,scooter,parking,hitrun,mou
101826462,METROPOLITAN NASHVILLE POLICE DEPT,20171002827,Davidson,Nashville,11/14/2017 7:52:00 PM,1,1,0,36.060030,-86.667410,UNA ANTIOCH PKE,,,,161.00,Feet,West,ANTIOCH WOODS WAY,,,,0.00,N,Not at Intersection,N,Non-Junction,None,,,         ,Devonte,Coleman,Clear,Not Collision with Motor Vehicle in Transport,no,no,no,no,no,False
101826463,METROPOLITAN NASHVILLE POLICE DEPT,20171002491,Davidson,Nashville,11/14/2017 5:28:00 PM,2,0,0,36.130510,-86.751090,POLK AV,,,,169.00,Feet,East,WHITNEY AV,,,,0.00,N,Not at Intersection, ,Non-Junction,None,,,         ,Aimee,Ortiz,Clear,Front to Rear,no,no,no,no,no,False
101826466,METROPOLITAN NASHVILLE POLICE DEPT,20171005529,Davidson,Nashville,11/15/2017 3:16:00 PM,2,0,0,36.255990,-86.756210,DUE WEST AVN,,,,500.00,Feet,East,DICKERSON PKE,,,,0.00,N,Not at Intersection, ,Non-Junction,None,,,         ,Christopher,Littles,Rain,Front to Rear,no,no,no,no,no,False
101826467,METROPOLITAN NASHVILLE POLICE DEPT,20171005467,Davidson,Nashville,11/15/2017 12:00:00 AM,2,0,0,36.150470,-86.775650,EWING AV,,,,0.00,,,VINE ST,,,,0.00,Y,T-Intersection, ,Intersection,None,,,         ,Derek,Betty,Rain,Angle,no,no,no,no,no,False
101826468,METROPOLITAN NASHVILLE POLICE DEPT,20171005477,Davidson,Nashville,11/15/2017 3:18:00 PM,2,0,0,36.155900,-86.789460,I 40,,,,0.00,,,,,,,209.15,N,Not at Intersection, ,,None,,,         ,David,Collins,,,no,no,no,no,no,False
101826473,METROPOLITAN NASHVILLE POLICE DEPT,2017-1005389,Davidson,Nashville,11/15/2017 2:19:00 PM,2,0,0,36.166130,-86.764450,I 24,,,,0.00,,,,,,,49.00,N,Not at Intersection, ,Non-Junction,None,,,         ,Stanley,Collins,Rain,Front to Rear,no,no,no,no,no,False
101826483,METROPOLITAN NASHVILLE POLICE DEPT,20171005557,Davidson,Nashville,11/15/2017 3:19:00 PM,2,0,0,36.170980,-86.770370,JAMES ROBERTSON PKWY,,,,425.00,Feet,West,INTERSTATE DR,,,,0.00,N,Not at Intersection, ,Non-Junction,None,,,         ,Jacob,Dick,Rain,Front to Rear,no,no,no,no,no,False
101826487,METROPOLITAN NASHVILLE POLICE DEPT,20171002230,Davidson,Not in City Limit,11/14/2017 4:14:00 PM,1,0,0,36.095310,-86.556230,HOBSON PKE,,,,499.00,Feet,South,WALKER RD,,,,0.00,N,Not at Intersection, ,Non-Junction,None,,,         ,Joseph,Progar,Clear,Not Collision with Motor Vehicle in Transport,no,no,no,no,no,False
101826495,METROPOLITAN NASHVILLE POLICE DEPT,20171005651,Davidson,Nashville,11/15/2017 3:16:00 PM,2,0,0,36.154990,-86.813440,CHARLOTTE AV,,,,408.00,Feet,North,FELICIA ST,,,,0.00,N,Not at Intersection, ,Non-Junction,None,,,         ,Ryan,Cagle,Cloudy,Front to Rear,no,no,no,no,no,False
101826507,METROPOLITAN NASHVILLE POLICE DEPT,20171005455,Davidson,Not in City Limit,11/15/2017 1:34:00 PM,2,0,0,36.264240,-86.728080,OLD HICKORY BLVDW,,,,250.00,Feet,West,E MARTHONA RD,,,,0.00,N,Not at Intersection,N,Non-Junction,None,,,         ,Samuel,Miller,Rain,Front to Rear,no,no,no,no,yes,False
101826508,METROPOLITAN NASHVILLE POLICE DEPT,20171005553,Davidson,Nashville,11/15/2017 2:29:00 PM,2,0,0,36.158070,-86.791310,CHURCH ST,,,,0.00,,,14TH AVN,,,,0.00,Y,Four-Way, ,Non-Junction,None,,,         ,David,Collins,Rain,"Sideswipe, Same Direction",no,no,no,no,no,False
101826512,METROPOLITAN NASHVILLE POLICE DEPT,20171005420,Davidson,Nashville,11/15/2017 2:20:00 PM,3,1,0,36.111860,-86.771570,I 65,,,,0.00,,,,,,,79.90,N,Not at Intersection,N,Non-Junction,None,,,         ,Jon,Mcvey,Rain,Front to Rear,no,no,no,no,no,False
101826515,METROPOLITAN NASHVILLE POLICE DEPT,20171005425,Davidson,Nashville,11/15/2017 2:45:00 PM,3,1,0,36.153000,-86.857610,BRILEY PKWY,,,,0.00,Feet,,I40 W EXT RAMP,,,,0.00,Y,OTHER,N,Intersection-Related,None,,,         ,Torian,Cox,Rain,Front to Rear,no,no,no,no,yes,False
101826520,METROPOLITAN NASHVILLE POLICE DEPT,20171005507,Davidson,Nashville,11/15/2017 3:09:00 PM,2,0,0,36.170950,-86.770480,JAMES ROBERTSON PKWY,,,,460.00,Feet,West,INTERSTATE DR,,,,0.00,N,Not at Intersection, ,Non-Junction,None,,,         ,Jacob,Dick,Cloudy,"Sideswipe, Same Direction",no,no,no,no,no,False
101826522,METROPOLITAN NASHVILLE POLICE DEPT,2017-1005564,Davidson,Nashville,11/15/2017 3:33:00 PM,2,0,0,36.174090,-86.605340,CENTRAL PKE,,,,0.00,Feet,,CENTRAL PKE ENT RAMP,,,,0.00,Y,T-Intersection, ,Entrance/Exit Ramp Related,None,,,         ,Sandra,Talavera,Rain,Front to Rear,no,no,no,no,no,False
101826527,METROPOLITAN NASHVILLE POLICE DEPT,20171005763,Davidson,Nashville,11/15/2017 4:30:00 PM,2,0,0,36.125110,-86.733590,I24 E ENT RAMP,,,,0.00,Feet,East,I 440,,,,0.00,N,Not at Intersection, ,Non-Junction,None,,,         ,Alyson,Cook,Clear,Front to Rear,no,no,no,no,no,False
101826529,METROPOLITAN NASHVILLE POLICE DEPT,20171005709,Davidson,Nashville,11/15/2017 4:19:00 PM,2,0,0,36.089550,-86.621320,SMITH SPRINGS RD,,,,245.00,Feet,East,RURAL HILL RD,,,,0.00,N,Not at Intersection, ,Non-Junction,None,,,         ,Michael,Apsey,Rain,Front to Rear,no,no,no,no,no,False
101826535,METROPOLITAN NASHVILLE POLICE DEPT,20171005636,Davidson,Nashville,11/15/2017 12:00:00 AM,2,1,0,36.227330,-86.835440,BRILEY PKWY E ENT RAMP,,,,0.00,Feet,East,CLARKSVILLE PKE PVTDR,,,,0.00,N,Not at Intersection,N,Non-Junction,None,,,         ,Melvin,Taylor,Clear,Angle,no,no,no,no,no,False
101826551,METROPOLITAN NASHVILLE POLICE DEPT,20171005802,Davidson,Nashville,11/15/2017 4:24:00 PM,2,0,0,36.182270,-86.607960,OLD HICKORY BLVD,,,,0.00,Feet,,ANDREW JACKSON WAY,,,,0.00,Y,Four-Way,N,Intersection,None,,,         ,Noah,Melton,Rain,Angle,no,no,no,no,yes,False
101826557,METROPOLITAN NASHVILLE POLICE DEPT,20171005764,Davidson,Nashville,11/15/2017 5:15:00 PM,2,0,0,36.065580,-86.680150,ANTIOCH PKE,,,,15.00,Feet,West,REEVES RD,,,,0.00,N,Not at Intersection, ,Non-Junction,None,,,         ,Jessie,Meadows,Rain,Front to Rear,no,no,no,no,no,False
101826560,METROPOLITAN NASHVILLE POLICE DEPT,20171005757,Davidson,Nashville,11/15/2017 4:45:00 PM,2,0,0,36.173870,-86.791390,MADISON ST,,,,101.00,Feet,East,ROSA L PARKS BLVD,,,,0.00,N,Not at Intersection, ,Non-Junction,None,,,         ,Landon,Bagwell,Rain,Angle,no,no,no,no,no,False
101826562,METROPOLITAN NASHVILLE POLICE DEPT,20171005658,Davidson,Nashville,11/15/2017 4:12:00 PM,2,1,0,36.217770,-86.604500,SHUTE LN,,,,1149.00,Feet,North,LEBANON PKE,,,,0.00,N,Not at Intersection,N,Non-Junction,None,,,         ,Cody,O'Quinn,Cloudy,HeadOn,no,no,no,no,no,False
101826563,METROPOLITAN NASHVILLE POLICE DEPT,20171005819,Davidson,Nashville,11/15/2017 4:55:00 PM,2,0,0,36.052180,-86.776010,FRANKLIN PKE,,,,77.00,Feet,South,FOREST HILLS DR,,,,0.00,N,Not at Intersection,N,Non-Junction,None,,,         ,Edin,Plancic,Cloudy,Front to Rear,no,no,no,no,no,False
101826572,METROPOLITAN NASHVILLE POLICE DEPT,20171005582,Davidson,Nashville,11/15/2017 3:57:00 PM,2,0,0,36.070000,-86.689830,I 24,,,,0.00,,,,,,,57.00,N,Not at Intersection,N,Non-Junction,None,,,         ,Nakia,Reid,Rain,"Sideswipe, Same Direction",no,no,no,no,no,False
101826573,METROPOLITAN NASHVILLE POLICE DEPT,20171005848,Davidson,Nashville,11/15/2017 5:00:00 PM,2,0,0,36.169540,-86.671600,LEBANON PKE,,,,0.00,,,BLUEFIELD AV,,,,0.00,Y,T-Intersection,Y,Intersection,None,,,         ,John,Kelley,Rain,Angle,no,no,no,no,no,False
101826574,METROPOLITAN NASHVILLE POLICE DEPT,2017-1005648,Davidson,Nashville,11/15/2017 3:46:00 PM,2,0,0,36.171120,-86.782400,HARRISON ST,,,,50.00,Feet,West,3RD AVN,,,,0.00,N,Not at Intersection, ,Non-Junction,None,,,         ,Michael,Schlegel,Cloudy,Front to Rear,no,no,no,no,no,False
101826576,METROPOLITAN NASHVILLE POLICE DEPT,20171005917,Davidson,Nashville,11/15/2017 5:31:00 PM,2,0,0,36.157190,-86.803280,CHARLOTTE AV,,,,102.00,Feet,East,20TH AVN,,,,0.00,N,Not at Intersection, ,Non-Junction,None,,,         ,Ryan,Cagle,Cloudy,"Sideswipe, Same Direction",no,no,no,no,no,False
101826580,METROPOLITAN NASHVILLE POLICE DEPT,20171005504,Davidson,Nashville,11/15/2017 3:16:00 PM,2,0,0,36.104400,-86.796480,MAPLEHURST AV,,,,0.00,,,GRANNY WHITE PKE,,,,0.00,Y,Four-Way, ,Intersection,None,,,         ,Austin,Kendrick,Rain,Angle,no,no,no,no,no,False
101826581,METROPOLITAN NASHVILLE POLICE DEPT,20171005792,Davidson,Nashville,11/15/2017 4:59:00 PM,1,1,0,36.167600,-86.762220,S 5TH ST,,,,0.00,,,SHELBY AV,,,,0.00,Y,Four-Way,N,Intersection,None,,,         ,Charles,Wakefield,Clear,Not Collision with Motor Vehicle in Transport,yes,no,no,no,no,False
101826584,METROPOLITAN NASHVILLE POLICE DEPT,2017-1005613,Davidson,Nashville,11/15/2017 3:23:00 PM,2,0,0,36.136200,-86.876820,HILLWOOD BLVD,,,,0.00,,,FLEETWOOD DR,,,,0.00,Y,Four-Way,N,Intersection,None,,,         ,Ryan,Allen,Rain,Front to Rear,no,no,no,no,no,False
101826585,METROPOLITAN NASHVILLE POLICE DEPT,20171005933,Davidson,Nashville,11/15/2017 5:44:00 PM,2,0,0,36.091960,-86.685010,HARDING PL,,,,106.00,Feet,East,MCGAVOCK PKE,,,,0.00,N,Not at Intersection,N,Non-Junction,None,,,         ,Alyson,Cook,Clear,"Sideswipe, Same Direction",no,no,no,no,yes,False
101826588,VANDERBILT UNIVERSITY POLICE,17-1005748,Davidson,Nashville,11/15/2017 12:00:00 AM,2,0,0,36.141470,-86.811880,VANDERBILT PL,,,,333.00,Feet,South,29TH AVS,,,,0.00,N,Not at Intersection,N,Non-Junction,None,,,         ,Cedric,Edwards,Unknown,Unknown,no,no,no,yes,yes,Campus
101826603,METROPOLITAN NASHVILLE POLICE DEPT,20171005813,Davidson,Nashville,11/15/2017 4:08:00 PM,2,0,0,36.229630,-86.781670,BRICK CHURCH PKE,,,,1900.00,Feet,North,BRICK CHURCH PARK DR,,,,0.00,N,Not at Intersection,N,Non-Junction,None,,,         ,Samuel,Miller,Rain,Front to Rear,no,no,no,no,no,False
101826606,VANDERBILT UNIVERSITY POLICE,2017-1005662,Davidson,Nashville,11/15/2017 2:45:00 PM,2,0,0,36.140880,-86.807470,25TH AVS,,,,0.00,,,,,,,0.00,,, ,Non-Junction,None,,,         ,Christopher,Dion,Rain,"Sideswipe, Same Direction",no,no,no,yes,no,Campus
101826607,METROPOLITAN NASHVILLE POLICE DEPT,20171005995,Davidson,Nashville,11/15/2017 5:20:00 PM,2,0,0,36.037470,-86.790980,OLD HICKORY BLVD,,,,0.00,Feet,,S HILLVIEW DR,,,,0.00,Y,Four-Way, ,Intersection,None,,,         ,Edin,Plancic,Cloudy,Front to Rear,no,no,no,no,no,False
101826608,METROPOLITAN NASHVILLE POLICE DEPT,20171005959,Davidson,Nashville,11/15/2017 6:00:00 PM,2,2,0,36.118190,-86.631130,BELL RD,,,,0.00,,,HERON POINTE DR,,,,0.00,Y,T-Intersection,N,Intersection,None,,,         ,Michael,Apsey,Rain,Angle,no,no,no,no,no,False
101826609,METROPOLITAN NASHVILLE POLICE DEPT,20171005972,Davidson,Nashville,11/15/2017 5:45:00 PM,2,0,0,36.047980,-86.655200,BELL RD,,,,266.00,Feet,East,HICKORY HOLLOW PKWY,,,,0.00,N,Not at Intersection,N,Non-Junction,None,,,         ,Candice,Soper,Rain,Front to Rear,no,no,no,no,no,False
101826610,METROPOLITAN NASHVILLE POLICE DEPT,20171005739,Davidson,Nashville,11/15/2017 4:43:00 PM,2,0,0,36.174030,-86.605940,CENTRAL PKE,,,,0.00,Feet,West,I40 E EXT RAMP,,,,0.00,N,Not at Intersection,N,Non-Junction,None,,,         ,Brenna,Hosey,Rain,Front to Rear,no,no,no,no,yes,False
101826619,METROPOLITAN NASHVILLE POLICE DEPT,20171005981,Davidson,Nashville,11/15/2017 5:45:00 PM,2,1,0,36.125470,-86.727880,I 24,,,,0.00,,,,,,,52.55,N,Not at Intersection,N,Non-Junction,None,,,         ,Richard,Olive,Rain,Front to Rear,no,no,no,no,no,False
101826621,METROPOLITAN NASHVILLE POLICE DEPT,20171006043,Davidson,Nashville,11/15/2017 6:18:00 PM,2,0,0,36.154340,-86.792720,BROADWAY,,,,56.00,Feet,East,WEST END AV,,,,0.00,N,Not at Intersection, ,Non-Junction,None,,,         ,Ryan,Cagle,Cloudy,Angle,no,no,no,no,no,False
101826624,METROPOLITAN NASHVILLE POLICE DEPT,20171005939,Davidson,Nashville,11/15/2017 5:54:00 PM,2,0,0,36.141790,-86.777490,CHESTNUT ST,,,,0.00,,,CHERRY AV,,,,0.00,Y,T-Intersection, ,,None,,,         ,David,Collins,,,no,no,no,no,no,False
101826625,METROPOLITAN NASHVILLE POLICE DEPT,20171005853,Davidson,Nashville,11/15/2017 4:54:00 PM,1,0,0,36.037040,-86.749280,NICKLEBY DOWN,,,,0.00,Feet,,COPPERFIELD WAY,,,,0.00,Y,Roundabout,N,Intersection,None,,,         ,William,King,Rain,Not Collision with Motor Vehicle in Transport,no,no,no,no,no,False
101826626,METROPOLITAN NASHVILLE POLICE DEPT,20171006017,Davidson,Nashville,11/15/2017 12:00:00 AM,2,0,0,36.174010,-86.790380,7TH AVN,,,,40.00,Feet,South,MADISON ST,,,,0.00,N,Not at Intersection, ,Non-Junction,None,,,         ,Melvin,Taylor,Clear,Angle,no,no,no,no,no,False
101826627,METROPOLITAN NASHVILLE POLICE DEPT,20171005880,Davidson,Nashville,11/15/2017 5:26:00 PM,3,0,0,36.126130,-86.731180,I 440,,,,0.00,,,,,,,7.35,N,Not at Intersection,Y,Non-Junction,None,,,         ,Patrick,Martin,Rain,Front to Rear,no,no,no,no,no,False
101826630,METROPOLITAN NASHVILLE POLICE DEPT,20171005904,Davidson,Nashville,11/15/2017 5:35:00 PM,2,1,0,36.083400,-86.727470,WELCH RD,,,,0.00,,,NOLENSVILLE PKE,,,,0.00,Y,T-Intersection,N,Intersection,None,,,         ,Nicholas,Berens,Rain,Angle,no,no,no,no,no,False
101826641,METROPOLITAN NASHVILLE POLICE DEPT,20171005809,Davidson,Nashville,11/15/2017 5:04:00 PM,2,0,0,36.087990,-86.690970,HARDING PL,,,,418.00,Feet,East,ANTIOCH PKE,,,,0.00,N,Not at Intersection,N,"Driveway, Alley Access, etc",None,,,         ,Nakia,Reid,Rain,Angle,no,no,no,no,no,False
101826645,METROPOLITAN NASHVILLE POLICE DEPT,20171006058,Davidson,Nashville,11/15/2017 6:35:00 PM,2,0,0,36.157880,-86.781440,MCGAVOCK ST,,,,0.00,,,8TH AVS,,,,0.00,Y,Four-Way, ,Non-Junction,None,,,         ,Jacob,Dick,Rain,"Sideswipe, Same Direction",no,no,no,no,no,False
101826646,METROPOLITAN NASHVILLE POLICE DEPT,20171006093,Davidson,Nashville,11/15/2017 6:19:00 PM,2,0,0,36.110160,-86.770400,I 65,,,,0.00,,,,,,,79.75,N,Not at Intersection,N,Non-Junction,None,,,         ,Austin,Kendrick,Cloudy,Front to Rear,no,no,no,no,no,False
101826653,METROPOLITAN NASHVILLE POLICE DEPT,20171005850,Davidson,Nashville,11/15/2017 5:15:00 PM,2,0,0,36.149920,-86.784620,I 40,,,,0.00,,,,,,,209.55,N,Not at Intersection, ,Non-Junction,None,,,         ,Jon,Mcvey,Rain,"Sideswipe, Same Direction",no,no,no,no,no,False
101826664,METROPOLITAN NASHVILLE POLICE DEPT,20171006061,Davidson,Nashville,11/15/2017 6:25:00 PM,2,0,0,36.153280,-86.750120,HERMITAGE AV,,,,18.00,Feet,East,STANLEY ST,,,,0.00,N,Not at Intersection, ,Non-Junction,None,,,         ,Tyler,Maupin,Rain,Angle,no,no,no,no,no,False
101826667,METROPOLITAN NASHVILLE POLICE DEPT,20171005503,Davidson,Nashville,11/15/2017 2:30:00 PM,2,0,0,36.109410,-86.727890,BRILEY PKWYN,,,,0.00,,,BRILEY PKWYS,,,,0.00,Y,Four-Way, ,Intersection,None,,,         ,Benjamin,Froehlich,Rain,Front to Rear,no,no,no,no,no,False
101826668,METROPOLITAN NASHVILLE POLICE DEPT,20171006140,Davidson,Nashville,11/15/2017 6:38:00 PM,2,0,0,36.142150,-86.816010,WEST END AV,,,,98.00,Feet,North,32ND AVS,,,,0.00,N,Not at Intersection, ,,None,,,         ,Ryan,Cagle,,,no,no,no,no,no,Campus
101826671,METROPOLITAN NASHVILLE POLICE DEPT,20171006106,Davidson,Nashville,11/15/2017 5:19:00 PM,1,0,0,36.074810,-86.758790,BLACKMAN RD,,,,109.00,Feet,East,TROUSDALE DR,,,,0.00,N,Not at Intersection, ,Non-Junction,None,,,         ,Edin,Plancic,Cloudy,Not Collision with Motor Vehicle in Transport,no,no,no,no,no,False
101826673,GOODLETTSVILLE POLICE DEPT,17-40470,Davidson,Goodlettsville,11/15/2017 6:19:00 PM,2,3,0,36.308510,-86.704280,I 65,,,,0.00,,,,,,,95.90,N,Not at Intersection,Y,Non-Junction,None,,,         ,Zachary,Goodwin,Clear,"Sideswipe, Same Direction",no,no,no,no,yes,False
101826680,METROPOLITAN NASHVILLE POLICE DEPT,20171005976,Davidson,Nashville,11/15/2017 5:39:00 PM,2,0,0,36.033520,-86.712980,CELEBRATION WAY,,,,0.00,,,NOLENSVILLE PKE,,,,0.00,Y,T-Intersection, ,Intersection-Related,None,,,         ,Joseph,Progar,Rain,Angle,no,no,no,no,no,False
101826685,METROPOLITAN NASHVILLE POLICE DEPT,20171006067,Davidson,Nashville,11/15/2017 5:02:00 PM,2,0,0,36.069120,-86.683840,ANTIOCH PKE,,,,0.00,,,RICHARDS RD,,,,0.00,Y,T-Intersection,N,Intersection,None,,,         ,Alyson,Cook,Clear,Angle,no,no,no,no,no,False
101826689,METROPOLITAN NASHVILLE POLICE DEPT,20171006091,Davidson,Nashville,11/15/2017 6:45:00 PM,2,0,0,36.146910,-86.688220,ERMAC DR,,,,885.00,Feet,North,MARRIOTT DR,,,,0.00,N,Not at Intersection,N,Non-Junction,None,,,         ,John,Kelley,Rain,Angle,no,no,no,no,no,False
101826697,METROPOLITAN NASHVILLE POLICE DEPT,20171005973,Davidson,Nashville,11/15/2017 6:04:00 PM,3,0,0,36.169420,-86.774500,JAMES ROBERTSON PKWY,,,,565.00,Feet,West,MAIN ST,,,,0.00,N,Not at Intersection, ,Non-Junction,None,,,         ,Joshua,Reece,Rain,Front to Rear,no,no,no,no,no,False
101826698,METROPOLITAN NASHVILLE POLICE DEPT,20171005953,Davidson,Nashville,11/15/2017 5:46:00 PM,2,1,0,36.141830,-86.712730,I 40,,,,0.00,,,,,,,214.05,N,Not at Intersection,N,Non-Junction,None,,,         ,Dontaveous,Eubanks,Rain,Front to Rear,no,no,no,no,no,False
101826702,METROPOLITAN NASHVILLE POLICE DEPT,20171006090,Davidson,Nashville,11/15/2017 5:08:00 PM,2,0,0,36.118790,-86.773570,I 65,,,,0.00,,,,,,,80.40,N,Not at Intersection, ,Non-Junction,None,,,         ,Austin,Kendrick,Cloudy,Front to Rear,no,no,no,no,no,False
101826703,METROPOLITAN NASHVILLE POLICE DEPT,20171006016,Davidson,Nashville,11/15/2017 6:05:00 PM,3,0,0,36.105980,-86.767910,I 65,,,,0.00,,,,,,,79.50,N,Not at Intersection,N,Non-Junction,None,,,         ,Jon,Mcvey,Rain,Front to Rear,no,no,no,no,yes,False
101826705,METROPOLITAN NASHVILLE POLICE DEPT,20171006146,Davidson,Nashville,11/15/2017 7:08:00 PM,2,0,0,36.157080,-86.632540,LAUER DR,,,,92.00,Feet,North,STEWARTS FERRY PKE,,,,0.00,N,Not at Intersection,N,Non-Junction,None,,,         ,Jonathan,Cavezza,Rain,Angle,no,no,no,no,no,False
101826709,METROPOLITAN NASHVILLE POLICE DEPT,20171005773,Davidson,Goodlettsville,11/15/2017 6:49:00 PM,2,0,0,36.291990,-86.720750,I 65,,,,0.00,,,,,,,94.40,N,Not at Intersection,N,Non-Junction,None,,,         ,Christopher,Littles,Rain,Front to Rear,no,no,no,no,no,False
101826711,METROPOLITAN NASHVILLE POLICE DEPT,20171005914,Davidson,Nashville,11/15/2017 5:41:00 PM,3,1,0,36.162300,-86.847670,CENTENNIAL BLVD,,,,251.00,Feet,East,LOUISIANA AV,,,,0.00,N,Not at Intersection,N,Non-Junction,None,,,         ,Anthony,Cucci,Rain,Front to Rear,no,no,no,no,no,False
101826717,METROPOLITAN NASHVILLE POLICE DEPT,20171005928,Davidson,Not in City Limit,11/15/2017 5:47:00 PM,2,2,0,36.077450,-86.947140,HIGHWAY 70S,,,,0.00,,,BELLEVUE CTR PVTDR,,,,0.00,Y,Four-Way,N,Intersection,None,,,         ,Brandon,Pedigo,Rain,Angle,no,no,no,no,no,False
101826718,METROPOLITAN NASHVILLE POLICE DEPT,2017-1006209,Davidson,Nashville,11/15/2017 6:06:00 PM,2,0,0,36.134010,-86.758950,NOLENSVILLE PKE,,,,0.00,,,CRAIGHEAD ST,,,,0.00,Y,T-Intersection,N,Intersection,None,,,         ,Travis,Martin,Rain,"Sideswipe, Same Direction",no,no,no,no,yes,False
101826728,METROPOLITAN NASHVILLE POLICE DEPT,20171006268,Davidson,Nashville,11/15/2017 8:07:00 PM,2,0,0,36.155820,-86.795920,17TH AVN,,,,0.00,,,CHURCH ST,,,,0.00,Y,Four-Way, ,Intersection-Related,None,,,         ,David,Collins,Cloudy,HeadOn,no,no,no,no,no,False
101826737,METROPOLITAN NASHVILLE POLICE DEPT,20171006050,Davidson,Nashville,11/15/2017 5:23:00 PM,3,1,0,36.070350,-86.769820,I 65,,,,0.00,,,,,,,77.00,N,Not at Intersection,N,Non-Junction,None,,,         ,William,King,Rain,Front to Rear,no,no,no,no,no,False
101826748,METROPOLITAN NASHVILLE POLICE DEPT,20171006131,Davidson,Nashville,11/15/2017 7:06:00 PM,2,0,0,36.085480,-86.690840,PERIMETER HILL DR,,,,31.00,Feet,West,ANTIOCH PKE,,,,0.00,N,Not at Intersection, ,Non-Junction,None,,,         ,Alyson,Cook,Clear,Front to Rear,no,no,no,no,no,False
101826749,GOODLETTSVILLE POLICE DEPT,17-40459,Davidson,Goodlettsville,11/15/2017 3:13:00 PM,2,0,0,36.305910,-86.693820,RIVERGATE MALL PVTDR,,,,0.00,,,CONFERENCE DRIVE,,,,0.00,Y,T-Intersection,N,Intersection,None,,,         ,Daniel,Knalls,Cloudy,Angle,no,no,no,no,no,False
101826750,GOODLETTSVILLE POLICE DEPT,17-40468,Davidson,Goodlettsville,11/15/2017 5:14:00 PM,2,1,0,36.297820,-86.713510,I 65,,,,0.00,,,,,,,95.00,N,Not at Intersection,N,Non-Junction,None,,,         ,Daniel,Knalls,Cloudy,Front to Rear,no,no,no,no,no,False
101826759,METROPOLITAN NASHVILLE POLICE DEPT,20171006041,Davidson,Nashville,11/15/2017 4:35:00 PM,3,0,0,36.083360,-86.761630,SIDCO DR,,,,17.00,Feet,North,CSX DR,,,,0.00,N,Not at Intersection,N,Non-Junction,None,,,         ,Melissa,Flores,Rain,Angle,no,no,no,no,no,False
101826760,METROPOLITAN NASHVILLE POLICE DEPT,20171006063,Davidson,Not in City Limit,11/15/2017 6:40:00 PM,2,2,0,36.079350,-86.957020,COLEY DAVIS RD,,,,638.00,Feet,West,I40 E EXT RAMP,,,,0.00,N,Not at Intersection,N,Non-Junction,None,,,         ,Brandon,Pedigo,Cloudy,HeadOn,no,no,no,no,no,False
101826762,METROPOLITAN NASHVILLE POLICE DEPT,20171006348,Davidson,Nashville,11/15/2017 8:40:00 PM,2,0,0,36.080670,-86.764380,I 65,,,,0.00,,,,,,,77.70,N,Not at Intersection, ,Non-Junction,None,,,         ,Edin,Plancic,Cloudy,Front to Rear,no,no,no,no,no,False
101826775,METROPOLITAN NASHVILLE POLICE DEPT,20171005637,Davidson,Nashville,11/15/2017 3:56:00 PM,2,0,0,36.130425,-86.900071,I 40 W EXIT RAMP,,,,0.00,,,CHARLOTTE PK,,,,0.00,Y,T-Intersection, ,Entrance/Exit Ramp Related,None,,,         ,Jeremy,Huffine,Rain,Front to Rear,no,no,no,no,no,False
101826784,METROPOLITAN NASHVILLE POLICE DEPT,20171005609,Davidson,Nashville,11/15/2017 3:14:00 PM,2,1,0,36.115950,-86.794370,I 440,,,,0.00,,,,,,,3.75,N,Not at Intersection,N,Non-Junction,None,,,         ,Melissa,Flores,Rain,Front to Rear,no,no,no,no,no,False
101826795,METROPOLITAN NASHVILLE POLICE DEPT,20171006339,Davidson,Nashville,11/15/2017 8:39:00 PM,1,1,0,36.158850,-86.780620,7TH AVS,,,,200.00,Feet,North,MCGAVOCK ST,,,,0.00,N,Not at Intersection,N,Non-Junction,None,,,         ,Joshua,Reece,Clear,Not Collision with Motor Vehicle in Transport,yes,no,no,no,no,False
101826796,METROPOLITAN NASHVILLE POLICE DEPT,20171005844,Davidson,Nashville,11/15/2017 4:30:00 PM,2,0,0,36.156850,-86.859100,BRILEY PKWY N ENT RAMP,,,,0.00,,,BRILEY PKWYN,,,,0.00,Y,OTHER, ,Non-Junction,None,,,         ,Torian,Cox,Rain,Front to Rear,no,no,no,no,no,False
101826800,METROPOLITAN NASHVILLE POLICE DEPT,20171006174,Davidson,Nashville,11/15/2017 7:05:00 PM,2,0,0,36.079320,-86.668880,MULLEN CIR,,,,0.00,Feet,West,FRANKLIN LIMESTONE RD,,,,0.00,N,Not at Intersection,N,Non-Junction,None,,,         ,Alyson,Cook,Clear,Front to Rear,no,no,no,no,no,False
101826801,METROPOLITAN NASHVILLE POLICE DEPT,20171006026,Davidson,Nashville,11/15/2017 5:06:00 PM,2,0,0,36.134410,-86.889340,CHARLOTTE PK,,,,0.00,,,CONNECTING ROAD,,,,0.00,Y,T-Intersection, ,Intersection-Related,None,,,         ,Jeremy,Huffine,Rain,Front to Rear,no,no,no,no,no,False
101826810,METROPOLITAN NASHVILLE POLICE DEPT,20171005883,Davidson,Nashville,11/15/2017 5:25:00 PM,4,1,0,36.141830,-86.672660,I 40,,,,0.00,,,,,,,215.00,N,Not at Intersection,N,Non-Junction,None,,,         ,Jefferson,Hughes,Rain,Front to Rear,no,no,no,no,no,False