master_record_number,agency,agency_tracking_number,county,city,collision_date,vehicles_involved,number_injured,number_dead,latitude,longitude,roadway_name,roadway_suffix,roadway_number,roadway_local_id,distance_from_reference,miles-feet_indicator,direction_from_reference,intersection_road_name,intersection_road_name_suffix,intersection_road_number,intersection_local_id,mile_marker,intersection_indicator,intersect_type,interchange_related_indicator,relation_to_junction,work_zone_type,construction_maintenance_zone,construction_maintenance_zone_location,fatal_case_number,officer_first_name,officer_last_name,weather_condition(s),manner_of_crash,pedestrian,bicycle,scooter,parking,hitrun,mou
101827469,METROPOLITAN NASHVILLE POLICE DEPT,2017-1008080,Davidson,Nashville,11/16/2017 8:58:00 AM,2,0,0,36.127300,-86.803770,21ST AVS,,,,100.00,Feet,South,W LINDEN AV,,,,0.00,N,Not at Intersection, ,,None,,,         ,Allen,Bates,,,no,no,no,no,no,False
101827471,METROPOLITAN NASHVILLE POLICE DEPT,20171008455,Davidson,Nashville,11/16/2017 11:40:00 AM,2,0,0,36.084520,-86.704750,HARDING PL,,,,360.00,Feet,East,LINBAR DR,,,,0.00,N,Not at Intersection, ,Non-Junction,None,,,         ,Jessie,Meadows,Clear,Front to Rear,no,no,no,no,no,False
101827472,METROPOLITAN NASHVILLE POLICE DEPT,20171008486,Davidson,Nashville,11/16/2017 12:10:00 PM,2,0,0,36.087060,-86.693160,HARDING PL,,,,312.00,Feet,West,ANTIOCH PKE,,,,0.00,N,Not at Intersection, ,Non-Junction,None,,,         ,Jessie,Meadows,Clear,Angle,no,no,no,no,no,False
101827473,METROPOLITAN NASHVILLE POLICE DEPT,20171008657,Davidson,Nashville,11/16/2017 1:04:00 PM,2,1,0,36.034290,-86.642980,I 24,,,,0.00,,,,,,,60.60,N,Not at Intersection,N,Non-Junction,None,,,         ,Jessie,Meadows,Clear,Front to Rear,no,no,no,no,no,False
101827475,METROPOLITAN NASHVILLE POLICE DEPT,20171008710,Davidson,Nashville,11/16/2017 1:27:00 PM,2,1,0,36.129060,-86.728140,I 24,,,,0.00,,,,,,,51.25,N,Not at Intersection,N,Entrance/Exit Ramp Related,None,,,         ,Stephen,Soule,Clear,Front to Rear,no,no,no,no,no,False
101827521,METROPOLITAN NASHVILLE POLICE DEPT,20171008630,Davidson,Nashville,11/16/2017 12:50:00 PM,2,0,0,36.155650,-86.789720,BROADWAY,,,,0.00,,,14TH AVN,,,,0.00,Y,Four-Way,N,Intersection,None,,,         ,Russell,Freeman,Clear,"Sideswipe, Same Direction",no,no,no,no,no,False
101827533,METROPOLITAN NASHVILLE POLICE DEPT,20171008626,Davidson,Nashville,11/16/2017 12:45:00 PM,2,4,0,36.219920,-86.774320,I 65,,,,0.00,,,,,,,88.30,N,Not at Intersection,N,Non-Junction,None,,,         ,Steven,Spillers,Clear,Front to Rear,no,no,no,no,no,False
101827561,METROPOLITAN NASHVILLE POLICE DEPT,20171008913,Davidson,Not in City Limit,11/16/2017 3:06:00 PM,1,0,0,36.280740,-86.691540,MYATT DR,,,,50.00,Feet,North,FANT INDUSTRIAL DR,,,,0.00,N,Not at Intersection,N,Non-Junction,None,,,         ,Samuel,Miller,Clear,Not Collision with Motor Vehicle in Transport,no,no,no,no,no,False
101827596,METROPOLITAN NASHVILLE POLICE DEPT,20170998788,Davidson,Nashville,11/13/2017 5:00:00 PM,2,1,0,36.143950,-86.722990,ELM HILL PKE,,,,124.00,Feet,West,SPENCE LN,,,,0.00,N,Not at Intersection,N,Non-Junction,None,,,         ,Samuel,Sundra,Clear,Front to Rear,no,no,no,no,no,False
101827597,METROPOLITAN NASHVILLE POLICE DEPT,20170998875,Davidson,Nashville,11/13/2017 5:41:00 PM,2,0,0,36.140570,-86.723660,I 40,,,,0.00,,,,,,,213.50,N,Not at Intersection, ,Non-Junction,None,,,         ,Samuel,Sundra,Clear,Front to Rear,no,no,no,no,no,False
101827601,METROPOLITAN NASHVILLE POLICE DEPT,20171008791,Davidson,Nashville,11/16/2017 2:01:00 PM,2,2,0,36.233250,-86.701960,BRILEY PKWYE,,,,1.22,Miles,North,MCGAVOCK PKE,,,,0.00,N,Not at Intersection,N,Non-Junction,None,,,         ,Cody,O'Quinn,Clear,Front to Rear,no,no,no,no,yes,False
101827623,METROPOLITAN NASHVILLE POLICE DEPT,20171008937,Davidson,Nashville,11/15/2017 6:00:00 PM,1,0,0,36.099780,-86.635390,NED SHELTON RD,,,,2066.00,Feet,North,SMITH SPRINGS RD,,,,0.00,N,Not at Intersection, ,Non-Junction,None,,,         ,Michael,Apsey,Clear,Not Collision with Motor Vehicle in Transport,no,no,no,no,no,False
101827625,METROPOLITAN NASHVILLE POLICE DEPT,2017-1008481,Davidson,Nashville,11/16/2017 11:54:00 AM,2,0,0,36.172840,-86.765340,JAMES ROBERTSON PKWY,,,,0.00,,,MAIN ST,,,,0.00,Y,Four-Way, ,Intersection,None,,,         ,John,Hoesli,Clear,Front to Rear,no,no,no,no,no,False
101827626,METROPOLITAN NASHVILLE POLICE DEPT,20171008964,Davidson,Nashville,11/16/2017 2:20:00 PM,2,0,0,36.193200,-86.751910,ELLINGTON PKWY N EXT RAMP,,,,0.00,Feet,East,DOUGLAS AV,,,,0.00,N,Not at Intersection, ,Non-Junction,None,,,         ,Thomas,Miller,Clear,Front to Rear,no,no,no,no,no,False
101827629,METROPOLITAN NASHVILLE POLICE DEPT,20171008884,Davidson,Nashville,11/16/2017 1:50:00 PM,2,0,0,36.210190,-86.775850,I 65,,,,0.00,,,,,,,87.60,N,Not at Intersection, ,Non-Junction,None,,,         ,Benjamin,Williams,Clear,"Sideswipe, Same Direction",no,no,no,no,no,False
101827631,METROPOLITAN NASHVILLE POLICE DEPT,20171008889,Davidson,Nashville,11/16/2017 3:00:00 PM,2,0,0,36.098830,-86.710440,I 24,,,,0.00,,,,,,,54.65,N,Not at Intersection, ,Non-Junction,None,,,         ,Jessie,Meadows,Clear,Front to Rear,no,no,no,no,no,False
101827632,METROPOLITAN NASHVILLE POLICE DEPT,20171008836,Davidson,Nashville,11/16/2017 3:10:00 PM,3,0,0,36.093700,-86.706300,I 24,,,,0.00,,,,,,,55.10,N,Not at Intersection,N,Non-Junction,None,,,         ,Jessie,Meadows,Clear,Front to Rear,no,no,no,no,yes,False
101827636,METROPOLITAN NASHVILLE POLICE DEPT,2017-1025755,Davidson,Nashville,11/15/2017 4:48:00 PM,2,0,0,36.154950,-86.765780,ACADEMY PL,,,,254.00,Feet,South,HERMITAGE AV,,,,0.00,N,Not at Intersection,N,Non-Junction,None,,,         ,Cory,West,Cloudy,Angle,no,no,no,no,no,False
101827638,METROPOLITAN NASHVILLE POLICE DEPT,20171008952,Davidson,Nashville,11/16/2017 3:17:00 PM,2,0,0,36.205120,-86.757620,E TRINITY LN,,,,0.00,,,JONES AV,,,,0.00,Y,Four-Way, ,,None,,,         ,Jonathan,Hadley,,,no,no,no,no,no,False
101827650,METROPOLITAN NASHVILLE POLICE DEPT,20171008931,Davidson,Nashville,11/16/2017 1:26:00 PM,2,1,0,36.077350,-86.733030,HARDING PL,,,,321.00,Feet,East,OVERCREST DR,,,,0.00,N,Not at Intersection,N,Non-Junction,None,,,         ,Ryan,Cagle,Clear,Front to Rear,no,no,no,no,no,False
101827654,METROPOLITAN NASHVILLE POLICE DEPT,20171008705,Davidson,Nashville,11/16/2017 1:25:00 PM,1,0,0,36.214560,-86.709670,RIVERWOOD DR,,,,0.00,,,CLAYPOOL ST,,,,0.00,Y,T-Intersection,Y,Intersection,None,,,         ,Russell,Jones,Clear,Not Collision with Motor Vehicle in Transport,no,no,no,no,no,False
101827663,METROPOLITAN NASHVILLE POLICE DEPT,20171008997,Davidson,Nashville,11/16/2017 3:42:00 PM,2,2,0,36.170200,-86.772640,JAMES ROBERTSON PKWY,,,,71.00,Feet,East,MAIN ST,,,,0.00,N,Not at Intersection,N,Non-Junction,None,,,         ,Derek,Betty,Clear,Angle,no,no,no,no,no,False
101827664,METROPOLITAN NASHVILLE POLICE DEPT,20171009036,Davidson,Nashville,11/16/2017 4:07:00 PM,1,0,0,36.196920,-86.828250,BUENA VISTA PKE,,,,59.00,Feet,South,CLIFF DR,,,,0.00,N,Not at Intersection,N,Non-Junction,None,,,         ,Victor,Alexander,Clear,Not Collision with Motor Vehicle in Transport,yes,no,no,no,no,False
101827668,METROPOLITAN NASHVILLE POLICE DEPT,20171009094,Davidson,Nashville,11/16/2017 12:00:00 AM,2,0,0,36.161420,-86.659100,SURREY RD,,,,0.00,,,MCCAMPBELL AV,,,,0.00,Y,T-Intersection, ,Intersection,None,,,         ,Craig,Gentry,Clear,Front to Rear,no,no,no,no,no,False
101827670,METROPOLITAN NASHVILLE POLICE DEPT,20171009070,Davidson,Nashville,11/16/2017 4:15:00 PM,2,0,0,36.121860,-86.755010,I 440,,,,0.00,,,,,,,6.05,N,Not at Intersection,N,Non-Junction,None,,,         ,Hillary,Sherman,Clear,Front to Rear,no,no,no,no,no,False
101827673,METROPOLITAN NASHVILLE POLICE DEPT,20171009030,Davidson,Nashville,11/16/2017 4:01:00 PM,2,0,0,36.207110,-86.791690,WHITES CREEK PKE,,,,40.00,Feet,North,W TRINITY LN,,,,0.00,N,Not at Intersection,N,Non-Junction,None,,,         ,Andrew,Delke,Clear,Front to Rear,no,no,no,no,yes,False
101827674,METROPOLITAN NASHVILLE POLICE DEPT,2017-1006587,Davidson,Nashville,11/15/2017 10:26:00 PM,2,1,0,36.151340,-86.768360,2ND AVS,,,,0.00,,,I40 E ENT RAMP,,,,0.00,Y,Four-Way,N,Intersection,None,,,         ,Cory,West,Cloudy,Angle,no,no,no,no,no,False
101827704,METROPOLITAN NASHVILLE POLICE DEPT,20171009214,Davidson,Nashville,11/16/2017 5:12:00 PM,2,0,0,36.089140,-86.627450,BELL RD,,,,0.00,,,NASHBORO BLVD,,,,0.00,Y,T-Intersection, ,Intersection,None,,,         ,Michael,Apsey,Clear,Front to Rear,no,no,no,no,no,False
101827705,METROPOLITAN NASHVILLE POLICE DEPT,20171009124,Davidson,Nashville,11/16/2017 3:40:00 PM,2,0,0,36.146070,-86.667540,ROYAL PKWY,,,,49.00,Feet,East,CLARIDGE DR,,,,0.00,N,Not at Intersection, ,Non-Junction,None,,,         ,Tyler,Maupin,Cloudy,Angle,no,no,no,no,no,False
101827708,METROPOLITAN NASHVILLE POLICE DEPT,20171009169,Davidson,Nashville,11/16/2017 5:00:00 PM,2,0,0,36.155110,-86.764390,HERMITAGE AV,,,,324.00,Feet,West,ANTHES DR,,,,0.00,N,Not at Intersection, ,Non-Junction,None,,,         ,Jacob,Dick,Clear,"Sideswipe, Same Direction",no,no,no,no,no,False
101827709,METROPOLITAN NASHVILLE POLICE DEPT,20171008941,Davidson,Nashville,11/16/2017 3:13:00 PM,2,0,0,36.071810,-86.669360,VOLUNTEER DR,,,,24.00,Feet,West,TRAPPERS RDG,,,,0.00,N,Not at Intersection,N,Non-Junction,None,,,         ,Devonte,Coleman,Clear,HeadOn,no,no,no,no,yes,False
101827718,METROPOLITAN NASHVILLE POLICE DEPT,20171009200,Davidson,Nashville,11/16/2017 5:30:00 PM,2,0,0,36.098240,-86.677350,DONELSON PKE,,,,62.00,Feet,South,OLD EZELL RD,,,,0.00,N,Not at Intersection, ,Non-Junction,None,,,         ,Jessie,Meadows,Clear,Front to Rear,no,no,no,no,no,False
101827720,METROPOLITAN NASHVILLE POLICE DEPT,20171009043,Davidson,Nashville,11/16/2017 12:00:00 AM,4,0,0,36.170260,-86.797710,I 40,,,,0.00,,,,,,,208.00,N,Not at Intersection, ,Non-Junction,None,,,         ,Melvin,Taylor,Clear,Front to Rear,no,no,no,no,no,False
101827745,METROPOLITAN NASHVILLE POLICE DEPT,20171009086,Davidson,Nashville,11/16/2017 4:15:00 PM,2,0,0,36.148030,-86.744520,I40 W ENT RAMP,,,,0.00,Feet,East,I 40,,,,0.00,N,Not at Intersection,N,Non-Junction,None,,,         ,Samuel,Sundra,Clear,Front to Rear,no,no,no,no,no,False
101827746,METROPOLITAN NASHVILLE POLICE DEPT,20171009097,Davidson,Nashville,11/16/2017 4:26:00 PM,2,0,0,36.217930,-86.746470,HART LN,,,,0.00,,,ELLINGTON PKWY N ENT RAMP,,,,0.00,Y,Four-Way,N,Intersection,None,,,         ,Christopher,Valdez,Clear,Angle,no,no,no,no,yes,False
101827747,METROPOLITAN NASHVILLE POLICE DEPT,20171009112,Davidson,Nashville,11/16/2017 4:19:00 PM,2,0,0,36.190280,-86.776240,I 24,,,,0.00,,,,,,,46.90,N,Not at Intersection, ,Non-Junction,None,,,         ,Benjamin,Williams,Clear,"Sideswipe, Same Direction",no,no,no,no,no,False
101827749,METROPOLITAN NASHVILLE POLICE DEPT,20171009289,Davidson,Nashville,11/16/2017 5:21:00 PM,2,0,0,36.153520,-86.764320,I 40,,,,0.00,,,,,,,210.75,N,Not at Intersection,N,Non-Junction,None,,,         ,Pedro,Rivera Chaparro,Clear,Front to Rear,no,no,no,no,yes,False
101827751,METROPOLITAN NASHVILLE POLICE DEPT,20171009277,Davidson,Nashville,11/16/2017 4:31:00 PM,2,0,0,36.171850,-86.767900,JAMES ROBERTSON PKWY,,,,0.00,,,ELLINGTON PKWY N ENT RAMP,,,,0.00,Y,Y-Intersection,Y,Entrance/Exit Ramp Related,None,,,         ,Jonathan,Hadley,Clear,Front to Rear,no,no,no,no,yes,False
101827752,METROPOLITAN NASHVILLE POLICE DEPT,20171002156,Davidson,Nashville,11/14/2017 2:18:00 PM,2,0,0,36.210920,-86.733110,GREENFIELD AV,,,,0.00,,,GALLATIN PKE,,,,0.00,Y,T-Intersection, ,Intersection,None,,,         ,Joshua,Lackey,Clear,Angle,no,no,no,no,no,False
101827760,GOODLETTSVILLE POLICE DEPT,17-40609,Davidson,Goodlettsville,11/16/2017 4:07:00 PM,3,0,0,36.295050,-86.716890,I 65,,,,0.00,,,,,,,94.70,N,Not at Intersection,N,Non-Junction,None,,,         ,Daniel,Knalls,Clear,Front to Rear,no,no,no,no,yes,False
101827767,METROPOLITAN NASHVILLE POLICE DEPT,20171009025,Davidson,Nashville,11/16/2017 4:00:00 PM,2,2,0,36.235820,-86.797030,BRILEY PKWYE,,,,278.00,Feet,North,BRILEY PKWYW,,,,0.00,N,Not at Intersection,N,Non-Junction,None,,,         ,Roy,Sain Jr.,Clear,Front to Rear,no,no,no,no,no,False
101827772,METROPOLITAN NASHVILLE POLICE DEPT,20171009240,Davidson,Nashville,11/16/2017 5:07:00 PM,3,0,0,36.148920,-86.822320,I 440,,,,0.00,,,,,,,1.40,N,Not at Intersection, ,Non-Junction,None,,,         ,Ryan,Cagle,Clear,Front to Rear,no,no,no,no,no,False
101827783,METROPOLITAN NASHVILLE POLICE DEPT,20171009301,Davidson,Nashville,11/16/2017 5:48:00 PM,2,0,0,36.163380,-86.787800,10TH AVN,,,,0.00,,,10TH CIRN,,,,0.00,Y,Four-Way, ,Intersection,None,,,         ,Jacob,Dick,Clear,Front to Rear,no,no,no,no,no,False
101827784,METROPOLITAN NASHVILLE POLICE DEPT,20171009329,Davidson,Nashville,11/16/2017 5:55:00 PM,1,0,0,36.231060,-86.612070,SHUTE LN,,,,292.00,Feet,West,WILLOW BOUGH LN,,,,0.00,N,Not at Intersection, ,Non-Junction,None,,,         ,Codey,Mullins,Cloudy,Not Collision with Motor Vehicle in Transport,no,no,no,no,no,False
101827785,METROPOLITAN NASHVILLE POLICE DEPT,20171008939,Davidson,Nashville,11/16/2017 2:34:00 PM,2,0,0,36.160430,-86.773240,1ST AVS,,,,74.00,Feet,North,DEMONBREUN ST,,,,0.00,N,Not at Intersection, ,Non-Junction,Work Zone,,,         ,Derek,Betty,Clear,Front to Rear,no,no,no,no,no,False
101827799,METROPOLITAN NASHVILLE POLICE DEPT,20171009314,Davidson,Nashville,11/16/2017 5:47:00 PM,2,0,0,36.128360,-86.727470,I 24,,,,0.00,,,,,,,51.30,N,Not at Intersection,N,Non-Junction,None,,,         ,Nathaniel,Myers,Cloudy,Front to Rear,no,no,no,no,no,False
101827800,METROPOLITAN NASHVILLE POLICE DEPT,20171009400,Davidson,Nashville,11/16/2017 5:59:00 PM,2,0,0,36.153410,-86.764560,I 40,,,,0.00,,,,,,,210.70,N,Not at Intersection,N,Non-Junction,None,,,         ,Pedro,Rivera Chaparro,Clear,Angle,no,no,no,no,yes,False
101827801,METROPOLITAN NASHVILLE POLICE DEPT,20171009137,Davidson,Nashville,11/16/2017 4:21:00 PM,2,0,0,36.164790,-86.614420,I 40,,,,0.00,,,,,,,220.00,N,Not at Intersection, ,Non-Junction,None,,,         ,Brenna,Hosey,Clear,"Sideswipe, Same Direction",no,no,no,no,no,False
101827802,METROPOLITAN NASHVILLE POLICE DEPT,20171009227,Davidson,Nashville,11/16/2017 5:26:00 PM,2,1,0,36.228270,-86.850290,BRILEY PKWYE,,,,103.00,Feet,West,DRAKES BRANCH RD,,,,0.00,N,Not at Intersection,N,Non-Junction,None,,,         ,Shaquille,Graham,Clear,Front to Rear,no,no,no,no,no,False
101827805,METROPOLITAN NASHVILLE POLICE DEPT,20171009337,Davidson,Nashville,11/16/2017 12:00:00 AM,3,0,0,36.142160,-86.677470,I 40,,,,0.00,,,,,,,215.00,N,Not at Intersection,N,Non-Junction,None,,,         ,Craig,Gentry,Clear,"Sideswipe, Same Direction",no,no,no,no,yes,False
101827814,METROPOLITAN NASHVILLE POLICE DEPT,20171009219,Davidson,Nashville,11/16/2017 5:24:00 PM,2,0,0,36.045960,-86.675370,BELL RD,,,,300.00,Feet,West,BLUE HOLE RD,,,,0.00,N,Not at Intersection, ,Non-Junction,None,,,         ,Joseph,Progar,Clear,"Sideswipe, Same Direction",no,no,no,no,no,False
101827815,METROPOLITAN NASHVILLE POLICE DEPT,20171009366,Davidson,Nashville,11/16/2017 6:18:00 PM,3,0,0,36.153860,-86.758050,I 40,,,,0.00,,,,,,,211.10,N,Not at Intersection,N,Non-Junction,None,,,         ,Samuel,Sundra,Clear,Front to Rear,no,no,no,no,yes,False
101827816,Nashville Airport Police,2017-04081,Davidson,Nashville,11/16/2017 2:10:00 PM,2,0,0,36.136700,-86.666990,TERMINAL DR,,,,260.00,Feet,North,I40 E EXT RAMP,,,,0.00,N,Not at Intersection, ,Non-Junction,None,,,         ,John,Herd,Clear,Front to Rear,no,no,no,yes,no,False
101827817,METROPOLITAN NASHVILLE POLICE DEPT,20171009326,Davidson,Nashville,11/16/2017 12:00:00 AM,3,0,0,36.161720,-86.820460,I 40,,,,0.00,,,,,,,206.25,N,Not at Intersection, ,Non-Junction,None,,,         ,Melvin,Taylor,Clear,Front to Rear,no,no,no,no,no,False
101827818,METROPOLITAN NASHVILLE POLICE DEPT,2017-1009373,Davidson,Nashville,11/16/2017 5:30:00 PM,2,0,0,36.148420,-86.857900,LENOX AV,,,,0.00,,,WHITE BRIDGE PKE,,,,0.00,Y,Four-Way,N,Intersection,None,,,         ,Ryan,Allen,Clear,Angle,no,no,no,no,yes,False
101827823,METROPOLITAN NASHVILLE POLICE DEPT,20171009344,Davidson,Nashville,11/16/2017 6:09:00 PM,2,0,0,36.122130,-86.851200,LYNNWOOD BLVD,,,,74.00,Feet,South,HARDING PKE,,,,0.00,N,Not at Intersection,N,Non-Junction,None,,,         ,Anthony,Cucci,Clear,"Sideswipe, Same Direction",no,no,no,no,no,False
101827830,METROPOLITAN NASHVILLE POLICE DEPT,20171009281,Davidson,Nashville,11/16/2017 5:40:00 PM,2,2,0,36.149320,-86.773460,I 40,,,,0.00,,,,,,,210.20,N,Not at Intersection,N,Non-Junction,None,,,         ,David,Collins,Clear,Front to Rear,no,no,no,no,no,False
101827837,METROPOLITAN NASHVILLE POLICE DEPT,20171009406,Davidson,Nashville,11/16/2017 6:35:00 PM,2,0,0,36.125820,-86.846490,KENNER AV,,,,0.00,,,HARDING PKE,,,,0.00,Y,Four-Way,N,Intersection,None,,,         ,Jake,Carr,Clear,Angle,no,no,no,no,no,False
101827838,METROPOLITAN NASHVILLE POLICE DEPT,20171008968,Davidson,Nashville,11/16/2017 1:00:00 PM,2,0,0,36.127860,-86.791340,LINDEN AV,,,,6.00,Feet,East,15TH AVS,,,,0.00,N,Not at Intersection,N,Non-Junction,None,,,         ,Jon,Mcvey,Clear,"Sideswipe, Same Direction",no,no,no,no,yes,False
101827839,METROPOLITAN NASHVILLE POLICE DEPT,20171008880,Davidson,Nashville,11/16/2017 2:49:00 PM,2,0,0,36.118370,-86.809670,HILLSBORO PKE,,,,195.00,Feet,North,GOLF CLUB LN,,,,0.00,N,Not at Intersection, ,Non-Junction,None,,,         ,Jon,Mcvey,Clear,Front to Rear,no,no,no,no,no,False
101827840,METROPOLITAN NASHVILLE POLICE DEPT,20171009293,Davidson,Nashville,11/16/2017 5:36:00 PM,2,0,0,36.118260,-86.801070,I 440,,,,0.00,,,,,,,3.15,N,Not at Intersection, ,Non-Junction,None,,,         ,Jon,Mcvey,Clear,"Sideswipe, Same Direction",no,no,no,no,no,False
101827841,METROPOLITAN NASHVILLE POLICE DEPT,20171009249,Davidson,Nashville,11/16/2017 5:30:00 PM,2,1,0,36.115810,-86.783050,I 440,,,,0.00,,,,,,,4.35,N,Not at Intersection,N,Non-Junction,None,,,         ,Jon,Mcvey,Clear,Front to Rear,no,no,no,no,no,False
101827843,METROPOLITAN NASHVILLE POLICE DEPT,20171009274,Davidson,Nashville,11/16/2017 5:33:00 PM,2,0,0,36.109710,-86.731090,THOMPSON LN,,,,0.00,,,MASHBURN RD,,,,0.00,Y,Four-Way, ,Intersection,None,,,         ,Nathaniel,Myers,Cloudy,Front to Rear,no,no,no,no,no,False
101827844,METROPOLITAN NASHVILLE POLICE DEPT,20171009439,Davidson,Nashville,11/16/2017 6:53:00 PM,2,1,0,36.183730,-86.747600,EASTLAND AV,,,,228.00,Feet,East,GALLATIN AV,,,,0.00,N,Not at Intersection,N,Non-Junction,None,,,         ,Phillip,Box,Clear,Angle,no,no,no,no,no,False
101827845,METROPOLITAN NASHVILLE POLICE DEPT,20171009443,Davidson,Nashville,11/16/2017 6:51:00 PM,2,1,0,36.069970,-86.685630,HAYWOOD LN,,,,0.00,,,BAKERTOWN RD,,,,0.00,Y,T-Intersection,N,Intersection,None,,,         ,Luis,De Los Santos,Clear,HeadOn,no,no,no,no,no,False
101827846,METROPOLITAN NASHVILLE POLICE DEPT,20171009381,Davidson,Nashville,11/16/2017 5:50:00 PM,2,0,0,36.068700,-86.688900,I 24,,,,0.00,,,,,,,57.05,N,Not at Intersection, ,,None,,,         ,Richard,Olive,,,no,no,no,no,no,False
101827848,METROPOLITAN NASHVILLE POLICE DEPT,20171009460,Davidson,Not in City Limit,11/16/2017 6:58:00 PM,3,0,0,36.077300,-87.012170,I 40,,,,0.00,,,,,,,193.00,N,Not at Intersection,N,Non-Junction,None,,,         ,Brandon,Pedigo,Clear,Front to Rear,no,no,no,no,yes,False
101827853,METROPOLITAN NASHVILLE POLICE DEPT,20171009286,Davidson,Nashville,11/16/2017 5:20:00 PM,2,0,0,36.124980,-86.847640,HARDING PKE,,,,0.00,Feet,West,WHITE BRIDGE PKE,,,,0.00,N,Not at Intersection, ,Non-Junction,None,,,         ,Torian,Cox,Clear,"Sideswipe, Same Direction",no,no,no,no,no,False
101827857,VANDERBILT UNIVERSITY POLICE,17-1009410,Davidson,Nashville,11/16/2017 6:51:00 PM,2,0,0,36.142020,-86.799840,21ST AVS,,,,0.00,,,,,,,0.00,,, ,Non-Junction,None,,,         ,Cameron,Hoppe,Clear,Rear to Side,no,no,no,yes,no,Campus
101827863,METROPOLITAN NASHVILLE POLICE DEPT,2017-1009098,Davidson,Nashville,11/16/2017 4:32:00 PM,2,0,0,36.156000,-86.789990,14TH AVN,,,,150.00,Feet,North,I40 E ENT RAMP,,,,0.00,N,Not at Intersection, ,Entrance/Exit Ramp Related,None,,,         ,Michael,Schlegel,Cloudy,"Sideswipe, Same Direction",no,no,no,no,yes,False
101827871,METROPOLITAN NASHVILLE POLICE DEPT,20171009370,Davidson,Nashville,11/16/2017 6:20:00 PM,2,0,0,36.239300,-86.757630,DICKERSON PKE,,,,57.00,Feet,North,I65 S ENT RAMP,,,,0.00,N,Not at Intersection,N,Non-Junction,None,,,         ,Harold,Willmore IV,Clear,Front to Rear,no,no,no,no,no,False
101827875,METROPOLITAN NASHVILLE POLICE DEPT,20171009518,Davidson,Nashville,11/16/2017 7:20:00 PM,2,0,0,36.057450,-86.677240,I 24,,,,0.00,,,,,,,58.10,N,Not at Intersection,N,Non-Junction,None,,,         ,Devonte,Coleman,Clear,"Sideswipe, Same Direction",no,no,no,no,no,False
101827876,METROPOLITAN NASHVILLE POLICE DEPT,2017-1009267,Davidson,Nashville,11/16/2017 5:50:00 PM,2,0,0,36.173270,-86.791400,JEFFERSON ST,,,,0.00,,,ROSA L PARKS BLVD,,,,0.00,Y,Four-Way, ,Intersection,None,,,         ,Cory,West,Clear,Front to Rear,no,no,no,no,yes,False
101827877,METROPOLITAN NASHVILLE POLICE DEPT,20171009353,Davidson,Not in City Limit,11/16/2017 5:53:00 PM,1,0,0,36.383880,-86.754030,SPRINGFIELD HWY,,,,245.00,Feet,South,SPRINGFIELD HWY PVTDR,,,,0.00,N,Not at Intersection, ,Non-Junction,None,,,         ,Samuel,Miller,Clear,Not Collision with Motor Vehicle in Transport,no,no,no,no,no,False
101827878,METROPOLITAN NASHVILLE POLICE DEPT,20171009387,Davidson,Nashville,11/16/2017 6:35:00 PM,2,0,0,36.251920,-86.717690,GALLATIN PKES,,,,0.00,,,E WEBSTER ST,,,,0.00,Y,Four-Way,Y,Intersection,None,,,         ,Samuel,Miller,Cloudy,Angle,no,no,no,no,yes,False
101827879,METROPOLITAN NASHVILLE POLICE DEPT,20171009623,Davidson,Nashville,11/16/2017 7:58:00 PM,2,0,0,36.161020,-86.789710,11TH AVN,,,,100.00,Feet,North,ELEVEN NORTH APTS PVTDR,,,,0.00,N,Not at Intersection, ,Non-Junction,None,,,         ,Jacob,Dick,Clear,Front to Rear,no,no,no,no,no,False
101827881,METROPOLITAN NASHVILLE POLICE DEPT,20171009479,Davidson,Nashville,11/16/2017 7:18:00 PM,3,0,0,36.158770,-86.798260,CHARLOTTE AV,,,,0.00,,,17TH AVN,,,,0.00,Y,Four-Way,N,Non-Junction,None,,,         ,Hillary,Sherman,Clear,Front to Rear,no,no,no,no,no,False
101827884,METROPOLITAN NASHVILLE POLICE DEPT,20171009018,Davidson,Nashville,11/16/2017 3:44:00 PM,2,2,0,36.156580,-86.787480,12TH AVS,,,,0.00,,,BROADWAY,,,,0.00,Y,Four-Way,N,Intersection,None,,,         ,Joshua,Reece,Clear,Angle,no,no,no,no,no,False
101827886,METROPOLITAN NASHVILLE POLICE DEPT,20171009332,Davidson,Nashville,11/16/2017 4:39:00 PM,2,0,0,36.191700,-86.781600,COWAN ST,,,,332.00,Feet,South,VASHTI ST,,,,0.00,N,Not at Intersection,N,Non-Junction,None,,,         ,Andrew,Delke,Clear,Not Collision with Motor Vehicle in Transport,no,no,no,no,no,False
101827897,METROPOLITAN NASHVILLE POLICE DEPT,20171009474,Davidson,Nashville,11/16/2017 7:14:00 PM,2,2,0,36.130200,-86.900780,CABOT DR,,,,49.00,Feet,North,CHARLOTTE PKE,,,,0.00,N,Not at Intersection,N,Entrance/Exit Ramp Related,None,,,         ,Regina,Lewis,Clear,Front to Rear,no,no,no,no,no,False
101827906,METROPOLITAN NASHVILLE POLICE DEPT,20171009434,Davidson,Nashville,11/16/2017 5:52:00 PM,2,0,0,36.151690,-86.677000,ROYAL PKWY,,,,0.00,,,ELM HILL PKE,,,,0.00,Y,Four-Way, ,Intersection,None,,,         ,Jonathan,Cavezza,Clear,Front to Rear,no,no,no,no,no,False