master_record_number,agency,agency_tracking_number,county,city,collision_date,vehicles_involved,number_injured,number_dead,latitude,longitude,roadway_name,roadway_suffix,roadway_number,roadway_local_id,distance_from_reference,miles-feet_indicator,direction_from_reference,intersection_road_name,intersection_road_name_suffix,intersection_road_number,intersection_local_id,mile_marker,intersection_indicator,intersect_type,interchange_related_indicator,relation_to_junction,work_zone_type,construction_maintenance_zone,construction_maintenance_zone_location,fatal_case_number,officer_first_name,officer_last_name,weather_condition(s),manner_of_crash,pedestrian,bicycle,scooter,parking,hitrun,mou
101827908,METROPOLITAN NASHVILLE POLICE DEPT,2017-1009236,Davidson,Nashville,11/16/2017 5:16:00 PM,2,0,0,36.163870,-86.786620,CHARLOTTE AV,,,,0.00,,,YMCA WAY,,,,0.00,Y,Four-Way,N,Intersection,None,,,         ,Michael,Schlegel,Cloudy,Angle,no,no,no,no,no,False
101827916,METROPOLITAN NASHVILLE POLICE DEPT,20171009490,Davidson,Nashville,11/16/2017 6:11:00 PM,2,0,0,36.114900,-86.724770,I 24,,,,0.00,,,,,,,53.30,N,Not at Intersection,N,Non-Junction,None,,,         ,Patrick,Martin,Clear,"Sideswipe, Same Direction",no,no,no,no,yes,False
101827918,METROPOLITAN NASHVILLE POLICE DEPT,20171009146,Davidson,Nashville,11/16/2017 4:15:00 PM,2,0,0,36.104320,-86.766440,I 65,,,,0.00,,,,,,,79.35,N,Not at Intersection, ,Non-Junction,None,,,         ,Jon,Mcvey,Clear,Front to Rear,no,no,no,no,no,False
101827919,METROPOLITAN NASHVILLE POLICE DEPT,20171009161,Davidson,Nashville,11/16/2017 4:15:00 PM,2,0,0,36.082020,-86.761750,I65 N EXT RAMP,,,,0.00,,,SIDCO DR,,,,0.00,Y,Four-Way, ,Intersection-Related,None,,,         ,Jon,Mcvey,Clear,Front to Rear,no,no,no,no,no,False
101827936,METROPOLITAN NASHVILLE POLICE DEPT,20171009739,Davidson,Nashville,11/16/2017 9:05:00 PM,2,0,0,36.044720,-86.657740,I 24,,,,0.00,,,,,,,59.50,N,Not at Intersection, ,,None,,,         ,Benny,Pittman,,,no,no,no,no,no,False
101827971,METROPOLITAN NASHVILLE POLICE DEPT,2017-1009319,Davidson,Nashville,11/16/2017 6:04:00 PM,2,0,0,36.161140,-86.793740,I40 E EXT RAMP,,,,0.00,,,14TH AVN,,,,0.00,Y,Y-Intersection, ,Entrance/Exit Ramp Related,None,,,         ,John,Roberson,Clear,"Sideswipe, Same Direction",no,no,no,no,no,False
101827972,METROPOLITAN NASHVILLE POLICE DEPT,20171009615,Davidson,Nashville,11/16/2017 8:06:00 PM,2,2,0,36.170860,-86.768710,INTERSTATE DR,,,,184.00,Feet,North,WOODLAND ST,,,,0.00,N,Not at Intersection,N,Non-Junction,None,,,         ,Derek,Betty,Clear,"Sideswipe, Same Direction",no,no,no,no,no,False
101827973,METROPOLITAN NASHVILLE POLICE DEPT,20171009693,Davidson,Nashville,11/16/2017 8:40:00 PM,2,0,0,36.109610,-86.837270,ABBOTT MARTIN RD,,,,36.00,Feet,East,ESTES RD,,,,0.00,N,Not at Intersection, ,Non-Junction,None,,,         ,Anthony,Cucci,Clear,Front to Rear,no,no,no,no,no,False
101827992,METROPOLITAN NASHVILLE POLICE DEPT,20171009541,Davidson,Nashville,11/16/2017 7:45:00 PM,2,0,0,36.193210,-86.831610,S HAMILTON RD,,,,200.00,Feet,South,CLARKSVILLE PKE,,,,0.00,N,Not at Intersection,N,Non-Junction,None,,,         ,Jacob,Dick,Clear,Angle,no,no,no,no,yes,False
101827993,METROPOLITAN NASHVILLE POLICE DEPT,20171009676,Davidson,Nashville,11/16/2017 8:50:00 PM,1,1,0,36.210200,-86.712640,MCGAVOCK PKE,,,,0.00,,,,,,,0.00,,,N,Non-Junction,None,,,         ,Alexander,Georgeson,Clear,Not Collision with Motor Vehicle in Transport,no,no,no,yes,no,False
101827994,METROPOLITAN NASHVILLE POLICE DEPT,2017-1009761,Davidson,Nashville,11/16/2017 9:10:00 PM,1,0,0,36.154200,-86.834870,I 40,,,,0.00,,,,,,,205.20,N,Not at Intersection,N,Non-Junction,None,,,         ,Ryan,Allen,Clear,Not Collision with Motor Vehicle in Transport,no,no,no,no,no,False
101827995,METROPOLITAN NASHVILLE POLICE DEPT,20171009499,Davidson,Nashville,11/16/2017 5:25:00 PM,2,0,0,36.152380,-86.837060,CHARLOTTE AV,,,,0.00,,,42ND AVN,,,,0.00,Y,OTHER,N,Non-Junction,None,,,         ,Torian,Cox,Clear,Angle,no,no,no,no,no,False
101828000,METROPOLITAN NASHVILLE POLICE DEPT,20171008792,Davidson,Nashville,11/16/2017 1:55:00 PM,2,2,0,36.192710,-86.744370,GALLATIN AV,,,,0.00,,,DOUGLAS AV,,,,0.00,Y,Four-Way,N,Intersection,None,,,         ,Alex,Moore,Clear,Angle,no,no,no,no,no,False
101828024,BELLE MEADE POLICE DEPT,17-336,Davidson,Belle Meade,11/16/2017 5:30:00 PM,2,0,0,36.122310,-86.851320,LYNNWOOD BLVD,,,,0.00,,,HARDING PKE,,,,0.00,Y,Four-Way,N,Intersection-Related,None,,,         ,David,Wright,Clear,HeadOn,no,no,no,no,no,False
101828033,METROPOLITAN NASHVILLE POLICE DEPT,20171009160,Davidson,Goodlettsville,11/16/2017 4:48:00 PM,2,0,0,36.298260,-86.698060,GALLATIN PKEN,,,,527.00,Feet,East,RIVERGATE PKWY,,,,0.00,N,Not at Intersection, ,Non-Junction,None,,,         ,Joel,Callies,Cloudy,Front to Rear,no,no,no,no,no,False
101828036,METROPOLITAN NASHVILLE POLICE DEPT,20171000470,Davidson,Nashville,11/14/2017 12:00:00 AM,1,0,0,36.171960,-86.736340,LILLIAN ST,,,,237.00,Feet,East,S 19TH ST,,,,0.00,N,Not at Intersection,N,Non-Junction,Unknown,Unknown,Unknown,         ,Samuel,Kersten,Unknown,Unknown,no,no,no,no,yes,False
101828037,METROPOLITAN NASHVILLE POLICE DEPT,20171009788,Davidson,Nashville,11/16/2017 6:30:00 PM,2,0,0,36.091080,-86.762410,I 65,,,,0.00,,,,,,,78.45,N,Not at Intersection,N,Non-Junction,None,,,         ,Jon,Mcvey,Clear,"Sideswipe, Same Direction",no,no,no,no,yes,False
101828040,METROPOLITAN NASHVILLE POLICE DEPT,20171009338,Davidson,Nashville,11/16/2017 5:25:00 PM,2,0,0,36.034690,-86.705890,CEDARCREEK DR,,,,438.00,Feet,East,CEDARMONT DR,,,,0.00,N,Not at Intersection,N,Non-Junction,None,,,         ,Darryl,Williams,Clear,Other,no,no,no,no,yes,False
101828043,METROPOLITAN NASHVILLE POLICE DEPT,20171009221,Davidson,Nashville,11/16/2017 5:20:00 PM,2,0,0,36.171530,-86.798640,I 40,,,,0.00,,,,,,,207.90,N,Not at Intersection,N,Non-Junction,None,,,         ,Clayton,Lewis,Clear,Front to Rear,no,no,no,no,yes,False
101828067,METROPOLITAN NASHVILLE POLICE DEPT,20171009908,Davidson,Nashville,11/16/2017 10:53:00 PM,2,0,0,36.203550,-86.738530,GALLATIN PKE,,,,0.00,Feet,,E TRINITY LN,,,,0.00,Y,T-Intersection, ,Intersection,None,,,         ,Christopher,Dameron,Clear,"Sideswipe, Opposite Direction",no,no,no,no,no,False
101828069,METROPOLITAN NASHVILLE POLICE DEPT,20171009851,Davidson,Nashville,11/16/2017 9:06:00 PM,2,1,0,36.086870,-86.730230,ELYSIAN FIELDS RD,,,,0.00,,,ELYSIAN FIELDS CT,,,,0.00,Y,Four-Way,Y,Intersection,None,,,         ,Allyson,Reis,Clear,Angle,no,no,no,no,no,False
101828073,METROPOLITAN NASHVILLE POLICE DEPT,20171009926,Davidson,Nashville,11/16/2017 10:31:00 PM,1,0,0,36.151540,-86.788420,DIVISION ST,,,,327.00,Feet,East,MUSIC CIRE,,,,0.00,N,Not at Intersection,N,Non-Junction,None,,,         ,Craig,Oakley,Clear,Not Collision with Motor Vehicle in Transport,no,no,no,no,yes,False
101828074,Nashville Airport Police,2017-04089,Davidson,Nashville,11/16/2017 8:49:00 PM,2,0,0,36.136780,-86.666180,TERMINAL DR,,,,0.00,,,,,,,0.00,,, ,Non-Junction,None,,,         ,Steve,Wright,Clear,Rear to Rear,no,no,no,yes,no,False
101828080,METROPOLITAN NASHVILLE POLICE DEPT,20171010020,Davidson,Antioch,11/16/2017 9:00:00 PM,3,0,0,36.047400,-86.590000,PIN OAK DR,,,,63.00,Feet,North,PIN HOOK RD,,,,0.00,N,Not at Intersection,N,Non-Junction,None,,,         ,Erik,Schall,Clear,"Sideswipe, Same Direction",no,no,no,no,yes,False
101828084,METROPOLITAN NASHVILLE POLICE DEPT,20171009990,Davidson,Nashville,11/16/2017 10:15:00 PM,3,0,0,36.129500,-86.703640,COARSEY DR,,,,557.00,Feet,West,AINLAY DR,,,,0.00,N,Not at Intersection,N,Non-Junction,None,,,         ,Bridget,Griepentrog,Clear,HeadOn,no,no,no,no,no,False
101828085,METROPOLITAN NASHVILLE POLICE DEPT,20171010212,Davidson,Nashville,11/16/2017 11:27:00 PM,2,0,0,36.206620,-86.777900,BRICK CHURCH PKE,,,,0.00,,,W TRINITY LN,,,,0.00,Y,Four-Way,N,Intersection-Related,None,,,         ,Armonty,Houston,Clear,Front to Rear,no,no,no,no,yes,False
101828087,METROPOLITAN NASHVILLE POLICE DEPT,20171010219,Davidson,Nashville,11/16/2017 7:45:00 PM,2,0,0,36.143010,-86.666640,DONELSON PKE,,,,262.00,Feet,North,I40 W ENT RAMP,,,,0.00,N,Not at Intersection,N,Non-Junction,None,,,         ,Mekisha,Page,Clear,Front to Rear,no,no,no,no,yes,False
101828091,METROPOLITAN NASHVILLE POLICE DEPT,20171010009,Davidson,Joelton,11/16/2017 11:20:00 PM,1,0,0,36.334450,-86.907840,I 24,,,,0.00,,,,,,,32.60,N,Not at Intersection,N,Non-Junction,None,,,         ,Geoffrey,Daugherty,Clear,Not Collision with Motor Vehicle in Transport,no,no,no,no,yes,False
101828113,METROPOLITAN NASHVILLE POLICE DEPT,20171010289,Davidson,Nashville,11/17/2017 1:02:00 AM,2,1,0,36.173590,-86.602150,CENTRAL PKE,,,,0.00,,,OLD HICKORY BLVD,,,,0.00,Y,Four-Way,N,Intersection,None,,,         ,Leonard,Spadavecchia,Clear,HeadOn,no,no,no,no,no,False
101828178,METROPOLITAN NASHVILLE POLICE DEPT,20171010827,Davidson,Nashville,11/17/2017 12:00:00 AM,1,0,0,36.205900,-86.710760,COOPER LN,,,,31.00,Feet,North,DEMARIUS DR,,,,0.00,N,Not at Intersection,N,Non-Junction,None,,,         ,Douglas,Smith,Clear,Not Collision with Motor Vehicle in Transport,no,no,no,no,yes,False
101828179,METROPOLITAN NASHVILLE POLICE DEPT,20171010909,Davidson,Nashville,11/17/2017 5:27:00 AM,1,0,0,36.056630,-86.620330,MURFREESBORO PKE,,,,967.00,Feet,North,MT VIEW RD,,,,0.00,N,Not at Intersection,N,Non-Junction,None,,,         ,Kevin,Clausius,Fog,Not Collision with Motor Vehicle in Transport,no,no,no,no,no,False
101828210,METROPOLITAN NASHVILLE POLICE DEPT,20171010994,Davidson,Nashville,11/17/2017 5:50:00 AM,3,0,0,36.199960,-86.776630,I 65,,,,0.00,,,,,,,86.85,N,Not at Intersection,N,Non-Junction,None,,,         ,Geoffrey,Daugherty,Fog,Front to Rear,no,no,no,no,no,False
101828262,METROPOLITAN NASHVILLE POLICE DEPT,20171011152,Davidson,Nashville,11/17/2017 7:33:00 AM,2,0,0,36.110000,-86.922530,OLD HICKORY BLVD,,,,60.00,Feet,North,SONYA DR,,,,0.00,N,Not at Intersection, ,Non-Junction,None,,,         ,Curtis,Rich,Fog,Angle,no,no,no,no,no,False
101828268,METROPOLITAN NASHVILLE POLICE DEPT,2017-1011110,Davidson,Nashville,11/17/2017 7:05:00 AM,2,1,0,36.251660,-86.740350,I 65,,,,0.00,,,,,,,91.35,N,Not at Intersection,N,Non-Junction,None,,,         ,Arthur,Hipp,Fog,Front to Rear,no,no,no,no,no,False
101828281,METROPOLITAN NASHVILLE POLICE DEPT,20171011078,Davidson,Nashville,11/17/2017 6:55:00 AM,2,3,0,36.109370,-86.727710,BRILEY PKWYN,,,,103.00,Feet,East,BRILEY PKWYS,,,,0.00,N,Not at Intersection,N,Non-Junction,None,,,         ,Peter,Vaught,Clear,Front to Rear,no,no,no,no,no,False
101828283,METROPOLITAN NASHVILLE POLICE DEPT,20171011166,Davidson,Nashville,11/17/2017 7:37:00 AM,2,0,0,36.173170,-86.601670,CENTRAL PKE,,,,200.00,Feet,North,OLD HICKORY BLVD,,,,0.00,N,Not at Intersection,N,Non-Junction,None,,,         ,Michael,Dance,Clear,Front to Rear,no,no,no,yes,yes,False
101828295,METROPOLITAN NASHVILLE POLICE DEPT,20171011221,Davidson,Not in City Limit,11/17/2017 7:59:00 AM,2,0,0,36.272120,-86.689560,ANDERSON LN,,,,0.00,,,MYATT DR,,,,0.00,Y,OTHER, ,Non-Junction,None,,,         ,Eric,Richardson,Fog,Angle,no,no,no,no,no,False
101828299,METROPOLITAN NASHVILLE POLICE DEPT,20171011268,Davidson,Nashville,11/17/2017 8:47:00 AM,2,0,0,36.229260,-86.596650,SAUNDERSVILLE RD,,,,596.00,Feet,West,AUTUMN SPRINGS LN,,,,0.00,N,Not at Intersection, ,Non-Junction,None,,,         ,Michael,Brooks,Cloudy,"Sideswipe, Opposite Direction",no,no,no,no,no,False
101828315,METROPOLITAN NASHVILLE POLICE DEPT,20171011326,Davidson,Nashville,11/17/2017 8:22:00 AM,2,0,0,36.152450,-86.842230,46TH AVN,,,,91.00,Feet,North,CHARLOTTE AV,,,,0.00,N,Not at Intersection, ,Non-Junction,None,,,         ,Curtis,Rich,Cloudy,Front to Rear,no,no,no,no,no,False
101828318,METROPOLITAN NASHVILLE POLICE DEPT,20171011312,Davidson,Nashville,11/17/2017 8:33:00 AM,2,0,0,36.142800,-86.682940,I 40,,,,0.00,,,,,,,215.70,N,Not at Intersection, ,Non-Junction,None,,,         ,Michael,Dance,Clear,Front to Rear,no,no,no,no,no,False
101828322,METROPOLITAN NASHVILLE POLICE DEPT,20171011250,Davidson,Nashville,11/17/2017 8:05:00 AM,3,2,0,36.127690,-86.784550,BRADFORD AV,,,,433.00,Feet,West,9TH AVS,,,,0.00,N,Not at Intersection,N,Non-Junction,None,,,         ,Nathan,Kemp,Clear,"Sideswipe, Opposite Direction",no,no,no,no,no,False
101828359,METROPOLITAN NASHVILLE POLICE DEPT,20171011216,Davidson,Nashville,11/17/2017 7:46:00 AM,3,1,0,36.143250,-86.704890,I 40,,,,0.00,,,,,,,214.50,N,Not at Intersection,N,Non-Junction,None,,,         ,Steven,Rowlett,Fog,Not Collision with Motor Vehicle in Transport,no,no,no,no,yes,False
101828394,METROPOLITAN NASHVILLE POLICE DEPT,20171011139,Davidson,Nashville,11/17/2017 7:20:00 AM,4,0,0,36.107180,-86.728690,SOUTHLAKE DR,,,,67.00,Feet,North,NEESE DR,,,,0.00,N,Not at Intersection,N,Non-Junction,None,,,         ,James,Thomas,Fog,Front to Rear,no,no,no,no,yes,False
101828402,METROPOLITAN NASHVILLE POLICE DEPT,20171011405,Davidson,Nashville,11/17/2017 9:20:00 AM,2,0,0,36.136870,-86.800420,BELCOURT AV,,,,124.00,Feet,East,21ST AVS,,,,0.00,N,Not at Intersection, ,Non-Junction,None,,,         ,Bryan,Musgrave,Clear,"Sideswipe, Same Direction",no,no,no,no,yes,False
101828412,METROPOLITAN NASHVILLE POLICE DEPT,2017-1011293,Davidson,Nashville,11/17/2017 8:20:00 AM,2,0,0,36.040260,-86.816400,GRANNY WHITE PKE,,,,0.00,,,OLD HICKORY BLVD,,,,0.00,Y,Four-Way, ,,None,,,         ,Erik,Wagner,,,no,no,no,no,no,False
101828413,METROPOLITAN NASHVILLE POLICE DEPT,2017-1011228,Davidson,Nashville,11/17/2017 7:59:00 AM,2,0,0,36.132980,-86.818720,I 440,,,,0.00,,,,,,,1.80,N,Not at Intersection,N,Non-Junction,None,,,         ,Erik,Wagner,Clear,"Sideswipe, Same Direction",no,no,no,no,yes,False
101828419,METROPOLITAN NASHVILLE POLICE DEPT,20171008820,Davidson,Nashville,11/16/2017 2:05:00 PM,2,2,0,36.216920,-86.693530,MCGAVOCK PKE,,,,0.00,,,MCGAVOCK PKE WB ENT RAMP,,,,0.00,Y,T-Intersection,N,Intersection,None,,,         ,Cody,O'Quinn,Clear,Front to Rear,no,no,no,no,yes,False
101828462,METROPOLITAN NASHVILLE POLICE DEPT,20171011310,Davidson,Nashville,11/17/2017 8:40:00 AM,2,1,0,36.254240,-86.715970,GALLATIN PKES,,,,352.00,Feet,South,MADISON BLVD,,,,0.00,N,Not at Intersection,N,Non-Junction,None,,,         ,Brian,Otto,Cloudy,Angle,no,no,no,no,no,False
101828470,METROPOLITAN NASHVILLE POLICE DEPT,20171011080,Davidson,Nashville,11/17/2017 9:14:00 AM,3,0,0,36.172550,-86.794300,JEFFERSON ST,,,,156.00,Feet,East,10TH AVN,,,,0.00,N,Not at Intersection, ,Non-Junction,None,,,         ,Ernie,Wilson,Clear,Front to Rear,no,no,no,no,no,False
101828480,METROPOLITAN NASHVILLE POLICE DEPT,20171011628,Davidson,Nashville,11/17/2017 10:43:00 AM,2,1,0,36.150690,-86.767950,LAFAYETTE ST,,,,0.00,,,2ND AVS,,,,0.00,Y,Y-Intersection,N,Intersection-Related,None,,,         ,Seth,Quiles,Cloudy,"Sideswipe, Same Direction",no,no,no,no,no,False
101828483,METROPOLITAN NASHVILLE POLICE DEPT,20171011741,Davidson,Nashville,11/17/2017 11:45:00 AM,2,0,0,36.118220,-86.809790,HILLSBORO PKE,,,,134.00,Feet,North,GOLF CLUB LN,,,,0.00,N,Not at Intersection, ,,None,,,         ,Curtis,Rich,,,no,no,no,no,no,False
101828489,METROPOLITAN NASHVILLE POLICE DEPT,20171011055,Davidson,Nashville,11/17/2017 6:20:00 AM,2,0,0,36.168540,-86.788320,ROSA L PARKS BLVD,,,,0.00,,,HARRISON ST,,,,0.00,Y,Four-Way,N,Intersection,None,,,         ,William,Gibbs,Clear,Angle,no,no,no,no,yes,False
101828493,METROPOLITAN NASHVILLE POLICE DEPT,20171011675,Davidson,Nashville,11/17/2017 11:09:00 AM,3,1,0,36.176400,-86.767430,SPRING ST,,,,0.00,,,SPRING ST ENT RAMP,,,,0.00,Y,OTHER,N,Non-Junction,None,,,         ,Alex,Moore,Clear,Front to Rear,no,no,no,no,no,False
101828506,METROPOLITAN NASHVILLE POLICE DEPT,20171011768,Davidson,Nashville,11/17/2017 11:41:00 AM,2,0,0,36.173860,-86.602260,OLD HICKORY BLVD,,,,104.00,Feet,North,CENTRAL PKE,,,,0.00,N,Not at Intersection, ,Non-Junction,None,,,         ,Michael,Brooks,Cloudy,Angle,no,no,no,no,no,False
101828529,METROPOLITAN NASHVILLE POLICE DEPT,20171011707,Davidson,Old Hickory,11/17/2017 11:24:00 AM,2,2,0,36.231810,-86.619970,SHUTE LN,,,,1420.00,Feet,East,OLD HICKORY BLVD,,,,0.00,N,Not at Intersection,N,Non-Junction,None,,,         ,Michael,Dance,Clear,Front to Rear,no,no,no,no,no,False
101828531,METROPOLITAN NASHVILLE POLICE DEPT,20171011748,Davidson,Nashville,11/17/2017 11:28:00 AM,2,4,0,36.046300,-86.657580,BELL RD,,,,145.00,Feet,East,COLLINS PARK DR,,,,0.00,N,Not at Intersection,N,Non-Junction,None,,,         ,Peter,Vaught,Clear,Front to Rear,no,no,no,no,no,False
101828537,METROPOLITAN NASHVILLE POLICE DEPT,20171011567,Davidson,Nashville,11/17/2017 10:25:00 AM,1,0,0,36.182700,-86.743680,STRATTON AV,,,,195.00,Feet,North,CALVIN AV,,,,0.00,,Not at Intersection, ,"Driveway, Alley Access, etc",None,,,         ,John,Hoesli,Clear,Not Collision with Motor Vehicle in Transport,no,no,no,no,no,False
101828569,METROPOLITAN NASHVILLE POLICE DEPT,20171011708,Davidson,Nashville,11/17/2017 11:25:00 AM,2,0,0,36.163870,-86.775340,DOWNTOWN GRNWY,,,,311.00,Feet,North,1ST AVN,,,,0.00,N,Not at Intersection, ,Non-Junction,None,,,         ,Kevin,Johnson,Clear,"Sideswipe, Same Direction",no,no,no,no,no,False
101828571,METROPOLITAN NASHVILLE POLICE DEPT,20171011821,Davidson,Not in City Limit,11/17/2017 12:00:00 PM,1,0,0,36.075730,-86.941900,HIGHWAY 70S,,,,376.00,Feet,East,CARRIAGE DR,,,,0.00,N,Not at Intersection, ,"Driveway, Alley Access, etc",None,,,         ,Curtis,Rich,Clear,Not Collision with Motor Vehicle in Transport,no,no,no,yes,no,False
101828600,METROPOLITAN NASHVILLE POLICE DEPT,20171011906,Davidson,Nashville,11/16/2017 12:00:00 AM,2,0,0,36.203350,-86.694110,OPRY MILLS DR,,,,1259.00,Feet,East,MOSS ROSE DR,,,,0.00,N,Not at Intersection,N,Non-Junction,None,,,         ,Michael,Dance,Clear,Front to Rear,no,no,no,yes,yes,False
101828610,METROPOLITAN NASHVILLE POLICE DEPT,20171011841,Davidson,Nashville,11/17/2017 11:23:00 AM,2,0,0,36.143990,-86.719820,ELM HILL PKE,,,,116.00,Feet,West,WRIGHT INDUSTRIES PVTDR,,,,0.00,N,Not at Intersection,N,Non-Junction,None,,,         ,Andrey,Volfson,Clear,"Sideswipe, Same Direction",no,no,no,no,yes,False
101828654,METROPOLITAN NASHVILLE POLICE DEPT,20171011938,Davidson,Nashville,11/17/2017 12:40:00 PM,2,0,0,36.015053,-86.620352,OLD HICKORY,,SR1,,0.00,,,,,II 24,,0.00,Y,Four-Way, ,Intersection,None,,,         ,Steven,Williams,Clear,Angle,no,no,no,no,yes,False
101828662,METROPOLITAN NASHVILLE POLICE DEPT,20171001882,Davidson,Nashville,11/17/2017 12:30:00 PM,2,0,0,36.105140,-86.795900,GRANNY WHITE PKE,,,,167.00,Feet,South,MORROW AV,,,,0.00,N,Not at Intersection,N,Non-Junction,None,,,         ,Russell,Freeman,Clear,Angle,no,no,no,no,yes,False
101828695,METROPOLITAN NASHVILLE POLICE DEPT,20171011921,Davidson,Nashville,11/17/2017 12:50:00 PM,2,0,0,36.137220,-86.875310,RUSSLEO DR,,,,64.00,Feet,East,FLEETWOOD DR,,,,0.00,N,Not at Intersection, ,Non-Junction,None,,,         ,Paul,Junkmann,Cloudy,Front to Rear,no,no,no,no,no,False
101828700,METROPOLITAN NASHVILLE POLICE DEPT,20171011911,Davidson,Nashville,11/17/2017 12:55:00 PM,2,1,0,36.243890,-86.756580,SKYLINE MEMORIAL CT,,,,0.00,,,DICKERSON PKE,,,,0.00,Y,Four-Way,N,Intersection,None,,,         ,Brandon,Wood,Clear,Angle,no,no,no,no,no,False
101828702,METROPOLITAN NASHVILLE POLICE DEPT,20171011849,Davidson,Goodlettsville,11/17/2017 12:30:00 PM,2,0,0,36.300770,-86.694820,SHEPHERD HILLS DR,,,,0.00,,,GALLATIN PKEN,,,,0.00,Y,Four-Way, ,Non-Junction,None,,,         ,Thomas,Odom,Clear,Front to Rear,no,no,no,no,no,False
101828703,METROPOLITAN NASHVILLE POLICE DEPT,20171011900,Davidson,Not in City Limit,11/17/2017 1:00:00 PM,2,0,0,36.272780,-86.710160,GALLATIN PKEN,,,,0.00,,,NESBITT LN,,,,0.00,Y,T-Intersection, ,Intersection,None,,,         ,Thomas,Odom,Clear,Angle,no,no,no,no,no,False
101828704,METROPOLITAN NASHVILLE POLICE DEPT,20171011880,Davidson,Nashville,11/17/2017 12:22:00 PM,2,0,0,36.133440,-86.770440,WEDGEWOOD AV,,,,0.00,,,MARTIN ST,,,,0.00,Y,T-Intersection, ,Non-Junction,None,,,         ,Erik,Wagner,Clear,Front to Rear,no,no,no,no,no,False
101828705,METROPOLITAN NASHVILLE POLICE DEPT,2017-1011673,Davidson,Nashville,11/17/2017 11:04:00 AM,2,0,0,36.149050,-86.774190,I 40,,,,0.00,,,,,,,210.15,N,Not at Intersection, ,Entrance/Exit Ramp Related,None,,,         ,Erik,Wagner,Clear,"Sideswipe, Same Direction",no,no,no,no,no,False
101828722,METROPOLITAN NASHVILLE POLICE DEPT,20171011837,Davidson,Nashville,11/17/2017 12:00:00 PM,2,0,0,36.113950,-86.810880,WOODMONT BLVD,,,,0.00,,,HILLSBORO PKE,,,,0.00,Y,Four-Way, ,,None,,,         ,Ian,Hammond,,,no,no,no,no,no,False
101828738,GOODLETTSVILLE POLICE DEPT,17-40742,Davidson,Goodlettsville,11/17/2017 1:45:00 PM,2,0,0,36.296300,-86.715300,I 65,,,,0.00,,,,,,,94.80,N,Not at Intersection, ,Non-Junction,None,,,         ,Jeremy,Baker,Clear,Front to Rear,no,no,no,no,no,False
101828741,METROPOLITAN NASHVILLE POLICE DEPT,20171011951,Davidson,Not in City Limit,11/17/2017 1:10:00 PM,2,2,0,36.319300,-86.888010,OLD CLARKSVILLE PKE,,,,0.00,,,BIDWELL RD,,,,0.00,Y,Four-Way,N,Intersection,None,,,         ,Jeanine,Sarno,Clear,Angle,no,no,no,no,no,False
101828744,METROPOLITAN NASHVILLE POLICE DEPT,20171012069,Davidson,Nashville,11/17/2017 2:08:00 PM,1,1,0,36.066060,-86.738120,EDMONDSON PKE,,,,0.00,,,BREWER DR,,,,0.00,Y,Four-Way,N,Intersection,None,,,         ,Nathan,Kemp,Clear,Not Collision with Motor Vehicle in Transport,no,yes,no,no,no,False
101828752,METROPOLITAN NASHVILLE POLICE DEPT,20171012030,Davidson,Nashville,11/17/2017 1:50:00 PM,2,1,0,36.148280,-86.778910,I 40,,,,0.00,,,,,,,209.90,N,Not at Intersection,N,Non-Junction,None,,,         ,Brent,Bauer,Clear,"Sideswipe, Same Direction",no,no,no,no,no,False
101828757,METROPOLITAN NASHVILLE POLICE DEPT,20171011677,Davidson,Nashville,11/17/2017 11:10:00 AM,2,0,0,36.194510,-86.618710,OLD HICKORY BLVD,,,,164.00,Feet,West,HERMITAGE MARKETPLACE PVTDR,,,,0.00,N,Not at Intersection, ,Non-Junction,None,,,         ,Cody,O'Quinn,Clear,Front to Rear,no,no,no,no,no,False
101828766,METROPOLITAN NASHVILLE POLICE DEPT,20171003045,Davidson,Nashville,11/14/2017 8:52:00 PM,2,0,0,36.106040,-86.814790,ABBOTT MARTIN RD,,,,280.00,Feet,West,BANDYWOOD DR,,,,0.00,N,Not at Intersection, ,Non-Junction,None,,,         ,Andrew,Brazee,Clear,"Sideswipe, Same Direction",no,no,no,no,no,False
101828788,METROPOLITAN NASHVILLE POLICE DEPT,20171002068,Davidson,Nashville,11/14/2017 3:29:00 PM,2,0,0,36.075310,-86.918420,HIGHWAY 70S,,,,800.00,Feet,East,OLD HICKORY BLVD,,,,0.00,N,Not at Intersection,N,Non-Junction,None,,,         ,Walter,Gray II,Clear,Front to Rear,no,no,no,no,no,False
101828789,METROPOLITAN NASHVILLE POLICE DEPT,20171002396,Davidson,Not in City Limit,11/14/2017 5:14:00 PM,3,0,0,36.034780,-86.971980,HIGHWAY 100,,,,145.00,Feet,West,WESTHAVEN DR,,,,0.00,N,Not at Intersection,N,"Driveway, Alley Access, etc",None,,,         ,Walter,Gray II,Clear,Angle,no,no,no,no,no,False
101828793,METROPOLITAN NASHVILLE POLICE DEPT,20171002992,Davidson,Nashville,11/14/2017 6:30:00 PM,2,1,0,36.134280,-86.779800,WEDGEWOOD AV,,,,209.00,Feet,West,8TH AVS,,,,0.00,N,Not at Intersection,N,Non-Junction,None,,,         ,David,Robberson,Clear,Front to Rear,no,no,no,no,no,False
101828795,METROPOLITAN NASHVILLE POLICE DEPT,20171002690,Davidson,Nashville,11/14/2017 6:09:00 PM,2,1,0,36.065940,-86.685770,I 24,,,,0.00,,,,,,,57.30,N,Not at Intersection,N,Non-Junction,None,,,         ,Mary,Williams,Clear,"Sideswipe, Same Direction",no,no,no,no,no,False