master_record_number,agency,agency_tracking_number,county,city,collision_date,vehicles_involved,number_injured,number_dead,latitude,longitude,roadway_name,roadway_suffix,roadway_number,roadway_local_id,distance_from_reference,miles-feet_indicator,direction_from_reference,intersection_road_name,intersection_road_name_suffix,intersection_road_number,intersection_local_id,mile_marker,intersection_indicator,intersect_type,interchange_related_indicator,relation_to_junction,work_zone_type,construction_maintenance_zone,construction_maintenance_zone_location,fatal_case_number,officer_first_name,officer_last_name,weather_condition(s),manner_of_crash,pedestrian,bicycle,scooter,parking,hitrun,mou
101828812,GOODLETTSVILLE POLICE DEPT,17-39774,Davidson,Goodlettsville,11/10/2017 7:05:00 AM,2,2,0,36.322260,-86.713310,S MAIN ST,,,,0.00,,,LONG HOLLOW PKE,,,,0.00,Y,Four-Way,Y,Intersection-Related,None,,,         ,Charles,Hauskin,Clear,HeadOn,no,no,no,no,no,False
101828829,METROPOLITAN NASHVILLE POLICE DEPT,20171011950,Davidson,Nashville,11/17/2017 1:03:00 PM,3,0,0,36.148100,-86.666300,DONELSON PKE,,,,256.00,Feet,South,ELM HILL PKE,,,,0.00,N,Not at Intersection,N,Non-Junction,None,,,         ,Cody,O'Quinn,Clear,Front to Rear,no,no,no,no,no,False
101828840,METROPOLITAN NASHVILLE POLICE DEPT,20171011686,Davidson,Nashville,11/17/2017 11:15:00 AM,2,0,0,36.051590,-86.714000,OCALA DR,,,,107.00,Feet,East,NOLENSVILLE PKE,,,,0.00,N,Not at Intersection, ,Non-Junction,None,,,         ,Jessie,Meadows,Clear,Front to Rear,no,no,no,no,no,False
101828841,METROPOLITAN NASHVILLE POLICE DEPT,20171011765,Davidson,Nashville,11/17/2017 11:43:00 AM,2,0,0,36.101870,-86.721400,GLENCLIFF RD,,,,245.00,Feet,North,ANTIOCH PKE,,,,0.00,N,Not at Intersection,N,Non-Junction,None,,,         ,Jessie,Meadows,Clear,"Sideswipe, Same Direction",no,no,no,no,no,False
101828842,METROPOLITAN NASHVILLE POLICE DEPT,20171011869,Davidson,Nashville,11/17/2017 1:15:00 PM,2,0,0,36.071340,-86.636380,BELL RD,,,,199.00,Feet,South,MURFREESBORO PKE,,,,0.00,N,Not at Intersection, ,Non-Junction,None,,,         ,Jessie,Meadows,Clear,"Sideswipe, Same Direction",no,no,no,no,no,False
101828843,METROPOLITAN NASHVILLE POLICE DEPT,20171012055,Davidson,Nashville,11/17/2017 2:00:00 PM,2,0,0,36.088550,-86.696010,METROPLEX DR,,,,615.00,Feet,North,S PERIMETER PARK DR,,,,0.00,N,Not at Intersection,N,Non-Junction,None,,,         ,Jessie,Meadows,Clear,Front to Rear,no,no,no,no,yes,False
101828855,METROPOLITAN NASHVILLE POLICE DEPT,20171012103,Davidson,Nashville,11/17/2017 2:09:00 PM,2,0,0,36.103230,-86.666480,MURFREESBORO PKE,,,,0.00,,,FAIRCLOTH LN,,,,0.00,Y,T-Intersection, ,Non-Junction,None,,,         ,Albert,Wilson,Clear,Angle,no,no,no,no,no,False
101828883,METROPOLITAN NASHVILLE POLICE DEPT,20171012166,Davidson,Nashville,11/17/2017 3:05:00 PM,2,0,0,36.142530,-86.708510,I 40,,,,0.00,,,,,,,214.30,N,Not at Intersection,N,Non-Junction,None,,,         ,Brenna,Hosey,Clear,Front to Rear,no,no,no,no,no,False
101828886,METROPOLITAN NASHVILLE POLICE DEPT,20171012118,Davidson,Not in City Limit,11/17/2017 12:00:00 AM,2,0,0,36.323170,-86.870750,I24 E EXT RAMP,,,,0.00,Feet,East,I 24,,,,0.00,N,Not at Intersection, ,Non-Junction,None,,,         ,Melvin,Taylor,Clear,"Sideswipe, Same Direction",no,no,no,no,yes,False
101828902,METROPOLITAN NASHVILLE POLICE DEPT,20171012246,Davidson,Nashville,11/17/2017 3:30:00 PM,2,0,0,36.156010,-86.788850,BROADWAY,,,,0.00,,,13TH AVS,,,,0.00,Y,Four-Way, ,Non-Junction,None,,,         ,David,Collins,Clear,"Sideswipe, Same Direction",no,no,no,no,no,False
101828911,METROPOLITAN NASHVILLE POLICE DEPT,20171012219,Davidson,Nashville,11/17/2017 2:30:00 PM,2,0,0,36.133260,-86.726890,I24E,,,,72.00,Feet,East,I24 W EXT RAMP,,,,0.00,N,Not at Intersection, ,Non-Junction,None,,,         ,Jessie,Meadows,Clear,Front to Rear,no,no,no,no,no,False
101828916,METROPOLITAN NASHVILLE POLICE DEPT,20171013146,Davidson,Nashville,11/14/2017 9:55:00 PM,2,0,0,36.139820,-86.887790,I 40,,,,0.00,,,,,,,202.00,N,Not at Intersection, ,Non-Junction,Maintenance Zone,,,         ,Walter,Gray II,Clear,"Sideswipe, Same Direction",no,no,no,no,no,False
101828917,METROPOLITAN NASHVILLE POLICE DEPT,20171011945,Davidson,Nashville,11/17/2017 1:08:00 PM,1,1,0,36.232730,-86.755740,MAPLEWOOD TRC,,,,0.00,,,HILLSIDE RD,,,,0.00,Y,OTHER,N,Non-Junction,None,,,         ,Alex,Moore,Clear,Not Collision with Motor Vehicle in Transport,no,no,no,no,no,False
101828921,METROPOLITAN NASHVILLE POLICE DEPT,20171012213,Davidson,Nashville,11/17/2017 3:15:00 PM,2,1,0,36.145570,-86.776980,I 65,,,,0.00,,,,,,,82.20,N,Not at Intersection,N,Non-Junction,None,,,         ,Jon,Mcvey,Clear,Front to Rear,no,no,no,no,no,False
101828927,VANDERBILT UNIVERSITY POLICE,2017-1012189,Davidson,Nashville,11/17/2017 3:01:00 PM,1,1,0,36.143050,-86.810120,JESS NEELY DR,,,,0.00,,,NATCHEZ TRC,,,,0.00,Y,Four-Way,N,Intersection,None,,,         ,Christopher,Dion,Clear,Not Collision with Motor Vehicle in Transport,no,yes,no,no,no,Campus
101828931,METROPOLITAN NASHVILLE POLICE DEPT,20171012199,Davidson,Nashville,11/17/2017 3:07:00 PM,2,0,0,36.128170,-86.713020,MURFREESBORO PKE,,,,0.00,,,PHILFRE CT,,,,0.00,Y,T-Intersection, ,Intersection-Related,None,,,         ,Patrick,Taylor,Clear,"Sideswipe, Same Direction",no,no,no,no,no,False
101828938,METROPOLITAN NASHVILLE POLICE DEPT,20171012121,Davidson,Nashville,11/17/2017 2:00:00 PM,2,0,0,36.233430,-86.724220,GALLATIN PKE NB EXT RAMP,,,,0.00,,,GALLATIN PKE SB EXT RAMP,,,,0.00,Y,OTHER, ,Intersection-Related,None,,,         ,Jonathan,Cavezza,Clear,Angle,no,no,no,no,no,False
101828982,METROPOLITAN NASHVILLE POLICE DEPT,20171012124,Davidson,Nashville,11/17/2017 3:10:00 PM,2,0,0,36.130530,-86.899050,CHARLOTTE PKE,,,,130.00,Feet,East,I40 W EXT RAMP,,,,0.00,N,Not at Intersection,N,Non-Junction,None,,,         ,Walter,Gray II,Clear,Front to Rear,no,no,no,no,no,False
101828987,METROPOLITAN NASHVILLE POLICE DEPT,20171012370,Davidson,Nashville,11/17/2017 4:26:00 PM,2,0,0,36.101050,-86.764810,I 65,,,,0.00,,,,,,,79.10,N,Not at Intersection, ,,None,,,         ,Hillary,Sherman,,,no,no,no,no,no,False
101828991,METROPOLITAN NASHVILLE POLICE DEPT,20171012497,Davidson,Nashville,11/17/2017 4:59:00 PM,2,0,0,36.154030,-86.804840,PATTERSON ST,,,,163.00,Feet,East,22ND AVN,,,,0.00,N,Not at Intersection, ,Non-Junction,None,,,         ,Ryan,Cagle,Clear,"Sideswipe, Same Direction",no,no,no,no,no,False
101829024,METROPOLITAN NASHVILLE POLICE DEPT,20171012442,Davidson,Nashville,11/17/2017 4:58:00 PM,2,1,0,36.154030,-86.787570,DEMONBREUN ST,,,,0.00,,,13TH AVS,,,,0.00,Y,Four-Way,Y,Intersection,None,,,         ,Derek,Betty,Clear,Angle,no,no,no,no,no,False
101829025,METROPOLITAN NASHVILLE POLICE DEPT,20171012405,Davidson,Nashville,11/17/2017 5:00:00 PM,3,0,0,36.133060,-86.758110,NOLENSVILLE PKE,,,,425.00,Feet,South,CRAIGHEAD ST,,,,0.00,N,Not at Intersection, ,Non-Junction,None,,,         ,Jessie,Meadows,Clear,Front to Rear,no,no,no,no,no,False
101829037,METROPOLITAN NASHVILLE POLICE DEPT,20171012513,Davidson,Goodlettsville,11/17/2017 5:30:00 PM,2,0,0,36.290330,-86.722830,I 65,,,,0.00,,,,,,,94.25,N,Not at Intersection, ,Non-Junction,None,,,         ,Thomas,Miller,Clear,Front to Rear,no,no,no,no,no,False
101829045,METROPOLITAN NASHVILLE POLICE DEPT,20171012395,Davidson,Nashville,11/17/2017 4:43:00 PM,2,0,0,36.149160,-86.773860,I 40,,,,0.00,,,,,,,210.20,N,Not at Intersection, ,,None,,,         ,Samuel,Sundra,,,no,no,no,no,no,False
101829047,METROPOLITAN NASHVILLE POLICE DEPT,20171012358,Davidson,Nashville,11/17/2017 4:24:00 PM,1,0,0,36.191880,-86.720990,TAMMANY DR,,,,17.00,Feet,East,MCKENNELL DR,,,,0.00,N,Not at Intersection,N,Non-Junction,None,,,         ,Ryan,Howard,Clear,Not Collision with Motor Vehicle in Transport,no,no,no,no,yes,False
101829048,METROPOLITAN NASHVILLE POLICE DEPT,20171012609,Davidson,Nashville,11/17/2017 12:00:00 AM,2,1,0,36.154990,-86.627130,I40 E EXT RAMP,,,,0.00,,,I 40,,,,0.00,Y,T-Intersection,N,Non-Junction,None,,,         ,Craig,Gentry,Clear,Front to Rear,no,no,no,no,no,False
101829049,METROPOLITAN NASHVILLE POLICE DEPT,20171012156,Davidson,Nashville,11/17/2017 3:00:00 PM,3,1,0,36.148740,-86.865490,CHARLOTTE PKE,,,,93.00,Feet,West,LELLYETT ST,,,,0.00,N,Not at Intersection,N,Non-Junction,None,,,         ,Anthony,Cucci,Clear,Front to Rear,no,no,no,no,no,False
101829051,METROPOLITAN NASHVILLE POLICE DEPT,20171012508,Davidson,Nashville,11/17/2017 5:11:00 PM,2,0,0,36.153780,-86.720900,LEBANON PKE,,,,195.00,Feet,East,SPENCE LN,,,,0.00,N,Not at Intersection,N,Non-Junction,None,,,         ,Jonathan,Cavezza,Clear,Angle,no,no,no,no,yes,False
101829053,METROPOLITAN NASHVILLE POLICE DEPT,20171012590,Davidson,Nashville,11/17/2017 5:34:00 PM,2,0,0,36.137200,-86.699670,BRILEY PKWY,,,,0.00,,,GLASTONBURY RD,,,,0.00,Y,T-Intersection, ,Intersection-Related,None,,,         ,Patrick,Taylor,Clear,Front to Rear,no,no,no,no,no,False
101829055,METROPOLITAN NASHVILLE POLICE DEPT,20171012517,Davidson,Nashville,11/17/2017 5:29:00 PM,2,0,0,36.163510,-86.775170,1ST AVN,,,,521.00,Feet,North,1ST AVS,,,,0.00,N,Not at Intersection,N,Non-Junction,None,,,         ,Jacob,Dick,Clear,"Sideswipe, Same Direction",no,no,no,no,no,False
101829058,METROPOLITAN NASHVILLE POLICE DEPT,20171012598,Davidson,Nashville,11/17/2017 5:38:00 PM,2,0,0,36.174280,-86.787420,5TH AVN,,,,0.00,,,JEFFERSON ST,,,,0.00,Y,Four-Way,N,Intersection,None,,,         ,Kevin,Reynolds,Clear,HeadOn,no,no,no,no,no,False
101829059,METROPOLITAN NASHVILLE POLICE DEPT,20171012549,Davidson,Nashville,11/17/2017 5:29:00 PM,2,0,0,36.103310,-86.714750,I 24,,,,0.00,,,,,,,54.30,N,Not at Intersection, ,Non-Junction,None,,,         ,Je-Marc,Sears,Clear,"Sideswipe, Same Direction",no,no,no,no,no,False
101829061,METROPOLITAN NASHVILLE POLICE DEPT,20171012612,Davidson,Nashville,11/17/2017 5:35:00 PM,2,0,0,36.141710,-86.778610,CHESTNUT ST,,,,0.00,,,8TH AVS,,,,0.00,Y,Four-Way, ,,None,,,         ,Allyson,Reis,,,no,no,no,no,no,False
101829071,METROPOLITAN NASHVILLE POLICE DEPT,20171012523,Davidson,Nashville,11/17/2017 5:31:00 PM,2,0,0,36.125870,-86.805050,21ST AVS,,,,0.00,,,SWEETBRIAR AV,,,,0.00,Y,T-Intersection,N,Non-Junction,None,,,         ,David,Collins,Clear,HeadOn,no,no,no,no,no,False
101829079,METROPOLITAN NASHVILLE POLICE DEPT,20171012589,Davidson,Nashville,11/17/2017 5:57:00 PM,2,0,0,36.140210,-86.879150,CHARLOTTE PKE,,,,33.00,Feet,East,RUSSLEO DR,,,,0.00,N,Not at Intersection, ,,None,,,         ,Jake,Carr,,,no,no,no,no,no,False
101829080,METROPOLITAN NASHVILLE POLICE DEPT,20171012344,Davidson,Nashville,11/17/2017 6:06:00 PM,2,0,0,36.142960,-86.705960,I 40,,,,0.00,,,,,,,214.45,N,Not at Intersection,N,Non-Junction,None,,,         ,Noah,Melton,Clear,Front to Rear,no,no,no,no,no,False
101829081,METROPOLITAN NASHVILLE POLICE DEPT,20171012684,Davidson,Nashville,11/17/2017 6:16:00 PM,2,0,0,36.144170,-86.692330,I 40,,,,0.00,,,,,,,215.15,N,Not at Intersection,N,Non-Junction,None,,,         ,Michael,Apsey,Clear,Front to Rear,no,no,no,no,no,False
101829092,METROPOLITAN NASHVILLE POLICE DEPT,20171012583,Davidson,Nashville,11/17/2017 5:35:00 PM,3,1,0,36.094200,-86.762850,I 65,,,,0.00,,,,,,,78.65,N,Not at Intersection,N,Non-Junction,None,,,         ,David,Robberson,Clear,Front to Rear,no,no,no,no,yes,False
101829096,METROPOLITAN NASHVILLE POLICE DEPT,20171012613,Davidson,Nashville,11/17/2017 5:11:00 PM,2,0,0,36.155550,-86.789940,BROADWAY,,,,74.00,Feet,West,I40 E ENT RAMP,,,,0.00,N,Not at Intersection, ,Non-Junction,None,,,         ,Ryan,Cagle,Clear,"Sideswipe, Same Direction",no,no,no,no,no,False
101829101,METROPOLITAN NASHVILLE POLICE DEPT,20171012595,Davidson,Nashville,11/17/2017 6:00:00 PM,3,1,0,36.148700,-86.775200,I40 E ENT RAMP,,,,0.00,,,I 40,,,,0.00,Y,Y-Intersection,Y,Entrance/Exit Ramp Related,None,,,         ,Hillary,Sherman,Clear,Front to Rear,no,no,no,no,no,False
101829104,VANDERBILT UNIVERSITY POLICE,2017-1012490,Davidson,Nashville,11/17/2017 5:33:00 PM,2,0,0,36.138670,-86.810870,BLAKEMORE AV,,,,0.00,,,NATCHEZ TRC,,,,0.00,Y,Four-Way, ,Intersection,None,,,         ,V,Greene,Clear,Front to Rear,no,no,no,no,no,Campus
101829110,METROPOLITAN NASHVILLE POLICE DEPT,20171012324,Davidson,Nashville,11/17/2017 4:10:00 PM,1,0,0,36.191930,-86.829080,CLARKSVILLE PKE,,,,0.00,,,,,,,0.00,,, ,Non-Junction,None,,,         ,Frederick,Ware,Clear,Not Collision with Motor Vehicle in Transport,no,no,no,yes,no,False
101829113,METROPOLITAN NASHVILLE POLICE DEPT,20171012723,Davidson,Nashville,11/17/2017 6:32:00 PM,2,0,0,36.169140,-86.775130,JAMES ROBERTSON PKWY,,,,765.00,Feet,East,GAY ST,,,,0.00,N,Not at Intersection,N,Non-Junction,None,,,         ,Joseph,Jakes,Clear,"Sideswipe, Same Direction",no,no,no,no,no,False
101829114,METROPOLITAN NASHVILLE POLICE DEPT,20171012707,Davidson,Nashville,11/17/2017 5:52:00 PM,2,0,0,36.204650,-86.749810,E TRINITY LN,,,,39.00,Feet,West,ELLINGTON PKWY N ENT RAMP,,,,0.00,N,Not at Intersection,N,Non-Junction,None,,,         ,Amanda,Fox,Clear,Angle,no,no,no,no,yes,False
101829119,METROPOLITAN NASHVILLE POLICE DEPT,20171012737,Davidson,Nashville,11/17/2017 7:05:00 PM,2,1,0,36.140630,-86.666470,DONELSON PKE,,,,120.00,Feet,North,I40 E EXT RAMP,,,,0.00,N,Not at Intersection,N,Non-Junction,None,,,         ,Jonathan,Cavezza,Clear,Front to Rear,no,no,no,no,no,False
101829122,METROPOLITAN NASHVILLE POLICE DEPT,2017-1012540,Davidson,Not in City Limit,11/17/2017 5:21:00 PM,1,0,0,36.353220,-86.781190,GREER RD,,,,0.54,Miles,South,GREER RD PVTDR,,,,0.00,N,Not at Intersection, ,Non-Junction,None,,,         ,Ted,Woosley,Clear,Not Collision with Motor Vehicle in Transport,no,no,no,no,no,False
101829123,METROPOLITAN NASHVILLE POLICE DEPT,20171012515,Davidson,Nashville,11/17/2017 5:20:00 PM,3,0,0,36.150260,-86.785120,I 40,,,,0.00,,,,,,,209.50,N,Not at Intersection,N,Non-Junction,None,,,         ,Jon,Mcvey,Clear,Front to Rear,no,no,no,no,yes,False
101829140,METROPOLITAN NASHVILLE POLICE DEPT,20171012786,Davidson,Nashville,11/17/2017 7:20:00 PM,2,0,0,36.141920,-86.676980,I 40,,,,0.00,,,,,,,215.00,N,Not at Intersection,N,Non-Junction,None,,,         ,Jonathon,Sheppard,Clear,"Sideswipe, Same Direction",no,no,no,no,yes,False
101829146,METROPOLITAN NASHVILLE POLICE DEPT,20171012645,Davidson,Antioch,11/17/2017 6:29:00 PM,2,2,0,36.076820,-86.596410,DAISY TRL,,,,0.00,Feet,East,PHILHALL PKWY,,,,0.00,N,Not at Intersection,N,Non-Junction,None,,,         ,Nathaniel,Myers,Cloudy,HeadOn,no,no,no,no,no,False
101829147,METROPOLITAN NASHVILLE POLICE DEPT,20171012608,Davidson,Not in City Limit,11/17/2017 6:09:00 PM,2,0,0,36.284240,-86.729390,I 65,,,,0.00,,,,,,,93.70,N,Not at Intersection,N,Non-Junction,None,,,         ,Samuel,Miller,Clear,Front to Rear,no,no,no,no,no,False
101829148,METROPOLITAN NASHVILLE POLICE DEPT,20171012752,Davidson,Not in City Limit,11/17/2017 6:26:00 PM,2,1,0,36.260170,-86.712940,GALLATIN PKES,,,,75.00,Feet,South,HICKORY ST,,,,0.00,N,Not at Intersection,N,Non-Junction,None,,,         ,Samuel,Miller,Cloudy,Front to Rear,no,no,no,no,no,False
101829149,METROPOLITAN NASHVILLE POLICE DEPT,20171012780,Davidson,Nashville,11/17/2017 6:20:00 PM,2,0,0,36.109530,-86.922500,OLD HICKORY BLVD,,,,110.00,Feet,South,SONYA DR,,,,0.00,N,Not at Intersection, ,Non-Junction,None,,,         ,Barrett,Teague,Clear,Front to Rear,no,no,no,no,no,False
101829155,METROPOLITAN NASHVILLE POLICE DEPT,20171012806,Davidson,Nashville,11/17/2017 7:35:00 PM,2,0,0,36.087280,-86.730630,NOLENSVILLE PKE,,,,191.00,Feet,North,ELYSIAN FIELDS CT,,,,0.00,N,Not at Intersection, ,Non-Junction,None,,,         ,Edin,Plancic,Clear,"Sideswipe, Same Direction",no,no,no,no,no,False
101829164,METROPOLITAN NASHVILLE POLICE DEPT,20171012776,Davidson,Nashville,11/17/2017 7:21:00 PM,2,0,0,36.115100,-86.724860,I 24,,,,0.00,,,,,,,53.30,N,Not at Intersection,N,Non-Junction,None,,,         ,Je-Marc,Sears,Clear,Front to Rear,no,no,no,no,no,False
101829169,METROPOLITAN NASHVILLE POLICE DEPT,20171012918,Davidson,Not in City Limit,11/17/2017 8:00:00 PM,2,0,0,36.265570,-86.740100,OLD HICKORY BLVDW,,,,72.00,Feet,West,I65 S EXT RAMP,,,,0.00,N,Not at Intersection, ,Non-Junction,None,,,         ,Joanna,D'Agostino,Clear,Front to Rear,no,no,no,no,no,False
101829170,METROPOLITAN NASHVILLE POLICE DEPT,20171012711,Davidson,Nashville,11/17/2017 12:00:00 AM,2,0,0,36.150070,-86.666450,DONELSON PKE,,,,234.00,Feet,South,OLD ELM HILL PKE,,,,0.00,N,Not at Intersection, ,Non-Junction,None,,,         ,Craig,Gentry,Clear,"Sideswipe, Same Direction",no,no,no,no,no,False
101829176,METROPOLITAN NASHVILLE POLICE DEPT,20171012551,Davidson,Not in City Limit,11/17/2017 4:55:00 PM,2,0,0,36.275110,-86.735400,I 65,,,,0.00,,,,,,,93.00,N,Not at Intersection, ,Non-Junction,None,,,         ,Douglas,Fowler,Clear,Front to Rear,no,no,no,no,no,False
101829199,METROPOLITAN NASHVILLE POLICE DEPT,20171012764,Davidson,Nashville,11/17/2017 5:47:00 PM,3,0,0,36.046020,-86.657930,COLLINS PARK DR,,,,0.00,,,BELL RD,,,,0.00,Y,Four-Way,N,Intersection,None,,,         ,Pamela,Caulder,Cloudy,Front to Rear,no,no,no,no,yes,False
101829201,METROPOLITAN NASHVILLE POLICE DEPT,20171012573,Davidson,Nashville,11/17/2017 5:30:00 PM,2,0,0,36.146540,-86.767720,4TH AVS,,,,0.00,Feet,,MILDRED SHUTE AV,,,,0.00,Y,T-Intersection,N,Intersection-Related,None,,,         ,Jon,Mcvey,Clear,Angle,no,no,no,no,no,False
101829203,METROPOLITAN NASHVILLE POLICE DEPT,20171012599,Davidson,Goodlettsville,11/17/2017 5:22:00 PM,2,0,0,36.295800,-86.698290,MYATT DR,,,,130.00,Feet,North,RIVERGATE BUSINESS CENTER PVTD,,,,0.00,N,Not at Intersection,N,Non-Junction,None,,,         ,Samuel,Miller,Cloudy,Front to Rear,no,no,no,no,yes,False
101829206,METROPOLITAN NASHVILLE POLICE DEPT,20171012877,Davidson,Nashville,11/17/2017 8:00:00 PM,2,1,0,36.180210,-86.814460,BUCHANAN ST,,,,0.00,,,23RD AVN,,,,0.00,Y,Four-Way,N,Intersection,None,,,         ,Clayton,Lewis,Clear,Angle,no,no,no,no,no,False
101829207,METROPOLITAN NASHVILLE POLICE DEPT,20171012553,Davidson,Nashville,11/17/2017 5:35:00 PM,2,0,0,36.064790,-86.628480,HAMILTON CHURCH RD,,,,0.00,,,MURFREESBORO PKE,,,,0.00,Y,Four-Way, ,,None,,,         ,Nathaniel,Myers,,,no,no,no,no,no,False
101829235,METROPOLITAN NASHVILLE POLICE DEPT,20171012417,Davidson,Nashville,11/17/2017 3:59:00 PM,3,0,0,36.115750,-86.865950,DAVIDSON RD,,,,700.00,Feet,East,SEDBERRY RD,,,,0.00,N,Not at Intersection,N,Non-Junction,None,,,         ,Walter,Gray II,Clear,Other,no,no,no,no,yes,False
101829259,METROPOLITAN NASHVILLE POLICE DEPT,20171012725,Davidson,Nashville,11/17/2017 6:02:00 PM,2,0,0,36.170150,-86.766990,I 24,,,,0.00,,,,,,,48.70,N,Not at Intersection,N,Non-Junction,None,,,         ,Micah,Wright,Clear,Front to Rear,no,no,no,no,no,False
101829261,METROPOLITAN NASHVILLE POLICE DEPT,20171012623,Davidson,Nashville,11/17/2017 12:00:00 AM,1,1,0,36.223470,-86.826360,BOYD DR,,,,170.00,Feet,South,FAIRMEADE DR,,,,0.00,N,Not at Intersection,N,Non-Junction,None,,,         ,Melvin,Taylor,Clear,Not Collision with Motor Vehicle in Transport,no,no,no,no,no,False
101829262,METROPOLITAN NASHVILLE POLICE DEPT,20171012750,Davidson,Not in City Limit,11/17/2017 12:00:00 AM,1,0,0,36.285120,-86.878410,BIANCO RD,,,,28.00,Feet,East,CLARKSVILLE PKE,,,,0.00,N,Not at Intersection, ,Non-Junction,None,,,         ,Melvin,Taylor,Clear,Not Collision with Motor Vehicle in Transport,no,no,no,no,no,False
101829263,METROPOLITAN NASHVILLE POLICE DEPT,20171012837,Davidson,Nashville,11/17/2017 12:00:00 AM,2,0,0,36.178680,-86.812830,22ND AVN,,,,543.00,Feet,South,BUCHANAN ST,,,,0.00,N,Not at Intersection, ,Non-Junction,None,,,         ,Melvin,Taylor,Clear,Rear to Side,no,no,no,no,no,False
101829266,METROPOLITAN NASHVILLE POLICE DEPT,20171012773,Davidson,Nashville,11/17/2017 6:40:00 PM,2,0,0,36.092780,-86.762720,I 65,,,,0.00,,,,,,,78.55,N,Not at Intersection,N,Non-Junction,None,,,         ,Allyson,Reis,Clear,Front to Rear,no,no,no,no,no,False
101829273,METROPOLITAN NASHVILLE POLICE DEPT,20171012860,Davidson,Nashville,11/17/2017 5:22:00 PM,2,0,0,36.033130,-86.774370,CHURCH STE,,,,1140.00,Feet,East,CLOVERLAND DR,,,,0.00,N,Not at Intersection, ,Non-Junction,None,,,         ,Melissa,Flores,Clear,Front to Rear,no,no,no,no,no,False
101829278,METROPOLITAN NASHVILLE POLICE DEPT,20171012715,Davidson,Nashville,11/17/2017 6:46:00 PM,2,0,0,36.105160,-86.814350,HILLSBORO PKE,,,,150.00,Feet,North,RICHARD JONES RD,,,,0.00,N,Not at Intersection,N,"Driveway, Alley Access, etc",None,,,         ,Walter,Gray II,Cloudy,Angle,no,no,no,no,no,False
101829295,METROPOLITAN NASHVILLE POLICE DEPT,20171013071,Davidson,Nashville,11/17/2017 7:39:00 PM,2,0,0,36.157930,-86.791610,CHURCH ST,,,,0.00,,,14TH AVN,,,,0.00,Y,Four-Way, ,Non-Junction,None,,,         ,David,Collins,Clear,"Sideswipe, Same Direction",no,no,no,no,no,False
101829296,METROPOLITAN NASHVILLE POLICE DEPT,20171013006,Davidson,Nashville,11/17/2017 7:08:00 PM,2,0,0,36.035500,-86.643890,I 24,,,,0.00,,,,,,,60.50,N,Not at Intersection,N,Non-Junction,None,,,         ,Nathaniel,Myers,Cloudy,Angle,no,no,no,no,yes,False
101829313,METROPOLITAN NASHVILLE POLICE DEPT,20171012361,Davidson,Nashville,11/17/2017 4:24:00 PM,4,2,0,36.243900,-86.756620,DOVERSIDE DR,,,,0.00,Feet,,DICKERSON PKE,,,,0.00,Y,Four-Way,N,Intersection-Related,None,,,         ,Samuel,Miller,Clear,Angle,no,no,no,no,yes,False
101829337,METROPOLITAN NASHVILLE POLICE DEPT,20171013144,Davidson,Nashville,11/17/2017 9:15:00 PM,2,0,0,36.107800,-86.812670,HILLSBORO PKE,,,,0.00,Feet,,GREEN HILLS VILLAGE DR,,,,0.00,Y,T-Intersection, ,Intersection-Related,None,,,         ,Jon,Mcvey,Clear,Front to Rear,no,no,no,no,no,False
101829338,METROPOLITAN NASHVILLE POLICE DEPT,20171013216,Davidson,Nashville,11/17/2017 12:00:00 AM,2,0,0,36.140360,-86.666440,I40 E EXT RAMP,,,,0.00,,,DONELSON PKE,,,,0.00,Y,T-Intersection,N,Non-Junction,None,,,         ,Craig,Gentry,Clear,"Sideswipe, Same Direction",no,no,no,no,no,False
101829397,METROPOLITAN NASHVILLE POLICE DEPT,20171013308,Davidson,Not in City Limit,11/17/2017 10:50:00 PM,1,0,0,36.268120,-86.750190,OLD HICKORY BLVDW,,,,1193.00,Feet,West,KEMPER DRN,,,,0.00,N,Not at Intersection,N,Non-Junction,None,,,         ,Michael,Richardson,Clear,Not Collision with Motor Vehicle in Transport,no,no,no,no,no,False
101829406,METROPOLITAN NASHVILLE POLICE DEPT,20171013295,Davidson,Nashville,11/17/2017 10:54:00 PM,2,0,0,36.186140,-86.796260,I 65,,,,0.00,,,,,,,85.50,N,Not at Intersection, ,,None,,,         ,Myriah,Iles,,,no,no,no,no,no,False
101829434,METROPOLITAN NASHVILLE POLICE DEPT,20171013297,Davidson,Nashville,11/17/2017 10:20:00 PM,2,0,0,36.197470,-86.776240,I 65,,,,0.00,,,,,,,86.70,N,Not at Intersection, ,,Construction Zone,,,         ,Geoffrey,Daugherty,,,no,no,no,no,no,False
101829435,METROPOLITAN NASHVILLE POLICE DEPT,20171013438,Davidson,Nashville,11/17/2017 11:21:00 PM,2,0,0,36.148240,-86.745010,I40 W ENT RAMP,,,,0.00,,,I 40,,,,0.00,Y,OTHER,N,Entrance/Exit Ramp Related,None,,,         ,Daniel,Caruth,Clear,Front to Rear,no,no,no,no,no,False
101829453,METROPOLITAN NASHVILLE POLICE DEPT,20171013445,Davidson,Nashville,11/17/2017 11:20:00 PM,2,1,0,36.231620,-86.804000,KNIGHT DR,,,,0.00,,,EWING DR,,,,0.00,Y,T-Intersection,N,Intersection,None,,,         ,Geoffrey,Daugherty,Clear,Angle,no,no,no,no,no,False
101829490,METROPOLITAN NASHVILLE POLICE DEPT,20171013550,Davidson,Nashville,11/18/2017 12:43:00 AM,2,0,0,36.159540,-86.780620,BROADWAY,,,,96.00,Feet,East,7TH AVN,,,,0.00,N,Not at Intersection,N,Non-Junction,None,,,         ,Jason,Hogan,Clear,Angle,no,no,no,no,yes,False