master_record_number,agency,agency_tracking_number,county,city,collision_date,vehicles_involved,number_injured,number_dead,latitude,longitude,roadway_name,roadway_suffix,roadway_number,roadway_local_id,distance_from_reference,miles-feet_indicator,direction_from_reference,intersection_road_name,intersection_road_name_suffix,intersection_road_number,intersection_local_id,mile_marker,intersection_indicator,intersect_type,interchange_related_indicator,relation_to_junction,work_zone_type,construction_maintenance_zone,construction_maintenance_zone_location,fatal_case_number,officer_first_name,officer_last_name,weather_condition(s),manner_of_crash,pedestrian,bicycle,scooter,parking,hitrun,mou
101829491,METROPOLITAN NASHVILLE POLICE DEPT,20171013799,Davidson,Nashville,11/18/2017 2:08:00 AM,2,0,0,36.151250,-86.794320,DIVISION ST,,,,0.00,Feet,,18TH AVS,,,,0.00,Y,T-Intersection,N,Intersection,None,,,         ,Craig,Oakley,Clear,Angle,no,no,no,no,yes,False
101829499,METROPOLITAN NASHVILLE POLICE DEPT,20171013713,Davidson,Nashville,11/18/2017 1:25:00 AM,2,1,0,36.151460,-86.857740,WHITE BRIDGE PKE,,,,0.00,,,I40 E ENT RAMP,,,,0.00,Y,Four-Way,N,Intersection,None,,,         ,Sarah,Ortkiese,Clear,Front to Rear,no,no,no,no,no,False
101829514,METROPOLITAN NASHVILLE POLICE DEPT,20171013910,Davidson,Nashville,11/18/2017 3:07:00 AM,2,0,0,36.151010,-86.796490,19TH AVS,,,,0.00,,,BROADWAY,,,,0.00,Y,Four-Way, ,Intersection,None,,,         ,Craig,Oakley,Clear,"Sideswipe, Same Direction",no,no,no,no,no,False
101829522,VANDERBILT UNIVERSITY POLICE,17-1013801,Davidson,Nashville,11/18/2017 1:45:00 AM,2,0,0,36.139900,-86.800460,21ST AVS,,,,103.00,Feet,North,PIERCE AV,,,,0.00,N,Not at Intersection, ,Non-Junction,None,,,         ,Joel,Newsom,Clear,"Sideswipe, Same Direction",no,no,no,no,no,Campus
101829528,METROPOLITAN NASHVILLE POLICE DEPT,20171013876,Davidson,Not in City Limit,11/18/2017 2:55:00 AM,1,1,0,36.101090,-86.954570,CHARLOTTE PKE,,,,1139.00,Feet,East,CHARLOTTE PKE PVTDR,,,,0.00,N,Not at Intersection,N,Unknown,None,,,         ,Edward,Holden,Clear,Not Collision with Motor Vehicle in Transport,no,no,no,no,no,False
101829538,METROPOLITAN NASHVILLE POLICE DEPT,20171013877,Davidson,Nashville,11/18/2017 12:00:00 AM,1,0,0,36.152450,-86.689410,MARRIOTT DR,,,,169.00,Feet,South,ELM HILL PKE,,,,0.00,N,Not at Intersection,N,Non-Junction,None,,,         ,Austin,Childress,Clear,Not Collision with Motor Vehicle in Transport,no,no,no,no,yes,False
101829551,METROPOLITAN NASHVILLE POLICE DEPT,20171013749,Davidson,Nashville,11/18/2017 1:49:00 AM,2,0,0,36.045740,-86.674350,BELL RD,,,,0.00,,,BLUE HOLE RD,,,,0.00,Y,Four-Way,N,Intersection,None,,,         ,William,Coy,Clear,Angle,no,no,no,no,no,False
101829567,GOODLETTSVILLE POLICE DEPT,17-40765,Davidson,Goodlettsville,11/17/2017 4:20:00 PM,2,0,0,36.316080,-86.713350,S MAIN ST,,,,0.00,,,HOLLYWOOD ST,,,,0.00,Y,T-Intersection, ,Non-Junction,None,,,         ,Jeremy,Baker,Clear,Front to Rear,no,no,no,no,no,False
101829568,GOODLETTSVILLE POLICE DEPT,17-40767,Davidson,Goodlettsville,11/17/2017 4:45:00 PM,2,0,0,36.295780,-86.726670,DICKERSON PKES,,,,0.00,,,ROBERT CARTWRIGHT DR,,,,0.00,Y,T-Intersection, ,Non-Junction,None,,,         ,Jeremy,Baker,Clear,"Sideswipe, Same Direction",no,no,no,no,no,False
101829573,METROPOLITAN NASHVILLE POLICE DEPT,20171014108,Davidson,Nashville,11/18/2017 5:04:00 AM,1,0,0,36.116350,-86.668420,DONELSON PKE,,,,145.00,Feet,South,HANGAR LN,,,,0.00,N,Not at Intersection,N,Non-Junction,None,,,         ,Bridget,Griepentrog,Clear,Not Collision with Motor Vehicle in Transport,no,no,no,no,no,False
101829574,METROPOLITAN NASHVILLE POLICE DEPT,20171014181,Davidson,Nashville,11/18/2017 6:04:00 AM,2,0,0,36.065560,-86.685680,I 24,,,,0.00,,,,,,,57.35,N,Not at Intersection, ,Non-Junction,None,,,         ,Justin,McCormick,Clear,"Sideswipe, Same Direction",no,no,no,no,yes,False
101829585,METROPOLITAN NASHVILLE POLICE DEPT,20171014021,Davidson,Antioch,11/18/2017 4:15:00 AM,3,1,0,36.008197,-86.613414,,,I1,,0.25,Miles,East,,,,,62.40,N,Not at Intersection,N,Non-Junction,None,,,         ,Autumn,Manning,Clear,"Sideswipe, Same Direction",no,no,no,no,yes,False
101829598,METROPOLITAN NASHVILLE POLICE DEPT,20171014227,Davidson,Nashville,11/18/2017 6:27:00 AM,1,1,0,36.042370,-86.654190,I 24,,,,0.00,,,,,,,59.75,N,Not at Intersection,N,Non-Junction,None,,,         ,Zachary,Lang,Cloudy,Not Collision with Motor Vehicle in Transport,yes,no,no,no,yes,False
101829602,METROPOLITAN NASHVILLE POLICE DEPT,20171013942,Davidson,Nashville,11/18/2017 3:35:00 AM,2,1,0,36.171430,-86.769040,JAMES ROBERTSON PKWY,,,,0.00,Feet,,INTERSTATE DR,,,,0.00,Y,Four-Way,N,Intersection,None,,,         ,Kelcey,Bell,Clear,Angle,no,no,no,no,no,False
101829625,METROPOLITAN NASHVILLE POLICE DEPT,20171014191,Davidson,Nashville,11/18/2017 12:00:00 AM,1,0,0,36.106560,-86.758580,KRAFT DR,,,,490.00,Feet,North,HAILEY DR,,,,0.00,N,Not at Intersection,N,Non-Junction,None,,,         ,Stephen,Waterman,Clear,Not Collision with Motor Vehicle in Transport,no,no,no,no,yes,False
101829627,METROPOLITAN NASHVILLE POLICE DEPT,201701014257,Davidson,Nashville,11/18/2017 7:00:00 AM,1,1,0,36.230090,-86.772100,EWING DR,,,,382.00,Feet,West,RICHMOND HILL DR,,,,0.00,N,Not at Intersection,N,Non-Junction,None,,,         ,Brandon,Wood,Cloudy,Not Collision with Motor Vehicle in Transport,no,no,no,no,no,False
101829636,METROPOLITAN NASHVILLE POLICE DEPT,20171014368,Davidson,Nashville,11/18/2017 12:00:00 AM,2,0,0,36.053480,-86.739570,WHITAKER DR,,,,100.00,Feet,South,MCMURRAY DR,,,,0.00,N,Not at Intersection,N,Non-Junction,None,,,         ,Earl,Davis,Unknown,HeadOn,no,no,no,no,yes,False
101829664,METROPOLITAN NASHVILLE POLICE DEPT,20171014072,Davidson,Nashville,11/18/2017 4:41:00 AM,2,3,0,36.041650,-86.652950,I 24,,,,0.00,,,,,,,59.80,N,Not at Intersection,N,Non-Junction,None,,,         ,William,Coy,Clear,Front to Rear,no,no,no,no,no,False
101829681,METROPOLITAN NASHVILLE POLICE DEPT,20171014410,Davidson,Nashville,11/18/2017 8:30:00 AM,2,1,0,36.148370,-86.780420,I 40,,,,0.00,,,,,,,209.80,N,Not at Intersection,N,Non-Junction,None,,,         ,Michael,Quinn,Cloudy,Front to Rear,no,no,no,no,no,False
101829684,METROPOLITAN NASHVILLE POLICE DEPT,20171014452,Davidson,Nashville,11/18/2017 8:40:00 AM,1,0,0,36.108592,-86.549158,HOBSON,PIKE,US1,,100.00,Feet,West,GRANNY WRIGHT LN,LN,US2,,0.00,N,Not at Intersection, ,Non-Junction,None,,,         ,Steven,Williams,Cloudy,Not Collision with Motor Vehicle in Transport,no,no,no,no,no,False
101829695,METROPOLITAN NASHVILLE POLICE DEPT,20171014511,Davidson,Nashville,11/18/2017 8:31:00 AM,2,0,0,36.167660,-86.663320,LEBANON PKE,,,,0.00,,,DONELSON PKE,,,,0.00,Y,T-Intersection, ,Non-Junction,None,,,         ,Michael,Brooks,Cloudy,Front to Rear,no,no,no,no,no,False
101829696,METROPOLITAN NASHVILLE POLICE DEPT,20171014566,Davidson,Nashville,11/18/2017 10:04:00 AM,1,0,0,36.160270,-86.622180,I 40,,,,0.00,,,,,,,219.50,N,Not at Intersection,N,Non-Junction,None,,,         ,Michael,Brooks,Cloudy,Not Collision with Motor Vehicle in Transport,no,no,no,no,no,False
101829704,METROPOLITAN NASHVILLE POLICE DEPT,20171014561,Davidson,Antioch,11/18/2017 9:22:00 AM,2,0,0,36.030150,-86.612320,LOGISTICS WAY,,,,93.00,Feet,East,OLD HICKORY BLVD,,,,0.00,N,Not at Intersection, ,Non-Junction,None,,,         ,Sara,Lober,Cloudy,Front to Rear,no,no,no,no,no,False
101829720,METROPOLITAN NASHVILLE POLICE DEPT,20171014585,Davidson,Nashville,11/18/2017 10:15:00 AM,1,0,0,36.125100,-86.724840,PLUS PARK BLVD,,,,665.00,Feet,South,FOOTHILL DR,,,,0.00,N,Not at Intersection,N,Non-Junction,None,,,         ,James,Thomas,Rain,Not Collision with Motor Vehicle in Transport,no,no,no,no,no,False
101829761,METROPOLITAN NASHVILLE POLICE DEPT,20171014597,Davidson,Nashville,11/18/2017 10:20:00 AM,2,0,0,36.153270,-86.769560,2ND AVS,,,,0.00,,,ASH ST,,,,0.00,Y,Four-Way, ,Intersection-Related,None,,,         ,Byron,Carter,Rain,Angle,no,no,no,no,no,False
101829762,METROPOLITAN NASHVILLE POLICE DEPT,20171014523,Davidson,Nashville,11/18/2017 9:35:00 AM,1,1,0,36.232280,-86.747270,ELLINGTON PKWYN,,,,212.00,Feet,South,ELLINGTON PKWYS,,,,0.00,N,Not at Intersection,N,Non-Junction,None,,,         ,Michael,Thompson,Cloudy,Not Collision with Motor Vehicle in Transport,no,no,no,no,no,False
101829763,METROPOLITAN NASHVILLE POLICE DEPT,20171014564,Davidson,Goodlettsville,11/18/2017 10:06:00 AM,1,1,0,36.300700,-86.694780,SHEPHERD HILLS DR,,,,28.00,Feet,South,GALLATIN PKEN,,,,0.00,N,Not at Intersection,N,Non-Junction,None,,,         ,Faye,Denson,Cloudy,Not Collision with Motor Vehicle in Transport,no,yes,no,no,no,False
101829770,METROPOLITAN NASHVILLE POLICE DEPT,20171014440,Davidson,Nashville,11/18/2017 7:55:00 AM,2,0,0,36.188500,-86.738120,CHAPEL AV,,,,0.00,Feet,,ROBERTS AV,,,,0.00,Y,T-Intersection, ,Intersection,None,,,         ,Anthony,Rizo,Cloudy,Angle,no,no,no,no,yes,False
101829781,Nashville Airport Police,2017-04092,Davidson,Nashville,11/17/2017 6:48:00 AM,2,0,0,36.109690,-86.671460,KNAPP BLVD,,,,0.00,,,DONELSON PKE,,,,0.00,Y,Four-Way,N,Intersection,None,,,         ,Brian,Wolters,Cloudy,Front to Rear,no,no,no,no,no,False
101829783,METROPOLITAN NASHVILLE POLICE DEPT,20171014727,Davidson,Nashville,11/18/2017 11:50:00 AM,2,0,0,36.037710,-86.784820,OLD HICKORY BLVD,,,,0.00,,,I65 S EXT RAMP,,,,0.00,Y,OTHER, ,OtherLocation,None,,,         ,Earl,Davis,Cloudy,"Sideswipe, Same Direction",no,no,no,no,no,False
101829792,METROPOLITAN NASHVILLE POLICE DEPT,20171014612,Davidson,Nashville,11/18/2017 12:00:00 AM,2,0,0,36.164780,-86.780440,ARCADE ALY,,,,0.00,,,UNION ST,,,,0.00,Y,OTHER,N,"Driveway, Alley Access, etc",None,,,         ,Frank,Campbell,Cloudy,Unknown,no,no,no,no,yes,False
101829793,METROPOLITAN NASHVILLE POLICE DEPT,20171014714,Davidson,Nashville,11/18/2017 11:40:00 AM,2,0,0,36.201900,-86.776850,I 65,,,,0.00,,,,,,,87.00,N,Not at Intersection, ,,Construction Zone,,,         ,Cary,Briley,,,no,no,no,no,no,False
101829829,METROPOLITAN NASHVILLE POLICE DEPT,20171014798,Davidson,Nashville,11/18/2017 12:55:00 PM,2,0,0,36.040010,-86.743470,EDMONDSON PKE,,,,0.00,,,OLD HICKORY BLVD,,,,0.00,Y,Four-Way, ,Intersection-Related,None,,,         ,Earl,Davis,Cloudy,Front to Rear,no,no,no,no,no,False
101829830,METROPOLITAN NASHVILLE POLICE DEPT,20171014679,Davidson,Nashville,11/18/2017 11:26:00 AM,2,1,0,36.045190,-86.700040,BELL RD,,,,500.00,Feet,East,BENZING RD,,,,0.00,N,Not at Intersection,N,Non-Junction,None,,,         ,Caleb,Jernigan,Cloudy,Angle,no,no,no,no,no,False
101829834,METROPOLITAN NASHVILLE POLICE DEPT,20171014767,Davidson,Nashville,11/18/2017 12:30:00 PM,2,0,0,36.131820,-86.895690,CHARLOTTE PKE,,,,51.00,Feet,West,I40 E ENT RAMP,,,,0.00,N,Not at Intersection, ,Non-Junction,None,,,         ,Douglas,Atwood,Cloudy,Front to Rear,no,no,no,no,no,False
101829835,METROPOLITAN NASHVILLE POLICE DEPT,20171014713,Davidson,Nashville,11/18/2017 11:47:00 AM,2,0,0,36.183740,-86.747650,EASTLAND AV,,,,215.00,Feet,East,GALLATIN AV,,,,0.00,N,Not at Intersection,N,Non-Junction,None,,,         ,Gregory,Cenicola,Cloudy,Front to Rear,no,no,no,no,no,False
101829838,METROPOLITAN NASHVILLE POLICE DEPT,20171014717,Davidson,Nashville,11/18/2017 11:50:00 AM,1,0,0,36.189940,-86.806040,PONDER PL,,,,17.00,Feet,South,10TH AVN,,,,0.00,N,Not at Intersection,N,Non-Junction,None,,,         ,Carlos,angulo,Cloudy,Not Collision with Motor Vehicle in Transport,no,no,no,no,no,False
101829854,METROPOLITAN NASHVILLE POLICE DEPT,20171014769,Davidson,Nashville,11/18/2017 12:30:00 PM,2,0,0,36.168004,-86.154143,I 40 WEST,,,,20.00,Feet,West,,,I40 WEST,,207.00,N,Not at Intersection,N,Non-Junction,None,,,         ,Paul,Junkmann,Cloudy,"Sideswipe, Same Direction",no,no,no,no,yes,False
101829860,METROPOLITAN NASHVILLE POLICE DEPT,20171014608,Davidson,Nashville,11/18/2017 10:32:00 AM,2,0,0,36.187390,-86.772850,CLEVELAND ST,,,,151.00,Feet,East,DICKERSON PKE,,,,0.00,N,Not at Intersection,N,Non-Junction,None,,,         ,Jeremy,Stricklin,Cloudy,Front to Rear,no,no,no,no,no,False
101829864,METROPOLITAN NASHVILLE POLICE DEPT,20171014740,Davidson,Nashville,11/18/2017 12:11:00 PM,2,0,0,36.079600,-86.726310,NOLENSVILLE PKE,,,,2.00,Feet,South,HARDING PL,,,,0.00,N,Not at Intersection, ,Non-Junction,None,,,         ,Sean,Williams,Clear,"Sideswipe, Same Direction",no,no,no,no,no,False
101829867,METROPOLITAN NASHVILLE POLICE DEPT,20171014753,Davidson,Nashville,11/18/2017 12:20:00 PM,1,1,0,36.168230,-86.816000,JEFFERSON ST,,,,114.00,Feet,East,I40 W ENT RAMP,,,,0.00,N,Not at Intersection,N,Non-Junction,None,,,         ,James,Jarvis,Cloudy,Not Collision with Motor Vehicle in Transport,no,no,no,no,no,False
101829869,METROPOLITAN NASHVILLE POLICE DEPT,20171014750,Davidson,Nashville,11/18/2017 12:09:00 PM,2,0,0,36.160420,-86.792810,I 40,,,,0.00,,,,,,,208.80,N,Not at Intersection,N,Non-Junction,None,,,         ,Darren,Key,Cloudy,"Sideswipe, Same Direction",no,no,no,no,no,False
101829881,METROPOLITAN NASHVILLE POLICE DEPT,20171014765,Davidson,Not in City Limit,11/18/2017 11:45:00 AM,2,0,0,36.118020,-86.956700,OLD CHARLOTTE PKE,,,,0.00,,,OLD CHARLOTTE PVTDR,,,,0.00,Y,OTHER,N,Non-Junction,None,,,         ,Wesley,Tilley,Cloudy,Angle,no,no,no,no,no,False
101829882,METROPOLITAN NASHVILLE POLICE DEPT,20171014631,Davidson,Nashville,11/18/2017 10:54:00 AM,1,1,0,36.215120,-86.779790,BRICK CHURCH PKE,,,,404.00,Feet,North,SOUTHERLAND DR,,,,0.00,N,Not at Intersection,N,Non-Junction,None,,,         ,Brandon,Evans,Cloudy,Not Collision with Motor Vehicle in Transport,no,no,no,no,no,False
101829888,METROPOLITAN NASHVILLE POLICE DEPT,20171014770,Davidson,Nashville,11/18/2017 12:30:00 PM,2,0,0,36.158060,-86.877010,ROBERTSON AV,,,,0.00,,,JAMES AV,,,,0.00,Y,Four-Way, ,Intersection,None,,,         ,Brian,Myatt,Cloudy,Angle,no,no,no,no,no,False
101829894,METROPOLITAN NASHVILLE POLICE DEPT,20171014469,Davidson,Nashville,11/18/2017 9:11:00 AM,2,1,0,36.132650,-86.727160,I 24,,,,0.00,,,,,,,52.00,N,Not at Intersection,N,Non-Junction,None,,,         ,Shelby,Hughes,Cloudy,"Sideswipe, Same Direction",no,no,no,no,no,False
101829903,METROPOLITAN NASHVILLE POLICE DEPT,20171014823,Davidson,Nashville,11/18/2017 12:30:00 PM,2,0,0,36.150340,-86.795970,DIVISION ST,,,,0.00,,,19TH AVS,,,,0.00,Y,T-Intersection, ,Intersection,None,,,         ,Michael,Quinn,Cloudy,Angle,no,no,no,no,no,False
101829914,METROPOLITAN NASHVILLE POLICE DEPT,20171014880,Davidson,Nashville,11/18/2017 1:53:00 PM,2,0,0,36.154940,-86.779060,KOREAN VETERANS BLVD,,,,33.00,Feet,East,8TH AVS,,,,0.00,N,Not at Intersection, ,Non-Junction,None,,,         ,Kevin,Johnson,Rain,HeadOn,no,no,no,no,no,False
101829931,GOODLETTSVILLE POLICE DEPT,17-40856,Davidson,Goodlettsville,11/18/2017 1:53:00 PM,2,0,0,36.304070,-86.702380,RIVERGATE PKWY,,,,55.00,Feet,South,RIVERGATE PKWY PVTDR,,,,0.00,N,Not at Intersection, ,Non-Junction,None,,,         ,Joseph,Waldron,Rain,"Sideswipe, Same Direction",no,no,no,no,no,False
101829935,METROPOLITAN NASHVILLE POLICE DEPT,20171014840,Davidson,Nashville,11/18/2017 1:26:00 PM,2,0,0,36.158290,-86.771890,KOREAN VETERANS BLVD,,,,0.00,,,HERMITAGE AV,,,,0.00,Y,Four-Way,N,Intersection-Related,None,,,         ,Byron,Carter,Cloudy,Other,no,no,no,no,yes,False
101829937,METROPOLITAN NASHVILLE POLICE DEPT,2017-1014752,Davidson,Nashville,11/18/2017 12:18:00 PM,1,0,0,36.106230,-86.718860,I 24,,,,0.00,,,,,,,54.00,N,Not at Intersection,N,Non-Junction,None,,,         ,Shelby,Hughes,Cloudy,Not Collision with Motor Vehicle in Transport,no,no,no,no,no,False
101829956,METROPOLITAN NASHVILLE POLICE DEPT,20171012828,Davidson,Nashville,11/17/2017 6:33:00 PM,2,0,0,36.149260,-86.861840,CHARLOTTE PKE,,,,517.00,Feet,East,OCEOLA AV,,,,0.00,N,Not at Intersection,N,Non-Junction,None,,,         ,Walter,Gray II,Cloudy,Front to Rear,no,no,no,no,no,False
101829959,METROPOLITAN NASHVILLE POLICE DEPT,20171014931,Davidson,Nashville,11/18/2017 1:00:00 PM,2,0,0,36.153570,-86.788410,14TH AVS,,,,0.00,,,DEMONBREUN ST,,,,0.00,Y,Four-Way,N,Intersection-Related,None,,,         ,David,Collins,Cloudy,Angle,no,no,no,no,no,False
101829961,METROPOLITAN NASHVILLE POLICE DEPT,20171014939,Davidson,Nashville,11/18/2017 2:52:00 PM,2,0,0,36.153540,-86.772350,4TH AVS,,,,103.00,Feet,North,ELM ST,,,,0.00,N,Not at Intersection, ,Non-Junction,None,,,         ,Chad,Wilkinson,Cloudy,Angle,no,no,no,no,no,False
101829964,METROPOLITAN NASHVILLE POLICE DEPT,20171014925,Davidson,Nashville,11/18/2017 2:45:00 PM,2,0,0,36.184410,-86.773700,HANCOCK ST,,,,7.00,Feet,East,DICKERSON PKE,,,,0.00,N,Not at Intersection, ,Non-Junction,None,,,         ,Thomas,Miller,Clear,Angle,no,no,no,no,no,False
101829965,METROPOLITAN NASHVILLE POLICE DEPT,20171014965,Davidson,Nashville,11/18/2017 3:00:00 PM,2,0,0,36.117060,-86.698560,MURFREESBORO PKE,,,,236.00,Feet,East,MCGAVOCK PKE,,,,0.00,N,Not at Intersection, ,Non-Junction,None,,,         ,Jonathon,Sheppard,Cloudy,"Sideswipe, Same Direction",no,no,no,no,no,False
101829988,VANDERBILT UNIVERSITY POLICE,2017-1012532,Davidson,Nashville,11/17/2017 12:00:00 AM,2,0,0,36.139440,-86.805980,CHILDRENS WAY,,,,0.00,,,,,,,0.00,,, ,Non-Junction,None,,,         ,Christopher,Dion,Clear,"Sideswipe, Same Direction",no,no,no,yes,no,Campus
101830010,METROPOLITAN NASHVILLE POLICE DEPT,20171015006,Davidson,Not in City Limit,11/18/2017 2:45:00 PM,2,0,0,36.267930,-86.792730,I 24,,,,0.00,,,,,,,41.30,N,Not at Intersection,N,Non-Junction,None,,,         ,Brandon,Rardin,Cloudy,"Sideswipe, Same Direction",no,no,no,no,yes,False
101830011,METROPOLITAN NASHVILLE POLICE DEPT,20171015020,Davidson,Nashville,11/18/2017 2:29:00 PM,2,0,0,36.144290,-86.695230,I 40,,,,0.00,,,,,,,215.00,N,Not at Intersection, ,Non-Junction,None,,,         ,Jonathan,Cavezza,Rain,Angle,no,no,no,no,no,False
101830022,METROPOLITAN NASHVILLE POLICE DEPT,20171014961,Davidson,Not in City Limit,11/18/2017 2:42:00 PM,2,0,0,36.306190,-86.686770,GALLATIN PKEN,,,,266.00,Feet,East,NORTHSIDE DR,,,,0.00,N,Not at Intersection, ,Non-Junction,None,,,         ,Janelle,Keslar,Rain,Front to Rear,no,no,no,no,no,False
101830030,METROPOLITAN NASHVILLE POLICE DEPT,20171014857,Davidson,Nashville,11/18/2017 1:40:00 PM,5,4,0,36.141450,-86.714990,I 40,,,,0.00,,,,,,,213.90,N,Not at Intersection,N,Non-Junction,None,,,         ,Ralph,Harvey,Rain,Front to Rear,no,no,no,no,no,False
101830044,METROPOLITAN NASHVILLE POLICE DEPT,20171014999,Davidson,Nashville,11/18/2017 3:16:00 PM,3,0,0,36.134930,-86.727090,I 24,,,,0.00,,,,,,,52.15,N,Not at Intersection,N,Non-Junction,None,,,         ,Je-Marc,Sears,Rain,Front to Rear,no,no,no,no,no,False
101830052,METROPOLITAN NASHVILLE POLICE DEPT,20171015068,Davidson,Nashville,11/18/2017 1:15:00 PM,2,0,0,36.210030,-86.776030,I 65,,,,0.00,,,,,,,87.60,N,Not at Intersection, ,Non-Junction,None,,,         ,Matthew,Boguskie,Rain,Front to Rear,no,no,no,no,no,False
101830058,METROPOLITAN NASHVILLE POLICE DEPT,20171015157,Davidson,Nashville,11/18/2017 4:45:00 PM,2,0,0,36.153980,-86.836380,I 40,,,,0.00,,,,,,,205.15,N,Not at Intersection, ,,None,,,         ,Jake,Carr,,,no,no,no,no,no,False
101830079,METROPOLITAN NASHVILLE POLICE DEPT,20171014967,Davidson,Nashville,11/18/2017 2:40:00 PM,2,0,0,36.207560,-86.777770,I65 S EXT RAMP,,,,0.00,Feet,East,BRICK CHURCH PKE,,,,0.00,N,Not at Intersection, ,Non-Junction,None,,,         ,Andrew,Anoskey,Cloudy,"Sideswipe, Same Direction",no,no,no,no,no,False
101830088,METROPOLITAN NASHVILLE POLICE DEPT,20171015225,Davidson,Nashville,11/18/2017 5:15:00 PM,2,1,0,36.087370,-86.711130,PARAGON MILLS RD,,,,170.00,Feet,East,CITRUS DR,,,,0.00,N,Not at Intersection,N,Non-Junction,None,,,         ,Luis,De Los Santos,Rain,Front to Rear,no,no,no,no,no,False
101830099,METROPOLITAN NASHVILLE POLICE DEPT,20171015252,Davidson,Goodlettsville,11/18/2017 5:25:00 PM,3,0,0,36.296910,-86.699160,GALLATIN PKEN,,,,0.00,,,RIVERGATE PKWY,,,,0.00,Y,Four-Way,N,Intersection,None,,,         ,Christopher,Littles,Rain,"Sideswipe, Same Direction",no,no,no,no,yes,False
101830106,METROPOLITAN NASHVILLE POLICE DEPT,20171015137,Davidson,Nashville,11/18/2017 3:43:00 PM,2,0,0,36.176820,-86.776670,SPRING ST,,,,146.00,Feet,West,COWAN ST,,,,0.00,N,Not at Intersection,N,Non-Junction,None,,,         ,Brandon,Rardin,Rain,"Sideswipe, Same Direction",no,no,no,no,yes,False
101830115,METROPOLITAN NASHVILLE POLICE DEPT,20171015305,Davidson,Nashville,11/18/2017 5:58:00 PM,2,0,0,36.149190,-86.781370,I 40,,,,0.00,,,,,,,209.75,N,Not at Intersection, ,Non-Junction,None,,,         ,Chad,Wilkinson,Rain,Front to Rear,no,no,no,no,no,False
101830119,METROPOLITAN NASHVILLE POLICE DEPT,20171015342,Davidson,Nashville,11/18/2017 6:30:00 PM,2,0,0,36.149410,-86.774140,I 40,,,,0.00,,,,,,,210.20,N,Not at Intersection,N,Non-Junction,None,,,         ,Derek,Betty,Rain,Front to Rear,no,no,no,no,no,False
101830123,METROPOLITAN NASHVILLE POLICE DEPT,20171015144,Davidson,Nashville,11/18/2017 4:41:00 PM,2,0,0,36.045600,-86.710820,OLD HICKORY BLVD,,,,727.00,Feet,East,NOLENSVILLE PKE,,,,0.00,N,Not at Intersection,N,Non-Junction,None,,,         ,Marcus,Darden,Rain,Angle,no,no,no,no,no,False
101830124,METROPOLITAN NASHVILLE POLICE DEPT,20171015344,Davidson,Nashville,11/18/2017 6:30:00 PM,2,0,0,36.082780,-86.628700,MOSSDALE DR,,,,0.00,Feet,,BELL RD,,,,0.00,Y,Four-Way,Y,Intersection,None,,,         ,Jonathon,Sheppard,Rain,Angle,no,no,no,no,no,False
101830129,METROPOLITAN NASHVILLE POLICE DEPT,20171015364,Davidson,Nashville,11/18/2017 6:31:00 PM,1,0,0,36.184280,-86.748160,GALLATIN AV,,,,162.00,Feet,South,CHICAMAUGA AV,,,,0.00,N,Not at Intersection,N,Non-Junction,None,,,         ,Phillip,Box,Rain,Not Collision with Motor Vehicle in Transport,no,no,no,no,no,False
101830131,METROPOLITAN NASHVILLE POLICE DEPT,20171015332,Davidson,Nashville,11/18/2017 5:33:00 PM,3,0,0,36.171360,-86.790170,LOCKLAYER ST,,,,0.00,,,ROSA L PARKS BLVD,,,,0.00,Y,T-Intersection,N,Intersection,None,,,         ,Clayton,Lewis,Rain,Angle,no,no,no,no,yes,False
101830139,METROPOLITAN NASHVILLE POLICE DEPT,20171015368,Davidson,Nashville,11/18/2017 6:55:00 PM,2,0,0,36.110300,-86.744890,NOLENSVILLE PKE,,,,46.00,Feet,North,COLLIER AV,,,,0.00,N,Not at Intersection, ,,None,,,         ,Ryan,Cagle,,,no,no,no,no,no,False
101830142,METROPOLITAN NASHVILLE POLICE DEPT,20171015132,Davidson,Not in City Limit,11/18/2017 4:34:00 PM,1,3,0,36.097640,-86.936100,I 40,,,,0.00,,,,,,,198.00,N,Not at Intersection,N,Non-Junction,None,,,         ,Michael,Rogers,Rain,Not Collision with Motor Vehicle in Transport,no,no,no,no,no,False
101830144,METROPOLITAN NASHVILLE POLICE DEPT,20171015116,Davidson,Nashville,11/18/2017 4:25:00 PM,2,0,0,36.153070,-86.764850,I 40,,,,0.00,,,,,,,210.70,N,Not at Intersection, ,Non-Junction,None,,,         ,Samuel,Sundra,Rain,Front to Rear,no,no,no,no,no,False
101830145,METROPOLITAN NASHVILLE POLICE DEPT,20171015304,Davidson,Nashville,11/18/2017 6:00:00 PM,3,0,0,36.046500,-86.660760,I 24,,,,0.00,,,,,,,59.30,N,Not at Intersection, ,Non-Junction,None,,,         ,Andrew,Mullen,Rain,Angle,no,no,no,no,yes,False
101830158,METROPOLITAN NASHVILLE POLICE DEPT,20171015291,Davidson,Nashville,11/18/2017 5:54:00 PM,3,4,0,36.159180,-86.704420,LEBANON PKE,,,,80.00,Feet,West,QUINN CIR,,,,0.00,N,Not at Intersection,N,Non-Junction,None,,,         ,Jonathan,Cavezza,Rain,Angle,no,no,no,no,yes,False