master_record_number,agency,agency_tracking_number,county,city,collision_date,vehicles_involved,number_injured,number_dead,latitude,longitude,roadway_name,roadway_suffix,roadway_number,roadway_local_id,distance_from_reference,miles-feet_indicator,direction_from_reference,intersection_road_name,intersection_road_name_suffix,intersection_road_number,intersection_local_id,mile_marker,intersection_indicator,intersect_type,interchange_related_indicator,relation_to_junction,work_zone_type,construction_maintenance_zone,construction_maintenance_zone_location,fatal_case_number,officer_first_name,officer_last_name,weather_condition(s),manner_of_crash,pedestrian,bicycle,scooter,parking,hitrun,mou
101831084,METROPOLITAN NASHVILLE POLICE DEPT,20171017520,Davidson,Nashville,11/19/2017 12:00:00 AM,2,0,0,36.152820,-86.683410,ELM HILL PKE,,,,0.00,,,MCGAVOCK PKE,,,,0.00,Y,Four-Way, ,Intersection,None,,,         ,Craig,Gentry,Clear,Front to Rear,no,no,no,no,no,False
101831110,METROPOLITAN NASHVILLE POLICE DEPT,20171017434,Davidson,Nashville,11/19/2017 5:28:00 PM,2,0,0,36.085840,-86.699820,I 24,,,,0.00,,,,,,,55.75,N,Not at Intersection, ,Non-Junction,None,,,         ,Patrick,Martin,Clear,"Sideswipe, Same Direction",no,no,no,no,no,False
101831112,METROPOLITAN NASHVILLE POLICE DEPT,20171017491,Davidson,Nashville,11/19/2017 5:35:00 PM,2,0,0,36.166910,-86.764010,SHELBY AV,,,,89.00,Feet,West,I24 W ENT RAMP,,,,0.00,N,Not at Intersection,N,Non-Junction,None,,,         ,Andrew,Anoskey,Clear,Front to Rear,no,no,no,no,no,False
101831121,METROPOLITAN NASHVILLE POLICE DEPT,20171017480,Davidson,Nashville,11/19/2017 5:29:00 PM,3,1,0,36.135280,-86.886580,CHARLOTTE PKE,,,,464.00,Feet,West,BROOK HOLLOW RD,,,,0.00,N,Not at Intersection,N,Non-Junction,None,,,         ,Barrett,Teague,Clear,Front to Rear,no,no,no,no,no,False
101831123,METROPOLITAN NASHVILLE POLICE DEPT,20171017619,Davidson,Nashville,11/19/2017 7:00:00 PM,2,0,0,36.112850,-86.742870,FOSTER AV,,,,426.00,Feet,South,FOSTER CT,,,,0.00,N,Not at Intersection,N,Non-Junction,None,,,         ,Benjamin,Froehlich,Clear,"Sideswipe, Same Direction",no,no,no,no,yes,False
101831127,METROPOLITAN NASHVILLE POLICE DEPT,20171017548,Davidson,Nashville,11/19/2017 6:58:00 PM,2,1,0,36.233410,-86.724820,GALLATIN PKE,,,,52.00,Feet,South,JOYCE LN,,,,0.00,N,Not at Intersection,N,Non-Junction,None,,,         ,Christopher,Valdez,Clear,Front to Rear,no,no,no,no,yes,False
101831133,METROPOLITAN NASHVILLE POLICE DEPT,20171017588,Davidson,Nashville,11/19/2017 7:13:00 PM,2,0,0,36.150480,-86.770350,4TH AVS,,,,0.00,,,I40 E EXT RAMP,,,,0.00,Y,OTHER, ,Intersection,None,,,         ,Austin,Kendrick,Clear,"Sideswipe, Same Direction",no,no,no,no,no,False
101831169,METROPOLITAN NASHVILLE POLICE DEPT,20171017594,Davidson,Not in City Limit,11/19/2017 7:24:00 PM,3,0,0,36.264720,-86.732260,N GRAYCROFT AV,,,,99.00,Feet,North,OLD HICKORY BLVDW,,,,0.00,N,Not at Intersection,N,Non-Junction,None,,,         ,Christopher,Littles,Clear,Front to Rear,no,no,no,no,no,False
101831176,METROPOLITAN NASHVILLE POLICE DEPT,20171017568,Davidson,Nashville,11/19/2017 7:09:00 PM,2,0,0,36.159090,-86.792010,I 40,,,,0.00,,,,,,,208.90,N,Not at Intersection, ,Non-Junction,None,,,         ,Ryan,Cagle,Clear,"Sideswipe, Same Direction",no,no,no,no,no,False
101831180,METROPOLITAN NASHVILLE POLICE DEPT,20171017661,Davidson,Nashville,11/19/2017 7:36:00 PM,2,0,0,36.146290,-86.870510,CHARLOTTE PKE,,,,94.00,Feet,East,WESTBORO DR,,,,0.00,N,Not at Intersection,N,Non-Junction,None,,,         ,Anthony,Cucci,Clear,Front to Rear,no,no,no,no,no,False
101831218,METROPOLITAN NASHVILLE POLICE DEPT,20171017680,Davidson,Nashville,11/19/2017 6:14:00 PM,1,0,0,36.097790,-86.709330,ANTIOCH PKE,,,,774.00,Feet,West,SPACE PARK SOUTH DR,,,,0.00,N,Not at Intersection, ,Non-Junction,None,,,         ,Patrick,Martin,Clear,Not Collision with Motor Vehicle in Transport,no,no,no,no,no,False
101831246,METROPOLITAN NASHVILLE POLICE DEPT,20171017569,Davidson,Nashville,11/19/2017 6:15:00 PM,2,0,0,36.160760,-86.793690,CHARLOTTE AV,,,,0.00,,,14TH AVN,,,,0.00,Y,T-Intersection, ,,None,,,         ,Gregory,Scott,,,no,no,no,no,no,False
101831257,METROPOLITAN NASHVILLE POLICE DEPT,20171017449,Davidson,Nashville,11/19/2017 2:39:00 PM,2,0,0,36.047420,-86.656100,BELL RD,,,,69.00,Feet,West,HICKORY HOLLOW PKWY,,,,0.00,N,Not at Intersection,N,Non-Junction,None,,,         ,Pamela,Caulder,Clear,Front to Rear,no,no,no,no,yes,False
101831275,GOODLETTSVILLE POLICE DEPT,17-40746,Davidson,Goodlettsville,11/17/2017 2:18:00 PM,2,0,0,36.323520,-86.701080,CONFERENCE DR,,,,0.00,,,NORTHGATE CIR,,,,0.00,Y,Four-Way, ,Intersection-Related,None,,,         ,Charles,Hauskin,Clear,Angle,no,no,no,no,no,False
101831369,METROPOLITAN NASHVILLE POLICE DEPT,20171018163,Davidson,Nashville,11/20/2017 12:51:00 AM,1,0,0,36.024300,-86.742390,EDMONDSON PKE,,,,0.00,,,BANBURY STA,,,,0.00,Y,T-Intersection,N,Intersection,None,,,         ,Ralph,Smith IV,Clear,Not Collision with Motor Vehicle in Transport,no,no,no,no,no,False
101831437,METROPOLITAN NASHVILLE POLICE DEPT,20171018376,Davidson,Nashville,11/20/2017 12:00:00 AM,1,0,0,36.236110,-86.743920,ELLINGTON PKWYN,,,,0.00,,,I65 N ENT RAMP,,,,0.00,Y,Y-Intersection,N,Non-Junction,None,,,         ,Amanda,Hane,Clear,Not Collision with Motor Vehicle in Transport,no,no,no,no,no,False
101831441,METROPOLITAN NASHVILLE POLICE DEPT,20171018570,Davidson,Nashville,11/20/2017 4:45:00 AM,1,0,0,36.204330,-86.730530,MCGAVOCK PKE,,,,143.00,Feet,West,HUFFINE ST,,,,0.00,N,Not at Intersection,N,Non-Junction,None,,,         ,Samuel,Kersten,Clear,Not Collision with Motor Vehicle in Transport,no,no,no,no,no,False
101831445,METROPOLITAN NASHVILLE POLICE DEPT,20171018703,Davidson,Nashville,11/20/2017 5:58:00 AM,1,1,0,36.215240,-86.589240,LEBANON PKE,,,,221.00,Feet,West,BIG HORN DR,,,,0.00,N,Not at Intersection,N,Non-Junction,None,,,         ,Brett,Johns,Clear,Not Collision with Motor Vehicle in Transport,no,no,no,no,no,False
101831446,METROPOLITAN NASHVILLE POLICE DEPT,20171018673,Davidson,Nashville,11/20/2017 12:00:00 AM,1,0,0,36.148660,-86.762500,WHARF AV,,,,65.00,Feet,South,LAFAYETTE ST,,,,0.00,N,Not at Intersection,N,Non-Junction,None,,,         ,Brenda,Navarro,Cloudy,Not Collision with Motor Vehicle in Transport,no,no,no,no,yes,False
101831462,METROPOLITAN NASHVILLE POLICE DEPT,20171018740,Davidson,Nashville,11/20/2017 6:15:00 AM,2,0,0,36.040120,-86.780740,OLD HICKORY BLVD,,,,0.00,,,I65 N ENT RAMP,,,,0.00,Y,T-Intersection,N,Intersection,None,,,         ,Ralph,Smith IV,Clear,Angle,no,no,no,no,no,False
101831505,METROPOLITAN NASHVILLE POLICE DEPT,20171018756,Davidson,Nashville,11/20/2017 6:30:00 AM,2,0,0,36.134300,-86.776350,I65 S EXT RAMP,,,,0.00,,,WEDGEWOOD AV,,,,0.00,Y,Four-Way, ,Entrance/Exit Ramp Related,None,,,         ,Ryan,Worstall,Clear,"Sideswipe, Same Direction",no,no,no,no,no,False
101831518,METROPOLITAN NASHVILLE POLICE DEPT,20171018806,Davidson,Nashville,11/20/2017 6:56:00 AM,2,0,0,36.106500,-86.767910,I 65,,,,0.00,,,,,,,79.45,N,Not at Intersection, ,Non-Junction,None,,,         ,Nathan,Kemp,Clear,Front to Rear,no,no,no,no,no,False
101831519,METROPOLITAN NASHVILLE POLICE DEPT,20171018867,Davidson,Nashville,11/20/2017 7:23:00 AM,2,0,0,36.128350,-86.778960,BRADFORD AV,,,,96.00,Feet,East,ELLIOTT AV,,,,0.00,N,Not at Intersection, ,Non-Junction,None,,,         ,Nathan,Kemp,Clear,"Sideswipe, Same Direction",no,no,no,no,no,False
101831529,METROPOLITAN NASHVILLE POLICE DEPT,20171018795,Davidson,Nashville,11/20/2017 7:00:00 AM,2,0,0,36.079530,-86.918970,OLD HICKORY BLVD,,,,746.00,Feet,North,BELLE FOREST CONDOS PVTDR,,,,0.00,N,Not at Intersection,N,Non-Junction,None,,,         ,Curtis,Rich,Clear,Angle,no,no,no,no,no,False
101831547,METROPOLITAN NASHVILLE POLICE DEPT,20171018786,Davidson,Nashville,11/20/2017 6:56:00 AM,2,0,0,36.208840,-86.683470,MCGAVOCK PKE,,,,0.00,,,WESTERN HILLS DR,,,,0.00,Y,T-Intersection,N,Intersection,None,,,         ,Michael,Dance,Fog,Angle,no,no,no,no,no,False
101831560,METROPOLITAN NASHVILLE POLICE DEPT,20171018810,Davidson,Nashville,11/20/2017 7:06:00 AM,3,0,0,36.197410,-86.776230,I 65,,,,0.00,,,,,,,86.70,N,Not at Intersection,N,Non-Junction,None,,,         ,Michael,McCord,Clear,Front to Rear,no,no,no,no,yes,False
101831563,GOODLETTSVILLE POLICE DEPT,17-40469,Davidson,Goodlettsville,11/15/2017 5:07:00 PM,3,1,0,36.305890,-86.703060,RIVERGATE PKWY,,,,0.00,,,MEADOWLARK LANE,,,,0.00,Y,Four-Way,N,Intersection,None,,,         ,John,Spencer,Clear,Angle,no,no,no,no,no,False
101831574,METROPOLITAN NASHVILLE POLICE DEPT,20171018951,Davidson,Nashville,11/20/2017 7:42:00 AM,2,0,0,36.082850,-86.709920,HARDING PL,,,,184.00,Feet,East,TAMPA DR,,,,0.00,N,Not at Intersection, ,Non-Junction,None,,,         ,Stephen,Soule,Clear,Angle,no,no,no,no,no,False
101831578,METROPOLITAN NASHVILLE POLICE DEPT,20171018824,Davidson,Nashville,11/20/2017 7:12:00 AM,3,0,0,36.194270,-86.618240,OLD HICKORY BLVD,,,,0.00,,,HERMITAGE MARKETPLACE PVTDR,,,,0.00,Y,Four-Way,N,Intersection-Related,None,,,         ,Cassandra,Del Bosco,Clear,Angle,no,no,no,no,no,False
101831579,METROPOLITAN NASHVILLE POLICE DEPT,20171018937,Davidson,Not in City Limit,11/20/2017 7:45:00 AM,2,2,0,36.020600,-86.676340,STEPHENS HILL LN,,,,0.00,,,HIDDEN CREEK DR,,,,0.00,Y,Four-Way,N,Intersection,None,,,         ,Sara,Lober,Clear,Angle,no,no,no,no,no,False
101831588,METROPOLITAN NASHVILLE POLICE DEPT,20171018929,Davidson,Nashville,11/20/2017 7:43:00 AM,3,0,0,36.142150,-86.677350,I 40,,,,0.00,,,,,,,215.00,N,Not at Intersection,N,Non-Junction,None,,,         ,Michael,Dance,Clear,Front to Rear,no,no,no,no,no,False
101831591,METROPOLITAN NASHVILLE POLICE DEPT,20171018798,Davidson,Nashville,11/20/2017 7:00:00 AM,2,0,0,36.122230,-86.807190,I440 E EXT RAMP,,,,0.00,Feet,East,I 440,,,,0.00,N,Not at Intersection, ,Entrance/Exit Ramp Related,None,,,         ,Christopher,Royer,Clear,Front to Rear,no,no,no,no,no,False
101831593,METROPOLITAN NASHVILLE POLICE DEPT,20171019052,Davidson,Nashville,11/20/2017 8:30:00 AM,2,0,0,36.168350,-86.788200,ROSA L PARKS BLVD,,,,15.00,Feet,South,HARRISON ST,,,,0.00,N,Not at Intersection, ,Non-Junction,None,,,         ,Catherine,Poole,Clear,Front to Rear,no,no,no,no,no,False
101831595,METROPOLITAN NASHVILLE POLICE DEPT,20171018765,Davidson,Nashville,11/20/2017 6:42:00 AM,2,0,0,36.153870,-86.839290,I 40,,,,0.00,,,,,,,205.00,N,Not at Intersection,N,Non-Junction,None,,,         ,Eric,Cunningham,Clear,Front to Rear,no,no,no,no,no,False
101831599,METROPOLITAN NASHVILLE POLICE DEPT,20171018949,Davidson,Nashville,11/20/2017 7:55:00 AM,2,0,0,36.074710,-86.920200,HIGHWAY 70S,,,,74.00,Feet,West,BELLE FOREST SHOPPING CENTER P,,,,0.00,N,Not at Intersection, ,,None,,,         ,Charles,Boles,,,no,no,no,no,no,False
101831611,METROPOLITAN NASHVILLE POLICE DEPT,20171019014,Davidson,Nashville,11/20/2017 7:50:00 AM,2,0,0,36.173410,-86.602110,OLD HICKORY BLVD,,,,67.00,Feet,South,CENTRAL PKE,,,,0.00,N,Not at Intersection, ,,None,,,         ,Bradley,McIntyre,,,no,no,no,no,no,False
101831617,VANDERBILT UNIVERSITY POLICE,2017-003413,Davidson,Nashville,11/20/2017 9:00:00 AM,1,0,0,36.149730,-86.798100,20TH AVS,,,,67.00,Feet,North,BROADWAY,,,,0.00,N,Not at Intersection, ,Non-Junction,None,,,         ,Casey,Clark,Clear,Not Collision with Motor Vehicle in Transport,no,no,no,yes,no,Campus
101831619,METROPOLITAN NASHVILLE POLICE DEPT,20171019109,Davidson,Nashville,11/20/2017 8:56:00 AM,3,0,0,36.168150,-86.777420,JAMES ROBERTSON PKWY,,,,0.00,,,GAY ST,,,,0.00,Y,OTHER, ,Non-Junction,None,,,         ,Ronald,Bright,Clear,Front to Rear,no,no,no,no,no,False
101831625,METROPOLITAN NASHVILLE POLICE DEPT,20171019099,Davidson,Nashville,11/20/2017 8:31:00 AM,2,0,0,36.191250,-86.795560,VANTAGE WAY,,,,485.00,Feet,East,FRENCH LANDING DR,,,,0.00,N,Not at Intersection, ,Non-Junction,None,,,         ,William,Caillouette,Clear,Angle,no,no,no,no,no,False
101831628,METROPOLITAN NASHVILLE POLICE DEPT,20171019235,Davidson,Not in City Limit,11/20/2017 9:45:00 AM,2,0,0,36.012590,-86.703740,NOLENSVILLE PKE,,,,84.00,Feet,North,HOLT RD,,,,0.00,N,Not at Intersection, ,Non-Junction,None,,,         ,Darren,White,Clear,Front to Rear,no,no,no,no,no,False
101831630,METROPOLITAN NASHVILLE POLICE DEPT,20171019090,Davidson,Nashville,11/20/2017 8:12:00 AM,2,0,0,36.168540,-86.666440,LEBANON PKE,,,,147.00,Feet,East,J B ESTILLE DR,,,,0.00,N,Not at Intersection,N,Non-Junction,None,,,         ,Jessie,Loy,Clear,HeadOn,no,no,no,no,no,False
101831639,METROPOLITAN NASHVILLE POLICE DEPT,20171019208,Davidson,Nashville,11/20/2017 9:33:00 AM,2,0,0,36.074970,-86.920980,OLD HICKORY BLVD,,,,180.00,Feet,North,HIGHWAY 70S,,,,0.00,N,Not at Intersection, ,Non-Junction,None,,,         ,Curtis,Rich,Clear,Angle,no,no,no,no,no,False
101831648,METROPOLITAN NASHVILLE POLICE DEPT,20171018910,Davidson,Nashville,11/20/2017 7:00:00 AM,2,1,0,36.107790,-86.676870,MURFREESBORO PKE,,,,0.00,,,DELL PKWY,,,,0.00,Y,T-Intersection,N,Intersection,None,,,         ,Roy,McElwee,Clear,Front to Rear,no,no,no,no,no,False
101831650,METROPOLITAN NASHVILLE POLICE DEPT,2017-1018963,Davidson,Nashville,11/20/2017 8:00:00 AM,2,0,0,36.048100,-86.731690,HUNTINGTON PKWY,,,,0.00,,,ASHLEY DR,,,,0.00,Y,T-Intersection, ,Intersection,None,,,         ,Russell,Freeman,Clear,Angle,no,no,no,no,no,False
101831651,METROPOLITAN NASHVILLE POLICE DEPT,20171018780,Davidson,Nashville,11/20/2017 6:40:00 AM,6,0,0,36.236690,-86.724470,GALLATIN PKES,,,,18.00,Feet,North,BRILEY PKWY W EXT RAMP,,,,0.00,N,Not at Intersection,N,Non-Junction,None,,,         ,Michael,Agee,Clear,Front to Rear,no,no,no,no,no,False
101831660,METROPOLITAN NASHVILLE POLICE DEPT,20171018779,Davidson,Nashville,11/20/2017 6:39:00 AM,2,0,0,36.040060,-86.744190,OLD HICKORY BLVD,,,,212.00,Feet,West,EDMONDSON PKE,,,,0.00,N,Not at Intersection, ,Non-Junction,None,,,         ,Phillip,Murphy,Clear,Front to Rear,no,no,no,no,no,False
101831670,METROPOLITAN NASHVILLE POLICE DEPT,20171019377,Davidson,Nashville,11/20/2017 10:24:00 AM,2,0,0,36.197890,-86.839300,ASHLAND CITY HWY,,,,0.00,,,NORTH GATE SHOPPING CTR PVTDR,,,,0.00,Y,OTHER, ,Non-Junction,None,,,         ,Ronald,Bright,Clear,Front to Rear,no,no,no,no,no,False
101831672,METROPOLITAN NASHVILLE POLICE DEPT,20171019397,Davidson,Nashville,11/20/2017 10:44:00 AM,2,0,0,36.137760,-86.822150,I 440,,,,0.00,,,,,,,1.40,N,Not at Intersection, ,,None,,,         ,Curtis,Rich,,,no,no,no,no,no,False
101831673,METROPOLITAN NASHVILLE POLICE DEPT,20171019382,Davidson,Nashville,11/20/2017 10:36:00 AM,2,0,0,36.140710,-86.729550,I 24,,,,0.00,,,,,,,51.55,N,Not at Intersection, ,Entrance/Exit Ramp Related,None,,,         ,Michael,Dance,Clear,Front to Rear,no,no,no,no,no,False
101831680,METROPOLITAN NASHVILLE POLICE DEPT,2017-1019100,Davidson,Nashville,11/20/2017 8:50:00 AM,2,0,0,36.141130,-86.817140,WEST END AV,,,,0.00,,,33RD AVS,,,,0.00,Y,T-Intersection, ,Intersection-Related,None,,,         ,Russell,Freeman,Clear,"Sideswipe, Same Direction",no,no,no,no,no,False
101831681,METROPOLITAN NASHVILLE POLICE DEPT,20171018815,Davidson,Nashville,11/20/2017 7:08:00 AM,2,1,0,36.046350,-86.858470,OLD HICKORY BLVD,,,,925.00,Feet,West,WILDWOOD VALLEY DR,,,,0.00,N,Not at Intersection,N,Non-Junction,None,,,         ,Erik,Wagner,Clear,Front to Rear,no,no,no,no,no,False
101831682,METROPOLITAN NASHVILLE POLICE DEPT,2017-1019161,Davidson,Nashville,11/20/2017 9:09:00 AM,2,0,0,36.078790,-86.837000,TYNE BLVD,,,,0.00,,,HILLSBORO PKE,,,,0.00,Y,Four-Way, ,Intersection,None,,,         ,Erik,Wagner,Clear,Angle,no,no,no,no,no,False
101831683,METROPOLITAN NASHVILLE POLICE DEPT,20171019136,Davidson,Nashville,11/20/2017 8:59:00 AM,2,0,0,36.196660,-86.742250,CAHAL AV,,,,0.00,,,GALLATIN AV,,,,0.00,Y,OTHER, ,Non-Junction,None,,,         ,Alex,Moore,Clear,Angle,no,no,no,no,no,False
101831690,METROPOLITAN NASHVILLE POLICE DEPT,20171018885,Davidson,Nashville,11/20/2017 7:22:00 AM,2,0,0,36.034740,-86.768730,CLOVERLAND DR,,,,156.00,Feet,South,VALLEY VIEW RD,,,,0.00,N,Not at Intersection,N,Non-Junction,None,,,         ,Phillip,Murphy,Clear,Front to Rear,no,no,no,no,no,False
101831727,METROPOLITAN NASHVILLE POLICE DEPT,2017-1019112,Davidson,Nashville,11/20/2017 8:03:00 AM,3,0,0,36.068200,-86.719110,NOLENSVILLE PKE,,,,0.00,,,HAYWOOD LN,,,,0.00,Y,T-Intersection,N,Intersection,None,,,         ,William,Whitworth,Clear,Front to Rear,no,no,no,no,no,False
101831728,METROPOLITAN NASHVILLE POLICE DEPT,2017-1019332,Davidson,Not in City Limit,11/20/2017 10:13:00 AM,1,0,0,36.021110,-86.643200,CANE RIDGE RD,,,,301.00,Feet,South,CANE SPRINGS RD,,,,0.00,N,Not at Intersection,N,Non-Junction,None,,,         ,William,Whitworth,Clear,Not Collision with Motor Vehicle in Transport,no,no,no,no,no,False
101831742,METROPOLITAN NASHVILLE POLICE DEPT,20171018947,Davidson,Nashville,11/20/2017 7:55:00 AM,2,2,0,36.039310,-86.736470,OLD HICKORY BLVD,,,,184.00,Feet,West,THRIBLE SPRINGS DR,,,,0.00,N,Not at Intersection,N,"Driveway, Alley Access, etc",None,,,         ,Phillip,Murphy,Clear,"Sideswipe, Same Direction",no,no,no,no,no,False
101831746,METROPOLITAN NASHVILLE POLICE DEPT,20171019571,Davidson,Nashville,11/20/2017 11:55:00 AM,2,0,0,36.112420,-86.811110,HILLSBORO PKE,,,,442.00,Feet,North,GRAYBAR LN,,,,0.00,N,Not at Intersection, ,Non-Junction,None,,,         ,Curtis,Rich,Clear,Front to Rear,no,no,no,no,no,False
101831752,METROPOLITAN NASHVILLE POLICE DEPT,20171019510,Davidson,Nashville,11/20/2017 11:33:00 AM,1,0,0,36.190030,-86.791060,I 65,,,,0.00,,,,,,,85.70,N,Not at Intersection, ,,None,,,         ,Nathan,Mayo,,,no,no,no,no,no,False
101831754,GOODLETTSVILLE POLICE DEPT,17-41066,Davidson,Goodlettsville,11/20/2017 11:00:00 AM,2,0,0,36.309590,-86.695860,VIETNAM VETERANS BLVD SB ENT R,,,,0.00,,,CONFERENCE DR,,,,0.00,Y,T-Intersection, ,Entrance/Exit Ramp Related,None,,,         ,John,Spencer,Clear,Front to Rear,no,no,no,no,no,False
101831756,METROPOLITAN NASHVILLE POLICE DEPT,20171019322,Davidson,Nashville,11/20/2017 10:09:00 AM,2,2,0,36.148840,-86.762470,LAFAYETTE ST,,,,0.00,,,CHARLES E DAVIS BLVD,,,,0.00,Y,Four-Way,N,Intersection,None,,,         ,James,Curtis,Clear,Angle,no,no,no,no,no,False
101831761,METROPOLITAN NASHVILLE POLICE DEPT,20171018935,Davidson,Nashville,11/20/2017 7:45:00 AM,2,0,0,36.188520,-86.773200,DICKERSON PKE,,,,115.00,Feet,South,WHITES CREEK PKE,,,,0.00,N,Not at Intersection, ,Non-Junction,None,,,         ,Anthony,Rizo,Clear,Front to Rear,no,no,no,no,no,False
101831762,METROPOLITAN NASHVILLE POLICE DEPT,20171019618,Davidson,Not in City Limit,11/20/2017 12:15:00 PM,2,0,0,36.193150,-86.963640,RIVER ROAD PKE,,,,393.00,Feet,West,CUB CREEK RD,,,,0.00,N,Not at Intersection, ,,None,,,         ,Douglas,Atwood,,,no,no,no,no,no,False
101831786,METROPOLITAN NASHVILLE POLICE DEPT,2017-1019623,Davidson,Nashville,11/20/2017 12:23:00 PM,2,0,0,36.082320,-86.744680,DANBY DR,,,,0.00,,,ELAINE DR,,,,0.00,Y,Four-Way, ,Intersection,None,,,         ,Erik,Wagner,Clear,Angle,no,no,no,no,no,False
101831790,METROPOLITAN NASHVILLE POLICE DEPT,20171019122,Davidson,Nashville,11/20/2017 8:29:00 AM,2,0,0,36.153320,-86.795370,WEST END AV,,,,216.00,Feet,East,18TH AVN,,,,0.00,N,Not at Intersection, ,,None,,,         ,Phillip,Murphy,,,no,no,no,no,no,False
101831791,METROPOLITAN NASHVILLE POLICE DEPT,20171019654,Davidson,Nashville,11/20/2017 12:38:00 PM,2,0,0,36.186110,-86.798370,ROSA L PARKS BLVD,,,,0.00,,,I65 S EXT RAMP,,,,0.00,Y,Y-Intersection, ,Non-Junction,None,,,         ,Ernie,Wilson,Clear,Front to Rear,no,no,no,no,no,False
101831795,METROPOLITAN NASHVILLE POLICE DEPT,20171018865,Davidson,Not in City Limit,11/20/2017 7:26:00 AM,2,0,0,36.257540,-86.728130,SAUNDERS AV,,,,0.00,,,E MARTHONA RD,,,,0.00,Y,Four-Way,N,Intersection,None,,,         ,Thomas,Odom,Clear,Angle,no,no,no,no,no,False
101831796,METROPOLITAN NASHVILLE POLICE DEPT,20171019595,Davidson,Nashville,11/20/2017 12:10:00 PM,2,0,0,36.249540,-86.719310,GALLATIN PKES,,,,61.00,Feet,North,E PALESTINE AV,,,,0.00,N,Not at Intersection, ,Non-Junction,None,,,         ,Thomas,Odom,Clear,Angle,no,no,no,no,no,False
101831799,METROPOLITAN NASHVILLE POLICE DEPT,20171019709,Davidson,Nashville,11/20/2017 12:40:00 PM,2,0,0,36.153590,-86.785550,12TH AVS,,,,0.00,,,LAUREL ST,,,,0.00,Y,OTHER, ,Intersection,None,,,         ,Randall,Ward,Clear,Angle,no,no,no,no,no,False
101831807,METROPOLITAN NASHVILLE POLICE DEPT,2017-1019680,Davidson,Nashville,11/20/2017 12:47:00 PM,2,0,0,36.095150,-86.737140,NOLENSVILLE PKE,,,,263.00,Feet,South,WHEELER AV,,,,0.00,N,Not at Intersection, ,"Driveway, Alley Access, etc",None,,,         ,William,Whitworth,Clear,Angle,no,no,no,no,no,False
101831837,THP District 3 - Nashville,317068808,Davidson,Nashville,11/18/2017 3:30:00 PM,2,0,0,36.033850,-86.783430,I 65,,,,0.00,,,,,,,74.20,N,Not at Intersection,Y,Entrance/Exit Ramp Related,None,,,         ,Charles,Achinger,Cloudy,Front to Rear,no,no,no,no,no,False
101831865,METROPOLITAN NASHVILLE POLICE DEPT,20171019430,Davidson,Nashville,11/20/2017 10:40:00 AM,2,0,0,36.150150,-86.857950,CHARLOTTE PKE,,,,0.00,,,WHITE BRIDGE PKE,,,,0.00,Y,Four-Way, ,Intersection,None,,,         ,Brian,Myatt,Clear,Front to Rear,no,no,no,no,no,False
101831866,METROPOLITAN NASHVILLE POLICE DEPT,20171018924,Davidson,Nashville,11/20/2017 7:30:00 AM,2,1,0,36.131910,-86.895530,I40 E ENT RAMP,,,,0.00,,,I 40,,,,0.00,Y,Four-Way,N,Intersection,None,,,         ,Timothy,Mead,Clear,Angle,no,no,no,no,no,False
101831878,METROPOLITAN NASHVILLE POLICE DEPT,20171019697,Davidson,Not in City Limit,11/20/2017 12:53:00 PM,2,0,0,36.270020,-86.755320,DICKERSON PKE,,,,302.00,Feet,North,OLD HICKORY BLVD,,,,0.00,N,Not at Intersection, ,Non-Junction,None,,,         ,Cyretha,Frazier,Clear,Angle,no,no,no,no,no,False
101831883,METROPOLITAN NASHVILLE POLICE DEPT,20171019702,Davidson,Nashville,11/20/2017 12:51:00 PM,2,0,0,36.081530,-86.646330,SHIAWAY DR,,,,0.00,,,MURFREESBORO PKE,,,,0.00,Y,T-Intersection, ,Intersection,None,,,         ,James,Curtis,Clear,Angle,no,no,no,no,yes,False
101831884,METROPOLITAN NASHVILLE POLICE DEPT,20171019622,Davidson,Goodlettsville,11/20/2017 12:24:00 PM,2,1,0,36.299600,-86.696810,GALLATIN PKEN,,,,90.00,Feet,South,CUDE LN,,,,0.00,N,Not at Intersection,Y,"Driveway, Alley Access, etc",None,,,         ,Jack,Crouch,Clear,Angle,no,no,no,no,no,False
101831890,METROPOLITAN NASHVILLE POLICE DEPT,20171019828,Davidson,Nashville,11/20/2017 1:41:00 PM,2,0,0,36.068200,-86.719110,NOLENSVILLE PKE,,,,0.00,,,HAYWOOD LN,,,,0.00,Y,Four-Way, ,Intersection,None,,,         ,Sara,Lober,Clear,Angle,no,no,no,no,no,False
101831933,METROPOLITAN NASHVILLE POLICE DEPT,20171019883,Davidson,Nashville,11/20/2017 2:10:00 PM,2,0,0,36.110360,-86.770540,I440 ENT RAMP,,,,0.00,Feet,East,I 65,,,,0.00,N,Not at Intersection, ,Entrance/Exit Ramp Related,None,,,         ,Ian,Hammond,Clear,Angle,no,no,no,no,no,False
101831940,METROPOLITAN NASHVILLE POLICE DEPT,2017-1019810,Davidson,Nashville,11/20/2017 12:58:00 PM,2,0,0,36.084920,-86.763070,I65 N ENT RAMP,,,,0.00,,,I 65,,,,0.00,Y,Y-Intersection, ,Entrance/Exit Ramp Related,None,,,         ,Russell,Freeman,Clear,Front to Rear,no,no,no,no,no,False
101831964,METROPOLITAN NASHVILLE POLICE DEPT,20171019570,Davidson,Nashville,11/20/2017 12:00:00 PM,2,0,0,36.182540,-86.640650,LEBANON PKE,,,,380.00,Feet,East,DOWNEYMEADE DR,,,,0.00,N,Not at Intersection,N,Non-Junction,None,,,         ,Michael,Dance,Clear,Front to Rear,no,no,no,no,no,False