master_record_number,agency,agency_tracking_number,county,city,collision_date,vehicles_involved,number_injured,number_dead,latitude,longitude,roadway_name,roadway_suffix,roadway_number,roadway_local_id,distance_from_reference,miles-feet_indicator,direction_from_reference,intersection_road_name,intersection_road_name_suffix,intersection_road_number,intersection_local_id,mile_marker,intersection_indicator,intersect_type,interchange_related_indicator,relation_to_junction,work_zone_type,construction_maintenance_zone,construction_maintenance_zone_location,fatal_case_number,officer_first_name,officer_last_name,weather_condition(s),manner_of_crash,pedestrian,bicycle,scooter,parking,hitrun,mou
101831967,METROPOLITAN NASHVILLE POLICE DEPT,20171019798,Davidson,Nashville,11/20/2017 1:24:00 PM,2,0,0,36.107800,-86.812670,HILLSBORO PKE,,,,0.00,,,GREEN HILLS VILLAGE DR,,,,0.00,Y,T-Intersection, ,Intersection,None,,,         ,Michael,Quinn,Clear,Front to Rear,no,no,no,no,no,False
101831983,METROPOLITAN NASHVILLE POLICE DEPT,20171019869,Davidson,Nashville,11/20/2017 1:34:00 PM,2,0,0,36.167500,-86.662780,LEBANON PKE,,,,171.00,Feet,East,DONELSON PKE,,,,0.00,N,Not at Intersection, ,"Driveway, Alley Access, etc",None,,,         ,Michael,Dance,Clear,Front to Rear,no,no,no,no,no,False
101831991,METROPOLITAN NASHVILLE POLICE DEPT,20171019892,Davidson,Nashville,11/20/2017 2:11:00 PM,2,0,0,36.148420,-86.857900,LENOX AV,,,,0.00,,,WHITE BRIDGE PKE,,,,0.00,Y,Four-Way, ,Intersection,None,,,         ,Walter,Gray II,Clear,Angle,no,no,no,no,no,False
101831996,METROPOLITAN NASHVILLE POLICE DEPT,2017-1019867,Davidson,Nashville,11/20/2017 12:45:00 PM,2,0,0,36.086160,-86.704140,TOWRY DR,,,,72.00,Feet,East,SUNLIGHT DR,,,,0.00,N,Not at Intersection,N,"Driveway, Alley Access, etc",Utility Zone,Laneclosure,Activity Area,         ,William,Whitworth,Clear,Angle,no,no,no,no,yes,False
101832001,METROPOLITAN NASHVILLE POLICE DEPT,20171019949,Davidson,Nashville,11/20/2017 2:00:00 PM,2,1,0,36.152040,-86.800760,HAYES ST,,,,242.00,Feet,West,20TH AVN,,,,0.00,N,Not at Intersection,N,Non-Junction,None,,,         ,Jon,Mcvey,Clear,Front to Rear,no,no,no,no,no,Campus
101832039,METROPOLITAN NASHVILLE POLICE DEPT,20171017784,Davidson,Nashville,11/19/2017 9:16:00 PM,2,0,0,36.092090,-86.735590,NOLENSVILLE PKE,,,,289.00,Feet,North,YELTON CT,,,,0.00,N,Not at Intersection,N,Non-Junction,None,,,         ,Melissa,Flores,Clear,Front to Rear,no,no,no,no,no,False
101832047,METROPOLITAN NASHVILLE POLICE DEPT,20171019971,Davidson,Not in City Limit,11/20/2017 2:49:00 PM,2,2,0,36.277420,-86.751370,DICKERSON PKE,,,,50.00,Feet,South,NESBITT DR,,,,0.00,N,Not at Intersection,N,Non-Junction,None,,,         ,Christopher,Littles,Clear,Front to Rear,no,no,no,no,no,False
101832058,THP District 3 - Nashville,317069167,Davidson,Not in City Limit,11/20/2017 7:54:00 AM,2,0,0,36.319500,-86.848600,I 24,,,,0.00,,,,,,,36.10,N,Not at Intersection,N,Non-Junction,None,,,         ,Michael,Lowe,Clear,Front to Rear,no,no,no,no,no,False
101832066,METROPOLITAN NASHVILLE POLICE DEPT,20171020141,Davidson,Not in City Limit,11/20/2017 3:48:00 PM,2,0,0,36.077210,-87.017370,I 40,,,,0.00,,,,,,,192.70,N,Not at Intersection, ,Non-Junction,None,,,         ,Andrew,Brazee,Clear,Front to Rear,no,no,no,no,no,False
101832068,METROPOLITAN NASHVILLE POLICE DEPT,20171019975,Davidson,Nashville,11/20/2017 12:00:00 AM,3,0,0,36.161290,-86.820690,I 40,,,,0.00,,,,,,,206.20,N,Not at Intersection,N,Non-Junction,None,,,         ,Melvin,Taylor,Clear,"Sideswipe, Same Direction",no,no,no,no,no,False
101832070,METROPOLITAN NASHVILLE POLICE DEPT,20171020215,Davidson,Nashville,11/20/2017 4:25:00 PM,2,0,0,36.150150,-86.857950,CHARLOTTE PKE,,,,0.00,,,WHITE BRIDGE PKE,,,,0.00,Y,Four-Way, ,,None,,,         ,Barrett,Teague,,,no,no,no,no,no,False
101832072,METROPOLITAN NASHVILLE POLICE DEPT,20171020044,Davidson,Nashville,11/20/2017 3:25:00 PM,2,0,0,36.204620,-86.749260,E TRINITY LN,,,,123.00,Feet,East,ELLINGTON PKWY N ENT RAMP,,,,0.00,N,Not at Intersection, ,Non-Junction,None,,,         ,Joshua,Lackey,Clear,"Sideswipe, Same Direction",no,no,no,no,no,False
101832099,METROPOLITAN NASHVILLE POLICE DEPT,20171020167,Davidson,Nashville,11/20/2017 4:10:00 PM,2,0,0,36.204620,-86.768900,DICKERSON PKE,,,,471.00,Feet,South,E TRINITY LN,,,,0.00,N,Not at Intersection, ,Non-Junction,None,,,         ,Andrew,Anoskey,Clear,Front to Rear,no,no,no,no,no,False
101832103,METROPOLITAN NASHVILLE POLICE DEPT,20171020113,Davidson,Nashville,11/20/2017 3:48:00 PM,2,0,0,36.162630,-86.781460,CHURCH ST,,,,0.00,,,6TH AVN,,,,0.00,Y,Four-Way,N,Intersection,None,,,         ,John,Chambers,Clear,Front to Rear,no,no,no,no,no,False
101832121,METROPOLITAN NASHVILLE POLICE DEPT,20171020201,Davidson,Nashville,11/20/2017 3:06:00 PM,2,0,0,36.183590,-86.610530,OLD HICKORY BLVD,,,,45.00,Feet,East,ANDREW JACKSON PKWY,,,,0.00,N,Not at Intersection, ,Non-Junction,None,,,         ,Brenna,Hosey,Clear,Front to Rear,no,no,no,no,no,False
101832124,METROPOLITAN NASHVILLE POLICE DEPT,20171020005,Davidson,Nashville,11/20/2017 1:20:00 PM,2,0,0,36.038680,-86.783130,OLD HICKORY BLVD,,,,200.00,Feet,West,I65 N EXT RAMP,,,,0.00,N,Not at Intersection, ,Non-Junction,None,,,         ,David,Robberson,Clear,Front to Rear,no,no,no,no,no,False
101832128,METROPOLITAN NASHVILLE POLICE DEPT,20171020311,Davidson,Nashville,11/20/2017 4:50:00 PM,2,0,0,36.241640,-86.723300,GALLATIN PKES,,,,944.00,Feet,North,GALLATIN PKE,,,,0.00,N,Not at Intersection, ,Non-Junction,None,,,         ,Brittani,Campbell,Clear,Front to Rear,no,no,no,no,no,False
101832130,METROPOLITAN NASHVILLE POLICE DEPT,20171020262,Davidson,Nashville,11/20/2017 12:00:00 AM,2,0,0,36.202500,-86.820480,BUENA VISTA PKE,,,,0.00,,,W TRINITY LN,,,,0.00,Y,T-Intersection, ,Intersection,None,,,         ,Frederick,Ware,Clear,Front to Rear,no,no,no,no,yes,False
101832132,METROPOLITAN NASHVILLE POLICE DEPT,20171020372,Davidson,Nashville,11/20/2017 5:30:00 PM,2,0,0,36.147560,-86.857940,WHITE BRIDGE PKE,,,,313.00,Feet,South,LENOX AV,,,,0.00,N,Not at Intersection, ,Non-Junction,None,,,         ,Barrett,Teague,Clear,Front to Rear,no,no,no,no,no,False
101832134,METROPOLITAN NASHVILLE POLICE DEPT,20171020337,Davidson,Nashville,11/20/2017 5:10:00 PM,2,0,0,36.186630,-86.757430,ELLINGTON PKWYN,,,,72.00,Feet,South,ELLINGTON PKWYS,,,,0.00,N,Not at Intersection,N,Non-Junction,None,,,         ,Thomas,Miller,Clear,Front to Rear,no,no,no,no,no,False
101832135,METROPOLITAN NASHVILLE POLICE DEPT,20171020265,Davidson,Nashville,11/20/2017 3:30:00 PM,2,0,0,36.078260,-86.725930,NOLENSVILLE PKE,,,,439.00,Feet,North,WALLACE RD,,,,0.00,N,Not at Intersection, ,Non-Junction,None,,,         ,Nicholas,Berens,Clear,Front to Rear,no,no,no,no,no,False
101832139,METROPOLITAN NASHVILLE POLICE DEPT,20171020348,Davidson,Nashville,11/20/2017 12:00:00 AM,2,0,0,36.190110,-86.798630,ROSA L PARKS BLVD,,,,341.00,Feet,South,VANTAGE WAY CT,,,,0.00,N,Not at Intersection, ,Non-Junction,None,,,         ,Melvin,Taylor,Clear,Front to Rear,no,no,no,no,no,False
101832147,METROPOLITAN NASHVILLE POLICE DEPT,20171020369,Davidson,Nashville,11/20/2017 5:28:00 PM,2,0,0,36.149520,-86.639050,I 40,,,,0.00,,,,,,,218.30,N,Not at Intersection, ,Non-Junction,None,,,         ,Patrick,Taylor,Clear,Front to Rear,no,no,no,no,no,False
101832150,METROPOLITAN NASHVILLE POLICE DEPT,20171020410,Davidson,Nashville,11/20/2017 5:46:00 PM,2,0,0,36.166520,-86.802210,BLANK ST,,,,160.00,Feet,South,JACKSON ST,,,,0.00,N,Not at Intersection, ,Non-Junction,None,,,         ,Samuel,Galluzzi,Clear,"Sideswipe, Same Direction",no,no,no,no,yes,False
101832155,METROPOLITAN NASHVILLE POLICE DEPT,20171020288,Davidson,Nashville,11/20/2017 4:45:00 PM,3,1,0,36.041140,-86.776210,BRENTWOOD TRC,,,,0.00,,,BRENTWOOD COMMONS WAY,,,,0.00,Y,Four-Way,N,Intersection-Related,None,,,         ,Jon,Mcvey,Clear,HeadOn,no,no,no,no,no,False
101832157,METROPOLITAN NASHVILLE POLICE DEPT,20171019994,Davidson,Nashville,11/20/2017 2:26:00 PM,2,0,0,36.041000,-86.743710,EDMONDSON PKE,,,,365.00,Feet,North,OLD HICKORY BLVD,,,,0.00,N,Not at Intersection,N,Non-Junction,None,,,         ,Jon,Mcvey,Clear,Angle,no,no,no,no,yes,False
101832158,METROPOLITAN NASHVILLE POLICE DEPT,20171020342,Davidson,Nashville,11/20/2017 12:00:00 AM,2,0,0,36.169280,-86.808130,JEFFERSON ST,,,,441.00,Feet,East,21ST AVN,,,,0.00,N,Not at Intersection,N,Non-Junction,None,,,         ,Seth,Vaughn,Clear,Angle,no,no,no,no,yes,False
101832159,METROPOLITAN NASHVILLE POLICE DEPT,20171020364,Davidson,Nashville,11/20/2017 5:19:00 PM,2,0,0,36.152480,-86.773240,LAFAYETTE ST,,,,0.00,,,5TH AVS,,,,0.00,Y,Four-Way, ,Intersection,None,,,         ,Pedro,Rivera Chaparro,Clear,HeadOn,no,no,no,no,no,False
101832165,METROPOLITAN NASHVILLE POLICE DEPT,20171020165,Davidson,Nashville,11/20/2017 3:00:00 PM,2,0,0,36.166230,-86.765790,SHELBY AV,,,,0.00,,,INTERSTATE DR,,,,0.00,Y,Four-Way,Y,Intersection,None,,,         ,Brent,Hedgcoth,Clear,Angle,no,no,no,no,yes,False
101832171,METROPOLITAN NASHVILLE POLICE DEPT,20171020368,Davidson,Nashville,11/20/2017 5:25:00 PM,3,2,0,36.060970,-86.772300,I 65,,,,0.00,,,,,,,75.30,N,Not at Intersection,N,Non-Junction,None,,,         ,Hillary,Sherman,Clear,Front to Rear,no,no,no,no,no,False
101832175,METROPOLITAN NASHVILLE POLICE DEPT,20171020379,Davidson,Goodlettsville,11/20/2017 5:30:00 PM,2,1,0,36.303210,-86.691180,GALLATIN PKEN,,,,260.00,Feet,East,RIVERGATE MARKETPLACE PVTDR,,,,0.00,N,Not at Intersection,N,Non-Junction,None,,,         ,Joanna,D'Agostino,Clear,Front to Rear,no,no,no,no,no,False
101832176,METROPOLITAN NASHVILLE POLICE DEPT,20171020465,Davidson,Nashville,11/20/2017 5:30:00 PM,3,0,0,36.152630,-86.802400,CHURCH ST,,,,102.00,Feet,East,21ST AVN,,,,0.00,N,Not at Intersection,N,Non-Junction,None,,,         ,Nicholas,Carroll,Clear,Front to Rear,no,no,no,no,yes,Campus
101832179,METROPOLITAN NASHVILLE POLICE DEPT,20171020355,Davidson,Nashville,11/20/2017 5:14:00 PM,3,0,0,36.168680,-86.759410,SHELBY AV,,,,49.00,Feet,East,S 6TH ST,,,,0.00,N,Not at Intersection, ,Non-Junction,None,,,         ,Michael,Moss,Clear,Front to Rear,no,no,no,no,yes,False
101832183,METROPOLITAN NASHVILLE POLICE DEPT,20171020382,Davidson,Nashville,11/20/2017 5:08:00 PM,2,1,0,36.072780,-86.645940,RICE RD,,,,311.00,Feet,East,EDGE O LAKE DR,,,,0.00,N,Not at Intersection,N,Non-Junction,None,,,         ,Mary,Williams,Clear,Not Collision with Motor Vehicle in Transport,no,no,no,no,yes,False
101832184,BERRY HILL POLICE DEPT,17-3933,Davidson,Nashville,11/20/2017 12:00:00 AM,2,0,0,36.106840,-86.764800,POWELL AV,,,,129.00,Feet,North,POWELL PL,,,,0.00,N,Not at Intersection, ,,None,,,         ,Stephen,Reece,,,no,no,no,no,no,False
101832189,METROPOLITAN NASHVILLE POLICE DEPT,20171020444,Davidson,Nashville,11/20/2017 12:00:00 AM,2,0,0,36.234460,-86.727830,JOYCE LN,,,,419.00,Feet,East,GRINSTEAD PL,,,,0.00,N,Not at Intersection, ,Non-Junction,None,,,         ,Christopher,Valdez,Clear,Unknown,no,no,no,yes,yes,False
101832191,METROPOLITAN NASHVILLE POLICE DEPT,20171020354,Davidson,Nashville,11/20/2017 5:18:00 PM,2,1,0,36.131590,-86.774280,I 65,,,,0.00,,,,,,,81.20,N,Not at Intersection,N,Non-Junction,None,,,         ,Austin,Kendrick,Clear,Front to Rear,no,no,no,no,no,False
101832194,METROPOLITAN NASHVILLE POLICE DEPT,20171020482,Davidson,Goodlettsville,11/20/2017 5:41:00 PM,2,0,0,36.288320,-86.704730,GALLATIN PKEN,,,,595.00,Feet,North,EDENWOLD RD,,,,0.00,N,Not at Intersection, ,Non-Junction,None,,,         ,Cecilia,Gomez,Clear,Front to Rear,no,no,no,no,no,False
101832196,METROPOLITAN NASHVILLE POLICE DEPT,20171020446,Davidson,Not in City Limit,11/20/2017 5:20:00 PM,3,0,0,36.263060,-86.737860,I 65,,,,0.00,,,,,,,92.15,N,Not at Intersection,N,Non-Junction,None,,,         ,Samuel,Miller,Clear,Front to Rear,no,no,no,no,yes,False
101832199,METROPOLITAN NASHVILLE POLICE DEPT,20171020309,Davidson,Not in City Limit,11/20/2017 4:51:00 PM,2,0,0,36.273650,-86.689460,MYATT DR,,,,557.00,Feet,North,ANDERSON LN,,,,0.00,N,Not at Intersection, ,Non-Junction,None,,,         ,Samuel,Miller,Clear,Angle,no,no,no,no,no,False
101832200,METROPOLITAN NASHVILLE POLICE DEPT,20171020484,Davidson,Nashville,11/20/2017 5:24:00 PM,2,0,0,36.111560,-86.819190,BEAR RD,,,,50.00,Feet,West,VALLEY BROOK RD,,,,0.00,N,Not at Intersection, ,Non-Junction,None,,,         ,Walter,Gray II,Clear,Front to Rear,no,no,no,no,no,False
101832205,METROPOLITAN NASHVILLE POLICE DEPT,20171020477,Davidson,Not in City Limit,11/20/2017 6:04:00 PM,2,0,0,36.059700,-86.944290,OLD HARDING PKE,,,,194.00,Feet,North,HARPETH RIV MORTON MILL GRNWY,,,,0.00,N,Not at Intersection, ,Non-Junction,None,,,         ,Andrew,Brazee,Clear,Front to Rear,no,no,no,no,no,False
101832210,METROPOLITAN NASHVILLE POLICE DEPT,20171020373,Davidson,Nashville,11/20/2017 5:23:00 PM,2,0,0,36.153300,-86.772180,ELM ST,,,,0.00,,,4TH AVS,,,,0.00,Y,OTHER, ,,None,,,         ,Derek,Betty,,,no,no,no,no,no,False
101832213,METROPOLITAN NASHVILLE POLICE DEPT,20171020402,Davidson,Not in City Limit,11/20/2017 5:34:00 PM,2,1,0,36.264370,-86.732700,OLD HICKORY BLVDW,,,,200.00,Feet,West,N GRAYCROFT AV,,,,0.00,N,Not at Intersection,N,Non-Junction,None,,,         ,Christopher,Littles,Clear,Front to Rear,no,no,no,no,no,False
101832214,METROPOLITAN NASHVILLE POLICE DEPT,20171020539,Davidson,Nashville,11/20/2017 5:15:00 PM,2,0,0,36.145140,-86.766200,CHESTNUT ST,,,,158.00,Feet,East,4TH AVS,,,,0.00,N,Not at Intersection, ,Non-Junction,None,,,         ,Bradley,Pope,Clear,"Sideswipe, Same Direction",no,no,no,no,no,False
101832217,METROPOLITAN NASHVILLE POLICE DEPT,20171020553,Davidson,Nashville,11/20/2017 5:45:00 PM,2,0,0,36.109480,-86.728220,THOMPSON LN,,,,52.00,Feet,West,BRILEY PKWYN,,,,0.00,N,Not at Intersection, ,Non-Junction,None,,,         ,Luis,De Los Santos,Clear,"Sideswipe, Same Direction",no,no,no,no,no,False
101832219,METROPOLITAN NASHVILLE POLICE DEPT,20171020633,Davidson,Nashville,11/20/2017 4:20:00 PM,2,0,0,36.086710,-86.771950,FRANKLIN PKE,,,,49.00,Feet,North,HARDING PL,,,,0.00,N,Not at Intersection,N,Non-Junction,None,,,         ,Hillary,Sherman,Clear,"Sideswipe, Same Direction",no,no,no,no,yes,False
101832222,METROPOLITAN NASHVILLE POLICE DEPT,20171020366,Davidson,Nashville,11/20/2017 5:25:00 PM,2,0,0,36.200170,-86.769780,GATEWOOD AV,,,,31.00,Feet,East,DICKERSON PKE,,,,0.00,N,Not at Intersection, ,Non-Junction,None,,,         ,Joshua,Lackey,Clear,Front to Rear,no,no,no,no,no,False
101832223,METROPOLITAN NASHVILLE POLICE DEPT,20171020569,Davidson,Nashville,11/20/2017 6:35:00 PM,2,0,0,36.069130,-86.720240,NOLENSVILLE PKE,,,,472.00,Feet,North,HAYWOOD LN,,,,0.00,N,Not at Intersection, ,Non-Junction,None,,,         ,Nicholas,Berens,Clear,Angle,no,no,no,no,no,False
101832224,VANDERBILT UNIVERSITY POLICE,20171020607,Davidson,Nashville,11/20/2017 6:20:00 PM,2,0,0,36.106540,-86.764560,POWELL AV,,,,0.00,,,,,,,0.00,,, ,Non-Junction,None,,,         ,Nancy,Douglas,Clear,Front to Rear,no,no,no,yes,no,False
101832231,METROPOLITAN NASHVILLE POLICE DEPT,20171020582,Davidson,Nashville,11/20/2017 5:16:00 PM,2,1,0,36.116070,-86.791610,I 440,,,,0.00,,,,,,,3.90,N,Not at Intersection,N,Non-Junction,None,,,         ,Jon,Mcvey,Clear,Front to Rear,no,no,no,no,no,False
101832232,METROPOLITAN NASHVILLE POLICE DEPT,20171020529,Davidson,Nashville,11/20/2017 6:37:00 PM,2,0,0,36.126130,-86.710400,VULTEE BLVD,,,,0.00,Feet,East,MURFREESBORO PKE,,,,0.00,N,Not at Intersection, ,Non-Junction,None,,,         ,Adam,Nicholson,Clear,Front to Rear,no,no,no,no,no,False
101832267,METROPOLITAN NASHVILLE POLICE DEPT,20171020066,Davidson,Not in City Limit,11/20/2017 3:23:00 PM,1,0,0,36.000240,-86.635890,OLD HICKORY BLVD,,,,0.00,,,CANE RIDGE RD,,,,0.00,Y,OTHER,N,Non-Junction,None,,,         ,Jedidayah,Merriweather,Clear,Not Collision with Motor Vehicle in Transport,no,no,no,no,no,False
101832287,METROPOLITAN NASHVILLE POLICE DEPT,20171020540,Davidson,Nashville,11/20/2017 6:44:00 PM,2,0,0,36.205380,-86.772380,W TRINITY LN,,,,0.00,,,,,,,0.00,,,N,Non-Junction,None,,,         ,Andrew,Anoskey,Clear,"Sideswipe, Opposite Direction",no,no,no,yes,yes,False
101832289,METROPOLITAN NASHVILLE POLICE DEPT,20171020026,Davidson,Nashville,11/20/2017 2:23:00 PM,2,0,0,36.105450,-86.873080,CARGILE RD,,,,250.00,Feet,West,SEDBERRY RD,,,,0.00,N,Not at Intersection, ,Non-Junction,None,,,         ,Walter,Gray II,Clear,Other,no,no,no,no,no,False
101832290,METROPOLITAN NASHVILLE POLICE DEPT,20171020298,Davidson,Nashville,11/20/2017 4:39:00 PM,2,0,0,36.102080,-86.869890,HARDING PL,,,,114.00,Feet,East,HARDING PKE,,,,0.00,N,Not at Intersection, ,Non-Junction,None,,,         ,Walter,Gray II,Clear,Angle,no,no,no,no,no,False
101832291,METROPOLITAN NASHVILLE POLICE DEPT,20171020315,Davidson,Nashville,11/20/2017 4:50:00 PM,2,0,0,36.133420,-86.759180,CRAIGHEAD ST,,,,225.00,Feet,South,NOLENSVILLE PKE,,,,0.00,N,Not at Intersection, ,Non-Junction,None,,,         ,Brian,Etchison,Clear,Front to Rear,no,no,no,no,no,False
101832292,METROPOLITAN NASHVILLE POLICE DEPT,20171020659,Davidson,Nashville,11/20/2017 5:25:00 PM,2,1,0,36.094420,-86.653390,FRANKLIN LIMESTONE RD,,,,0.00,,,MURFREESBORO PKE,,,,0.00,Y,T-Intersection,N,Intersection,None,,,         ,Mary,Williams,Clear,Front to Rear,no,no,no,no,yes,False
101832332,METROPOLITAN NASHVILLE POLICE DEPT,20171020497,Davidson,Nashville,11/20/2017 6:19:00 PM,2,0,0,36.166820,-86.655290,STEWARTS FERRY PKE,,,,434.00,Feet,West,BLUE BRICK DR,,,,0.00,N,Not at Intersection, ,Non-Junction,None,,,         ,Jaby,Djabbarov,Clear,"Sideswipe, Same Direction",no,no,no,no,no,False
101832333,METROPOLITAN NASHVILLE POLICE DEPT,20171020746,Davidson,Nashville,11/20/2017 6:40:00 PM,2,0,0,36.081830,-86.760950,HARDING PL,,,,811.00,Feet,West,TROUSDALE DR,,,,0.00,N,Not at Intersection, ,Non-Junction,None,,,         ,Nicholas,Berens,Clear,Front to Rear,no,no,no,no,yes,False
101832334,METROPOLITAN NASHVILLE POLICE DEPT,20171020796,Davidson,Nashville,11/20/2017 8:20:00 PM,2,1,0,36.114210,-86.724210,I 24,,,,0.00,,,,,,,53.35,N,Not at Intersection,N,Non-Junction,None,,,         ,Luis,De Los Santos,Clear,Front to Rear,no,no,no,no,no,False
101832335,METROPOLITAN NASHVILLE POLICE DEPT,20171020858,Davidson,Nashville,11/20/2017 8:47:00 PM,2,0,0,36.180770,-86.788410,3RD AVN,,,,60.00,Feet,North,VAN BUREN ST,,,,0.00,N,Not at Intersection, ,Non-Junction,None,,,         ,John,Chambers,Clear,Front to Rear,no,no,no,no,no,False
101832359,METROPOLITAN NASHVILLE POLICE DEPT,20171020679,Davidson,Nashville,11/20/2017 5:19:00 PM,2,2,0,36.089580,-86.805330,HARDING PL,,,,206.00,Feet,East,BELMONT PARK TER,,,,0.00,N,Not at Intersection,N,Non-Junction,None,,,         ,William,King,Clear,Front to Rear,no,no,no,no,no,False
101832360,METROPOLITAN NASHVILLE POLICE DEPT,20171020418,Davidson,Nashville,11/20/2017 5:27:00 PM,4,0,0,36.081660,-86.713650,HARDING PL,,,,0.00,,,WHISPERING OAKS PL,,,,0.00,Y,T-Intersection,N,Intersection,None,,,         ,Je-Marc,Sears,Clear,Angle,no,no,no,no,no,False
101832366,METROPOLITAN NASHVILLE POLICE DEPT,20171020976,Davidson,Nashville,11/20/2017 9:25:00 PM,2,0,0,36.216690,-86.692560,MCGAVOCK PKE WB ENT RAMP,,,,61.00,Feet,West,MCGAVOCK PKE WB EXT RAMP,,,,0.00,N,Not at Intersection,N,Non-Junction,None,,,         ,Brent,Hedgcoth,Clear,Angle,no,no,no,no,yes,False
101832367,METROPOLITAN NASHVILLE POLICE DEPT,20171020744,Davidson,Nashville,11/20/2017 8:01:00 PM,2,1,0,36.134710,-86.823290,ELMINGTON AV,,,,100.00,Feet,North,GILLESPIE AV,,,,0.00,N,Not at Intersection,N,Non-Junction,None,,,         ,Walter,Gray II,Clear,Angle,no,no,no,no,no,False
101832368,METROPOLITAN NASHVILLE POLICE DEPT,20171020285,Davidson,Nashville,11/20/2017 4:48:00 PM,2,0,0,36.077430,-86.726260,NOLENSVILLE PKE,,,,0.00,,,,,,,0.00,,Not at Intersection, ,,None,,,         ,Russell,Ward,,,no,no,no,yes,no,False
101832373,METROPOLITAN NASHVILLE POLICE DEPT,20171020909,Davidson,Nashville,11/20/2017 9:09:00 PM,2,0,0,36.123970,-86.705910,VULTEE BLVD,,,,915.00,Feet,East,MURFREESBORO PKE,,,,0.00,N,Not at Intersection, ,Non-Junction,None,,,         ,Patrick,Taylor,Clear,Angle,no,no,no,no,no,False
101832385,METROPOLITAN NASHVILLE POLICE DEPT,20171020245,Davidson,Nashville,11/20/2017 4:20:00 PM,2,0,0,36.208980,-86.839450,CLARKSVILLE PKE,,,,244.00,Feet,North,W HAMILTON RD,,,,0.00,N,Not at Intersection, ,,None,,,         ,Jason,Hees,,,no,no,no,no,no,False
101832391,METROPOLITAN NASHVILLE POLICE DEPT,20171021019,Davidson,Nashville,11/20/2017 7:39:00 PM,2,0,0,36.125850,-86.747940,SADLER AV,,,,104.00,Feet,North,GLENROSE AV,,,,0.00,N,Not at Intersection, ,Non-Junction,None,,,         ,Luis,De Los Santos,Clear,Angle,no,no,no,no,no,False
101832431,METROPOLITAN NASHVILLE POLICE DEPT,20171020927,Davidson,Nashville,11/20/2017 9:15:00 PM,2,1,0,36.154210,-86.788350,I 40,,,,0.00,,,,,,,209.25,N,Not at Intersection,N,Non-Junction,None,,,         ,Jon,Mcvey,Clear,Front to Rear,no,no,no,no,yes,False
101832432,METROPOLITAN NASHVILLE POLICE DEPT,20171020604,Davidson,Nashville,11/20/2017 5:45:00 PM,2,0,0,36.133840,-86.776210,I65 S ENT RAMP,,,,153.00,Feet,South,I 65,,,,0.00,N,Not at Intersection, ,,None,,,         ,Allyson,Reis,,,no,no,no,no,no,False
101832462,METROPOLITAN NASHVILLE POLICE DEPT,20171021060,Davidson,Nashville,11/20/2017 12:00:00 AM,1,0,0,36.199510,-86.664850,NEELYS BEND RD,,,,1610.00,Feet,South,OVERTON RD,,,,0.00,N,Not at Intersection,N,Non-Junction,None,,,         ,Samuel,Miller,Clear,Not Collision with Motor Vehicle in Transport,no,no,no,no,yes,False
101832466,METROPOLITAN NASHVILLE POLICE DEPT,20171021062,Davidson,Goodlettsville,11/20/2017 10:31:00 PM,2,2,0,36.286790,-86.705440,W MONTICELLO AV,,,,0.00,,,EDENWOLD RD,,,,0.00,Y,Four-Way,N,Intersection,None,,,         ,Christopher,Littles,Clear,Front to Rear,no,no,no,no,no,False
101832535,METROPOLITAN NASHVILLE POLICE DEPT,20171021755,Davidson,Nashville,11/21/2017 2:41:00 AM,1,1,0,36.171640,-86.590130,CENTRAL PKE,,,,470.00,Feet,East,VALLEY GROVE DR,,,,0.00,N,Not at Intersection,N,Non-Junction,None,,,         ,Leonard,Spadavecchia,Clear,Not Collision with Motor Vehicle in Transport,yes,no,no,no,no,False
101832541,METROPOLITAN NASHVILLE POLICE DEPT,20171021967,Davidson,Antioch,11/21/2017 12:00:00 AM,2,0,0,36.059400,-86.599650,HAMILTON CHURCH RD,,,,650.00,Feet,West,HOBSON PKE,,,,0.00,N,Not at Intersection,N,Non-Junction,None,,,         ,Daniel,Garrett,Clear,Front to Rear,no,no,no,no,yes,False
101832568,METROPOLITAN NASHVILLE POLICE DEPT,20171022164,Davidson,Nashville,11/21/2017 5:40:00 AM,1,0,0,36.053170,-86.858000,HILLSBORO PKE,,,,691.00,Feet,North,LITCHFIELD WAY,,,,0.00,N,Not at Intersection, ,Non-Junction,None,,,         ,Ian,Ward,Clear,Not Collision with Motor Vehicle in Transport,no,no,no,no,no,False
101832632,METROPOLITAN NASHVILLE POLICE DEPT,20170983152,Davidson,Nashville,11/8/2017 8:20:00 AM,2,0,0,36.167650,-86.765610,I 24,,,,0.00,,,,,,,48.85,N,Not at Intersection,N,Non-Junction,None,,,         ,Steven,Folliard,Cloudy,Front to Rear,no,no,no,no,no,False
101832636,METROPOLITAN NASHVILLE POLICE DEPT,20170983441,Davidson,Nashville,11/8/2017 9:28:00 AM,2,0,0,36.166470,-86.764850,I 24,,,,0.00,,,,,,,49.00,N,Not at Intersection,N,Non-Junction,None,,,         ,Steven,Folliard,Cloudy,Front to Rear,no,no,no,no,no,False
101832639,METROPOLITAN NASHVILLE POLICE DEPT,20171022381,Davidson,Nashville,11/21/2017 6:55:00 AM,1,2,0,36.154450,-86.842330,46TH AVN,,,,0.00,,,DELAWARE AV,,,,0.00,Y,Four-Way,N,Intersection,None,,,         ,Curtis,Rich,Clear,Not Collision with Motor Vehicle in Transport,yes,no,no,no,no,False