master_record_number,agency,agency_tracking_number,county,city,collision_date,vehicles_involved,number_injured,number_dead,latitude,longitude,roadway_name,roadway_suffix,roadway_number,roadway_local_id,distance_from_reference,miles-feet_indicator,direction_from_reference,intersection_road_name,intersection_road_name_suffix,intersection_road_number,intersection_local_id,mile_marker,intersection_indicator,intersect_type,interchange_related_indicator,relation_to_junction,work_zone_type,construction_maintenance_zone,construction_maintenance_zone_location,fatal_case_number,officer_first_name,officer_last_name,weather_condition(s),manner_of_crash,pedestrian,bicycle,scooter,parking,hitrun,mou
101834335,METROPOLITAN NASHVILLE POLICE DEPT,20171026752,Davidson,Nashville,11/22/2017 1:43:00 PM,2,0,0,36.220110,-86.774830,I 65,,,,0.00,,,,,,,88.30,N,Not at Intersection, ,Non-Junction,None,,,         ,Ryan,McManman,Clear,Front to Rear,no,no,no,no,no,False
101834360,METROPOLITAN NASHVILLE POLICE DEPT,2017-1026772,Davidson,Nashville,11/22/2017 1:50:00 PM,2,1,0,36.068600,-86.718210,HAYWOOD LN,,,,302.00,Feet,East,NOLENSVILLE PKE,,,,0.00,N,Not at Intersection,N,Non-Junction,None,,,         ,William,Whitworth,Clear,Front to Rear,no,no,no,no,no,False
101834381,METROPOLITAN NASHVILLE POLICE DEPT,2017 1026728,Davidson,Nashville,11/22/2017 1:40:00 PM,2,3,0,36.102180,-86.870250,HARDING PL,,,,0.00,Feet,East,HARDING PKE,,,,0.00,N,Not at Intersection,N,Non-Junction,None,,,         ,Paul,Junkmann,Clear,HeadOn,no,no,no,no,no,False
101834400,METROPOLITAN NASHVILLE POLICE DEPT,20171026749,Davidson,Nashville,11/22/2017 1:25:00 PM,2,0,0,36.235330,-86.712520,BRILEY PKWYW,,,,596.00,Feet,West,PENNINGTON BEND RD,,,,0.00,N,Not at Intersection, ,Non-Junction,None,,,         ,Douglas,Fowler,Clear,Angle,no,no,no,no,no,False
101834409,GOODLETTSVILLE POLICE DEPT,17-41310,Davidson,Goodlettsville,11/22/2017 2:00:00 PM,2,0,0,36.325610,-86.702140,E CEDAR ST,,,,212.00,Feet,North,LONG HOLLOW PKE,,,,0.00,N,Not at Intersection, ,Non-Junction,None,,,         ,George,Forbes,Clear,Angle,no,no,no,no,no,False
101834437,METROPOLITAN NASHVILLE POLICE DEPT,20171026878,Davidson,Nashville,11/22/2017 12:00:00 AM,2,0,0,36.203800,-86.869890,BRILEY PKWYN,,,,815.00,Feet,South,BRILEY PKWYS,,,,0.00,N,Not at Intersection, ,Non-Junction,None,,,         ,Melvin,Taylor,Clear,Front to Rear,no,no,no,no,no,False
101834474,METROPOLITAN NASHVILLE POLICE DEPT,20171026902,Davidson,Nashville,11/22/2017 3:07:00 PM,3,0,0,36.243660,-86.747390,I65 N ENT RAMP,,,,0.00,,,I 65,,,,0.00,Y,OTHER, ,Non-Junction,None,,,         ,Christopher,Littles,Clear,Front to Rear,no,no,no,no,no,False
101834483,METROPOLITAN NASHVILLE POLICE DEPT,20171026847,Davidson,Nashville,11/22/2017 2:48:00 PM,2,1,0,36.180660,-86.749690,ORDWAY PL,,,,0.00,Feet,East,GALLATIN AV,,,,0.00,N,Not at Intersection,N,Non-Junction,None,,,         ,Amanda,Fox,Clear,Angle,no,no,no,no,no,False
101834486,METROPOLITAN NASHVILLE POLICE DEPT,20171026954,Davidson,Nashville,11/22/2017 3:40:00 PM,2,0,0,36.141300,-86.716730,I 40,,,,0.00,,,,,,,213.80,N,Not at Intersection,N,Non-Junction,None,,,         ,Tyler,Maupin,Clear,Front to Rear,no,no,no,no,no,False
101834497,METROPOLITAN NASHVILLE POLICE DEPT,20171027002,Davidson,Nashville,11/22/2017 3:56:00 PM,2,0,0,36.197460,-86.741820,GALLATIN PKE,,,,179.00,Feet,North,CAROLYN AV,,,,0.00,N,Not at Intersection, ,Non-Junction,None,,,         ,Phillip,Box,Clear,"Sideswipe, Same Direction",no,no,no,no,yes,False
101834500,METROPOLITAN NASHVILLE POLICE DEPT,20171027027,Davidson,Nashville,11/22/2017 3:44:00 PM,2,0,0,36.141980,-86.677880,I 40,,,,0.00,,,,,,,216.00,N,Not at Intersection,N,Non-Junction,None,,,         ,Michael,Apsey,Clear,Front to Rear,no,no,no,no,yes,False
101834501,METROPOLITAN NASHVILLE POLICE DEPT,20171026910,Davidson,Nashville,11/22/2017 3:09:00 PM,2,1,0,36.096100,-86.737800,ALLIED DR,,,,50.00,Feet,West,NOLENSVILLE PKE,,,,0.00,N,Not at Intersection,N,Non-Junction,None,,,         ,William,King,Clear,Angle,no,no,no,no,no,False
101834507,METROPOLITAN NASHVILLE POLICE DEPT,20171026893,Davidson,Nashville,11/22/2017 3:00:00 PM,2,0,0,36.160280,-86.692000,BRILEY PKWYS,,,,2129.00,Feet,South,BRILEY PKWYN,,,,0.00,N,Not at Intersection,N,Non-Junction,None,,,         ,Cody,O'Quinn,Clear,"Sideswipe, Same Direction",no,no,no,no,no,False
101834516,METROPOLITAN NASHVILLE POLICE DEPT,20171026961,Davidson,Nashville,11/22/2017 3:26:00 PM,2,0,0,36.153790,-86.794410,WEST END AV,,,,0.00,Feet,,17TH AVN,,,,0.00,Y,Four-Way, ,Non-Junction,None,,,         ,David,Collins,Clear,Front to Rear,no,no,no,yes,yes,False
101834529,METROPOLITAN NASHVILLE POLICE DEPT,20171026951,Davidson,Not in City Limit,11/22/2017 3:06:00 PM,2,0,0,36.264310,-86.711480,GALLATIN PKEN,,,,14.00,Feet,East,OLD TIME VILLAGE PVTDR,,,,0.00,N,Not at Intersection, ,Non-Junction,None,,,         ,Jerry,Pirtle,Clear,"Sideswipe, Same Direction",no,no,no,no,no,False
101834531,METROPOLITAN NASHVILLE POLICE DEPT,20171027031,Davidson,Nashville,11/22/2017 2:10:00 PM,2,0,0,36.097570,-86.679830,AIRPARK CENTER DR,,,,802.00,Feet,West,OLD EZELL RD,,,,0.00,N,Not at Intersection, ,Non-Junction,None,,,         ,Richard,Olive,Clear,"Sideswipe, Same Direction",no,no,no,yes,yes,False
101834535,METROPOLITAN NASHVILLE POLICE DEPT,20171026921,Davidson,Nashville,11/22/2017 3:20:00 PM,3,1,0,36.169050,-86.772240,S 1ST ST,,,,0.00,,,WOODLAND ST,,,,0.00,Y,Four-Way,N,Intersection,None,,,         ,Jim,Crissman,Clear,Angle,no,no,no,no,no,False
101834536,METROPOLITAN NASHVILLE POLICE DEPT,20171026996,Davidson,Not in City Limit,11/22/2017 3:50:00 PM,2,0,0,36.278700,-86.796500,HICKORY HILLS BLVD,,,,319.00,Feet,North,HICKORY HILLS CT,,,,0.00,N,Not at Intersection,N,Non-Junction,None,,,         ,Joanna,D'Agostino,Clear,"Sideswipe, Opposite Direction",no,no,no,no,yes,False
101834543,METROPOLITAN NASHVILLE POLICE DEPT,20171027088,Davidson,Nashville,11/22/2017 4:26:00 PM,3,1,0,36.082620,-86.698020,I 24,,,,0.00,,,,,,,56.00,N,Not at Intersection,N,Non-Junction,None,,,         ,Alyson,Cook,Clear,Front to Rear,no,no,no,no,no,False
101834544,METROPOLITAN NASHVILLE POLICE DEPT,20171026955,Davidson,Nashville,11/22/2017 3:35:00 PM,2,0,0,36.197610,-86.837320,CLARKSVILLE PKE,,,,0.00,,,ASHLAND CITY HWY,,,,0.00,Y,OTHER,N,Intersection-Related,None,,,         ,Kenneth,Oneal,Clear,Angle,no,no,no,no,no,False
101834545,METROPOLITAN NASHVILLE POLICE DEPT,20171027186,Davidson,Nashville,11/22/2017 5:00:00 PM,1,0,0,36.230560,-86.753120,BROADMOOR DR,,,,629.00,Feet,West,WALTON LN,,,,0.00,N,Not at Intersection, ,Non-Junction,None,,,         ,Amanda,Fox,Clear,Not Collision with Motor Vehicle in Transport,no,no,no,no,no,False
101834559,METROPOLITAN NASHVILLE POLICE DEPT,20171027072,Davidson,Not in City Limit,11/22/2017 4:12:00 PM,2,1,0,36.275580,-86.729610,N GRAYCROFT AV,,,,261.00,Feet,North,GRAYCROFT CT,,,,0.00,N,Not at Intersection,N,Non-Junction,None,,,         ,Christopher,Littles,Clear,Front to Rear,no,no,no,no,no,False
101834564,METROPOLITAN NASHVILLE POLICE DEPT,20171027051,Davidson,Not in City Limit,11/22/2017 2:25:00 PM,2,0,0,35.996020,-86.688660,NOLENSVILLE PKE,,,,305.00,Feet,West,PETTUS RD,,,,0.00,N,Not at Intersection, ,Non-Junction,None,,,         ,Darryl,Williams,Clear,Front to Rear,no,no,no,no,no,False
101834566,METROPOLITAN NASHVILLE POLICE DEPT,20171026943,Davidson,Nashville,11/22/2017 3:28:00 PM,2,1,0,36.054910,-86.678170,SHIHMEN DR,,,,0.00,,,TOMARAND RD,,,,0.00,Y,T-Intersection,N,Non-Junction,None,,,         ,Marcus,Darden,Clear,Angle,no,no,no,no,no,False
101834567,METROPOLITAN NASHVILLE POLICE DEPT,2017-1027024,Davidson,Nashville,11/22/2017 4:04:00 PM,2,2,0,36.215040,-86.593410,LEBANON PKE,,,,1258.00,Feet,East,ANDREW JACKSON PKWY,,,,0.00,N,Not at Intersection,N,OtherLocation,None,,,         ,Sandra,Talavera,Clear,Angle,no,no,no,no,no,False
101834576,METROPOLITAN NASHVILLE POLICE DEPT,20171026989,Davidson,Nashville,11/22/2017 3:50:00 PM,2,0,0,36.206130,-86.768520,DICKERSON PKE,,,,91.00,Feet,North,E TRINITY LN,,,,0.00,N,Not at Intersection, ,Non-Junction,None,,,         ,Joshua,Lackey,Clear,Front to Rear,no,no,no,no,no,False
101834590,METROPOLITAN NASHVILLE POLICE DEPT,20171026949,Davidson,Nashville,11/22/2017 4:00:00 PM,2,0,0,36.133790,-86.770390,MARTIN ST,,,,128.00,Feet,North,WEDGEWOOD AV,,,,0.00,N,Not at Intersection, ,Non-Junction,None,,,         ,Melissa,Flores,Clear,"Sideswipe, Opposite Direction",no,no,no,no,no,False
101834617,VANDERBILT UNIVERSITY POLICE,17-1027199,Davidson,Nashville,11/22/2017 12:00:00 AM,2,0,0,36.141020,-86.813440,31ST AVS,,,,0.00,,,,,,,0.00,,,N,Non-Junction,None,,,         ,Cedric,Edwards,Clear,Unknown,no,no,no,yes,yes,Campus
101834625,METROPOLITAN NASHVILLE POLICE DEPT,20171027313,Davidson,Nashville,11/22/2017 5:49:00 PM,2,0,0,36.182480,-86.775120,I 24,,,,0.00,,,,,,,47.40,N,Not at Intersection, ,,None,,,         ,Jim,Crissman,,,no,no,no,no,no,False
101834640,METROPOLITAN NASHVILLE POLICE DEPT,20171027301,Davidson,Goodlettsville,11/22/2017 5:46:00 PM,3,0,0,36.289610,-86.704130,GALLATIN PKEN,,,,448.00,Feet,South,ALTUS AV,,,,0.00,N,Not at Intersection,N,Non-Junction,None,,,         ,Christopher,Littles,Clear,Front to Rear,no,no,no,no,no,False
101834641,METROPOLITAN NASHVILLE POLICE DEPT,20171027274,Davidson,Nashville,11/22/2017 5:12:00 PM,2,0,0,36.243330,-86.757420,DOVERSIDE DR,,,,321.00,Feet,West,DICKERSON PKE,,,,0.00,N,Not at Intersection,N,Non-Junction,None,,,         ,Joshua,Lackey,Clear,Front to Rear,no,no,no,yes,yes,False
101834643,METROPOLITAN NASHVILLE POLICE DEPT,20171027314,Davidson,Goodlettsville,11/22/2017 5:48:00 PM,2,1,0,36.287530,-86.725950,I 65,,,,0.00,,,,,,,93.00,N,Not at Intersection,N,Non-Junction,None,,,         ,Joanna,D'Agostino,Clear,Front to Rear,no,no,no,no,no,False
101834667,METROPOLITAN NASHVILLE POLICE DEPT,20171026852,Davidson,Nashville,11/22/2017 2:23:00 PM,2,1,0,36.155730,-86.789760,I40 E EXT RAMP,,,,0.00,Feet,,I 40,,,,0.00,Y,Four-Way,N,Intersection-Related,None,,,         ,Jon,Mcvey,Clear,Front to Rear,no,no,no,no,no,False
101834668,METROPOLITAN NASHVILLE POLICE DEPT,20171027178,Davidson,Nashville,11/22/2017 4:10:00 PM,2,0,0,36.091850,-86.735410,NOLENSVILLE PKE,,,,186.00,Feet,North,YELTON CT,,,,0.00,N,Not at Intersection, ,Non-Junction,None,,,         ,Jon,Mcvey,Clear,Front to Rear,no,no,no,no,no,False
101834676,METROPOLITAN NASHVILLE POLICE DEPT,20171027411,Davidson,Nashville,11/22/2017 5:52:00 PM,2,0,0,36.087040,-86.695920,METROPLEX DR,,,,63.00,Feet,North,S PERIMETER PARK DR,,,,0.00,N,Not at Intersection,N,Non-Junction,None,,,         ,Alyson,Cook,Clear,Angle,no,no,no,no,yes,False
101834685,METROPOLITAN NASHVILLE POLICE DEPT,20171027372,Davidson,Nashville,11/22/2017 12:00:00 AM,2,0,0,36.221710,-86.774610,I 65,,,,0.00,,,,,,,88.40,N,Not at Intersection, ,Non-Junction,None,,,         ,Melvin,Taylor,Clear,Front to Rear,no,no,no,no,no,False
101834688,METROPOLITAN NASHVILLE POLICE DEPT,20171027362,Davidson,Not in City Limit,11/22/2017 5:01:00 PM,2,0,0,36.068740,-86.932860,COLICE JEANNE RD,,,,0.00,,,OLD HARDING PKE,,,,0.00,Y,Four-Way, ,Intersection,None,,,         ,Brandon,Pedigo,Clear,Angle,no,no,no,no,no,False
101834702,METROPOLITAN NASHVILLE POLICE DEPT,20171026870,Davidson,Nashville,11/22/2017 2:40:00 PM,2,0,0,36.145570,-86.776980,I 65,,,,0.00,,,,,,,82.20,N,Not at Intersection, ,Non-Junction,None,,,         ,Brian,Etchison,Clear,Front to Rear,no,no,no,no,no,False
101834704,METROPOLITAN NASHVILLE POLICE DEPT,20171027271,Davidson,Nashville,11/22/2017 5:30:00 PM,2,0,0,36.092130,-86.684760,HARDING PL,,,,201.00,Feet,East,MCGAVOCK PKE,,,,0.00,N,Not at Intersection, ,Non-Junction,None,,,         ,Eric,Keller,Clear,"Sideswipe, Same Direction",no,no,no,no,no,False
101834705,METROPOLITAN NASHVILLE POLICE DEPT,20171027299,Davidson,Not in City Limit,11/22/2017 4:15:00 PM,2,0,0,36.272420,-86.794990,I 24,,,,0.00,,,,,,,40.95,N,Not at Intersection, ,Non-Junction,None,,,         ,Jerry,Pirtle,Cloudy,Front to Rear,no,no,no,no,no,False
101834717,METROPOLITAN NASHVILLE POLICE DEPT,20171027044,Davidson,Nashville,11/22/2017 3:44:00 PM,2,0,0,36.131900,-86.895530,CHARLOTTE PKE,,,,0.00,,,OLD CHARLOTTE PKE,,,,0.00,Y,OTHER, ,Intersection,None,,,         ,Walter,Gray II,Clear,Angle,no,no,no,no,no,False
101834718,METROPOLITAN NASHVILLE POLICE DEPT,20171027288,Davidson,Nashville,11/22/2017 5:01:00 PM,2,0,0,36.133410,-86.891390,CHARLOTTE PKE,,,,400.00,Feet,West,OLD CHARLOTTE PKE,,,,0.00,N,Not at Intersection,N,"Driveway, Alley Access, etc",None,,,         ,Walter,Gray II,Clear,Angle,no,no,no,no,no,False
101834719,METROPOLITAN NASHVILLE POLICE DEPT,20171027273,Davidson,Nashville,11/22/2017 5:36:00 PM,2,0,0,36.202420,-86.739150,LITTON AV,,,,0.00,,,GALLATIN PKE,,,,0.00,Y,T-Intersection, ,Intersection,None,,,         ,Phillip,Box,Clear,Rear to Side,no,no,no,no,no,False
101834741,METROPOLITAN NASHVILLE POLICE DEPT,20171026958,Davidson,Nashville,11/22/2017 3:39:00 PM,2,0,0,36.134740,-86.784080,WEDGEWOOD AV,,,,0.00,,,HILLSIDE AV,,,,0.00,Y,T-Intersection, ,Intersection-Related,None,,,         ,Brian,Etchison,Clear,"Sideswipe, Same Direction",no,no,no,no,no,False
101834746,METROPOLITAN NASHVILLE POLICE DEPT,20171027485,Davidson,Nashville,11/22/2017 6:10:00 PM,2,0,0,36.151890,-86.626770,BLACKWOOD DR,,,,516.00,Feet,West,BELL RD,,,,0.00,N,Not at Intersection, ,Non-Junction,None,,,         ,Kimberly,Annson,Clear,"Sideswipe, Opposite Direction",no,no,no,no,no,False
101834750,METROPOLITAN NASHVILLE POLICE DEPT,20171027343,Davidson,Nashville,11/22/2017 4:33:00 PM,2,0,0,36.152210,-86.842030,CHARLOTTE AV,,,,50.00,Feet,East,46TH AVN,,,,0.00,N,Not at Intersection,N,Non-Junction,None,,,         ,Walter,Gray II,Clear,Front to Rear,no,no,no,no,yes,False
101834766,METROPOLITAN NASHVILLE POLICE DEPT,20171027267,Davidson,Nashville,11/22/2017 5:32:00 PM,3,0,0,36.207820,-86.776310,I 65,,,,0.00,,,,,,,87.40,N,Not at Intersection,N,Non-Junction,None,,,         ,Walter,Cothran,Clear,"Sideswipe, Same Direction",no,no,no,no,yes,False
101834767,METROPOLITAN NASHVILLE POLICE DEPT,20171027465,Davidson,Nashville,11/22/2017 6:40:00 PM,2,0,0,36.147610,-86.758080,FAIRFIELD AV,,,,0.00,,,,,,,0.00,,Not at Intersection,N,Non-Junction,None,,,         ,Tyler,Maupin,Clear,Rear to Side,no,no,no,yes,yes,False
101834768,METROPOLITAN NASHVILLE POLICE DEPT,20171027440,Davidson,Nashville,11/22/2017 12:00:00 AM,2,1,0,36.143420,-86.744250,FESSLERS LN,,,,229.00,Feet,North,MURFREESBORO PKE,,,,0.00,N,Not at Intersection,N,Non-Junction,None,,,         ,Craig,Gentry,Clear,"Sideswipe, Same Direction",no,no,no,no,no,False
101834769,METROPOLITAN NASHVILLE POLICE DEPT,20171027402,Davidson,Nashville,11/22/2017 6:20:00 PM,3,2,0,36.130950,-86.726870,I 24,,,,0.00,,,,,,,52.10,N,Not at Intersection,N,Non-Junction,None,,,         ,Eric,Keller,Clear,Front to Rear,no,no,no,no,no,False
101834788,METROPOLITAN NASHVILLE POLICE DEPT,20171027439,Davidson,Antioch,11/22/2017 6:07:00 PM,1,0,0,36.059400,-86.599650,HAMILTON CHURCH RD,,,,641.00,Feet,West,HOBSON PKE,,,,0.00,N,Not at Intersection,N,Non-Junction,None,,,         ,Joseph,Progar,Clear,Not Collision with Motor Vehicle in Transport,no,no,no,no,no,False
101834791,METROPOLITAN NASHVILLE POLICE DEPT,20171027611,Davidson,Not in City Limit,11/22/2017 12:00:00 AM,1,0,0,36.209210,-86.931250,ASHLAND CITY HWY,,,,641.00,Feet,West,OLD HYDES FERRY PKE,,,,0.00,N,Not at Intersection, ,Non-Junction,None,,,         ,Melvin,Taylor,Clear,Not Collision with Motor Vehicle in Transport,no,no,no,no,no,False
101834793,METROPOLITAN NASHVILLE POLICE DEPT,20171027179,Davidson,Nashville,11/22/2017 4:28:00 PM,5,0,0,36.125040,-86.733950,I 440,,,,0.00,,,,,,,7.20,N,Not at Intersection,N,Non-Junction,None,,,         ,Patrick,Martin,Clear,Front to Rear,no,no,no,no,no,False
101834801,METROPOLITAN NASHVILLE POLICE DEPT,20171027242,Davidson,Nashville,11/22/2017 5:15:00 PM,2,0,0,36.054030,-86.715140,NOLENSVILLE PKE,,,,138.00,Feet,North,BREWER DR,,,,0.00,N,Not at Intersection, ,Non-Junction,None,,,         ,Darryl,Williams,Clear,"Sideswipe, Same Direction",no,no,no,no,no,False
101834808,METROPOLITAN NASHVILLE POLICE DEPT,20171027020,Davidson,Goodlettsville,11/22/2017 3:43:00 PM,2,0,0,36.290030,-86.703930,GALLATIN PKEN,,,,286.00,Feet,South,ALTUS AV,,,,0.00,N,Not at Intersection, ,Non-Junction,None,,,         ,Joel,Callies,Clear,Front to Rear,no,no,no,no,no,False
101834809,METROPOLITAN NASHVILLE POLICE DEPT,20171027348,Davidson,Nashville,11/22/2017 12:00:00 AM,2,1,0,36.264120,-86.725150,OLD HICKORY BLVDW,,,,0.00,,,BEVERLY DR,,,,0.00,Y,T-Intersection,N,Intersection,None,,,         ,Joel,Callies,Clear,Angle,no,no,no,no,yes,False
101834813,METROPOLITAN NASHVILLE POLICE DEPT,20171027502,Davidson,Antioch,11/22/2017 8:07:00 PM,2,0,0,36.059590,-86.596640,HOBSON PKE,,,,500.00,Feet,North,HAMILTON CHURCH RD,,,,0.00,N,Not at Intersection,N,Non-Junction,None,,,         ,Joseph,Progar,Clear,"Sideswipe, Opposite Direction",no,no,no,no,yes,False
101834815,METROPOLITAN NASHVILLE POLICE DEPT,20171027460,Davidson,Nashville,11/22/2017 6:30:00 PM,2,0,0,36.061700,-86.740300,EDMONDSON PKE,,,,0.00,,,ELLINGTON AG CENTER PVTDR,,,,0.00,Y,T-Intersection, ,Intersection,None,,,         ,Nicholas,Berens,Clear,"Sideswipe, Same Direction",no,no,no,no,no,False
101834822,METROPOLITAN NASHVILLE POLICE DEPT,20171027467,Davidson,Nashville,11/22/2017 5:10:00 PM,2,1,0,36.048590,-86.743610,EDMONDSON PKE,,,,69.00,Feet,North,BRENTWOOD PL,,,,0.00,N,Not at Intersection,N,Non-Junction,None,,,         ,Jon,Mcvey,Clear,Front to Rear,no,no,no,no,no,False
101834830,METROPOLITAN NASHVILLE POLICE DEPT,20171027377,Davidson,Nashville,11/22/2017 6:13:00 PM,4,2,0,36.103300,-86.666610,MURFREESBORO PKE,,,,44.00,Feet,West,FAIRCLOTH LN,,,,0.00,N,Not at Intersection,N,Non-Junction,None,,,         ,Marcus,Mitchell,Clear,Other,no,no,no,no,no,False
101834831,METROPOLITAN NASHVILLE POLICE DEPT,2017-1027049,Davidson,Nashville,11/22/2017 4:12:00 PM,2,0,0,36.153140,-86.779350,8TH AVS,,,,50.00,Feet,North,CANNERY ROW,,,,0.00,N,Not at Intersection, ,Non-Junction,None,,,         ,Michael,Schlegel,Clear,Angle,no,no,no,no,no,False
101834858,GOODLETTSVILLE POLICE DEPT,17-41341,Davidson,Goodlettsville,11/22/2017 6:31:00 PM,3,0,0,36.295320,-86.716540,I 65,,,,0.00,,,,,,,94.70,N,Not at Intersection,N,Non-Junction,None,,,         ,Daniel,Knalls,Clear,Front to Rear,no,no,no,no,no,False
101834866,METROPOLITAN NASHVILLE POLICE DEPT,20171027773,Davidson,Nashville,11/22/2017 8:18:00 PM,2,0,0,36.115440,-86.725020,I 24,,,,0.00,,,,,,,53.25,N,Not at Intersection,N,Non-Junction,None,,,         ,Alyson,Cook,Clear,Unknown,no,no,no,no,yes,False
101834899,METROPOLITAN NASHVILLE POLICE DEPT,20171027512,Davidson,Nashville,11/22/2017 5:55:00 PM,2,0,0,36.128170,-86.713020,MURFREESBORO PKE,,,,0.00,,,PHILFRE CT,,,,0.00,Y,T-Intersection,N,Non-Junction,None,,,         ,Dontaveous,Eubanks,Clear,Rear to Side,no,no,no,no,yes,False
101834952,METROPOLITAN NASHVILLE POLICE DEPT,20171027884,Davidson,Nashville,11/22/2017 8:56:00 PM,2,0,0,36.134540,-86.727110,I 24,,,,0.00,,,,,,,52.10,N,Not at Intersection,N,Non-Junction,None,,,         ,Patrick,Martin,Clear,Front to Rear,no,no,no,no,no,False
101834962,METROPOLITAN NASHVILLE POLICE DEPT,20171027815,Davidson,Nashville,11/22/2017 5:30:00 PM,2,0,0,36.045200,-86.715050,OLD HICKORY BLVD,,,,75.00,Feet,West,BRENTWOOD EAST DR,,,,0.00,N,Not at Intersection,N,Non-Junction,None,,,         ,Jon,Mcvey,Clear,Angle,no,no,no,no,no,False
101835016,METROPOLITAN NASHVILLE POLICE DEPT,20171026832,Davidson,Nashville,11/22/2017 2:36:00 PM,2,0,0,36.086880,-86.696790,HARDING PL,,,,246.00,Feet,West,S PERIMETER PARK DR,,,,0.00,N,Not at Intersection,N,Non-Junction,None,,,         ,William,Durham,Clear,Front to Rear,no,no,no,no,no,False
101835039,METROPOLITAN NASHVILLE POLICE DEPT,20171027972,Davidson,Nashville,11/22/2017 10:24:00 PM,3,1,0,36.076730,-86.640910,MURFREESBORO PKE,,,,220.00,Feet,East,LAKEVILLA DR,,,,0.00,N,Not at Intersection,N,Non-Junction,None,,,         ,Marcus,Darden,Clear,Angle,no,no,no,no,no,False
101835043,METROPOLITAN NASHVILLE POLICE DEPT,20171028007,Davidson,Nashville,11/22/2017 10:51:00 PM,2,1,0,36.112890,-86.798120,WOODMONT BLVD,,,,567.00,Feet,East,BELMONT BLVD,,,,0.00,N,Not at Intersection,N,Non-Junction,None,,,         ,Carey,Steel,Clear,Angle,no,no,no,no,yes,False
101835061,METROPOLITAN NASHVILLE POLICE DEPT,20171028004,Davidson,Nashville,11/22/2017 10:30:00 PM,2,0,0,36.153780,-86.857500,ROBERTSON AV,,,,0.00,,,BRILEY PKWY,,,,0.00,Y,Four-Way, ,,None,,,         ,Kenneth,Bray,,,no,no,no,no,no,False
101835066,METROPOLITAN NASHVILLE POLICE DEPT,20171028064,Davidson,Nashville,11/22/2017 8:40:00 PM,2,0,0,36.061660,-86.740320,EDMONDSON PKE,,,,14.00,Feet,South,ELLINGTON AG CENTER PVTDR,,,,0.00,N,Not at Intersection,Y,OtherLocation,None,,,         ,Trevor,Taylor,Clear,"Sideswipe, Same Direction",no,no,no,no,yes,False
101835067,METROPOLITAN NASHVILLE POLICE DEPT,20171028167,Davidson,Nashville,11/22/2017 11:11:00 PM,2,0,0,36.150790,-86.766630,1ST AVS,,,,300.00,Feet,West,LAFAYETTE ST,,,,0.00,N,Not at Intersection,N,Non-Junction,None,,,         ,Honorio,Canchola,Clear,Other,no,no,no,yes,yes,False
101835069,METROPOLITAN NASHVILLE POLICE DEPT,20171028267,Davidson,Nashville,11/23/2017 12:12:00 AM,1,0,0,36.207770,-86.622970,OLD HICKORY BLVD,,,,766.00,Feet,North,HILLS LN,,,,0.00,N,Not at Intersection, ,Non-Junction,None,,,         ,Bridget,Griepentrog,Clear,Not Collision with Motor Vehicle in Transport,no,no,no,no,no,False
101835074,METROPOLITAN NASHVILLE POLICE DEPT,2017-1028344,Davidson,Nashville,11/23/2017 1:30:00 AM,2,0,0,36.168240,-86.782130,JAMES ROBERTSON PKWY,,,,0.00,,,GAY ST,,,,0.00,Y,Four-Way, ,Intersection,None,,,         ,Travis,Baxter,Clear,Angle,no,no,no,no,yes,False
101835080,METROPOLITAN NASHVILLE POLICE DEPT,20171028363,Davidson,Nashville,11/23/2017 1:30:00 AM,1,0,0,36.150120,-86.885760,RIVER ROUGE DR,,,,65.00,Feet,East,CAPRI DR,,,,0.00,N,Not at Intersection,N,Non-Junction,None,,,         ,Aaron,Wigginton,Clear,Not Collision with Motor Vehicle in Transport,no,no,no,no,yes,False
101835099,METROPOLITAN NASHVILLE POLICE DEPT,20171028402,Davidson,Nashville,11/22/2017 5:38:00 PM,2,0,0,36.081100,-86.758360,HARDING PL,,,,0.00,,,TROUSDALE DR,,,,0.00,Y,Four-Way,N,Intersection-Related,None,,,         ,Joshua,Dickall,Clear,Front to Rear,no,no,no,no,yes,False
101835104,METROPOLITAN NASHVILLE POLICE DEPT,20171028340,Davidson,Nashville,11/23/2017 12:00:00 AM,1,0,0,36.139330,-86.744050,ENOS REED DR,,,,244.00,Feet,West,POLK AV,,,,0.00,N,Not at Intersection, ,Non-Junction,None,,,         ,Brian,Mclarty,Cloudy,Not Collision with Motor Vehicle in Transport,no,no,no,no,no,False
101835115,METROPOLITAN NASHVILLE POLICE DEPT,20171028512,Davidson,Not in City Limit,11/23/2017 2:35:00 AM,1,0,0,36.282090,-86.706640,WELWORTH ST,,,,260.00,Feet,East,GALLATIN PKEN,,,,0.00,N,Not at Intersection,N,"Driveway, Alley Access, etc",None,,,         ,Michael,Reid,Clear,Not Collision with Motor Vehicle in Transport,no,no,no,yes,yes,False
101835116,METROPOLITAN NASHVILLE POLICE DEPT,20171028041,Davidson,Nashville,11/22/2017 11:04:00 PM,2,2,0,36.153320,-86.775740,LAFAYETTE ST,,,,0.00,,,6TH AVS,,,,0.00,Y,Four-Way,N,Intersection,None,,,         ,Katelin,Ehrhardt,Clear,Angle,no,no,no,no,no,False
101835122,METROPOLITAN NASHVILLE POLICE DEPT,20171028511,Davidson,Nashville,11/23/2017 2:30:00 AM,1,1,0,36.144740,-86.647180,I 40,,,,0.00,,,,,,,217.25,N,Not at Intersection,N,Non-Junction,None,,,         ,Ian,Swander,Clear,Not Collision with Motor Vehicle in Transport,no,no,no,no,no,False