master_record_number,agency,agency_tracking_number,county,city,collision_date,vehicles_involved,number_injured,number_dead,latitude,longitude,roadway_name,roadway_suffix,roadway_number,roadway_local_id,distance_from_reference,miles-feet_indicator,direction_from_reference,intersection_road_name,intersection_road_name_suffix,intersection_road_number,intersection_local_id,mile_marker,intersection_indicator,intersect_type,interchange_related_indicator,relation_to_junction,work_zone_type,construction_maintenance_zone,construction_maintenance_zone_location,fatal_case_number,officer_first_name,officer_last_name,weather_condition(s),manner_of_crash,pedestrian,bicycle,scooter,parking,hitrun,mou
101836837,METROPOLITAN NASHVILLE POLICE DEPT,20171032092,Davidson,Nashville,11/24/2017 2:41:00 PM,2,0,0,36.132750,-86.720040,MURFREESBORO PKE,,,,237.00,Feet,West,WILHAGAN RD,,,,0.00,N,Not at Intersection,N,Non-Junction,None,,,         ,Patrick,Martin,Clear,Front to Rear,no,no,no,no,no,False
101836875,METROPOLITAN NASHVILLE POLICE DEPT,20171032311,Davidson,Nashville,11/24/2017 4:56:00 PM,2,0,0,36.080400,-86.717930,RECOVERY RD,,,,0.00,Feet,,HARDING PL,,,,0.00,Y,Four-Way,N,Intersection,None,,,         ,Alyson,Cook,Clear,Angle,no,no,no,no,no,False
101836882,METROPOLITAN NASHVILLE POLICE DEPT,20171032319,Davidson,Nashville,11/24/2017 5:30:00 PM,2,0,0,36.153400,-86.764570,I 40,,,,0.00,,,,,,,210.70,N,Not at Intersection, ,Non-Junction,None,,,         ,Pedro,Rivera Chaparro,Clear,Front to Rear,no,no,no,no,no,False
101836899,METROPOLITAN NASHVILLE POLICE DEPT,20171032328,Davidson,Nashville,11/24/2017 5:03:00 PM,2,0,0,36.153000,-86.857610,BRILEY PKWY,,,,0.00,,,I40 W EXT RAMP,,,,0.00,Y,T-Intersection,N,Intersection,None,,,         ,Justin,Coyle,Clear,"Sideswipe, Same Direction",no,no,no,no,no,False
101836900,METROPOLITAN NASHVILLE POLICE DEPT,20171032340,Davidson,Nashville,11/24/2017 5:08:00 PM,2,2,0,36.236650,-86.724480,GALLATIN PKES,,,,0.00,,,BRILEY PKWY W EXT RAMP,,,,0.00,Y,T-Intersection,Y,Intersection,None,,,         ,Samuel,Miller,Clear,Angle,no,no,no,no,no,False
101836901,METROPOLITAN NASHVILLE POLICE DEPT,20171032354,Davidson,Nashville,11/24/2017 4:50:00 PM,2,0,0,36.064060,-86.629250,HAMILTON CHURCH RD,,,,351.00,Feet,South,MURFREESBORO PKE,,,,0.00,N,Not at Intersection, ,Non-Junction,None,,,         ,Pamela,Caulder,Clear,"Sideswipe, Same Direction",no,no,no,no,no,False
101836902,METROPOLITAN NASHVILLE POLICE DEPT,20171032226,Davidson,Nashville,11/24/2017 4:11:00 PM,2,0,0,36.045720,-86.709310,OLD HICKORY BLVD,,,,843.00,Feet,West,HICKORY VALLEY CONDOS PVTDR,,,,0.00,N,Not at Intersection, ,Non-Junction,None,,,         ,Darryl,Williams,Clear,"Sideswipe, Same Direction",no,no,no,no,no,False
101836907,METROPOLITAN NASHVILLE POLICE DEPT,20171032488,Davidson,Nashville,11/24/2017 5:22:00 PM,2,0,0,36.079680,-86.726050,HARDING PL,,,,83.00,Feet,East,NOLENSVILLE PKE,,,,0.00,N,Not at Intersection, ,Non-Junction,None,,,         ,Alyson,Cook,Clear,Front to Rear,no,no,no,no,no,False
101836908,METROPOLITAN NASHVILLE POLICE DEPT,20171032481,Davidson,Not in City Limit,11/24/2017 5:12:00 PM,2,0,0,36.264080,-86.723660,OLD HICKORY BLVDW,,,,175.00,Feet,East,HERITAGE DR,,,,0.00,N,Not at Intersection, ,Non-Junction,None,,,         ,Christopher,Littles,Clear,"Sideswipe, Same Direction",no,no,no,no,no,False
101836909,METROPOLITAN NASHVILLE POLICE DEPT,20171032345,Davidson,Nashville,11/24/2017 4:13:00 PM,3,0,0,36.152540,-86.765290,CARROLL ST,,,,110.00,Feet,East,UNIVERSITY CT,,,,0.00,N,Not at Intersection,N,Non-Junction,None,,,         ,Kimberly,Annson,Clear,HeadOn,no,no,no,no,no,False
101836928,METROPOLITAN NASHVILLE POLICE DEPT,20171032371,Davidson,Nashville,11/24/2017 5:23:00 PM,2,1,0,36.249190,-86.734460,DUE WEST AVW,,,,0.00,,,S GRAYCROFT AV,,,,0.00,Y,Four-Way,N,Intersection,None,,,         ,Rodney,Phipps,Clear,Angle,no,no,no,no,no,False
101836938,METROPOLITAN NASHVILLE POLICE DEPT,20171032150,Davidson,Nashville,11/24/2017 3:49:00 PM,1,2,0,36.229140,-86.842900,BRILEY PKWYE,,,,969.00,Feet,West,BRILEY PKWYW,,,,0.00,N,Not at Intersection,N,Non-Junction,None,,,         ,Walter,Cothran,Clear,Not Collision with Motor Vehicle in Transport,no,no,no,no,no,False
101836963,METROPOLITAN NASHVILLE POLICE DEPT,20171032469,Davidson,Nashville,11/24/2017 5:40:00 PM,2,0,0,36.203720,-86.689410,BRILEY PKWYN,,,,359.00,Feet,West,BRILEY PKWYS,,,,0.00,N,Not at Intersection, ,Non-Junction,None,,,         ,Jonathan,Cavezza,Clear,Front to Rear,no,no,no,no,no,False
101836964,METROPOLITAN NASHVILLE POLICE DEPT,20171032431,Davidson,Nashville,11/24/2017 5:30:00 PM,2,3,0,36.208590,-86.690540,BRILEY PKWYN,,,,357.00,Feet,West,BRILEY PKWYS,,,,0.00,N,Not at Intersection,N,Non-Junction,None,,,         ,Tyler,Maupin,Clear,Front to Rear,no,no,no,no,no,False
101836971,METROPOLITAN NASHVILLE POLICE DEPT,20171032548,Davidson,Nashville,11/24/2017 6:17:00 PM,2,0,0,36.305720,-86.687480,NORTHSIDE DR,,,,0.00,Feet,,GALLATIN PKEN,,,,0.00,Y,Four-Way, ,Intersection-Related,None,,,         ,Joel,Callies,Clear,Front to Rear,no,no,no,no,no,False
101836979,METROPOLITAN NASHVILLE POLICE DEPT,20171032562,Davidson,Nashville,11/24/2017 6:28:00 PM,2,2,0,36.202110,-86.689220,BRILEY PKWYS,,,,637.00,Feet,South,BRILEY PKWYN,,,,0.00,N,Not at Intersection,N,Non-Junction,None,,,         ,Jonathan,Cavezza,Clear,Front to Rear,no,no,no,no,no,False
101836984,METROPOLITAN NASHVILLE POLICE DEPT,20171032376,Davidson,Not in City Limit,11/24/2017 4:26:00 PM,2,0,0,36.279710,-86.699300,STONEY RIVER LN,,,,64.00,Feet,North,SNOW AV,,,,0.00,N,Not at Intersection, ,Non-Junction,None,,,         ,Janelle,Keslar,Clear,HeadOn,no,no,no,no,no,False
101837035,METROPOLITAN NASHVILLE POLICE DEPT,20171032701,Davidson,Nashville,11/24/2017 6:52:00 PM,2,0,0,36.211910,-86.595910,FRANKFORT DR,,,,302.00,Feet,South,PHOENIX DR,,,,0.00,N,Not at Intersection, ,Non-Junction,None,,,         ,Kyle,Burks,Clear,"Sideswipe, Same Direction",no,no,no,no,no,False
101837038,METROPOLITAN NASHVILLE POLICE DEPT,20171032329,Davidson,Nashville,11/24/2017 12:00:00 AM,5,1,0,36.206670,-86.690280,BRILEY PKWYS,,,,713.00,Feet,North,BRILEY PKWYN,,,,0.00,N,Not at Intersection,N,Non-Junction,None,,,         ,Craig,Gentry,Clear,"Sideswipe, Same Direction",no,no,no,no,no,False
101837085,METROPOLITAN NASHVILLE POLICE DEPT,20171032680,Davidson,Not in City Limit,11/24/2017 7:30:00 PM,2,1,0,36.263070,-86.711920,GALLATIN PKEN,,,,0.00,,,STATE RT 45,,,,0.00,Y,Four-Way,Y,Intersection,None,,,         ,Samuel,Miller,Clear,Angle,no,no,no,no,no,False
101837141,METROPOLITAN NASHVILLE POLICE DEPT,20171032912,Davidson,Nashville,11/24/2017 8:23:00 PM,2,0,0,36.162120,-86.774620,BROADWAY,,,,88.00,Feet,West,1ST AVS,,,,0.00,N,Not at Intersection,N,Non-Junction,None,,,         ,Pedro,Rivera Chaparro,Clear,Front to Rear,no,no,no,no,yes,False
101837161,METROPOLITAN NASHVILLE POLICE DEPT,20171032880,Davidson,Nashville,11/24/2017 9:10:00 PM,2,0,0,36.177480,-86.750140,WOODLAND ST,,,,60.00,Feet,West,N 11TH ST,,,,0.00,N,Not at Intersection, ,Non-Junction,None,,,         ,Alexander,Georgeson,Clear,Angle,no,no,no,no,no,False
101837217,METROPOLITAN NASHVILLE POLICE DEPT,20171032957,Davidson,Nashville,11/24/2017 9:03:00 PM,3,0,0,36.065600,-86.689260,HICKORY LAKE APTS PVTDR,,,,536.00,Feet,South,I24 E ENT RAMP,,,,0.00,N,Not at Intersection,N,Non-Junction,None,,,         ,Alyson,Cook,Clear,Angle,no,no,no,yes,yes,False
101837218,METROPOLITAN NASHVILLE POLICE DEPT,20171032752,Davidson,Nashville,11/24/2017 8:07:00 PM,2,0,0,36.126880,-86.711320,MURFREESBORO PKE,,,,100.00,Feet,West,THOMPSON PL,,,,0.00,N,Not at Intersection,N,Non-Junction,None,,,         ,Patrick,Martin,Clear,Rear to Side,no,no,no,yes,yes,False
101837227,METROPOLITAN NASHVILLE POLICE DEPT,20170964168,Davidson,Nashville,11/1/2017 10:21:00 PM,2,0,0,36.153000,-86.857610,BRILEY PKWY,,,,0.00,,,I40 W EXT RAMP,,,,0.00,Y,Four-Way,N,Intersection,None,,,         ,Alan,Digruttolo,Clear,Angle,no,no,no,no,no,False
101837273,METROPOLITAN NASHVILLE POLICE DEPT,20171032992,Davidson,Nashville,11/24/2017 9:54:00 PM,2,1,0,36.106520,-86.719180,I 24,,,,0.00,,,,,,,54.00,N,Not at Intersection,N,Non-Junction,None,,,         ,Alyson,Cook,Clear,Not Collision with Motor Vehicle in Transport,no,no,no,no,no,False
101837274,Nashville Airport Police,2017-04187,Davidson,Nashville,11/24/2017 9:22:00 PM,2,0,0,36.133410,-86.665080,TERMINAL,DR,,,2000.00,Feet,South,,,II40,,100.00,N,Not at Intersection, ,Non-Junction,None,,,         ,Nathan,Holt,Clear,Front to Rear,no,no,no,no,no,False
101837311,METROPOLITAN NASHVILLE POLICE DEPT,20171033108,Davidson,Nashville,11/24/2017 10:57:00 PM,2,0,0,36.096460,-86.737830,NOLENSVILLE PKE,,,,122.00,Feet,North,ALLIED DR,,,,0.00,N,Not at Intersection, ,Non-Junction,None,,,         ,Jacob,West,Clear,Front to Rear,no,no,no,no,no,False
101837343,METROPOLITAN NASHVILLE POLICE DEPT,20171033099,Davidson,Nashville,11/24/2017 8:32:00 PM,2,0,0,36.098610,-86.659380,MURFREESBORO PKE,,,,0.00,,,HARDING PL,,,,0.00,Y,T-Intersection,N,Intersection,None,,,         ,Christopher,Holden,Clear,Angle,no,no,no,no,no,False
101837402,METROPOLITAN NASHVILLE POLICE DEPT,20171033145,Davidson,Nashville,11/24/2017 11:19:00 PM,1,0,0,36.209510,-86.760610,DONALD ST,,,,0.00,Feet,,GERALD ST,,,,0.00,Y,T-Intersection,N,Non-Junction,None,,,         ,Audrean,Manquero,Clear,Not Collision with Motor Vehicle in Transport,no,no,no,no,yes,False
101837408,METROPOLITAN NASHVILLE POLICE DEPT,2017-1033150,Davidson,Nashville,11/24/2017 10:50:00 PM,1,0,0,36.100000,-86.824690,CASTLEMAN DR,,,,573.00,Feet,South,STAMMER PL,,,,0.00,N,Not at Intersection,N,Non-Junction,None,,,         ,Kenneth,Bray,Clear,Not Collision with Motor Vehicle in Transport,no,no,no,no,yes,False
101837422,METROPOLITAN NASHVILLE POLICE DEPT,20171033283,Davidson,Nashville,11/24/2017 11:45:00 PM,2,0,0,36.160600,-86.778140,BROADWAY,,,,100.00,Feet,East,5TH AVS,,,,0.00,N,Not at Intersection, ,Non-Junction,None,,,         ,Jason,Hogan,Clear,"Sideswipe, Same Direction",no,no,no,no,no,False
101837434,METROPOLITAN NASHVILLE POLICE DEPT,20171033461,Davidson,Nashville,11/25/2017 12:41:00 AM,2,0,0,36.156090,-86.795390,CHURCH ST,,,,185.00,Feet,East,17TH AVN,,,,0.00,N,Not at Intersection, ,Non-Junction,None,,,         ,Nicholas,Smith,Clear,"Sideswipe, Same Direction",no,no,no,no,no,False
101837470,METROPOLITAN NASHVILLE POLICE DEPT,20171033460,Davidson,Nashville,11/25/2017 1:40:00 AM,2,1,0,36.234430,-86.721440,BRILEY PKWY W EXT RAMP,,,,0.00,,,BRILEY PKWYW,,,,0.00,Y,Y-Intersection,N,Entrance/Exit Ramp Related,None,,,         ,Patrick,Lancaster,Clear,Front to Rear,no,no,no,no,no,False
101837533,METROPOLITAN NASHVILLE POLICE DEPT,20171033724,Davidson,Nashville,11/25/2017 3:43:00 AM,2,2,0,36.044770,-86.661530,CANE RIDGE RD,,,,0.00,,,BELL RD,,,,0.00,Y,Four-Way,N,Intersection,None,,,         ,Autumn,Manning,Clear,"Sideswipe, Opposite Direction",no,no,no,no,no,False
101837538,METROPOLITAN NASHVILLE POLICE DEPT,20171033194,Davidson,Nashville,11/24/2017 11:41:00 PM,1,0,0,36.068120,-86.696340,CREEKSIDE DR,,,,0.00,,,KEELEY DR,,,,0.00,Y,Four-Way,N,Intersection-Related,None,,,         ,Justin,McCormick,Clear,Not Collision with Motor Vehicle in Transport,no,no,no,no,no,False
101837553,METROPOLITAN NASHVILLE POLICE DEPT,20171034047,Davidson,Nashville,11/25/2017 6:30:00 AM,1,0,0,36.244170,-86.637010,OLD HICKORY BLVD,,,,350.00,Feet,West,FERRELL DR,,,,0.00,N,Not at Intersection, ,Non-Junction,None,,,         ,Emily,Mulready,Clear,Not Collision with Motor Vehicle in Transport,no,no,no,no,no,False
101837554,METROPOLITAN NASHVILLE POLICE DEPT,20171034021,Davidson,Nashville,11/25/2017 6:03:00 AM,1,0,0,36.045780,-86.609700,MURFREESBORO PKE,,,,259.00,Feet,North,MOUNTAIN SPRINGS RD,,,,0.00,N,Not at Intersection,N,Non-Junction,None,,,         ,David,Moser,Clear,Not Collision with Motor Vehicle in Transport,no,no,no,no,no,False
101837616,METROPOLITAN NASHVILLE POLICE DEPT,20171034169,Davidson,Nashville,11/25/2017 7:35:00 AM,2,0,0,36.041790,-86.652650,I 24,,,,0.00,,,,,,,59.80,N,Not at Intersection,N,Non-Junction,None,,,         ,Jason,Dudley,Clear,"Sideswipe, Same Direction",no,no,no,no,no,False
101837647,METROPOLITAN NASHVILLE POLICE DEPT,20171034255,Davidson,Nashville,11/25/2017 8:39:00 AM,2,0,0,36.128630,-86.907250,RIVER RD,,,,0.00,,,RIVER RD PVTDR,,,,0.00,Y,OTHER, ,,None,,,         ,Adam,Reese,,,no,no,no,no,no,False
101837652,METROPOLITAN NASHVILLE POLICE DEPT,20171034190,Davidson,Nashville,11/25/2017 7:43:00 AM,1,0,0,36.154850,-86.831380,I 40,,,,0.00,,,,,,,205.40,N,Not at Intersection,N,Non-Junction,None,,,         ,Christopher,Royer,Clear,Not Collision with Motor Vehicle in Transport,no,no,no,no,no,False
101837654,METROPOLITAN NASHVILLE POLICE DEPT,20171034326,Davidson,Nashville,11/25/2017 9:00:00 AM,2,0,0,36.074050,-86.923070,HIGHWAY 70S,,,,67.00,Feet,East,OLD HARDING PKE RAMP,,,,0.00,N,Not at Intersection, ,,None,,,         ,Wesley,Tilley,,,no,no,no,no,no,False
101837656,METROPOLITAN NASHVILLE POLICE DEPT,20171034128,Davidson,Nashville,11/25/2017 12:00:00 AM,1,1,0,36.044850,-86.668370,BELL RD,,,,0.00,,,ARBOR COMMON,,,,0.00,Y,OTHER,N,Non-Junction,None,,,         ,Sharissa,Perez,Clear,Not Collision with Motor Vehicle in Transport,no,no,no,no,no,False
101837663,GOODLETTSVILLE POLICE DEPT,17-41610,Davidson,Goodlettsville,11/24/2017 4:09:00 PM,2,0,0,36.307840,-86.703980,RIVERGATE PKWY,,,,0.00,,,I65 N ENT RAMP,,,,0.00,Y,Four-Way, ,Intersection,None,,,         ,John,Spencer,Clear,Front to Rear,no,no,no,no,no,False
101837670,METROPOLITAN NASHVILLE POLICE DEPT,20171034237,Davidson,Not in City Limit,11/25/2017 8:25:00 AM,2,2,0,36.284190,-86.717680,N GRAYCROFT AV,,,,147.00,Feet,West,SLAYTON CT,,,,0.00,N,Not at Intersection,N,Non-Junction,None,,,         ,Faye,Denson,Clear,Angle,no,no,no,no,no,False
101837681,METROPOLITAN NASHVILLE POLICE DEPT,2017-1034416,Davidson,Not in City Limit,11/25/2017 9:50:00 AM,2,0,0,36.020180,-86.710210,NOLENSVILLE PKE,,,,434.00,Feet,North,SHANE POINT PL,,,,0.00,N,Not at Intersection, ,Non-Junction,None,,,         ,Timothy,Edwards,Clear,Front to Rear,no,no,no,no,no,False
101837697,METROPOLITAN NASHVILLE POLICE DEPT,20171034379,Davidson,Nashville,11/25/2017 9:45:00 AM,2,0,0,36.133700,-86.819580,I 440,,,,0.00,,,,,,,1.70,N,Not at Intersection,N,Non-Junction,None,,,         ,Brian,Myatt,Clear,Front to Rear,no,no,no,no,no,False
101837706,METROPOLITAN NASHVILLE POLICE DEPT,20171034393,Davidson,Nashville,11/25/2017 9:43:00 AM,1,0,0,36.044820,-86.695340,BELL RD,,,,502.00,Feet,South,BENZING RD,,,,0.00,N,Not at Intersection,N,Non-Junction,None,,,         ,Roderic,Williams,Clear,Not Collision with Motor Vehicle in Transport,no,no,no,no,no,False
101837717,METROPOLITAN NASHVILLE POLICE DEPT,20171034586,Davidson,Nashville,11/25/2017 11:15:00 AM,2,0,0,36.082010,-86.727070,NOLENSVILLE PKE,,,,250.00,Feet,South,WELSHWOOD DR,,,,0.00,N,Not at Intersection, ,Non-Junction,None,,,         ,Earl,Davis,Clear,"Sideswipe, Same Direction",no,no,no,no,no,False
101837810,METROPOLITAN NASHVILLE POLICE DEPT,20171034722,Davidson,Nashville,11/25/2017 9:30:00 AM,2,0,0,36.035380,-86.664290,SHIRE DR,,,,0.00,,,OLD FOREST RD,,,,0.00,Y,T-Intersection, ,Non-Junction,None,,,         ,Steven,Williams,Clear,"Sideswipe, Opposite Direction",no,no,no,no,no,False
101837834,METROPOLITAN NASHVILLE POLICE DEPT,20171034745,Davidson,Nashville,11/25/2017 12:30:00 PM,2,0,0,36.206670,-86.778430,W TRINITY LN,,,,0.00,,,HAMPTON ST,,,,0.00,Y,T-Intersection,N,Non-Junction,None,,,         ,Brandon,Evans,Clear,Front to Rear,no,no,no,no,yes,False
101837871,METROPOLITAN NASHVILLE POLICE DEPT,20171034864,Davidson,Nashville,11/25/2017 1:21:00 PM,2,0,0,36.063920,-86.683970,I 24,,,,0.00,,,,,,,57.50,N,Not at Intersection, ,Non-Junction,None,,,         ,Peter,Vaught,Clear,"Sideswipe, Same Direction",no,no,no,no,no,False
101837873,METROPOLITAN NASHVILLE POLICE DEPT,20171034489,Davidson,Nashville,11/25/2017 10:11:00 AM,2,0,0,36.255740,-86.714620,GALLATIN PKES,,,,176.00,Feet,South,NEELYS BEND RD,,,,0.00,N,Not at Intersection, ,Non-Junction,None,,,         ,Cyretha,Frazier,Clear,Angle,no,no,no,no,yes,False
101837874,METROPOLITAN NASHVILLE POLICE DEPT,20171034860,Davidson,Nashville,11/25/2017 1:12:00 PM,2,0,0,36.160400,-86.760500,I 24,,,,0.00,,,,,,,49.45,N,Not at Intersection, ,,None,,,         ,Christian,Martin,,,no,no,no,no,no,False
101837896,METROPOLITAN NASHVILLE POLICE DEPT,20171034856,Davidson,Nashville,11/25/2017 1:20:00 PM,2,0,0,36.105530,-86.795600,GRANNY WHITE PKE,,,,0.00,,,MORROW AV,,,,0.00,Y,T-Intersection,N,Non-Junction,None,,,         ,Ian,Hammond,Clear,Angle,no,no,no,no,no,False
101837910,METROPOLITAN NASHVILLE POLICE DEPT,2017 1034892,Davidson,Nashville,11/25/2017 1:15:00 PM,2,0,0,36.079770,-86.836220,HEMINGWAY DR,,,,41.00,Feet,West,HILLSBORO PKE,,,,0.00,N,Not at Intersection, ,Non-Junction,None,,,         ,Paul,Junkmann,Clear,Angle,no,no,no,no,no,False
101838057,METROPOLITAN NASHVILLE POLICE DEPT,20171034958,Davidson,Nashville,11/25/2017 2:07:00 PM,2,0,0,36.202430,-86.694660,OPRY MILLS DR,,,,1075.00,Feet,East,MOSS ROSE DR,,,,0.00,N,Not at Intersection, ,,None,,,         ,Craig,Gentry,,,no,no,no,no,no,False
101838099,METROPOLITAN NASHVILLE POLICE DEPT,20171035070,Davidson,Nashville,11/25/2017 3:35:00 PM,3,0,0,36.047230,-86.656350,BELL RD,,,,167.00,Feet,West,HICKORY HOLLOW PKWY,,,,0.00,N,Not at Intersection,N,Non-Junction,None,,,         ,Nathaniel,Myers,Clear,Front to Rear,no,no,no,no,yes,False
101838162,METROPOLITAN NASHVILLE POLICE DEPT,20171035133,Davidson,Not in City Limit,11/25/2017 4:00:00 PM,2,0,0,36.265600,-86.711090,GALLATIN PKEN,,,,90.00,Feet,South,DULING AV,,,,0.00,N,Not at Intersection, ,Non-Junction,None,,,         ,Cecilia,Gomez,Clear,Front to Rear,no,no,no,no,no,False
101838164,METROPOLITAN NASHVILLE POLICE DEPT,20171035036,Davidson,Nashville,11/25/2017 2:09:00 PM,1,0,0,36.241820,-86.765590,DOVERSIDE DR,,,,362.00,Feet,East,BRILEY PKWYW,,,,0.00,N,Not at Intersection, ,Non-Junction,None,,,         ,Marvis,Malone,Clear,Not Collision with Motor Vehicle in Transport,no,no,no,no,no,False
101838171,METROPOLITAN NASHVILLE POLICE DEPT,2017-1035104,Davidson,Nashville,11/25/2017 3:48:00 PM,3,2,0,36.078850,-86.885210,HIGHWAY 100,,,,0.00,,,VAUGHNS GAP RD,,,,0.00,Y,T-Intersection,N,Intersection-Related,None,,,         ,Michael,Rogers,Clear,Front to Rear,no,no,no,no,yes,False
101838174,METROPOLITAN NASHVILLE POLICE DEPT,20171035218,Davidson,Nashville,11/25/2017 4:33:00 PM,2,1,0,36.164710,-86.763560,I 24,,,,0.00,,,,,,,49.10,N,Not at Intersection,N,Non-Junction,None,,,         ,Brian,Woodard,Clear,Front to Rear,no,no,no,no,no,False
101838175,METROPOLITAN NASHVILLE POLICE DEPT,20171035216,Davidson,Goodlettsville,11/25/2017 3:05:00 PM,1,0,0,36.332110,-86.746840,BRICK CHURCH PKE,,,,0.00,Feet,East,HITT LN,,,,0.00,N,Not at Intersection, ,Non-Junction,None,,,         ,Christopher,Littles,Clear,Not Collision with Motor Vehicle in Transport,no,no,no,no,no,False
101838178,METROPOLITAN NASHVILLE POLICE DEPT,20171035087,Davidson,Not in City Limit,11/25/2017 2:08:00 PM,2,1,0,36.080590,-86.955240,HIGHWAY 70S,,,,0.00,,,I40 E EXT RAMP,,,,0.00,Y,OTHER,N,Intersection,None,,,         ,Regina,Lewis,Clear,Front to Rear,no,no,no,no,yes,False
101838188,METROPOLITAN NASHVILLE POLICE DEPT,2017-1035079,Davidson,Not in City Limit,11/25/2017 12:00:00 AM,2,0,0,36.313270,-86.865520,OLD CLARKSVILLE PKE,,,,200.00,Feet,West,WHITES CREEK PKE,,,,0.00,N,Not at Intersection, ,Non-Junction,None,,,         ,Roy,Sain Jr.,Clear,"Sideswipe, Same Direction",no,no,no,no,no,False
101838206,METROPOLITAN NASHVILLE POLICE DEPT,20171035391,Davidson,Nashville,11/25/2017 6:07:00 PM,2,0,0,36.082570,-86.710820,HARDING PL,,,,100.00,Feet,West,TAMPA DR,,,,0.00,N,Not at Intersection,N,Non-Junction,None,,,         ,Patrick,Martin,Clear,"Sideswipe, Same Direction",no,no,no,no,yes,False
101838213,METROPOLITAN NASHVILLE POLICE DEPT,20171035179,Davidson,Nashville,11/25/2017 3:19:00 PM,2,1,0,36.079600,-86.726320,NOLENSVILLE PKE,,,,0.00,,,HARDING PL,,,,0.00,Y,Four-Way,Y,Intersection,None,,,         ,Luis,De Los Santos,Clear,Front to Rear,no,no,no,no,no,False
101838215,METROPOLITAN NASHVILLE POLICE DEPT,20171035417,Davidson,Nashville,11/25/2017 6:30:00 PM,2,0,0,36.105120,-86.767290,I 65,,,,0.00,,,,,,,79.45,N,Not at Intersection,Y,Entrance/Exit Ramp Related,None,,,         ,Brian,Etchison,Clear,"Sideswipe, Same Direction",no,no,no,no,yes,False
101838220,METROPOLITAN NASHVILLE POLICE DEPT,20171035350,Davidson,Nashville,11/25/2017 5:50:00 PM,2,0,0,36.046580,-86.713410,NOLENSVILLE PKE,,,,445.00,Feet,North,OLD HICKORY BLVD,,,,0.00,N,Not at Intersection, ,Non-Junction,None,,,         ,Darryl,Williams,Clear,Angle,no,no,no,no,no,False
101838228,METROPOLITAN NASHVILLE POLICE DEPT,20171035323,Davidson,Goodlettsville,11/25/2017 5:41:00 PM,2,1,0,36.304800,-86.693160,CONFERENCE DR,,,,0.00,,,THE SHOPPES AT RIVERGATE PVTDR,,,,0.00,Y,T-Intersection,N,Intersection,None,,,         ,Christopher,Littles,Clear,Angle,no,no,no,no,no,False
101838255,METROPOLITAN NASHVILLE POLICE DEPT,20171035365,Davidson,Nashville,11/25/2017 6:00:00 PM,2,0,0,36.247740,-86.720520,GALLATIN PKES,,,,107.00,Feet,South,DUE WEST AVW,,,,0.00,N,Not at Intersection,N,Non-Junction,None,,,         ,Brittani,Campbell,Clear,Front to Rear,no,no,no,no,no,False
101838262,METROPOLITAN NASHVILLE POLICE DEPT,20171035415,Davidson,Nashville,11/25/2017 6:28:00 PM,2,0,0,36.154080,-86.792760,16TH AVS,,,,78.00,Feet,South,BROADWAY,,,,0.00,N,Not at Intersection,N,Non-Junction,None,,,         ,Nicholas,Carroll,Clear,Front to Rear,no,no,no,no,no,False
101838276,METROPOLITAN NASHVILLE POLICE DEPT,20171035437,Davidson,Nashville,11/25/2017 6:34:00 PM,2,0,0,36.147140,-86.832260,SUSANNAH CT,,,,416.00,Feet,South,SUSANNAH DR,,,,0.00,N,Not at Intersection,N,Non-Junction,None,,,         ,Barrett,Teague,Clear,Unknown,no,no,no,no,yes,False
101838283,METROPOLITAN NASHVILLE POLICE DEPT,20171035326,Davidson,Nashville,11/25/2017 5:25:00 PM,4,0,0,36.123520,-86.750300,I440 W ENT RAMP,,,,0.00,,,I 440,,,,0.00,Y,OTHER,Y,Entrance/Exit Ramp Related,None,,,         ,Allyson,Reis,Clear,Front to Rear,no,no,no,no,yes,False
101838312,METROPOLITAN NASHVILLE POLICE DEPT,20171035131,Davidson,Nashville,11/25/2017 3:50:00 PM,2,0,0,36.185300,-86.636500,JACKSON DOWNS BLVD,,,,0.00,,,LEBANON PKE,,,,0.00,Y,T-Intersection, ,Intersection,None,,,         ,Brent,Hedgcoth,Clear,Front to Rear,no,no,no,no,no,False
101838316,METROPOLITAN NASHVILLE POLICE DEPT,20171035766,Davidson,Nashville,11/25/2017 8:45:00 PM,1,1,0,36.101940,-86.664500,MURFREESBORO PKE,,,,651.00,Feet,East,OLD MURFREESBORO PKE,,,,0.00,N,Not at Intersection,N,Non-Junction,None,,,         ,Luis,De Los Santos,Clear,Not Collision with Motor Vehicle in Transport,no,no,no,no,no,False
101838321,METROPOLITAN NASHVILLE POLICE DEPT,2017-1035599,Davidson,Nashville,11/25/2017 7:25:00 PM,2,0,0,36.158060,-86.799970,CHARLOTTE AV,,,,0.00,,,DR D B TODD JR BLVD,,,,0.00,Y,Four-Way,N,Intersection,None,,,         ,Matthew,Boguskie,Clear,Front to Rear,no,no,no,no,yes,False
101838334,METROPOLITAN NASHVILLE POLICE DEPT,20171035706,Davidson,Nashville,11/25/2017 12:00:00 AM,2,0,0,36.160950,-86.798400,HENRY HALE BLVD,,,,175.00,Feet,North,PEARL ST,,,,0.00,N,Not at Intersection,N,Non-Junction,None,,,         ,Adam,Gartner,Clear,Front to Rear,no,no,no,yes,yes,False