master_record_number,agency,agency_tracking_number,county,city,collision_date,vehicles_involved,number_injured,number_dead,latitude,longitude,roadway_name,roadway_suffix,roadway_number,roadway_local_id,distance_from_reference,miles-feet_indicator,direction_from_reference,intersection_road_name,intersection_road_name_suffix,intersection_road_number,intersection_local_id,mile_marker,intersection_indicator,intersect_type,interchange_related_indicator,relation_to_junction,work_zone_type,construction_maintenance_zone,construction_maintenance_zone_location,fatal_case_number,officer_first_name,officer_last_name,weather_condition(s),manner_of_crash,pedestrian,bicycle,scooter,parking,hitrun,mou
101844371,METROPOLITAN NASHVILLE POLICE DEPT,20171053121,Davidson,Nashville,12/1/2017 8:10:00 AM,2,0,0,36.083080,-86.727400,NOLENSVILLE PKE,,,,118.00,Feet,South,WELCH RD,,,,0.00,N,Not at Intersection, ,Non-Junction,None,,,         ,James,Thomas,Clear,Angle,no,no,no,no,no,False
101844373,METROPOLITAN NASHVILLE POLICE DEPT,20171053146,Davidson,Not in City Limit,12/1/2017 8:31:00 AM,2,0,0,36.263070,-86.711920,STATE RT 45,,,,0.00,,,GALLATIN PKEN,,,,0.00,Y,Four-Way, ,Intersection,None,,,         ,Eric,Richardson,Clear,"Sideswipe, Same Direction",no,no,no,no,no,False
101844378,METROPOLITAN NASHVILLE POLICE DEPT,20171053231,Davidson,Nashville,12/1/2017 9:00:00 AM,2,0,0,36.149980,-86.858700,CHARLOTTE PKE,,,,214.00,Feet,East,MIDLAND AV,,,,0.00,N,Not at Intersection, ,Non-Junction,None,,,         ,Curtis,Rich,Clear,Front to Rear,no,no,no,no,no,False
101844379,METROPOLITAN NASHVILLE POLICE DEPT,20171053143,Davidson,Nashville,12/1/2017 8:10:00 AM,2,0,0,36.154440,-86.788500,I 40,,,,0.00,,,,,,,209.25,N,Not at Intersection, ,Entrance/Exit Ramp Related,None,,,         ,Ian,Hammond,Clear,Angle,no,no,no,no,no,False
101844380,METROPOLITAN NASHVILLE POLICE DEPT,20171053097,Davidson,Nashville,12/1/2017 8:09:00 AM,2,1,0,36.183620,-86.746740,EASTLAND AV,,,,0.00,,,N 12TH ST,,,,0.00,Y,Four-Way,N,Intersection,None,,,         ,Richard,Conger,Clear,Angle,no,no,no,no,no,False
101844389,METROPOLITAN NASHVILLE POLICE DEPT,20171053142,Davidson,Nashville,12/1/2017 8:28:00 AM,2,0,0,36.048370,-86.663980,I 24,,,,0.00,,,,,,,59.05,N,Not at Intersection, ,Non-Junction,None,,,         ,Blake,Lutz,Clear,Angle,no,no,no,no,no,False
101844400,METROPOLITAN NASHVILLE POLICE DEPT,20171053074,Davidson,Nashville,12/1/2017 7:56:00 AM,2,0,0,36.187920,-86.798480,DOMINICAN DR,,,,0.00,,West,ROSA L PARKS BLVD,,,,0.00,N,Not at Intersection,N,Non-Junction,None,,,         ,James,Wray,Clear,Angle,no,no,no,no,no,False
101844410,METROPOLITAN NASHVILLE POLICE DEPT,20171052895,Davidson,Nashville,12/1/2017 6:03:00 AM,2,0,0,36.172280,-86.593390,CENTRAL PKE,,,,514.00,Feet,East,TULIP GROVE RD,,,,0.00,N,Not at Intersection, ,Non-Junction,None,,,         ,James,Curtis,Clear,"Sideswipe, Opposite Direction",no,no,no,no,yes,False
101844411,METROPOLITAN NASHVILLE POLICE DEPT,20171052969,Davidson,Nashville,12/1/2017 6:39:00 AM,2,1,0,36.171960,-86.591670,CENTRAL PKE,,,,0.00,,,VALLEY GROVE DR,,,,0.00,Y,T-Intersection,N,Intersection,None,,,         ,James,Curtis,Clear,Front to Rear,no,no,no,no,no,False
101844412,METROPOLITAN NASHVILLE POLICE DEPT,20171053171,Davidson,Nashville,12/1/2017 8:45:00 AM,2,0,0,36.159680,-86.623130,I 40,,,,0.00,,,,,,,219.40,N,Not at Intersection, ,Non-Junction,None,,,         ,James,Curtis,Clear,"Sideswipe, Same Direction",no,no,no,no,no,False
101844413,METROPOLITAN NASHVILLE POLICE DEPT,20171053002,Davidson,Nashville,12/1/2017 7:18:00 AM,2,0,0,36.199890,-86.776620,I 65,,,,0.00,,,,,,,86.85,N,Not at Intersection, ,Non-Junction,None,,,         ,Michael,Parman,Clear,Front to Rear,no,no,no,no,no,False
101844432,METROPOLITAN NASHVILLE POLICE DEPT,20171053323,Davidson,Nashville,12/1/2017 9:45:00 AM,2,0,0,36.146120,-86.858030,WHITE BRIDGE PKE,,,,406.00,Feet,North,BURGESS AV,,,,0.00,N,Not at Intersection, ,Non-Junction,None,,,         ,Gregory,McDaniel,Clear,Front to Rear,no,no,no,no,no,False
101844437,METROPOLITAN NASHVILLE POLICE DEPT,20171053058,Davidson,Nashville,12/1/2017 7:47:00 AM,2,0,0,36.064550,-86.667700,REEVES RD,,,,419.00,Feet,North,BOWFIELD DR,,,,0.00,N,Not at Intersection,N,Non-Junction,None,,,         ,Peter,Vaught,Clear,"Sideswipe, Same Direction",no,no,no,no,no,False
101844438,METROPOLITAN NASHVILLE POLICE DEPT,20171053302,Davidson,Nashville,12/1/2017 9:40:00 AM,2,0,0,36.165750,-86.805130,DR D B TODD JR BLVD,,,,0.00,Feet,East,JACKSON ST,,,,0.00,N,Not at Intersection, ,Non-Junction,None,,,         ,Nicholas,MacDougall,Clear,"Sideswipe, Opposite Direction",no,no,no,no,no,False
101844446,METROPOLITAN NASHVILLE POLICE DEPT,20171052992,Davidson,Not in City Limit,12/1/2017 7:18:00 AM,2,1,0,36.286370,-86.745150,DICKERSON PKES,,,,63.00,Feet,North,HILLCREST RD,,,,0.00,N,Not at Intersection,N,Non-Junction,None,,,         ,Cyretha,Frazier,Clear,Angle,no,no,no,no,no,False
101844463,METROPOLITAN NASHVILLE POLICE DEPT,20171053462,Davidson,Nashville,12/1/2017 10:50:00 AM,1,0,0,36.127200,-86.695710,INTERNATIONAL PLZ,,,,50.00,Feet,East,BRILEY PKWY,,,,0.00,N,Not at Intersection,N,Non-Junction,None,,,         ,Steven,Rowlett,Clear,Not Collision with Motor Vehicle in Transport,no,no,no,no,no,False
101844495,METROPOLITAN NASHVILLE POLICE DEPT,20171053442,Davidson,Nashville,12/1/2017 10:45:00 AM,5,0,0,36.162180,-86.848140,CENTENNIAL BLVD,,,,106.00,Feet,East,LOUISIANA AV,,,,0.00,N,Not at Intersection,N,Non-Junction,None,,,         ,Curtis,Rich,Clear,"Sideswipe, Same Direction",no,no,no,no,yes,False
101844528,METROPOLITAN NASHVILLE POLICE DEPT,20171053517,Davidson,Not in City Limit,12/1/2017 11:20:00 AM,1,0,0,36.269550,-86.793650,I 24,,,,0.00,,,,,,,41.15,N,Not at Intersection,N,Non-Junction,None,,,         ,Jeanine,Sarno,Clear,Not Collision with Motor Vehicle in Transport,no,no,no,no,no,False
101844535,METROPOLITAN NASHVILLE POLICE DEPT,20171053528,Davidson,Nashville,12/1/2017 11:25:00 AM,1,0,0,36.169090,-86.809600,JEFFERSON ST,,,,0.00,,,21ST AVN,,,,0.00,Y,OTHER,Y,Intersection,None,,,         ,James,Jarvis,Clear,Not Collision with Motor Vehicle in Transport,no,no,no,no,yes,False
101844576,METROPOLITAN NASHVILLE POLICE DEPT,20171053298,Davidson,Not in City Limit,12/1/2017 9:20:00 AM,2,0,0,36.264030,-86.689710,STATE RT 45,,,,173.00,Feet,East,MYATT DR,,,,0.00,N,Not at Intersection, ,Non-Junction,None,,,         ,Coleman,McKellar,Clear,"Sideswipe, Same Direction",no,no,no,no,no,False
101844582,METROPOLITAN NASHVILLE POLICE DEPT,20171052959,Davidson,Nashville,12/1/2017 6:55:00 AM,2,0,0,36.049980,-86.649500,MT VIEW RD,,,,0.00,,,BELL RD,,,,0.00,Y,Four-Way,N,Intersection,None,,,         ,Brandon,O'Guin,Clear,Angle,no,no,no,no,no,False
101844589,METROPOLITAN NASHVILLE POLICE DEPT,20171053669,Davidson,Nashville,12/1/2017 11:50:00 AM,2,0,0,36.104430,-86.809510,RICHARD JONES RD,,,,225.00,Feet,West,HILLMONT DR,,,,0.00,N,Not at Intersection,N,Non-Junction,None,,,         ,Ian,Hammond,Clear,Front to Rear,no,no,no,no,no,False
101844591,METROPOLITAN NASHVILLE POLICE DEPT,20171053685,Davidson,Nashville,12/1/2017 12:50:00 PM,2,0,0,36.163100,-86.819610,I40 E ENT RAMP,,,,0.00,Feet,East,I 40,,,,0.00,N,Not at Intersection,Y,Entrance/Exit Ramp Related,None,,,         ,James,Jarvis,Clear,"Sideswipe, Same Direction",no,no,no,no,yes,False
101844592,METROPOLITAN NASHVILLE POLICE DEPT,20171053640,Davidson,Nashville,12/1/2017 11:25:00 AM,2,0,0,36.044770,-86.661530,CANE RIDGE RD,,,,0.00,,,BELL RD,,,,0.00,Y,Four-Way, ,Intersection,None,,,         ,Blake,Lutz,Clear,Angle,no,no,no,no,yes,False
101844597,METROPOLITAN NASHVILLE POLICE DEPT,20171053667,Davidson,Nashville,12/1/2017 12:40:00 PM,2,0,0,36.157420,-86.792630,CHURCH ST,,,,0.00,,,15TH AVN,,,,0.00,Y,T-Intersection, ,,None,,,         ,Arend,Groeneweg,,,no,no,no,no,no,False
101844599,METROPOLITAN NASHVILLE POLICE DEPT,20171053132,Davidson,Nashville,12/1/2017 8:18:00 AM,2,0,0,36.082100,-86.761700,HARDING PL,,,,0.00,,,SIDCO DR,,,,0.00,Y,Four-Way, ,Intersection,None,,,         ,Phillip,Murphy,Clear,Angle,no,no,no,no,no,False
101844623,GOODLETTSVILLE POLICE DEPT,17-42372,Davidson,Goodlettsville,12/1/2017 11:56:00 AM,2,0,0,36.325110,-86.701760,LONG HOLLOW PKE,,,,0.00,,,CONFERENCE DR,,,,0.00,Y,T-Intersection, ,Non-Junction,None,,,         ,George,Forbes,Clear,Front to Rear,no,no,no,no,no,False
101844640,METROPOLITAN NASHVILLE POLICE DEPT,20171053300,Davidson,Nashville,12/1/2017 9:25:00 AM,2,1,0,36.041910,-86.824810,RIVER OAKS RD,,,,0.00,,,OLD HICKORY BLVD,,,,0.00,Y,T-Intersection,N,Intersection-Related,None,,,         ,Phillip,Murphy,Clear,Front to Rear,no,no,no,no,no,False
101844642,GOODLETTSVILLE POLICE DEPT,17-42371,Davidson,Goodlettsville,12/1/2017 11:55:00 AM,1,0,0,36.326400,-86.707630,CARTWRIGHT ST,,,,0.00,,,CONNELL ST,,,,0.00,Y,T-Intersection, ,Intersection,None,,,         ,Joseph,Waldron,Clear,Not Collision with Motor Vehicle in Transport,no,no,no,no,no,False
101844644,METROPOLITAN NASHVILLE POLICE DEPT,20171053738,Davidson,Nashville,12/1/2017 1:22:00 PM,2,0,0,36.140220,-86.879130,CHARLOTTE PKE,,,,39.00,Feet,East,RUSSLEO DR,,,,0.00,N,Not at Intersection, ,Non-Junction,None,,,         ,Curtis,Rich,Clear,Angle,no,no,no,no,no,False
101844652,METROPOLITAN NASHVILLE POLICE DEPT,20171053702,Davidson,Not in City Limit,12/1/2017 12:56:00 PM,2,0,0,36.307090,-86.681770,NORTHSIDE MARKETPLACE PVTDR,,,,241.00,Feet,West,RIVERCHASE BLVD,,,,0.00,N,Not at Intersection, ,Non-Junction,None,,,         ,Cyretha,Frazier,Clear,Unknown,no,no,no,yes,yes,False
101844658,METROPOLITAN NASHVILLE POLICE DEPT,20171053764,Davidson,Nashville,12/1/2017 1:33:00 PM,2,1,0,36.137200,-86.699670,BRILEY PKWY,,,,0.00,,,GLASTONBURY RD,,,,0.00,Y,T-Intersection,N,Intersection-Related,None,,,         ,James,Curtis,Clear,Front to Rear,no,no,no,no,no,False
101844682,METROPOLITAN NASHVILLE POLICE DEPT,20171053376,Davidson,Nashville,12/1/2017 10:16:00 AM,2,0,0,36.037610,-86.785120,OLD HICKORY BLVD,,,,0.00,,,I65 S ENT RAMP,,,,0.00,Y,OTHER,N,Intersection,None,,,         ,Phillip,Murphy,Clear,Angle,no,no,no,no,no,False
101844685,METROPOLITAN NASHVILLE POLICE DEPT,20171053728,Davidson,Nashville,12/1/2017 1:14:00 PM,2,0,0,36.106210,-86.673060,MURFREESBORO PKE,,,,0.00,,,DONELSON PKE,,,,0.00,Y,Four-Way, ,Intersection,None,,,         ,Michael,Dance,Clear,"Sideswipe, Same Direction",no,no,no,no,no,False
101844692,METROPOLITAN NASHVILLE POLICE DEPT,20171053673,Davidson,Nashville,12/1/2017 12:45:00 PM,2,0,0,36.109890,-86.744660,NOLENSVILLE PKE,,,,49.00,Feet,North,COLLIER AV,,,,0.00,N,Not at Intersection,N,Non-Junction,None,,,         ,Kevin,Crawford,Clear,"Sideswipe, Same Direction",no,no,no,no,no,False
101844718,METROPOLITAN NASHVILLE POLICE DEPT,20171053782,Davidson,Nashville,12/1/2017 1:27:00 PM,2,0,0,36.214490,-86.730520,STRATFORD AV,,,,0.00,,,GALLATIN PKE,,,,0.00,Y,T-Intersection,N,Non-Junction,None,,,         ,Richard,Conger,Clear,"Sideswipe, Same Direction",no,no,no,no,no,False
101844789,METROPOLITAN NASHVILLE POLICE DEPT,20171053757,Davidson,Nashville,12/1/2017 1:29:00 PM,2,0,0,36.164060,-86.762940,I 24,,,,0.00,,,,,,,49.15,N,Not at Intersection, ,Non-Junction,None,,,         ,Frank,Campbell,Clear,Front to Rear,no,no,no,no,no,False
101844850,METROPOLITAN NASHVILLE POLICE DEPT,20171053924,Davidson,Nashville,12/1/2017 2:03:00 PM,2,0,0,36.175770,-86.788360,5TH AVN,,,,200.00,Feet,North,MADISON ST,,,,0.00,N,Not at Intersection, ,Non-Junction,None,,,         ,Seth,Vaughn,Clear,Angle,no,no,no,no,no,False
101844877,METROPOLITAN NASHVILLE POLICE DEPT,20171053906,Davidson,Nashville,12/1/2017 1:51:00 PM,2,0,0,36.231840,-86.724860,GALLATIN PKE,,,,238.00,Feet,North,HAYSBORO AV,,,,0.00,N,Not at Intersection,N,Non-Junction,None,,,         ,James,Smith,Clear,Other,no,no,no,yes,yes,False
101844896,METROPOLITAN NASHVILLE POLICE DEPT,20171053945,Davidson,Nashville,12/1/2017 3:13:00 PM,3,1,0,36.070490,-86.842370,HILLSBORO PKE,,,,515.00,Feet,North,BANCROFT PL,,,,0.00,N,Not at Intersection,N,Non-Junction,None,,,         ,Edin,Plancic,Clear,"Sideswipe, Opposite Direction",no,no,no,no,no,False
101844897,METROPOLITAN NASHVILLE POLICE DEPT,20171053995,Davidson,Not in City Limit,12/1/2017 3:30:00 PM,2,1,0,36.000670,-86.690180,ALTESSE WAY,,,,210.00,Feet,West,CALISTOGA WAY,,,,0.00,N,Not at Intersection,N,OtherLocation,None,,,         ,Benny,Pittman,Clear,Angle,no,no,no,yes,no,False
101844901,METROPOLITAN NASHVILLE POLICE DEPT,20171054024,Davidson,Nashville,12/1/2017 3:14:00 PM,2,0,0,36.144370,-86.814750,30TH AVN,,,,0.00,,,HEDRICK ST,,,,0.00,Y,T-Intersection, ,Intersection,None,,,         ,Ryan,Cagle,Clear,Angle,no,no,no,no,no,Campus
101844925,METROPOLITAN NASHVILLE POLICE DEPT,20171054003,Davidson,Nashville,12/1/2017 3:30:00 PM,2,0,0,36.150710,-86.785700,I 40,,,,0.00,,,,,,,209.50,N,Not at Intersection, ,Non-Junction,None,,,         ,Jim,Crissman,Clear,"Sideswipe, Same Direction",no,no,no,no,no,False
101844932,METROPOLITAN NASHVILLE POLICE DEPT,20171053900,Davidson,Nashville,12/1/2017 1:30:00 PM,2,0,0,36.232480,-86.624780,OLD HICKORY BLVD,,,,72.00,Feet,North,SHUTE LN,,,,0.00,N,Not at Intersection,N,Non-Junction,None,,,         ,Jonathon,Sheppard,Clear,Front to Rear,no,no,no,no,no,False
101844934,METROPOLITAN NASHVILLE POLICE DEPT,20171053912,Davidson,Not in City Limit,12/1/2017 2:15:00 PM,2,0,0,36.260730,-86.712720,GALLATIN PKES,,,,139.00,Feet,North,HICKORY ST,,,,0.00,N,Not at Intersection,N,Non-Junction,None,,,         ,Jerry,Pirtle,Cloudy,Angle,no,no,no,no,no,False
101844938,METROPOLITAN NASHVILLE POLICE DEPT,20171053847,Davidson,Nashville,12/1/2017 1:57:00 PM,2,0,0,36.129330,-86.852900,LIONS HEAD VILLAGE PVTDR,,,,34.00,Feet,West,WHITE BRIDGE PKE,,,,0.00,N,Not at Intersection,N,Non-Junction,None,,,         ,Walter,Gray II,Cloudy,Other,no,no,no,yes,yes,False
101844939,METROPOLITAN NASHVILLE POLICE DEPT,20171053941,Davidson,Nashville,12/1/2017 3:11:00 PM,1,1,0,36.138100,-86.889820,I 40,,,,0.00,,,,,,,201.80,N,Not at Intersection,N,Non-Junction,None,,,         ,Walter,Gray II,Clear,Not Collision with Motor Vehicle in Transport,no,no,no,no,no,False
101844954,METROPOLITAN NASHVILLE POLICE DEPT,20171053951,Davidson,Nashville,12/1/2017 3:12:00 PM,2,0,0,36.166880,-86.764940,I 24,,,,0.00,,,,,,,48.90,N,Not at Intersection, ,,None,,,         ,Micah,Wright,,,no,no,no,no,no,False
101844960,GOODLETTSVILLE POLICE DEPT,17-42399,Davidson,Goodlettsville,12/1/2017 3:40:00 PM,2,2,0,36.323300,-86.713400,N MAIN ST,,,,0.00,,,E CEDAR ST,,,,0.00,Y,T-Intersection,N,Intersection,None,,,         ,George,Forbes,Clear,HeadOn,no,no,no,no,no,False
101844970,METROPOLITAN NASHVILLE POLICE DEPT,2017-1054059,Davidson,Nashville,12/1/2017 3:37:00 PM,2,0,0,36.141950,-86.816230,32ND AVS,,,,0.00,,,WEST END AV,,,,0.00,Y,T-Intersection,N,Non-Junction,None,,,         ,William,Chambers,Clear,"Sideswipe, Same Direction",no,no,no,no,yes,Campus
101844990,METROPOLITAN NASHVILLE POLICE DEPT,20171053858,Davidson,Nashville,12/1/2017 2:00:00 PM,2,0,0,36.215130,-86.599720,LEBANON PKE,,,,606.00,Feet,West,ANDREW JACKSON PKWY,,,,0.00,N,Not at Intersection,N,Non-Junction,None,,,         ,Samuel,Tetterton,Clear,Angle,no,no,no,no,no,False
101844992,METROPOLITAN NASHVILLE POLICE DEPT,20171054091,Davidson,Nashville,12/1/2017 4:06:00 PM,2,0,0,36.196660,-86.742250,CAHAL AV,,,,0.00,,,GALLATIN AV,,,,0.00,Y,T-Intersection,N,Intersection-Related,None,,,         ,Charles,Wakefield,Clear,Front to Rear,no,no,no,no,no,False
101844994,GOODLETTSVILLE POLICE DEPT,17-42400,Davidson,Goodlettsville,12/1/2017 3:50:00 PM,2,0,0,36.326920,-86.699980,LONG HOLLOW PKE,,,,307.00,Feet,North,NORTHCREEK BLVD,,,,0.00,N,Not at Intersection,N,Non-Junction,None,,,         ,George,Henry,Clear,Front to Rear,no,no,no,no,no,False
101845042,METROPOLITAN NASHVILLE POLICE DEPT,20171054105,Davidson,Nashville,12/1/2017 3:27:00 PM,2,0,0,36.188830,-86.773160,DICKERSON PKE,,,,0.00,,,WHITES CREEK PKE,,,,0.00,Y,T-Intersection, ,Intersection,None,,,         ,Amanda,Fox,Clear,Front to Rear,no,no,no,no,no,False
101845052,METROPOLITAN NASHVILLE POLICE DEPT,20171054167,Davidson,Nashville,12/1/2017 4:45:00 PM,2,0,0,36.184310,-86.748150,GALLATIN AV,,,,153.00,Feet,South,CHICAMAUGA AV,,,,0.00,N,Not at Intersection, ,Non-Junction,None,,,         ,Alexander,Georgeson,Clear,Angle,no,no,no,no,yes,False
101845071,METROPOLITAN NASHVILLE POLICE DEPT,20171054222,Davidson,Nashville,12/1/2017 4:31:00 PM,2,0,0,36.080340,-86.758450,TROUSDALE DR,,,,267.00,Feet,North,RICHMAR DR,,,,0.00,N,Not at Intersection, ,Non-Junction,None,,,         ,Edin,Plancic,Clear,Angle,no,no,no,no,no,False
101845074,METROPOLITAN NASHVILLE POLICE DEPT,20171054219,Davidson,Not in City Limit,12/1/2017 12:00:00 AM,1,0,0,36.000490,-86.634230,OLD HICKORY BLVD,,,,499.00,Feet,East,CANE RIDGE RD,,,,0.00,N,Not at Intersection,N,Non-Junction,None,,,         ,Benny,Pittman,Clear,Not Collision with Motor Vehicle in Transport,no,no,no,yes,yes,False
101845086,METROPOLITAN NASHVILLE POLICE DEPT,20171054216,Davidson,Nashville,12/1/2017 5:07:00 PM,2,1,0,36.123300,-86.727560,I 24,,,,0.00,,,,,,,52.70,N,Not at Intersection,N,Entrance/Exit Ramp Related,None,,,         ,Luis,De Los Santos,Clear,Front to Rear,no,no,no,no,no,False
101845091,METROPOLITAN NASHVILLE POLICE DEPT,20171054278,Davidson,Nashville,12/1/2017 5:30:00 PM,2,0,0,36.141200,-86.733440,I 40,,,,0.00,,,,,,,212.90,N,Not at Intersection, ,Non-Junction,None,,,         ,Tyler,Maupin,Clear,Front to Rear,no,no,no,no,no,False
101845103,METROPOLITAN NASHVILLE POLICE DEPT,20171054097,Davidson,Nashville,12/1/2017 4:00:00 PM,2,0,0,36.168440,-86.687970,BRILEY PKWY N ENT RAMP,,,,0.00,,,LEBANON PKE,,,,0.00,Y,Four-Way,Y,Intersection,None,,,         ,Samuel,Sundra,Clear,Front to Rear,no,no,no,no,yes,False
101845104,METROPOLITAN NASHVILLE POLICE DEPT,20171054210,Davidson,Nashville,12/1/2017 5:05:00 PM,2,1,0,36.150840,-86.690900,BRILEY PKWYS,,,,262.00,Feet,East,BRILEY PKWYN,,,,0.00,N,Not at Intersection,N,Non-Junction,None,,,         ,Samuel,Sundra,Clear,Front to Rear,no,no,no,no,no,False
101845105,METROPOLITAN NASHVILLE POLICE DEPT,20171054242,Davidson,Nashville,12/1/2017 5:11:00 PM,2,0,0,36.154920,-86.785440,DEMONBREUN ST,,,,129.00,Feet,West,11TH AVS,,,,0.00,N,Not at Intersection, ,,None,,,         ,Derek,Betty,,,no,no,no,no,no,False
101845109,METROPOLITAN NASHVILLE POLICE DEPT,20171054360,Davidson,Nashville,12/1/2017 6:15:00 PM,2,0,0,36.254100,-86.739010,I 65,,,,0.00,,,,,,,91.55,N,Not at Intersection,N,Non-Junction,None,,,         ,Joanna,D'Agostino,Clear,"Sideswipe, Same Direction",no,no,no,no,yes,False
101845123,METROPOLITAN NASHVILLE POLICE DEPT,20171054246,Davidson,Nashville,12/1/2017 5:19:00 PM,2,2,0,36.083400,-86.727470,WELCH RD,,,,0.00,,,NOLENSVILLE PKE,,,,0.00,Y,T-Intersection,N,Intersection,None,,,         ,Patrick,Martin,Clear,Angle,no,no,no,no,yes,False
101845124,METROPOLITAN NASHVILLE POLICE DEPT,20171054303,Davidson,Nashville,12/1/2017 4:59:00 PM,2,0,0,36.192260,-86.781710,COWAN ST,,,,124.00,Feet,South,VASHTI ST,,,,0.00,N,Not at Intersection,N,Non-Junction,None,,,         ,Timothy,Morgan,Clear,Front to Rear,no,no,no,no,yes,False
101845136,METROPOLITAN NASHVILLE POLICE DEPT,20171054213,Davidson,Nashville,12/1/2017 5:06:00 PM,2,1,0,36.252920,-86.739560,I 65,,,,0.00,,,,,,,91.40,N,Not at Intersection,N,Non-Junction,None,,,         ,Christopher,Littles,Clear,Front to Rear,no,no,no,no,no,False
101845137,METROPOLITAN NASHVILLE POLICE DEPT,20171054375,Davidson,Nashville,12/1/2017 6:13:00 PM,2,0,0,36.168260,-86.777170,JAMES ROBERTSON PKWY,,,,85.00,Feet,East,PUBLIC SQ,,,,0.00,N,Not at Intersection, ,Non-Junction,None,,,         ,David,Snowden,Clear,Front to Rear,no,no,no,no,no,False
101845138,METROPOLITAN NASHVILLE POLICE DEPT,20171054349,Davidson,Nashville,12/1/2017 5:26:00 PM,2,0,0,36.134610,-86.726910,I24E,,,,683.00,Feet,South,I24 E ENT RAMP,,,,0.00,N,Not at Intersection,N,Non-Junction,None,,,         ,Je-Marc,Sears,Clear,Front to Rear,no,no,no,no,yes,False
101845139,BERRY HILL POLICE DEPT,17-4064,Davidson,Berry Hill,12/1/2017 6:30:00 PM,2,0,0,36.126970,-86.777350,HILLVIEW HTS,,,,0.00,,,FRANKLIN PKE,,,,0.00,Y,T-Intersection, ,Non-Junction,None,,,         ,Stephen,Reece,Clear,"Sideswipe, Same Direction",no,no,no,no,no,False
101845174,METROPOLITAN NASHVILLE POLICE DEPT,20171054238,Davidson,Nashville,12/1/2017 5:10:00 PM,1,1,0,36.211930,-86.733360,HART LN,,,,80.00,Feet,East,BAXTER ST,,,,0.00,N,Not at Intersection,N,Non-Junction,None,,,         ,Andrew,Anoskey,Clear,Not Collision with Motor Vehicle in Transport,yes,no,no,no,no,False
101845176,METROPOLITAN NASHVILLE POLICE DEPT,20171054260,Davidson,Nashville,12/1/2017 5:30:00 PM,2,0,0,36.038940,-86.782690,OLD HICKORY BLVD,,,,36.00,Feet,East,I65 N EXT RAMP,,,,0.00,N,Not at Intersection, ,Non-Junction,None,,,         ,David,Robberson,Clear,Front to Rear,no,no,no,no,no,False
101845180,METROPOLITAN NASHVILLE POLICE DEPT,20171054313,Davidson,Nashville,12/1/2017 5:50:00 PM,3,0,0,36.181150,-86.799970,I 65,,,,0.00,,,,,,,85.10,N,Not at Intersection,N,Non-Junction,None,,,         ,Seth,Vaughn,Clear,Front to Rear,no,no,no,no,no,False
101845195,METROPOLITAN NASHVILLE POLICE DEPT,20171054015,Davidson,Nashville,12/1/2017 3:41:00 PM,1,1,0,36.137200,-86.699670,BRILEY PKWY,,,,0.00,,,GLASTONBURY RD,,,,0.00,Y,T-Intersection,N,Intersection,None,,,         ,Patrick,Taylor,Clear,Not Collision with Motor Vehicle in Transport,no,no,no,no,no,False
101845213,METROPOLITAN NASHVILLE POLICE DEPT,20171054411,Davidson,Nashville,12/1/2017 6:43:00 PM,3,0,0,36.040420,-86.650840,I 24,,,,0.00,,,,,,,60.00,N,Not at Intersection,N,Non-Junction,None,,,         ,Benny,Pittman,Clear,Front to Rear,no,no,no,no,no,False
101845215,METROPOLITAN NASHVILLE POLICE DEPT,20171054355,Davidson,Nashville,12/1/2017 6:03:00 PM,2,0,0,36.248160,-86.742880,I65 S EXT RAMP,,,,0.00,Feet,East,I 65,,,,0.00,N,Not at Intersection, ,Non-Junction,None,,,         ,Andrew,Anoskey,Clear,Front to Rear,no,no,no,no,no,False
101845220,METROPOLITAN NASHVILLE POLICE DEPT,20171054193,Davidson,Not in City Limit,12/1/2017 4:50:00 PM,2,0,0,36.076410,-86.943630,HIGHWAY 70S,,,,194.00,Feet,West,CARRIAGE DR,,,,0.00,N,Not at Intersection,N,Non-Junction,None,,,         ,Walter,Gray II,Clear,Front to Rear,no,no,no,no,no,False
101845221,METROPOLITAN NASHVILLE POLICE DEPT,20171054367,Davidson,Nashville,12/1/2017 5:24:00 PM,2,0,0,36.143420,-86.873940,CHARLOTTE PKE,,,,114.00,Feet,North,CHARLOTTE ROAD CIR,,,,0.00,N,Not at Intersection,N,Non-Junction,None,,,         ,Walter,Gray II,Clear,Front to Rear,no,no,no,no,no,False
101845222,METROPOLITAN NASHVILLE POLICE DEPT,20171054309,Davidson,Nashville,12/1/2017 5:18:00 PM,2,0,0,36.080400,-86.717930,RECOVERY RD,,,,0.00,,,HARDING PL,,,,0.00,Y,Four-Way, ,Intersection-Related,None,,,         ,Richard,Olive,Clear,Angle,no,no,no,no,no,False
101845223,METROPOLITAN NASHVILLE POLICE DEPT,20171054344,Davidson,Nashville,12/1/2017 5:35:00 PM,2,0,0,36.159970,-86.795400,15TH AVN,,,,0.00,,,CHARLOTTE AV,,,,0.00,Y,T-Intersection,N,Intersection,None,,,         ,Ryan,Cagle,Clear,Angle,no,no,no,no,yes,False
101845224,METROPOLITAN NASHVILLE POLICE DEPT,20171054027,Davidson,Nashville,12/1/2017 3:17:00 PM,3,0,0,36.041710,-86.748460,OLD HICKORY BLVD,,,,50.00,Feet,East,COPPERFIELD WAY,,,,0.00,N,Not at Intersection,N,Non-Junction,None,,,         ,Zachary,Goodall,Clear,Front to Rear,no,no,no,no,no,False