master_record_number,agency,agency_tracking_number,county,city,collision_date,vehicles_involved,number_injured,number_dead,latitude,longitude,roadway_name,roadway_suffix,roadway_number,roadway_local_id,distance_from_reference,miles-feet_indicator,direction_from_reference,intersection_road_name,intersection_road_name_suffix,intersection_road_number,intersection_local_id,mile_marker,intersection_indicator,intersect_type,interchange_related_indicator,relation_to_junction,work_zone_type,construction_maintenance_zone,construction_maintenance_zone_location,fatal_case_number,officer_first_name,officer_last_name,weather_condition(s),manner_of_crash,pedestrian,bicycle,scooter,parking,hitrun,mou
101847014,METROPOLITAN NASHVILLE POLICE DEPT,20171058809,Davidson,Nashville,12/3/2017 12:00:00 AM,2,0,0,36.151370,-86.759390,MAURY ST,,,,226.00,Feet,North,CANNON ST,,,,0.00,N,Not at Intersection,N,Non-Junction,None,,,         ,Craig,Gentry,Clear,"Sideswipe, Same Direction",no,no,no,yes,yes,False
101847024,METROPOLITAN NASHVILLE POLICE DEPT,2017-1058646,Davidson,Nashville,12/3/2017 12:32:00 PM,2,0,0,36.068200,-86.719110,NOLENSVILLE PKE,,,,0.00,,,HAYWOOD LN,,,,0.00,Y,Four-Way, ,Non-Junction,None,,,         ,Geoffery,Odom,Clear,Front to Rear,no,no,no,no,no,False
101847033,METROPOLITAN NASHVILLE POLICE DEPT,20171057444,Davidson,Nashville,12/2/2017 10:13:00 PM,2,0,0,36.154910,-86.776670,6TH AVS,,,,0.00,,,PEABODY ST,,,,0.00,Y,Four-Way,N,Intersection,None,,,         ,David,Snowden,Clear,Angle,no,no,no,no,no,False
101847040,METROPOLITAN NASHVILLE POLICE DEPT,2017-1058801,Davidson,Goodlettsville,12/3/2017 2:35:00 PM,2,1,0,36.303320,-86.691020,GALLATIN PKEN,,,,210.00,Feet,West,RIVERGATE MARKETPLACE PVTDR,,,,0.00,N,Not at Intersection,N,Non-Junction,None,,,         ,Cyretha,Frazier,Clear,Front to Rear,no,no,no,no,yes,False
101847056,METROPOLITAN NASHVILLE POLICE DEPT,20171058910,Davidson,Nashville,12/3/2017 2:16:00 PM,2,0,0,36.047890,-86.713560,NOLENSVILLE PKE,,,,332.00,Feet,South,HICKORYVIEW DR,,,,0.00,N,Not at Intersection,N,Non-Junction,None,,,         ,Je-Marc,Sears,Clear,"Sideswipe, Same Direction",no,no,no,no,yes,False
101847084,METROPOLITAN NASHVILLE POLICE DEPT,20171058935,Davidson,Nashville,12/3/2017 3:45:00 PM,2,0,0,36.238620,-86.723910,GALLATIN PKES,,,,69.00,Feet,South,GALLATIN PKE,,,,0.00,N,Not at Intersection, ,Non-Junction,None,,,         ,Brittani,Campbell,Clear,Front to Rear,no,no,no,no,no,False
101847087,METROPOLITAN NASHVILLE POLICE DEPT,20171058916,Davidson,Not in City Limit,12/3/2017 3:46:00 PM,2,1,0,36.064330,-86.965400,ROCK HARBOUR CT,,,,166.00,Feet,North,ROLLING RIVER PKWY,,,,0.00,N,Not at Intersection,N,Non-Junction,None,,,         ,Ethan,Usherwood,Clear,"Sideswipe, Opposite Direction",no,no,no,no,no,False
101847095,METROPOLITAN NASHVILLE POLICE DEPT,20171058984,Davidson,Nashville,12/3/2017 4:12:00 PM,2,0,0,36.134280,-86.779090,WEDGEWOOD AV,,,,0.00,,,8TH AVS,,,,0.00,Y,Four-Way, ,Intersection-Related,None,,,         ,Tien,Nguyen,Clear,Front to Rear,no,no,no,no,no,False
101847098,METROPOLITAN NASHVILLE POLICE DEPT,20171058966,Davidson,Not in City Limit,12/3/2017 4:20:00 PM,1,1,0,36.064380,-86.965730,ROCK HARBOUR CT,,,,250.00,Feet,West,ROLLING RIVER PKWY,,,,0.00,N,Not at Intersection,N,Non-Junction,None,,,         ,Ethan,Usherwood,Clear,Not Collision with Motor Vehicle in Transport,no,no,no,no,no,False
101847107,METROPOLITAN NASHVILLE POLICE DEPT,20171058944,Davidson,Nashville,12/3/2017 12:00:00 AM,2,0,0,36.076970,-86.644780,DOVER GLEN PVTDR,,,,465.00,Feet,West,DOVER GLEN DR,,,,0.00,N,Not at Intersection, ,OtherLocation,None,,,         ,Luis,De Los Santos,Clear,Unknown,no,no,no,yes,yes,False
101847109,VANDERBILT UNIVERSITY POLICE,2017-1057226,Davidson,Nashville,12/2/2017 7:15:00 PM,2,0,0,36.146160,-86.809610,NATCHEZ TRC,,,,0.00,,,,,,,0.00,,,N,Non-Junction,None,,,         ,V,Greene,Clear,"Sideswipe, Opposite Direction",no,no,no,no,no,Campus
101847142,METROPOLITAN NASHVILLE POLICE DEPT,20171058929,Davidson,Nashville,12/3/2017 2:50:00 PM,2,0,0,36.053660,-86.715020,BREWER DR,,,,0.00,Feet,,NOLENSVILLE PKE,,,,0.00,Y,Four-Way, ,Intersection,None,,,         ,David,Robberson,Clear,Angle,no,no,no,no,no,False
101847149,METROPOLITAN NASHVILLE POLICE DEPT,20171059020,Davidson,Nashville,12/3/2017 4:55:00 PM,2,1,0,36.102200,-86.713410,I 24,,,,0.00,,,,,,,54.40,N,Not at Intersection,N,Non-Junction,None,,,         ,Nathaniel,Myers,Clear,Front to Rear,no,no,no,no,no,False
101847153,METROPOLITAN NASHVILLE POLICE DEPT,20171059127,Davidson,Nashville,12/3/2017 4:25:00 PM,2,0,0,36.125360,-86.783720,CARUTHERS AV,,,,79.00,Feet,West,9TH AVS,,,,0.00,N,Not at Intersection, ,,None,,,         ,Hillary,Sherman,,,no,no,no,no,no,False
101847155,METROPOLITAN NASHVILLE POLICE DEPT,20171059026,Davidson,Nashville,12/3/2017 12:00:00 AM,1,1,0,36.231450,-86.762340,OAK VALLEY DR,,,,0.00,,,OAK RIDGE DR,,,,0.00,Y,T-Intersection,N,Intersection,None,,,         ,Gordon,Stovall,Clear,Not Collision with Motor Vehicle in Transport,no,no,no,no,no,False
101847168,METROPOLITAN NASHVILLE POLICE DEPT,20171059085,Davidson,Nashville,12/3/2017 5:52:00 PM,2,0,0,36.131300,-86.726960,I24E,,,,379.00,Feet,North,I24 W ENT RAMP,,,,0.00,N,Not at Intersection, ,Entrance/Exit Ramp Related,None,,,         ,Nathaniel,Myers,Clear,Front to Rear,no,no,no,no,no,False
101847169,METROPOLITAN NASHVILLE POLICE DEPT,20171059119,Davidson,Not in City Limit,12/3/2017 6:03:00 PM,2,0,0,36.264070,-86.690290,STATE RT 45,,,,0.00,,,MYATT DR,,,,0.00,Y,Four-Way, ,Intersection,None,,,         ,Cecilia,Gomez,Clear,"Sideswipe, Same Direction",no,no,no,no,no,False
101847180,METROPOLITAN NASHVILLE POLICE DEPT,20171059081,Davidson,Nashville,12/3/2017 5:49:00 PM,2,0,0,36.182140,-86.608120,OLD HICKORY BLVD,,,,0.00,,,ANDREW JACKSON WAY,,,,0.00,Y,Four-Way, ,Intersection-Related,None,,,         ,Adam,Nicholson,Clear,Front to Rear,no,no,no,no,no,False
101847214,METROPOLITAN NASHVILLE POLICE DEPT,20171058920,Davidson,Nashville,12/3/2017 3:43:00 PM,3,1,0,36.106370,-86.884860,BROOK HOLLOW RD,,,,0.00,Feet,East,ROBIN HILL RD,,,,0.00,N,Not at Intersection,Y,Non-Junction,None,,,         ,Anthony,Cucci,Clear,Angle,no,no,no,no,no,False
101847224,METROPOLITAN NASHVILLE POLICE DEPT,20171059064,Davidson,Nashville,12/3/2017 5:35:00 PM,3,1,0,36.106780,-86.813300,HILLSBORO PKE,,,,377.00,Feet,North,ABBOTT MARTIN RD,,,,0.00,N,Not at Intersection,N,Non-Junction,None,,,         ,Allyson,Reis,Clear,Front to Rear,no,no,no,no,no,False
101847226,METROPOLITAN NASHVILLE POLICE DEPT,20171059252,Davidson,Nashville,12/3/2017 4:25:00 PM,2,0,0,36.077490,-86.725680,NOLENSVILLE PKE,,,,148.00,Feet,North,WALLACE RD,,,,0.00,N,Not at Intersection, ,Non-Junction,None,,,         ,Luis,De Los Santos,Clear,Rear to Side,no,no,no,yes,yes,False
101847296,METROPOLITAN NASHVILLE POLICE DEPT,20171059338,Davidson,Not in City Limit,12/3/2017 8:45:00 PM,2,0,0,36.258320,-86.703560,LEXINGTON GARDENS CONDOMINIUMS,,,,100.00,Feet,East,FOREST PARK RD,,,,0.00,N,Not at Intersection,N,Non-Junction,None,,,         ,Christopher,Littles,Clear,Angle,no,no,no,no,yes,False
101847299,METROPOLITAN NASHVILLE POLICE DEPT,20171059364,Davidson,Nashville,12/3/2017 9:16:00 PM,2,0,0,36.162230,-86.774360,BROADWAY,,,,0.00,,,1ST AVS,,,,0.00,Y,T-Intersection, ,Intersection,None,,,         ,David,Snowden,Clear,Angle,no,no,no,no,no,False
101847302,METROPOLITAN NASHVILLE POLICE DEPT,20171059362,Davidson,Nashville,12/3/2017 9:10:00 PM,2,2,0,36.177910,-86.605000,I40 E EXT RAMP,,,,0.00,Feet,,OLD HICKORY BLVD,,,,0.00,Y,Four-Way,Y,Entrance/Exit Ramp Related,None,,,         ,Jonathon,Sheppard,Clear,Angle,no,no,no,no,no,False
101847313,METROPOLITAN NASHVILLE POLICE DEPT,20171059308,Davidson,Nashville,12/3/2017 8:26:00 PM,2,3,0,36.153980,-86.836300,I 40,,,,0.00,,,,,,,205.15,N,Not at Intersection,N,Non-Junction,None,,,         ,Shaun,Heath,Clear,Front to Rear,no,no,no,no,no,False
101847314,METROPOLITAN NASHVILLE POLICE DEPT,20171059391,Davidson,Nashville,12/3/2017 7:51:00 PM,2,0,0,36.064060,-86.691390,HORIZON PARK APTS PVTDR,,,,81.00,Feet,East,PACKARD DR,,,,0.00,N,Not at Intersection,N,Non-Junction,None,,,         ,Luis,De Los Santos,Clear,"Sideswipe, Opposite Direction",no,no,no,yes,yes,False
101847321,METROPOLITAN NASHVILLE POLICE DEPT,20171059104,Davidson,Nashville,12/3/2017 6:02:00 PM,2,0,0,36.139210,-86.700300,BRILEY PKWY,,,,110.00,Feet,South,BRILEY PKWYN,,,,0.00,N,Not at Intersection, ,Non-Junction,None,,,         ,Dontaveous,Eubanks,Clear,Angle,no,no,no,no,no,False
101847326,METROPOLITAN NASHVILLE POLICE DEPT,20171059406,Davidson,Nashville,12/3/2017 9:48:00 PM,2,1,0,36.071870,-86.636180,MURFREESBORO PKE,,,,0.00,Feet,,BELL RD,,,,0.00,Y,Four-Way,N,Intersection,None,,,         ,Pamela,Caulder,Cloudy,Front to Rear,no,no,no,no,no,False
101847352,METROPOLITAN NASHVILLE POLICE DEPT,20171059587,Davidson,Nashville,12/4/2017 12:09:00 AM,1,0,0,36.199360,-86.688340,BRILEY PKWYN,,,,71.00,Feet,East,BRILEY PKWY N EXT RAMP,,,,0.00,N,Not at Intersection,N,Non-Junction,None,,,         ,Mekisha,Page,Clear,Not Collision with Motor Vehicle in Transport,no,no,no,no,no,False
101847366,METROPOLITAN NASHVILLE POLICE DEPT,20171059643,Davidson,Nashville,12/4/2017 12:48:00 AM,2,0,0,36.152480,-86.802700,21ST AVN,,,,0.00,,,CHURCH ST,,,,0.00,Y,Four-Way,N,Intersection,None,,,         ,Nicholas,Smith,Clear,Angle,no,no,no,no,no,Campus
101847370,GOODLETTSVILLE POLICE DEPT,17-42410,Davidson,Goodlettsville,12/1/2017 6:15:00 PM,1,0,0,36.303450,-86.702110,RIVERGATE PKWY,,,,170.00,Feet,North,WREN RD,,,,0.00,N,Not at Intersection,N,Non-Junction,None,,,         ,Brandon,Wright,Clear,Not Collision with Motor Vehicle in Transport,no,no,no,no,no,False
101847373,METROPOLITAN NASHVILLE POLICE DEPT,20171059750,Davidson,Nashville,12/4/2017 1:50:00 AM,1,0,0,36.175630,-86.770610,I24 W ENT RAMP,,,,0.00,Feet,East,I 24,,,,0.00,N,Not at Intersection,Y,Entrance/Exit Ramp Related,Construction Zone,Work On Shoulder Or Median,Transition Area,         ,Carey,Steel,Clear,Not Collision with Motor Vehicle in Transport,no,no,no,no,yes,False
101847391,METROPOLITAN NASHVILLE POLICE DEPT,20171059921,Davidson,Nashville,12/4/2017 3:36:00 AM,1,0,0,36.029330,-86.590290,MURFREESBORO,PIKE,SR4201,,100.00,Feet,South,HURRICANE CREEK,BLVD,,,0.00,N,Not at Intersection, ,Non-Junction,None,,,         ,Kevin,Breeding,Clear,Not Collision with Motor Vehicle in Transport,no,no,no,no,no,False
101847403,METROPOLITAN NASHVILLE POLICE DEPT,20171059852,Davidson,Nashville,12/4/2017 2:51:00 AM,1,0,0,36.173250,-86.802160,HEIMAN ST,,,,0.00,,,14TH AVN,,,,0.00,Y,OTHER,N,Non-Junction,None,,,         ,Christopher,Lawson,Clear,Not Collision with Motor Vehicle in Transport,no,no,no,no,yes,False
101847405,METROPOLITAN NASHVILLE POLICE DEPT,20171059966,Davidson,Nashville,12/4/2017 4:10:00 AM,2,0,0,36.158140,-86.713110,IVYWOOD DR,,,,428.00,Feet,East,CLOVERNOOK DR,,,,0.00,N,Not at Intersection,N,Non-Junction,None,,,         ,Johan,Kinberg,Clear,Angle,no,no,no,no,yes,False
101847434,METROPOLITAN NASHVILLE POLICE DEPT,20171060089,Davidson,Nashville,12/4/2017 12:00:00 AM,2,0,0,36.105930,-86.718180,I 24,,,,0.00,,,,,,,54.00,N,Not at Intersection, ,Non-Junction,None,,,         ,Brian,Mclarty,Cloudy,"Sideswipe, Same Direction",no,no,no,no,no,False
101847436,METROPOLITAN NASHVILLE POLICE DEPT,20171058021,Davidson,Nashville,12/3/2017 3:00:00 AM,2,0,0,36.156690,-86.787220,BROADWAY,,,,0.00,,,BROADWAY,,,,0.00,,Not at Intersection, ,Non-Junction,None,,,         ,Damon,Hutcheson,Clear,Angle,no,no,no,no,yes,False
101847437,METROPOLITAN NASHVILLE POLICE DEPT,2017-1059990,Davidson,Nashville,12/4/2017 4:27:00 AM,3,1,0,36.213790,-86.838240,CLARKSVILLE PKE,,,,225.00,Feet,South,CEDAR CIR,,,,0.00,N,Not at Intersection,N,Non-Junction,None,,,         ,Anthony,Cavis,Clear,"Sideswipe, Same Direction",no,no,no,no,no,False
101847449,METROPOLITAN NASHVILLE POLICE DEPT,20171060082,Davidson,Nashville,12/4/2017 5:20:00 AM,2,0,0,36.096480,-86.924620,OLD HICKORY BLVD,,,,352.00,Feet,South,RIDGELAKE PKWY,,,,0.00,N,Not at Intersection,N,Non-Junction,None,,,         ,Aaron,Wigginton,Clear,"Sideswipe, Opposite Direction",no,no,no,no,no,False
101847462,METROPOLITAN NASHVILLE POLICE DEPT,20171060195,Davidson,Nashville,12/4/2017 6:44:00 AM,1,0,0,36.139460,-86.887990,I 40,,,,0.00,,,,,,,202.00,N,Not at Intersection, ,,None,,,         ,Curtis,Rich,,,no,no,no,no,no,False
101847471,METROPOLITAN NASHVILLE POLICE DEPT,20171060254,Davidson,Nashville,12/4/2017 7:22:00 AM,2,1,0,36.123880,-86.907900,I 40,,,,0.00,,,,,,,200.40,N,Not at Intersection,N,Non-Junction,None,,,         ,Curtis,Rich,Clear,Front to Rear,no,no,no,no,no,False
101847482,METROPOLITAN NASHVILLE POLICE DEPT,20171058792,Davidson,Nashville,12/3/2017 2:20:00 PM,2,0,0,36.165410,-86.768720,VICTORY AV,,,,0.00,,,S 2ND ST,,,,0.00,Y,T-Intersection, ,Non-Junction,None,,,         ,Donald,Davidson,Clear,Front to Rear,no,no,no,no,no,False
101847485,METROPOLITAN NASHVILLE POLICE DEPT,20171060214,Davidson,Nashville,12/4/2017 6:20:00 AM,2,0,0,36.165760,-86.787430,ROSA L PARKS BLVD,,,,0.00,,,GAY ST,,,,0.00,Y,Y-Intersection,N,Intersection-Related,None,,,         ,Charles,Coe,Clear,Front to Rear,no,no,no,no,no,False
101847494,METROPOLITAN NASHVILLE POLICE DEPT,20171060276,Davidson,Nashville,12/4/2017 7:27:00 AM,2,0,0,36.157900,-86.790180,GEORGE L DAVIS BLVD,,,,51.00,Feet,South,I40 W EXT RAMP,,,,0.00,N,Not at Intersection, ,,None,,,         ,Christian,Martin,,,no,no,no,no,no,False
101847502,METROPOLITAN NASHVILLE POLICE DEPT,20171060310,Davidson,Nashville,12/4/2017 7:45:00 AM,3,0,0,36.203550,-86.738530,GALLATIN PKE,,,,0.00,,,E TRINITY LN,,,,0.00,Y,T-Intersection, ,Intersection,None,,,         ,Richard,Conger,Clear,Front to Rear,no,no,no,no,yes,False
101847503,METROPOLITAN NASHVILLE POLICE DEPT,20171060247,Davidson,Nashville,12/4/2017 7:15:00 AM,2,0,0,36.256050,-86.713110,NEELYS BEND RD,,,,91.00,Feet,West,ARGLE AV,,,,0.00,N,Not at Intersection, ,Non-Junction,None,,,         ,Michael,Agee,Clear,Angle,no,no,no,no,no,False
101847508,METROPOLITAN NASHVILLE POLICE DEPT,20171060237,Davidson,Nashville,12/4/2017 6:15:00 AM,2,0,0,36.164920,-86.820070,I40 W EXT RAMP,,,,0.00,,,I 40,,,,0.00,Y,T-Intersection,Y,Entrance/Exit Ramp Related,None,,,         ,Garren,Hoskins,Clear,"Sideswipe, Same Direction",no,no,no,no,yes,False
101847534,METROPOLITAN NASHVILLE POLICE DEPT,20171060489,Davidson,Nashville,12/4/2017 9:00:00 AM,2,0,0,36.091360,-86.828510,HARDING PL,,,,0.00,,,HILLSBORO PKE,,,,0.00,Y,Four-Way, ,,None,,,         ,Curtis,Rich,,,no,no,no,no,no,False
101847535,METROPOLITAN NASHVILLE POLICE DEPT,20171060365,Davidson,Nashville,12/4/2017 7:55:00 AM,2,0,0,36.125770,-86.732430,I440 W ENT RAMP,,,,0.00,Feet,East,I 440,,,,0.00,N,Not at Intersection, ,Non-Junction,None,,,         ,Michael,Dudley,Clear,"Sideswipe, Same Direction",no,no,no,no,no,False
101847536,METROPOLITAN NASHVILLE POLICE DEPT,20171060255,Davidson,Not in City Limit,12/4/2017 7:20:00 AM,2,0,0,36.001630,-86.632120,OLD HICKORY BLVD,,,,740.00,Feet,West,RED APPLE RD,,,,0.00,N,Not at Intersection,N,Non-Junction,None,,,         ,Peter,Vaught,Clear,"Sideswipe, Opposite Direction",no,no,no,no,no,False
101847550,METROPOLITAN NASHVILLE POLICE DEPT,20171060311,Davidson,Nashville,12/4/2017 7:41:00 AM,2,0,0,36.149600,-86.773470,I 40,,,,0.00,,,,,,,210.20,N,Not at Intersection, ,Non-Junction,None,,,         ,Seth,Quiles,Cloudy,Front to Rear,no,no,no,no,no,False
101847557,METROPOLITAN NASHVILLE POLICE DEPT,20171060575,Davidson,Nashville,12/4/2017 9:33:00 AM,2,0,0,36.101960,-86.869480,HARDING PL,,,,241.00,Feet,East,HARDING PKE,,,,0.00,N,Not at Intersection, ,,None,,,         ,Curtis,Rich,,,no,no,no,no,no,False
101847575,VANDERBILT UNIVERSITY POLICE,17-1060584,Davidson,Nashville,12/4/2017 9:15:00 AM,1,0,0,36.142230,-86.800990,MEDICAL CENTER DR,,,,0.00,,,,,,,0.00,,, ,Non-Junction,None,,,         ,William,Gladu,Clear,Not Collision with Motor Vehicle in Transport,no,no,no,yes,no,Campus
101847595,METROPOLITAN NASHVILLE POLICE DEPT,20171060461,Davidson,Nashville,12/4/2017 8:51:00 AM,2,1,0,36.131190,-86.716870,FOOTHILL DR,,,,0.00,,,MURFREESBORO PKE,,,,0.00,Y,T-Intersection,N,Intersection-Related,None,,,         ,James,Curtis,Clear,Front to Rear,no,no,no,no,no,False
101847613,METROPOLITAN NASHVILLE POLICE DEPT,2017-1060394,Davidson,Nashville,12/4/2017 8:18:00 AM,2,0,0,36.161410,-86.793350,I 40,,,,0.00,,,,,,,208.70,N,Not at Intersection,N,Non-Junction,None,,,         ,Erik,Wagner,Clear,Front to Rear,no,no,no,no,no,False
101847614,METROPOLITAN NASHVILLE POLICE DEPT,20171060510,Davidson,Nashville,12/4/2017 9:13:00 AM,3,0,0,36.144980,-86.776940,I 65,,,,0.00,,,,,,,82.15,N,Not at Intersection,Y,Entrance/Exit Ramp Related,None,,,         ,Erik,Wagner,Clear,Front to Rear,no,no,no,no,no,False
101847646,METROPOLITAN NASHVILLE POLICE DEPT,20171060547,Davidson,Nashville,12/4/2017 9:35:00 AM,2,0,0,36.251570,-86.717930,GALLATIN PKES,,,,144.00,Feet,South,W WEBSTER ST,,,,0.00,N,Not at Intersection, ,Non-Junction,None,,,         ,Michael,Agee,Clear,Front to Rear,no,no,no,no,no,False
101847650,METROPOLITAN NASHVILLE POLICE DEPT,20171060667,Davidson,Nashville,12/4/2017 10:00:00 AM,2,0,0,36.051560,-86.724250,AMALIE DR,,,,0.00,,,AMALIE CT,,,,0.00,Y,T-Intersection,N,Non-Junction,None,,,         ,Michael,Quinn,Clear,Front to Rear,no,no,no,no,no,False
101847653,METROPOLITAN NASHVILLE POLICE DEPT,20171060221,Davidson,Old Hickory,12/4/2017 6:57:00 AM,2,1,0,36.252610,-86.647940,OLD HICKORY BLVD,,,,0.00,,,HADLEY AV,,,,0.00,Y,T-Intersection,N,Intersection,None,,,         ,James,Curtis,Clear,HeadOn,no,no,no,no,no,False
101847658,METROPOLITAN NASHVILLE POLICE DEPT,2017-1060757,Davidson,Nashville,12/4/2017 11:00:00 AM,3,0,0,36.136580,-86.795150,WEDGEWOOD AV,,,,0.00,,,MAGNOLIA BLVD,,,,0.00,Y,Four-Way, ,Intersection,None,,,         ,Russell,Freeman,Clear,Front to Rear,no,no,no,no,no,False
101847669,METROPOLITAN NASHVILLE POLICE DEPT,20171060834,Davidson,Nashville,12/4/2017 11:44:00 AM,2,0,0,36.120300,-86.808250,HILLSBORO PKE,,,,166.00,Feet,South,LOMBARDY AV,,,,0.00,N,Not at Intersection, ,,None,,,         ,Curtis,Rich,,,no,no,no,no,no,False
101847683,METROPOLITAN NASHVILLE POLICE DEPT,20171060870,Davidson,Nashville,12/4/2017 12:15:00 PM,2,2,0,36.068650,-86.718050,HAYWOOD LN,,,,353.00,Feet,East,NOLENSVILLE PKE,,,,0.00,N,Not at Intersection,N,Non-Junction,None,,,         ,Jessie,Meadows,Clear,Front to Rear,no,no,no,no,no,False
101847688,METROPOLITAN NASHVILLE POLICE DEPT,20171060935,Davidson,Nashville,12/4/2017 12:22:00 PM,2,0,0,36.174330,-86.765860,SPRING ST,,,,232.00,Feet,South,ELLINGTON PKWY N ENT RAMP,,,,0.00,N,Not at Intersection, ,Non-Junction,None,,,         ,Richard,Conger,Clear,"Sideswipe, Same Direction",no,no,no,no,no,False
101847689,METROPOLITAN NASHVILLE POLICE DEPT,20171060800,Davidson,Nashville,12/4/2017 11:25:00 AM,2,2,0,36.183910,-86.610490,ANDREW JACKSON PKWY,,,,105.00,Feet,North,OLD HICKORY BLVD,,,,0.00,N,Not at Intersection,N,Non-Junction,None,,,         ,Cody,O'Quinn,Clear,Angle,no,no,no,no,no,False
101847693,METROPOLITAN NASHVILLE POLICE DEPT,20171060286,Davidson,Nashville,12/4/2017 7:36:00 AM,2,0,0,36.098180,-86.819970,CASTLEMAN DR,,,,0.00,,,KIRTLAND RD,,,,0.00,Y,T-Intersection,N,Intersection,None,,,         ,Phillip,Murphy,Clear,Angle,no,no,no,no,no,False
101847694,METROPOLITAN NASHVILLE POLICE DEPT,20171060878,Davidson,Nashville,12/4/2017 12:15:00 PM,2,1,0,36.166780,-86.864230,63RD AVN,,,,26.00,Feet,North,PENNSYLVANIA AV,,,,0.00,N,Not at Intersection,N,Non-Junction,None,,,         ,George,Spencer,Clear,HeadOn,no,no,no,no,no,False
101847697,METROPOLITAN NASHVILLE POLICE DEPT,20171060889,Davidson,Nashville,12/4/2017 11:55:00 AM,2,0,0,36.161600,-86.791760,CHARLOTTE AV,,,,0.00,,,12TH AVN,,,,0.00,Y,Four-Way,N,Intersection,None,,,         ,Charles,Coe,Clear,Angle,no,no,no,no,no,False
101847731,METROPOLITAN NASHVILLE POLICE DEPT,2017-1060989,Davidson,Nashville,12/4/2017 12:24:00 PM,2,0,0,36.086480,-86.770940,HARDING PL,,,,305.00,Feet,East,FRANKLIN PKE,,,,0.00,N,Not at Intersection, ,Non-Junction,None,,,         ,Erik,Wagner,Clear,Front to Rear,no,no,no,no,no,False
101847740,METROPOLITAN NASHVILLE POLICE DEPT,20171060402,Davidson,Nashville,12/4/2017 8:23:00 AM,2,0,0,36.040280,-86.768370,OLD HICKORY BLVD,,,,0.00,Feet,,SEVEN SPRINGS WAY,,,,0.00,Y,Four-Way,N,Intersection-Related,None,,,         ,Phillip,Murphy,Clear,Front to Rear,no,no,no,no,no,False
101847741,METROPOLITAN NASHVILLE POLICE DEPT,20171061014,Davidson,Nashville,12/4/2017 1:15:00 PM,1,0,0,36.079650,-86.720400,RECOVERY RD,,,,204.00,Feet,North,WALLACE RD,,,,0.00,N,Not at Intersection,N,Non-Junction,None,,,         ,Jessie,Meadows,Clear,Not Collision with Motor Vehicle in Transport,no,no,no,no,yes,False
101847742,METROPOLITAN NASHVILLE POLICE DEPT,20171060842,Davidson,Not in City Limit,12/4/2017 11:00:00 AM,2,1,0,36.291940,-86.883770,CLARKSVILLE PKE,,,,0.00,,,EATONS CREEK RD,,,,0.00,Y,T-Intersection,N,Non-Junction,None,,,         ,Jeanine,Sarno,Clear,Front to Rear,no,no,no,no,no,False
101847755,VANDERBILT UNIVERSITY POLICE,2017-1043993,Davidson,Nashville,11/28/2017 6:18:00 PM,2,0,0,36.138030,-86.805050,BLAKEMORE AV,,,,0.00,,,24TH AVS,,,,0.00,Y,Four-Way, ,Intersection,None,,,         ,Cameron,Hoppe,Clear,Angle,no,no,no,no,no,Campus
101847759,METROPOLITAN NASHVILLE POLICE DEPT,2017-1060240,Davidson,Antioch,12/4/2017 7:12:00 AM,2,1,0,36.059400,-86.599650,HAMILTON CHURCH RD,,,,641.00,Feet,West,HOBSON PKE,,,,0.00,N,Not at Intersection,N,Non-Junction,None,,,         ,William,Whitworth,Clear,Front to Rear,no,no,no,no,yes,False
101847760,METROPOLITAN NASHVILLE POLICE DEPT,2017-1060362,Davidson,Nashville,12/4/2017 7:52:00 AM,2,2,0,36.047040,-86.662220,I 24,,,,0.00,,,,,,,59.20,N,Not at Intersection,Y,Entrance/Exit Ramp Related,None,,,         ,William,Whitworth,Clear,Front to Rear,no,no,no,no,no,False
101847761,METROPOLITAN NASHVILLE POLICE DEPT,2017-1060574,Davidson,Nashville,12/4/2017 9:43:00 AM,4,1,0,36.080650,-86.645750,MURFREESBORO PKE,,,,365.00,Feet,South,SCOTT VALLEY DR,,,,0.00,N,Not at Intersection,N,Non-Junction,None,,,         ,William,Whitworth,Clear,"Sideswipe, Opposite Direction",no,no,no,no,yes,False
101847763,METROPOLITAN NASHVILLE POLICE DEPT,2017-1060868,Davidson,Nashville,12/4/2017 12:00:00 AM,2,0,0,36.046390,-86.711950,OLD HICKORY BLVD,,,,538.00,Feet,East,NOLENSVILLE PKE,,,,0.00,N,Not at Intersection,N,OtherLocation,None,,,         ,William,Whitworth,Clear,"Sideswipe, Same Direction",no,no,no,yes,yes,False
101847774,THP District 3 - Nashville,317072385,Davidson,Nashville,12/2/2017 5:24:00 PM,2,0,0,36.209800,-86.698450,OPRY MILLS DR,,,,0.00,,,,,,,0.00,,, ,Non-Junction,None,,,         ,Christopher,Langley,Clear,"Sideswipe, Opposite Direction",no,no,no,yes,no,False
101847777,METROPOLITAN NASHVILLE POLICE DEPT,20171061019,Davidson,Nashville,12/2/2017 5:24:00 PM,1,0,0,36.084430,-86.645370,BROOKSBORO TER,,,,617.00,Feet,East,MURFREESBORO PKE,,,,0.00,N,Not at Intersection,N,Non-Junction,None,,,         ,Andrey,Volfson,Clear,Not Collision with Motor Vehicle in Transport,no,no,no,yes,yes,False
101847797,METROPOLITAN NASHVILLE POLICE DEPT,20171060918,Davidson,Nashville,12/4/2017 12:05:00 PM,2,0,0,36.044880,-86.661510,CANE RIDGE RD,,,,40.00,Feet,North,BELL RD,,,,0.00,N,Not at Intersection, ,Non-Junction,None,,,         ,Sharissa,Perez,Clear,Front to Rear,no,no,no,no,no,False