master_record_number,agency,agency_tracking_number,county,city,collision_date,vehicles_involved,number_injured,number_dead,latitude,longitude,roadway_name,roadway_suffix,roadway_number,roadway_local_id,distance_from_reference,miles-feet_indicator,direction_from_reference,intersection_road_name,intersection_road_name_suffix,intersection_road_number,intersection_local_id,mile_marker,intersection_indicator,intersect_type,interchange_related_indicator,relation_to_junction,work_zone_type,construction_maintenance_zone,construction_maintenance_zone_location,fatal_case_number,officer_first_name,officer_last_name,weather_condition(s),manner_of_crash,pedestrian,bicycle,scooter,parking,hitrun,mou
101849057,VANDERBILT UNIVERSITY POLICE,2017-1064706,Davidson,Nashville,12/5/2017 3:32:00 PM,2,0,0,36.146200,-86.799540,21ST AVS,,,,47.00,Feet,North,SCARRITT PL,,,,0.00,N,Not at Intersection, ,Non-Junction,None,,,         ,Cameron,Hoppe,Clear,Front to Rear,no,no,no,no,no,Campus
101849061,METROPOLITAN NASHVILLE POLICE DEPT,20171064757,Davidson,Nashville,12/5/2017 3:40:00 PM,2,1,0,36.125300,-86.696200,BRILEY PKWY,,,,23.00,Feet,South,KERMIT DR,,,,0.00,N,Not at Intersection,N,Non-Junction,None,,,         ,Cody,O'Quinn,Cloudy,Front to Rear,no,no,no,no,no,False
101849076,METROPOLITAN NASHVILLE POLICE DEPT,20171064840,Davidson,Antioch,12/5/2017 2:30:00 PM,2,0,0,36.044350,-86.661550,TARGET DR,,,,0.00,,,CANE RIDGE RD,,,,0.00,Y,T-Intersection, ,Intersection,None,,,         ,Nathaniel,Myers,Cloudy,Angle,no,no,no,no,no,False
101849077,METROPOLITAN NASHVILLE POLICE DEPT,20171064876,Davidson,Nashville,12/5/2017 4:30:00 PM,2,0,0,36.153330,-86.793920,BROADWAY,,,,0.00,,,17TH AVS,,,,0.00,Y,T-Intersection, ,Intersection-Related,None,,,         ,Bradley,Pope,Clear,Front to Rear,no,no,no,no,no,False
101849083,METROPOLITAN NASHVILLE POLICE DEPT,20171064894,Davidson,Nashville,12/5/2017 4:45:00 PM,2,0,0,36.186100,-86.633940,LEBANON PKE,,,,89.00,Feet,East,STONES RIVER GRNWY,,,,0.00,N,Not at Intersection, ,,None,,,         ,Cody,O'Quinn,,,no,no,no,no,no,False
101849089,METROPOLITAN NASHVILLE POLICE DEPT,20171065038,Davidson,Nashville,12/5/2017 4:15:00 PM,2,0,0,36.154900,-86.813850,CHARLOTTE AV,,,,479.00,Feet,West,FELICIA ST,,,,0.00,N,Not at Intersection, ,Non-Junction,None,,,         ,Landon,Bagwell,Cloudy,Front to Rear,no,no,no,no,no,False
101849091,METROPOLITAN NASHVILLE POLICE DEPT,20171065052,Davidson,Nashville,12/5/2017 5:15:00 PM,2,0,0,36.160300,-86.792900,I 40,,,,0.00,,,,,,,208.80,N,Not at Intersection,N,Non-Junction,None,,,         ,Adam,Crutcher,Clear,Front to Rear,no,no,no,no,yes,False
101849099,METROPOLITAN NASHVILLE POLICE DEPT,20171064816,Davidson,Nashville,12/5/2017 4:12:00 PM,1,1,0,36.187740,-86.821140,CLARKSVILLE PKE,,,,156.00,Feet,East,ROSA L PARKS BLVD,,,,0.00,N,Not at Intersection,N,Non-Junction,None,,,         ,Clayton,Lewis,Clear,Not Collision with Motor Vehicle in Transport,yes,no,no,no,no,False
101849113,GOODLETTSVILLE POLICE DEPT,17-42836,Davidson,Goodlettsville,12/5/2017 5:44:00 PM,2,0,0,36.307490,-86.694260,VIETNAM VETERANS BLVDN,,,,126.00,Feet,East,CONFERENCE DR,,,,0.00,N,Not at Intersection, ,Non-Junction,None,,,         ,Zachary,Goodwin,Clear,Front to Rear,no,no,no,no,no,False
101849114,METROPOLITAN NASHVILLE POLICE DEPT,20171064948,Davidson,Nashville,12/5/2017 5:02:00 PM,2,1,0,36.098610,-86.659380,MURFREESBORO PKE,,,,0.00,,,HARDING PL,,,,0.00,Y,T-Intersection,N,Intersection-Related,None,,,         ,Michael,Apsey,Cloudy,Angle,no,no,no,no,no,False
101849119,METROPOLITAN NASHVILLE POLICE DEPT,20171065036,Davidson,Nashville,12/5/2017 12:00:00 AM,2,0,0,36.175310,-86.784860,3RD AVN,,,,121.00,Feet,North,JEFFERSON ST,,,,0.00,N,Not at Intersection, ,Non-Junction,None,,,         ,Melvin,Taylor,Clear,Rear to Side,no,no,no,no,no,False
101849120,METROPOLITAN NASHVILLE POLICE DEPT,20171064953,Davidson,Nashville,12/5/2017 5:00:00 PM,2,1,0,36.099370,-86.763830,I 65,,,,0.00,,,,,,,79.00,N,Not at Intersection,N,Non-Junction,None,,,         ,Jon,Mcvey,Cloudy,Front to Rear,no,no,no,no,no,False
101849121,METROPOLITAN NASHVILLE POLICE DEPT,20171065010,Davidson,Nashville,12/5/2017 5:21:00 PM,2,0,0,36.149690,-86.779180,8TH AVS,,,,0.00,,,DIVISION ST,,,,0.00,Y,Four-Way, ,Intersection,None,,,         ,Jason,King,Clear,"Sideswipe, Same Direction",no,no,no,no,no,False
101849122,METROPOLITAN NASHVILLE POLICE DEPT,20171065089,Davidson,Nashville,12/5/2017 5:30:00 PM,1,0,0,36.169060,-86.682400,LEBANON PKE,,,,0.00,,,FAIRWAY DR,,,,0.00,Y,Four-Way, ,,None,,,         ,John,Kelley,,,no,no,no,no,no,False
101849129,METROPOLITAN NASHVILLE POLICE DEPT,20171065015,Davidson,Nashville,12/5/2017 5:26:00 PM,1,0,0,36.240810,-86.752730,BRILEY PKWYE,,,,791.00,Feet,East,I65 S EXT RAMP,,,,0.00,N,Not at Intersection, ,Non-Junction,None,,,         ,Christopher,Valdez,Clear,Not Collision with Motor Vehicle in Transport,no,no,no,no,no,False
101849133,METROPOLITAN NASHVILLE POLICE DEPT,20171064990,Davidson,Nashville,12/5/2017 5:14:00 PM,2,0,0,36.147460,-86.744290,I 40,,,,0.00,,,,,,,212.00,N,Not at Intersection,N,Non-Junction,None,,,         ,Jonathan,Cavezza,Clear,Front to Rear,no,no,no,no,no,False
101849134,METROPOLITAN NASHVILLE POLICE DEPT,20171064994,Davidson,Nashville,12/5/2017 4:35:00 PM,2,0,0,36.128560,-86.727940,I440 W ENT RAMP,,,,0.00,Feet,East,I 440,,,,0.00,N,Not at Intersection, ,Non-Junction,None,,,         ,Benjamin,Froehlich,Clear,"Sideswipe, Same Direction",no,no,no,no,no,False
101849135,METROPOLITAN NASHVILLE POLICE DEPT,20171065080,Davidson,Nashville,12/5/2017 5:44:00 PM,2,0,0,36.174590,-86.770890,I 24,,,,0.00,,,,,,,48.10,N,Not at Intersection,N,Non-Junction,None,,,         ,Jonathan,Hadley,Clear,"Sideswipe, Same Direction",no,no,no,no,no,False
101849140,METROPOLITAN NASHVILLE POLICE DEPT,20171065137,Davidson,Nashville,12/5/2017 5:30:00 PM,2,0,0,36.159640,-86.792470,I 40,,,,0.00,,,,,,,208.80,N,Not at Intersection,N,Non-Junction,None,,,         ,Bradley,Pope,Clear,Front to Rear,no,no,no,no,yes,False
101849143,METROPOLITAN NASHVILLE POLICE DEPT,20171064856,Davidson,Nashville,12/5/2017 4:35:00 PM,3,1,0,36.091160,-86.651230,MURFREESBORO PKE,,,,34.00,Feet,South,BRITISH WOODS DR,,,,0.00,N,Not at Intersection,N,Non-Junction,None,,,         ,Richard,Olive,Clear,Front to Rear,no,no,no,no,no,False
101849147,METROPOLITAN NASHVILLE POLICE DEPT,20171064962,Davidson,Nashville,12/5/2017 5:00:00 PM,2,0,0,36.055460,-86.723070,BREWER DR,,,,0.00,,,MCMURRAY DR,,,,0.00,Y,Four-Way, ,Intersection,None,,,         ,Nicholas,Berens,Clear,Angle,no,no,no,no,no,False
101849150,METROPOLITAN NASHVILLE POLICE DEPT,20171065152,Davidson,Nashville,12/5/2017 5:49:00 PM,2,0,0,36.062320,-86.904630,HIGHWAY 100,,,,0.00,,,OLD HICKORY BLVD,,,,0.00,Y,Four-Way,Y,Intersection,None,,,         ,Barrett,Teague,Clear,Angle,no,no,no,no,no,False
101849151,METROPOLITAN NASHVILLE POLICE DEPT,20171064786,Davidson,Nashville,12/5/2017 12:00:00 AM,1,0,0,36.249200,-86.744000,OLD DUE WEST AV,,,,237.00,Feet,West,CHANNING DR,,,,0.00,N,Not at Intersection,N,Non-Junction,None,,,         ,Carey,Steel,Cloudy,Not Collision with Motor Vehicle in Transport,no,no,no,no,yes,False
101849152,METROPOLITAN NASHVILLE POLICE DEPT,20171064820,Davidson,Not in City Limit,12/5/2017 4:13:00 PM,2,0,0,36.269080,-86.754890,OLD HICKORY BLVDW,,,,256.00,Feet,East,DICKERSON PKE,,,,0.00,N,Not at Intersection,N,Non-Junction,None,,,         ,Samuel,Miller,Cloudy,Front to Rear,no,no,no,no,no,False
101849154,METROPOLITAN NASHVILLE POLICE DEPT,20171064705,Davidson,Nashville,12/5/2017 3:32:00 PM,2,0,0,36.074480,-86.638650,MURFREESBORO PKE,,,,0.00,,,RURAL HILL RD,,,,0.00,Y,Four-Way, ,Intersection-Related,None,,,         ,Michael,Apsey,Cloudy,Front to Rear,no,no,no,no,no,False
101849185,METROPOLITAN NASHVILLE POLICE DEPT,20171065128,Davidson,Nashville,12/5/2017 5:21:00 PM,2,1,0,36.047850,-86.864700,OLD HICKORY BLVD,,,,502.00,Feet,East,CHICKERING WOOD DR,,,,0.00,N,Not at Intersection,N,Non-Junction,None,,,         ,Barrett,Teague,Clear,Front to Rear,no,no,no,no,no,False
101849200,BERRY HILL POLICE DEPT,17-4115,Davidson,Berry Hill,12/5/2017 5:15:00 PM,2,0,0,36.126970,-86.777350,HILLVIEW HTS,,,,0.00,,,FRANKLIN PKE,,,,0.00,Y,T-Intersection, ,,None,,,         ,John,Gleixner,,,no,no,no,no,no,False
101849206,METROPOLITAN NASHVILLE POLICE DEPT,20171065244,Davidson,Nashville,12/5/2017 5:10:00 PM,2,0,0,36.109770,-86.744590,NOLENSVILLE PKE,,,,0.00,,,COLLIER AV,,,,0.00,Y,T-Intersection,N,Intersection,None,,,         ,Travis,Martin,Clear,"Sideswipe, Same Direction",no,no,no,no,no,False
101849225,METROPOLITAN NASHVILLE POLICE DEPT,20171065229,Davidson,Nashville,12/5/2017 6:43:00 PM,2,0,0,36.151070,-86.842180,PARK AV,,,,14.00,Feet,West,46TH AVN,,,,0.00,N,Not at Intersection,N,Non-Junction,None,,,         ,Torian,Cox,Clear,Angle,no,no,no,no,no,False
101849239,METROPOLITAN NASHVILLE POLICE DEPT,20171065314,Davidson,Nashville,12/5/2017 7:30:00 PM,2,0,0,36.234940,-86.710550,PENNINGTON BEND RD,,,,0.00,,,MUSIC VALLEY DR,,,,0.00,Y,T-Intersection, ,Intersection,None,,,         ,John,Kelley,Clear,Front to Rear,no,no,no,no,no,False
101849244,METROPOLITAN NASHVILLE POLICE DEPT,20171065343,Davidson,Not in City Limit,12/5/2017 6:29:00 PM,2,1,0,36.077000,-86.945590,HIGHWAY 70S,,,,118.00,Feet,West,SAWYER BROWN RD,,,,0.00,N,Not at Intersection,N,"Driveway, Alley Access, etc",None,,,         ,Barrett,Teague,Clear,Front to Rear,no,no,no,no,no,False
101849266,METROPOLITAN NASHVILLE POLICE DEPT,20171065091,Davidson,Nashville,12/5/2017 5:30:00 PM,2,0,0,36.154600,-86.788850,I40 E ENT RAMP,,,,0.00,Feet,East,I 40,,,,0.00,N,Not at Intersection, ,,None,,,         ,Brian,Etchison,,,no,no,no,no,no,False
101849272,METROPOLITAN NASHVILLE POLICE DEPT,20171065469,Davidson,Nashville,12/5/2017 5:55:00 PM,2,0,0,36.094310,-86.706520,I 24,,,,0.00,,,,,,,55.00,N,Not at Intersection, ,Non-Junction,None,,,         ,Jedidayah,Merriweather,Clear,"Sideswipe, Same Direction",no,no,no,no,yes,False
101849308,VANDERBILT UNIVERSITY POLICE,17-1065450,Davidson,Nashville,12/5/2017 8:23:00 PM,2,0,0,36.145270,-86.812800,28TH AVN,,,,0.00,,,,,,,0.00,,,N,Non-Junction,None,,,         ,Cedric,Edwards,Clear,Unknown,no,no,no,yes,yes,Campus
101849314,METROPOLITAN NASHVILLE POLICE DEPT,20171065526,Davidson,Nashville,12/5/2017 9:10:00 PM,1,0,0,36.135660,-86.762430,WALSH RD,,,,349.00,Feet,East,BYRUM AV,,,,0.00,N,Not at Intersection,N,Non-Junction,None,,,         ,Hillary,Sherman,Clear,Not Collision with Motor Vehicle in Transport,no,no,no,yes,no,False
101849331,THP District 3 - Nashville,317071926,Davidson,Nashville,12/1/2017 7:15:00 AM,2,0,0,36.153630,-86.846750,I 40,,,,0.00,,,,,,,204.55,N,Not at Intersection, ,Non-Junction,None,,,         ,Ernest,Young,Clear,"Sideswipe, Same Direction",no,no,no,no,yes,False
101849365,METROPOLITAN NASHVILLE POLICE DEPT,20171065409,Davidson,Nashville,12/5/2017 8:12:00 PM,2,0,0,36.116670,-86.773570,I 65,,,,0.00,,,,,,,80.25,N,Not at Intersection, ,Non-Junction,None,,,         ,Jon,Mcvey,Cloudy,Angle,no,no,no,no,no,False
101849369,METROPOLITAN NASHVILLE POLICE DEPT,20171065270,Davidson,Nashville,12/5/2017 5:19:00 PM,3,0,0,36.095820,-86.737480,WHEELER AV,,,,0.00,,,NOLENSVILLE PKE,,,,0.00,Y,OTHER,N,Non-Junction,None,,,         ,Jedidayah,Merriweather,Cloudy,Front to Rear,no,no,no,no,no,False
101849372,METROPOLITAN NASHVILLE POLICE DEPT,20171065558,Davidson,Nashville,12/5/2017 9:05:00 PM,2,0,0,36.155820,-86.795920,17TH AVN,,,,0.00,,,CHURCH ST,,,,0.00,Y,Four-Way,Y,Intersection,None,,,         ,Bradley,Pope,Clear,Angle,no,no,no,no,no,False
101849376,METROPOLITAN NASHVILLE POLICE DEPT,20171065168,Davidson,Antioch,12/5/2017 6:16:00 PM,2,0,0,36.045300,-86.701680,BELL RD,,,,0.00,,,OLD HICKORY BLVD,,,,0.00,Y,Four-Way,N,Intersection,None,,,         ,Nathaniel,Myers,Cloudy,HeadOn,no,no,no,no,no,False
101849390,METROPOLITAN NASHVILLE POLICE DEPT,20171065852,Davidson,Nashville,12/5/2017 10:45:00 PM,2,0,0,36.067120,-86.687280,I 24,,,,0.00,,,,,,,57.20,N,Not at Intersection, ,Non-Junction,None,,,         ,Daniel,Garrett,Clear,Front to Rear,no,no,no,no,no,False
101849455,METROPOLITAN NASHVILLE POLICE DEPT,20171066476,Davidson,Nashville,12/6/2017 12:00:00 AM,1,0,0,36.152200,-86.791370,DIVISION ST,,,,0.00,,,DEMONBREUN ST,,,,0.00,Y,Traffic Circle,N,Intersection-Related,None,,,         ,Eugene,Martino,Clear,Not Collision with Motor Vehicle in Transport,no,no,no,no,yes,False
101849468,METROPOLITAN NASHVILLE POLICE DEPT,20171066584,Davidson,Not in City Limit,12/6/2017 3:35:00 AM,1,0,0,36.335970,-86.792420,UNION HILL RD,,,,0.00,,,,,,,0.00,,Not at Intersection, ,,None,,,         ,Patrick,McGinnis,,,no,no,no,no,no,False
101849508,METROPOLITAN NASHVILLE POLICE DEPT,2017-1063284,Davidson,Nashville,12/5/2017 12:00:00 AM,2,0,0,36.040620,-86.779900,OLD HICKORY BLVD,,,,185.00,Feet,West,STONE BROOK DR,,,,0.00,N,Not at Intersection, ,Non-Junction,None,,,         ,Thomas,Miller,Rain,"Sideswipe, Same Direction",no,no,no,no,no,False
101849527,METROPOLITAN NASHVILLE POLICE DEPT,20171066788,Davidson,Nashville,12/6/2017 5:25:00 AM,1,1,0,36.206880,-86.856380,ASHLAND CITY HWY,,,,201.00,Feet,West,HYDESDALE LN,,,,0.00,N,Not at Intersection,N,Non-Junction,None,,,         ,Charles,Duke,Clear,Not Collision with Motor Vehicle in Transport,no,no,no,no,no,False
101849539,METROPOLITAN NASHVILLE POLICE DEPT,20171066882,Davidson,Nashville,12/6/2017 6:23:00 AM,2,0,0,36.234720,-86.724780,GALLATIN PKE,,,,0.00,,,BRILEY PKWY E EXT RAMP,,,,0.00,Y,Four-Way, ,Intersection-Related,None,,,         ,Ky,Luu,Clear,"Sideswipe, Same Direction",no,no,no,no,no,False
101849551,METROPOLITAN NASHVILLE POLICE DEPT,20171066885,Davidson,Nashville,12/6/2017 6:33:00 AM,2,0,0,36.042850,-86.606550,HOBSON PKE,,,,0.00,,,MURFREESBORO PKE,,,,0.00,Y,Four-Way, ,Intersection,None,,,         ,David,Moser,Clear,Front to Rear,no,no,no,no,no,False
101849560,METROPOLITAN NASHVILLE POLICE DEPT,20171066937,Davidson,Nashville,12/6/2017 7:00:00 AM,2,0,0,36.171300,-86.870950,BRILEY PKWY S EXT RAMP,,,,0.00,,,CENTENNIAL BLVD,,,,0.00,Y,Y-Intersection, ,,None,,,         ,Curtis,Rich,,,no,no,no,no,no,False
101849565,METROPOLITAN NASHVILLE POLICE DEPT,20171066900,Davidson,Madison,12/6/2017 5:59:00 AM,2,0,0,36.362640,-86.730200,SPRINGFIELD HWY,,,,794.00,Feet,North,WILLIAMSON RD,,,,0.00,N,Not at Intersection,N,Non-Junction,None,,,         ,Thomas,Odom,Clear,"Sideswipe, Opposite Direction",no,no,no,no,yes,False
101849566,METROPOLITAN NASHVILLE POLICE DEPT,20171066845,Davidson,Nashville,12/6/2017 6:05:00 AM,2,0,0,36.043300,-86.640800,MT VIEW RD,,,,0.00,,,BABY RUTH LN,,,,0.00,Y,T-Intersection,N,Intersection-Related,None,,,         ,Sean,Pulizzano,Clear,Angle,no,no,no,no,yes,False
101849589,METROPOLITAN NASHVILLE POLICE DEPT,20171066917,Davidson,Nashville,12/6/2017 6:47:00 AM,2,0,0,36.152070,-86.762000,FAIN ST,,,,0.00,,,CHARLES E DAVIS BLVD,,,,0.00,Y,T-Intersection,N,Intersection,None,,,         ,Michael,Dance,Clear,Angle,no,no,no,no,no,False
101849591,METROPOLITAN NASHVILLE POLICE DEPT,2017-1067039,Davidson,Antioch,12/6/2017 7:48:00 AM,2,0,0,36.036050,-86.599180,MURFREESBORO PKE,,,,1567.00,Feet,South,OLD HICKORY BLVD,,,,0.00,N,Not at Intersection,N,Non-Junction,None,,,         ,William,Whitworth,Cloudy,Front to Rear,no,no,no,no,yes,False
101849597,METROPOLITAN NASHVILLE POLICE DEPT,2017-1067063,Davidson,Nashville,12/6/2017 7:54:00 AM,2,0,0,36.138670,-86.810870,BLAKEMORE AV,,,,0.00,,,NATCHEZ TRC,,,,0.00,Y,Four-Way, ,Intersection,None,,,         ,Jonathan,Seidl,Cloudy,Angle,no,no,no,no,no,Campus
101849598,METROPOLITAN NASHVILLE POLICE DEPT,20171067055,Davidson,Nashville,12/6/2017 7:54:00 AM,2,1,0,36.234350,-86.774690,RICHMOND HILL DR,,,,0.00,Feet,,VAILVIEW DR,,,,0.00,Y,Four-Way,N,Intersection,None,,,         ,Thomas,Odom,Clear,Rear to Side,no,no,no,no,yes,False
101849599,METROPOLITAN NASHVILLE POLICE DEPT,20171066975,Davidson,Nashville,12/6/2017 7:19:00 AM,2,0,0,36.191920,-86.828390,CLARKSVILLE PKE,,,,244.00,Feet,East,CLIFF DR,,,,0.00,N,Not at Intersection,N,Non-Junction,None,,,         ,Royce,McLester,Cloudy,Front to Rear,no,no,no,no,no,False
101849602,METROPOLITAN NASHVILLE POLICE DEPT,20171067050,Davidson,Nashville,12/6/2017 7:54:00 AM,2,0,0,36.213120,-86.775640,I 65,,,,0.00,,,,,,,87.80,N,Not at Intersection, ,Non-Junction,None,,,         ,Ronald,Bright,Cloudy,Angle,no,no,no,no,no,False
101849609,METROPOLITAN NASHVILLE POLICE DEPT,20171067023,Davidson,Nashville,12/6/2017 7:38:00 AM,2,0,0,36.060260,-86.772550,I 65,,,,0.00,,,,,,,75.25,N,Not at Intersection,N,Non-Junction,None,,,         ,Brent,Bauer,Cloudy,Front to Rear,no,no,no,no,no,False
101849610,METROPOLITAN NASHVILLE POLICE DEPT,20171067152,Davidson,Nashville,12/6/2017 8:36:00 AM,2,0,0,36.118800,-86.801550,I 440,,,,0.00,,,,,,,3.10,N,Not at Intersection,N,Non-Junction,None,,,         ,Nathan,Kemp,Clear,Front to Rear,no,no,no,no,no,False
101849611,METROPOLITAN NASHVILLE POLICE DEPT,20171067020,Davidson,Nashville,12/6/2017 7:14:00 AM,2,0,0,36.132860,-86.720330,MURFREESBORO PKE,,,,335.00,Feet,West,WILHAGAN RD,,,,0.00,N,Not at Intersection,N,Non-Junction,None,,,         ,Michael,Dance,Clear,"Sideswipe, Same Direction",no,no,no,no,no,False
101849617,METROPOLITAN NASHVILLE POLICE DEPT,20171067058,Davidson,Nashville,12/6/2017 7:55:00 AM,3,0,0,36.152450,-86.834880,CHARLOTTE AV,,,,0.00,,,40TH AVN,,,,0.00,Y,Four-Way, ,Intersection,None,,,         ,Curtis,Rich,Cloudy,Front to Rear,no,no,no,no,no,False
101849618,METROPOLITAN NASHVILLE POLICE DEPT,20171067079,Davidson,Nashville,12/6/2017 8:08:00 AM,2,1,0,36.164800,-86.819830,I40 W EXT RAMP,,,,0.00,Feet,East,I 40,,,,0.00,N,Not at Intersection,N,Non-Junction,None,,,         ,Joshua,Baker,Cloudy,Front to Rear,no,no,no,no,no,False
101849637,Nashville Airport Police,17-04339,Davidson,Nashville,12/5/2017 9:58:00 AM,2,0,0,36.128530,-86.695440,BRILEY PKWY N EXT RAMP,,,,0.00,,,BRILEY PKWY,,,,0.00,Y,OTHER, ,Non-Junction,None,,,         ,Mark,Medlin,Rain,"Sideswipe, Same Direction",no,no,no,no,no,False
101849648,METROPOLITAN NASHVILLE POLICE DEPT,20171067141,Davidson,Nashville,12/6/2017 8:30:00 AM,2,1,0,36.115520,-86.724810,I 24,,,,0.00,,,,,,,53.25,N,Not at Intersection,Y,Entrance/Exit Ramp Related,None,,,         ,Stephen,Soule,Clear,Front to Rear,no,no,no,no,no,False
101849649,METROPOLITAN NASHVILLE POLICE DEPT,20171067130,Davidson,Nashville,12/6/2017 8:22:00 AM,2,1,0,36.064790,-86.628480,HAMILTON CHURCH RD,,,,0.00,,,MURFREESBORO PKE,,,,0.00,Y,Four-Way,N,Intersection-Related,None,,,         ,Michael,Dudley,Cloudy,Front to Rear,no,no,no,no,no,False
101849652,METROPOLITAN NASHVILLE POLICE DEPT,2017-1067035,Davidson,Nashville,12/6/2017 7:45:00 AM,2,0,0,36.044830,-86.724760,OLD HICKORY BLVD,,,,0.00,,,AMALIE DR,,,,0.00,Y,Four-Way,N,Intersection-Related,None,,,         ,Russell,Freeman,Cloudy,Front to Rear,no,no,no,no,no,False
101849654,METROPOLITAN NASHVILLE POLICE DEPT,20171066972,Davidson,Nashville,12/6/2017 7:10:00 AM,2,0,0,36.173590,-86.602150,OLD HICKORY BLVD,,,,0.00,,,CENTRAL PKE,,,,0.00,Y,Four-Way, ,Intersection-Related,None,,,         ,Gregory,Lindstrom,Cloudy,Front to Rear,no,no,no,no,no,False
101849662,METROPOLITAN NASHVILLE POLICE DEPT,20171067262,Davidson,Nashville,12/6/2017 9:19:00 AM,2,0,0,36.116050,-86.810580,HILLSBORO PKE,,,,0.00,,,HAMPTON AV,,,,0.00,Y,T-Intersection, ,Intersection,None,,,         ,Curtis,Rich,Cloudy,Angle,no,no,no,no,no,False
101849665,METROPOLITAN NASHVILLE POLICE DEPT,20171067181,Davidson,Nashville,12/6/2017 7:40:00 AM,2,0,0,36.052200,-86.743090,EDMONDSON PKE,,,,0.00,,,HUNTINGTON PKWY,,,,0.00,Y,T-Intersection,N,Intersection-Related,None,,,         ,Earl,Davis,Cloudy,Front to Rear,no,no,no,no,yes,False
101849667,METROPOLITAN NASHVILLE POLICE DEPT,20171067054,Davidson,Nashville,12/6/2017 7:50:00 AM,3,0,0,36.140640,-86.721270,I 40,,,,0.00,,,,,,,213.55,N,Not at Intersection,N,Non-Junction,None,,,         ,Scott,Toney,Cloudy,Front to Rear,no,no,no,no,no,False
101849685,METROPOLITAN NASHVILLE POLICE DEPT,20171067355,Davidson,Nashville,12/6/2017 10:02:00 AM,3,0,0,36.157480,-86.759830,I 24,,,,0.00,,,,,,,49.65,N,Not at Intersection,N,Non-Junction,None,,,         ,Michael,Dance,Clear,Front to Rear,no,no,no,no,no,False
101849687,METROPOLITAN NASHVILLE POLICE DEPT,20171067236,Davidson,Nashville,12/6/2017 9:10:00 AM,2,0,0,36.096630,-86.654930,SMITH SPRINGS RD,,,,122.00,Feet,West,OLD MURFREESBORO PKE,,,,0.00,N,Not at Intersection,N,Non-Junction,None,,,         ,Deandera,Payne,Clear,Front to Rear,no,no,no,no,no,False
101849689,METROPOLITAN NASHVILLE POLICE DEPT,2017-1067265,Davidson,Not in City Limit,12/6/2017 8:16:00 AM,2,0,0,36.022330,-86.712120,NOLENSVILLE PKE,,,,113.00,Feet,South,PERSIA WAY,,,,0.00,N,Not at Intersection, ,,None,,,         ,Stanley,Collins,,,no,no,no,no,no,False
101849696,METROPOLITAN NASHVILLE POLICE DEPT,20171064885,Davidson,Nashville,12/5/2017 5:00:00 PM,2,1,0,36.046030,-86.675680,BELL RD,,,,408.00,Feet,West,BLUE HOLE RD,,,,0.00,N,Not at Intersection,N,Non-Junction,None,,,         ,Jessie,Meadows,Clear,Front to Rear,no,no,no,no,no,False
101849705,METROPOLITAN NASHVILLE POLICE DEPT,20171067379,Davidson,Nashville,12/6/2017 12:00:00 AM,2,0,0,36.180030,-86.813110,22ND AVN,,,,45.00,Feet,South,BUCHANAN ST,,,,0.00,N,Not at Intersection,N,Non-Junction,None,,,         ,Royce,McLester,Unknown,Unknown,no,no,no,no,yes,False
101849728,METROPOLITAN NASHVILLE POLICE DEPT,20171066901,Davidson,Nashville,12/6/2017 6:44:00 AM,4,1,0,36.147300,-86.757920,LAFAYETTE ST,,,,0.00,,,FAIRFIELD AV,,,,0.00,Y,Four-Way,N,Intersection,None,,,         ,James,Curtis,Cloudy,Angle,no,no,no,no,no,False
101849749,METROPOLITAN NASHVILLE POLICE DEPT,20171067398,Davidson,Nashville,12/6/2017 8:47:00 AM,3,0,0,36.045040,-86.658290,I 24,,,,0.00,,,,,,,59.45,N,Not at Intersection,N,Non-Junction,None,,,         ,Sekou,Samassi,Clear,Not Collision with Motor Vehicle in Transport,no,no,no,no,no,False
101849751,METROPOLITAN NASHVILLE POLICE DEPT,20171067291,Davidson,Nashville,12/6/2017 9:25:00 AM,2,0,0,36.133190,-86.800840,PORTLAND AV,,,,141.00,Feet,East,21ST AVS,,,,0.00,N,Not at Intersection, ,"Driveway, Alley Access, etc",None,,,         ,Phillip,Murphy,Clear,Angle,no,no,no,no,no,False
101849798,METROPOLITAN NASHVILLE POLICE DEPT,20171067407,Davidson,Nashville,12/6/2017 10:21:00 AM,2,0,0,36.155240,-86.790650,BROADWAY,,,,0.00,,,15TH AVN,,,,0.00,Y,T-Intersection, ,Intersection-Related,None,,,         ,Phillip,Murphy,Clear,"Sideswipe, Same Direction",no,no,no,no,no,False
101849799,METROPOLITAN NASHVILLE POLICE DEPT,20171067100,Davidson,Antioch,12/6/2017 7:40:00 AM,3,0,0,36.047840,-86.612050,MURFREESBORO PKE,,,,210.00,Feet,South,PIN HOOK RD,,,,0.00,N,Not at Intersection,N,Non-Junction,None,,,         ,Todd,Watson,Cloudy,Front to Rear,no,no,no,no,no,False
101849803,METROPOLITAN NASHVILLE POLICE DEPT,20171067385,Davidson,Nashville,12/6/2017 12:00:00 AM,2,0,0,36.063860,-86.771370,I 65,,,,0.00,,,,,,,76.50,N,Not at Intersection,N,Non-Junction,None,,,         ,Earl,Davis,Cloudy,Front to Rear,no,no,no,no,yes,False
101849807,METROPOLITAN NASHVILLE POLICE DEPT,20171067753,Davidson,Nashville,12/6/2017 1:00:00 PM,2,0,0,36.045120,-86.659900,I24 E EXT RAMP,,,,0.00,Feet,East,I 24,,,,0.00,N,Not at Intersection, ,Entrance/Exit Ramp Related,None,,,         ,Jessie,Meadows,Clear,Front to Rear,no,no,no,no,no,False
101849849,TENNESSEE STATE UNIVERSITY ,17-TSU-88643,Davidson,Nashville,12/6/2017 11:13:00 AM,2,0,0,36.164250,-86.830300,CLARE AV,,,,0.00,,,ALAMEDA ST,,,,0.00,Y,OTHER, ,Non-Junction,None,,,         ,Harold,Taylor,Cloudy,"Sideswipe, Same Direction",no,no,no,yes,no,False