master_record_number,agency,agency_tracking_number,county,city,collision_date,vehicles_involved,number_injured,number_dead,latitude,longitude,roadway_name,roadway_suffix,roadway_number,roadway_local_id,distance_from_reference,miles-feet_indicator,direction_from_reference,intersection_road_name,intersection_road_name_suffix,intersection_road_number,intersection_local_id,mile_marker,intersection_indicator,intersect_type,interchange_related_indicator,relation_to_junction,work_zone_type,construction_maintenance_zone,construction_maintenance_zone_location,fatal_case_number,officer_first_name,officer_last_name,weather_condition(s),manner_of_crash,pedestrian,bicycle,scooter,parking,hitrun,mou
101849853,METROPOLITAN NASHVILLE POLICE DEPT,20171066955,Davidson,Nashville,12/6/2017 7:10:00 AM,2,0,0,36.153900,-86.625640,STEWARTS FERRY PKE,,,,0.00,,,PERCY PRIEST DR,,,,0.00,Y,T-Intersection,N,Intersection,None,,,         ,Johnathan,Carlisle,Cloudy,Angle,no,no,no,no,no,False
101849859,METROPOLITAN NASHVILLE POLICE DEPT,20171067888,Davidson,Nashville,12/6/2017 1:41:00 PM,2,0,0,36.229120,-86.780810,I 24,,,,0.00,,,,,,,44.25,N,Not at Intersection, ,Non-Junction,None,,,         ,Michael,McCord,Cloudy,"Sideswipe, Same Direction",no,no,no,no,no,False
101849899,METROPOLITAN NASHVILLE POLICE DEPT,20171067913,Davidson,Nashville,12/6/2017 1:52:00 PM,2,0,0,36.237360,-86.788820,BRILEY PKWYE,,,,270.00,Feet,North,BRILEY PKWYW,,,,0.00,N,Not at Intersection, ,Non-Junction,None,,,         ,Brandon,Wood,Clear,"Sideswipe, Same Direction",no,no,no,no,no,False
101849901,METROPOLITAN NASHVILLE POLICE DEPT,2017-1067843,Davidson,Nashville,12/6/2017 1:21:00 PM,2,0,0,36.092810,-86.678860,DONELSON PKE,,,,0.00,,,HARDING PL,,,,0.00,Y,T-Intersection,N,Intersection,None,,,         ,William,Whitworth,Cloudy,Front to Rear,no,no,no,no,no,False
101849955,METROPOLITAN NASHVILLE POLICE DEPT,2017-1067906,Davidson,Nashville,12/6/2017 1:45:00 PM,2,0,0,36.153250,-86.794010,17TH AVS,,,,0.00,,,BROADWAY,,,,0.00,Y,Four-Way, ,Intersection,None,,,         ,Russell,Freeman,Cloudy,Angle,no,no,no,no,no,False
101850016,METROPOLITAN NASHVILLE POLICE DEPT,20171068128,Davidson,Nashville,12/6/2017 3:19:00 PM,2,0,0,36.096720,-86.652550,SMITH SPRINGS RD,,,,226.00,Feet,East,REYNOLDS RD,,,,0.00,N,Not at Intersection, ,Non-Junction,None,,,         ,Kimberly,Annson,Clear,Front to Rear,no,no,no,no,no,False
101850023,METROPOLITAN NASHVILLE POLICE DEPT,20171067990,Davidson,Nashville,12/6/2017 2:35:00 PM,2,0,0,36.130230,-86.700190,GOODBAR DR,,,,0.00,,,MASSMAN DR,,,,0.00,Y,Four-Way, ,Intersection,None,,,         ,Cody,O'Quinn,Cloudy,Angle,no,no,no,no,no,False
101850081,METROPOLITAN NASHVILLE POLICE DEPT,20171068268,Davidson,Nashville,12/6/2017 3:46:00 PM,2,0,0,36.166410,-86.764630,I 24,,,,0.00,,,,,,,49.00,N,Not at Intersection, ,Non-Junction,None,,,         ,Michael,Moss,Cloudy,Front to Rear,no,no,no,no,no,False
101850083,METROPOLITAN NASHVILLE POLICE DEPT,20171068189,Davidson,Nashville,12/6/2017 3:42:00 PM,2,0,0,36.154830,-86.763340,HERMITAGE AV,,,,0.00,,,ANTHES DR,,,,0.00,Y,T-Intersection, ,,None,,,         ,Jacob,Dick,,,no,no,no,no,no,False
101850085,METROPOLITAN NASHVILLE POLICE DEPT,20171068308,Davidson,Nashville,12/6/2017 12:00:00 AM,1,1,0,36.229390,-86.804350,KNIGHT DR,,,,818.00,Feet,South,EWING DR,,,,0.00,N,Not at Intersection,N,Non-Junction,None,,,         ,Melvin,Taylor,Clear,Not Collision with Motor Vehicle in Transport,no,no,no,no,no,False
101850086,METROPOLITAN NASHVILLE POLICE DEPT,20171068126,Davidson,Nashville,12/6/2017 3:26:00 PM,2,0,0,36.150530,-86.780640,9TH AVS,,,,128.00,Feet,North,DIVISION ST,,,,0.00,N,Not at Intersection, ,Non-Junction,None,,,         ,Brian,Woodard,Clear,Angle,no,no,no,no,no,False
101850089,METROPOLITAN NASHVILLE POLICE DEPT,20171068285,Davidson,Nashville,12/6/2017 4:21:00 PM,2,1,0,36.153710,-86.771160,ELM ST,,,,0.00,,,3RD AVS,,,,0.00,Y,Four-Way,Y,Intersection,None,,,         ,Derek,Betty,Clear,Angle,no,no,no,no,no,False
101850090,METROPOLITAN NASHVILLE POLICE DEPT,20171068248,Davidson,Nashville,12/6/2017 4:00:00 PM,2,0,0,36.078610,-86.745220,HARDING PL,,,,0.00,,,DANBY DR,,,,0.00,Y,Four-Way, ,Intersection,None,,,         ,Zachary,Goodall,Clear,Angle,no,no,no,no,no,False
101850096,GOODLETTSVILLE POLICE DEPT,17-42968,Davidson,Goodlettsville,12/6/2017 4:20:00 PM,2,0,0,36.309450,-86.695600,VIETNAM VETERANS BLVD SB EXT R,,,,0.00,Feet,East,CONFERENCE DR,,,,0.00,N,Not at Intersection, ,Non-Junction,None,,,         ,George,Forbes,Clear,Front to Rear,no,no,no,no,no,False
101850129,METROPOLITAN NASHVILLE POLICE DEPT,20171068332,Davidson,Nashville,12/6/2017 4:08:00 PM,2,0,0,36.183240,-86.609810,OLD HICKORY BLVD,,,,291.00,Feet,East,ANDREW JACKSON PKWY,,,,0.00,N,Not at Intersection, ,Non-Junction,None,,,         ,Jefferson,Hughes,Clear,"Sideswipe, Same Direction",no,no,no,no,no,False
101850143,METROPOLITAN NASHVILLE POLICE DEPT,20171068358,Davidson,Nashville,12/6/2017 4:40:00 PM,2,0,0,36.049740,-86.649130,MT VIEW RD,,,,139.00,Feet,East,BELL RD,,,,0.00,N,Not at Intersection, ,Non-Junction,None,,,         ,Jessie,Meadows,Clear,Front to Rear,no,no,no,no,no,False
101850164,METROPOLITAN NASHVILLE POLICE DEPT,20171068507,Davidson,Nashville,12/6/2017 12:00:00 AM,2,0,0,36.170230,-86.806940,I 40,,,,0.00,,,,,,,207.30,N,Not at Intersection, ,Non-Junction,None,,,         ,Melvin,Taylor,Clear,Front to Rear,no,no,no,no,no,False
101850165,METROPOLITAN NASHVILLE POLICE DEPT,20171068579,Davidson,Nashville,12/6/2017 5:40:00 PM,2,0,0,36.171510,-86.768010,I 24,,,,0.00,,,,,,,48.40,N,Not at Intersection, ,Non-Junction,None,,,         ,Amanda,Fox,Clear,Front to Rear,no,no,no,no,yes,False
101850166,METROPOLITAN NASHVILLE POLICE DEPT,20171068451,Davidson,Nashville,12/6/2017 4:53:00 PM,3,0,0,36.170620,-86.767270,I24 W ENT RAMP,,,,0.00,Feet,East,I 24,,,,0.00,N,Not at Intersection, ,Non-Junction,None,,,         ,Christopher,Valdez,Clear,Front to Rear,no,no,no,no,no,False
101850169,METROPOLITAN NASHVILLE POLICE DEPT,20171068349,Davidson,Nashville,12/6/2017 4:41:00 PM,2,1,0,36.240900,-86.753560,BRILEY PKWYE,,,,437.00,Feet,West,BRILEY PKWYW,,,,0.00,N,Not at Intersection,N,Non-Junction,None,,,         ,Byron,Dewalt,Clear,Front to Rear,no,no,no,no,no,False
101850179,METROPOLITAN NASHVILLE POLICE DEPT,20171068489,Davidson,Nashville,12/6/2017 4:36:00 PM,2,0,0,36.220250,-86.874900,CATO RIDGE DR,,,,0.00,,,CATO RIDGE CT,,,,0.00,Y,OTHER,N,Non-Junction,None,,,         ,Brandon,Rardin,Clear,"Sideswipe, Same Direction",no,no,no,no,yes,False
101850183,METROPOLITAN NASHVILLE POLICE DEPT,20171068244,Davidson,Nashville,12/6/2017 3:50:00 PM,2,0,0,36.144040,-86.813790,WEST END AV,,,,52.00,Feet,South,29TH AVS,,,,0.00,N,Not at Intersection, ,Non-Junction,None,,,         ,Jon,Mcvey,Cloudy,Angle,no,no,no,no,no,Campus
101850184,METROPOLITAN NASHVILLE POLICE DEPT,20171068455,Davidson,Not in City Limit,12/6/2017 5:00:00 PM,2,3,0,36.276900,-86.710600,E CAMPBELL RD,,,,519.00,Feet,West,GALLATIN PKEN,,,,0.00,N,Not at Intersection,N,Non-Junction,None,,,         ,Jerry,Pirtle,Cloudy,"Sideswipe, Same Direction",no,no,no,no,no,False
101850185,METROPOLITAN NASHVILLE POLICE DEPT,20171068570,Davidson,Nashville,12/6/2017 5:50:00 PM,2,0,0,36.084460,-86.699360,I24 E ENT RAMP,,,,0.00,Feet,East,I 24,,,,0.00,N,Not at Intersection, ,Entrance/Exit Ramp Related,None,,,         ,Eric,Keller,Clear,Front to Rear,no,no,no,no,no,False
101850191,METROPOLITAN NASHVILLE POLICE DEPT,20171068470,Davidson,Nashville,12/6/2017 4:44:00 PM,2,0,0,36.116030,-86.789690,I 440,,,,0.00,,,,,,,4.00,N,Not at Intersection,N,Non-Junction,None,,,         ,Jon,Mcvey,Cloudy,Front to Rear,no,no,no,no,yes,False
101850200,METROPOLITAN NASHVILLE POLICE DEPT,20171068371,Davidson,Nashville,12/6/2017 4:48:00 PM,2,1,0,36.119150,-86.667300,DONELSON PKE,,,,926.00,Feet,North,HANGAR LN,,,,0.00,N,Not at Intersection,N,Non-Junction,None,,,         ,Michael,Apsey,Clear,Front to Rear,no,no,no,no,no,False
101850209,METROPOLITAN NASHVILLE POLICE DEPT,20171068604,Davidson,Nashville,12/6/2017 4:56:00 PM,3,1,0,36.241140,-86.759440,BRILEY PKWY E EXT RAMP,,,,0.00,Feet,East,BRILEY PKWYE,,,,0.00,N,Not at Intersection,N,Non-Junction,None,,,         ,Samuel,Miller,Cloudy,Front to Rear,no,no,no,no,no,False
101850217,METROPOLITAN NASHVILLE POLICE DEPT,20171068603,Davidson,Nashville,12/6/2017 5:30:00 PM,2,0,0,36.121720,-86.761890,I 440,,,,0.00,,,,,,,5.70,N,Not at Intersection, ,Non-Junction,None,,,         ,Jon,Mcvey,Cloudy,Front to Rear,no,no,no,no,no,False
101850220,METROPOLITAN NASHVILLE POLICE DEPT,20171068440,Davidson,Nashville,12/6/2017 5:00:00 PM,2,0,0,36.181740,-86.641660,LEBANON PKE,,,,35.00,Feet,West,DOWNEYMEADE DR,,,,0.00,N,Not at Intersection,N,Non-Junction,None,,,         ,John,Kelley,Clear,Front to Rear,no,no,no,no,no,False
101850224,METROPOLITAN NASHVILLE POLICE DEPT,20171068722,Davidson,Nashville,12/6/2017 12:00:00 AM,2,0,0,36.142470,-86.735940,I 40,,,,0.00,,,,,,,212.75,N,Not at Intersection,N,Non-Junction,None,,,         ,Craig,Gentry,Clear,Front to Rear,no,no,no,no,yes,False
101850225,METROPOLITAN NASHVILLE POLICE DEPT,20171068569,Davidson,Nashville,12/6/2017 5:54:00 PM,2,1,0,36.185830,-86.628390,CENTRAL PKE,,,,360.00,Feet,West,STONERS BEND DR,,,,0.00,N,Not at Intersection,N,Non-Junction,None,,,         ,Jefferson,Hughes,Clear,Angle,no,no,no,no,yes,False
101850226,METROPOLITAN NASHVILLE POLICE DEPT,20171054033,Davidson,Nashville,12/1/2017 3:25:00 PM,2,0,0,36.168860,-86.783840,JAMES ROBERTSON PKWY,,,,0.00,,,5TH AVN,,,,0.00,Y,OTHER, ,Non-Junction,None,,,         ,Michael,Douglas,Clear,"Sideswipe, Same Direction",no,no,no,no,yes,False
101850229,Metro Park Police,2017-1068607,Davidson,Nashville,12/6/2017 5:24:00 PM,2,0,0,36.141130,-86.627970,BELL RD,,,,0.00,,,ELM HILL PKE,,,,0.00,Y,OTHER, ,,None,,,         ,Brian,Thompson,,,no,no,no,no,no,False
101850246,METROPOLITAN NASHVILLE POLICE DEPT,20171068753,Davidson,Nashville,12/6/2017 7:17:00 PM,2,0,0,36.053610,-86.672780,I 24,,,,0.00,,,,,,,58.45,N,Not at Intersection, ,Non-Junction,None,,,         ,William,Durham,Clear,"Sideswipe, Same Direction",no,no,no,no,no,False
101850250,METROPOLITAN NASHVILLE POLICE DEPT,2017-1068766,Davidson,Nashville,12/6/2017 7:33:00 PM,1,0,0,36.081340,-86.919120,OLD HICKORY BLVD,,,,107.00,Feet,South,BELLE FOREST CONDOS PVTDR,,,,0.00,N,Not at Intersection,N,Non-Junction,None,,,         ,Michael,Rogers,Clear,Not Collision with Motor Vehicle in Transport,no,no,no,no,no,False
101850261,METROPOLITAN NASHVILLE POLICE DEPT,20171068654,Davidson,Nashville,12/6/2017 4:39:00 PM,2,0,0,36.028120,-86.636040,I 24,,,,0.00,,,,,,,61.20,N,Not at Intersection, ,Non-Junction,None,,,         ,Joseph,Progar,Clear,Front to Rear,no,no,no,no,no,False
101850262,METROPOLITAN NASHVILLE POLICE DEPT,20171068744,Davidson,Nashville,12/6/2017 6:54:00 PM,2,1,0,36.185510,-86.796890,I 65,,,,0.00,,,,,,,85.40,N,Not at Intersection,N,Non-Junction,None,,,         ,Matthew,Dixon,Clear,Front to Rear,no,no,no,no,no,False
101850263,METROPOLITAN NASHVILLE POLICE DEPT,20171068726,Davidson,Nashville,12/6/2017 7:00:00 PM,2,3,0,36.124550,-86.727810,I 24,,,,0.00,,,,,,,52.60,N,Not at Intersection,N,Non-Junction,None,,,         ,John,Joyce,Clear,Front to Rear,no,no,no,no,yes,False
101850269,METROPOLITAN NASHVILLE POLICE DEPT,20171068698,Davidson,Nashville,12/6/2017 5:30:00 PM,2,0,0,36.121510,-86.758150,I 440,,,,0.00,,,,,,,5.90,N,Not at Intersection,N,Non-Junction,None,,,         ,Jon,Mcvey,Cloudy,Angle,no,no,no,no,yes,False
101850274,METROPOLITAN NASHVILLE POLICE DEPT,20171068738,Davidson,Nashville,12/6/2017 7:18:00 PM,2,0,0,36.150900,-86.770640,4TH AVS,,,,0.00,,,I40 W EXT RAMP,,,,0.00,Y,Four-Way, ,Intersection,None,,,         ,Jacob,Dick,Clear,Angle,no,no,no,no,no,False
101850279,METROPOLITAN NASHVILLE POLICE DEPT,20171068504,Davidson,Nashville,12/6/2017 5:33:00 PM,2,0,0,36.246620,-86.743970,I65 N ENT RAMP,,,,90.00,Feet,South,I 65,,,,0.00,N,Not at Intersection, ,Non-Junction,None,,,         ,Samuel,Miller,Cloudy,Front to Rear,no,no,no,no,no,False
101850290,METROPOLITAN NASHVILLE POLICE DEPT,20171068642,Davidson,Nashville,12/6/2017 5:50:00 PM,2,0,0,36.119280,-86.698280,BRILEY PKWY S EXT RAMP,,,,0.00,,,BRILEY PKWYS,,,,0.00,Y,OTHER, ,Non-Junction,None,,,         ,Benjamin,Froehlich,Clear,"Sideswipe, Same Direction",no,no,no,no,yes,False
101850299,GOODLETTSVILLE POLICE DEPT,17-42989,Davidson,Goodlettsville,12/6/2017 7:35:00 PM,2,0,0,36.312240,-86.701420,I 65,,,,0.00,,,,,,,96.20,N,Not at Intersection, ,Non-Junction,None,,,         ,Donald,Brinton,Clear,"Sideswipe, Same Direction",no,no,no,no,no,False
101850309,METROPOLITAN NASHVILLE POLICE DEPT,20171068627,Davidson,Nashville,12/6/2017 6:14:00 PM,2,1,0,36.255160,-86.738510,I 65,,,,0.00,,,,,,,91.60,N,Not at Intersection,N,Non-Junction,None,,,         ,Samuel,Miller,Cloudy,Front to Rear,no,no,no,no,no,False
101850314,METROPOLITAN NASHVILLE POLICE DEPT,20171068072,Davidson,Nashville,12/6/2017 3:00:00 PM,2,0,0,36.162110,-86.790610,CHARLOTTE AV,,,,0.00,,,11TH AVN,,,,0.00,Y,Four-Way, ,Intersection-Related,None,,,         ,Jon,Mcvey,Cloudy,"Sideswipe, Same Direction",no,no,no,no,no,False
101850327,METROPOLITAN NASHVILLE POLICE DEPT,20171068832,Davidson,Nashville,12/6/2017 7:40:00 PM,3,1,0,36.145440,-86.871530,CHARLOTTE PKE,,,,335.00,Feet,West,WESTBORO DR,,,,0.00,N,Not at Intersection,N,Non-Junction,None,,,         ,Alex,Lampley,Clear,Front to Rear,no,no,no,no,no,False
101850333,METROPOLITAN NASHVILLE POLICE DEPT,20171068810,Davidson,Nashville,12/6/2017 7:52:00 PM,2,0,0,36.242820,-86.784980,I 24,,,,0.00,,,,,,,42.80,N,Not at Intersection,Y,Non-Junction,None,,,         ,Rodney,Phipps,Clear,Angle,no,no,no,no,no,False
101850335,METROPOLITAN NASHVILLE POLICE DEPT,20171068910,Davidson,Nashville,12/6/2017 6:51:00 PM,2,0,0,36.041170,-86.776520,OLD HICKORY BLVD,,,,92.00,Feet,West,BRENTWOOD COMMONS WAY,,,,0.00,N,Not at Intersection,N,Non-Junction,None,,,         ,Edin,Plancic,Clear,Front to Rear,no,no,no,no,no,False
101850336,METROPOLITAN NASHVILLE POLICE DEPT,20171068921,Davidson,Nashville,12/6/2017 6:20:00 PM,2,0,0,36.091350,-86.762760,I 65,,,,0.00,,,,,,,78.45,N,Not at Intersection,N,Non-Junction,None,,,         ,Eric,Burford,Clear,Front to Rear,no,no,no,no,no,False
101850350,METROPOLITAN NASHVILLE POLICE DEPT,20171068788,Davidson,Nashville,12/6/2017 7:47:00 PM,4,1,0,36.098540,-86.710210,I 24,,,,0.00,,,,,,,54.70,N,Not at Intersection,Y,Non-Junction,None,,,         ,Benjamin,Froehlich,Clear,Front to Rear,no,no,no,no,yes,False
101850357,METROPOLITAN NASHVILLE POLICE DEPT,20171068665,Davidson,Nashville,12/6/2017 6:21:00 PM,3,0,0,36.255260,-86.738490,I 65,,,,0.00,,,,,,,91.60,N,Not at Intersection, ,Non-Junction,None,,,         ,Samuel,Miller,Cloudy,Front to Rear,no,no,no,no,no,False
101850375,METROPOLITAN NASHVILLE POLICE DEPT,20171068544,Davidson,Nashville,12/6/2017 5:24:00 PM,2,0,0,36.084900,-86.761820,SIDCO DR,,,,0.00,,,ELYSIAN FIELDS RD,,,,0.00,Y,T-Intersection,Y,Intersection-Related,None,,,         ,Austin,Kendrick,Clear,Angle,no,no,no,no,yes,False
101850391,METROPOLITAN NASHVILLE POLICE DEPT,20171068583,Davidson,Nashville,12/6/2017 5:31:00 PM,2,0,0,36.039270,-86.648890,I 24,,,,0.00,,,,,,,60.10,N,Not at Intersection, ,Non-Junction,None,,,         ,Darryl,Williams,Clear,Front to Rear,no,no,no,no,no,False
101850394,METROPOLITAN NASHVILLE POLICE DEPT,20171069095,Davidson,Nashville,12/6/2017 5:05:00 PM,2,0,0,36.151320,-86.862500,I 40,,,,0.00,,,,,,,203.70,N,Not at Intersection,N,Non-Junction,None,,,         ,Samuel,Miller,Cloudy,"Sideswipe, Same Direction",no,no,no,no,yes,False
101850395,GOODLETTSVILLE POLICE DEPT,17-42984,Davidson,Goodlettsville,12/6/2017 6:50:00 PM,3,0,0,36.312085,-86.676434,VIETNAM VETERANS,BLVD,SR386,,0.00,,,,,,,2.10,N,Not at Intersection,N,Non-Junction,None,,,         ,Shane,Farrell,Clear,Front to Rear,no,no,no,no,no,False
101850420,GOODLETTSVILLE POLICE DEPT,17-42987,Davidson,Goodlettsville,12/6/2017 7:24:00 PM,2,0,0,36.305910,-86.693820,CONFERENCE,DR,,,0.00,,,MALL ACCESS,RD,,,0.00,Y,T-Intersection,N,Intersection,None,,,         ,William,Hunter,Cloudy,Angle,no,no,no,no,no,False
101850429,METROPOLITAN NASHVILLE POLICE DEPT,20171068077,Davidson,Nashville,12/6/2017 3:10:00 PM,1,1,0,36.169760,-86.862340,CENTENNIAL BLVD,,,,173.00,Feet,South,CENTENNIAL BLVD ACCESS RD,,,,0.00,N,Not at Intersection,N,Non-Junction,None,,,         ,Brandon,Pedigo,Clear,Not Collision with Motor Vehicle in Transport,no,no,no,no,no,False
101850434,METROPOLITAN NASHVILLE POLICE DEPT,20171068616,Davidson,Not in City Limit,12/6/2017 6:06:00 PM,3,0,0,36.019330,-86.626290,I 24,,,,0.00,,,,,,,62.10,N,Not at Intersection,N,Non-Junction,None,,,         ,Pamela,Caulder,Clear,Front to Rear,no,no,no,no,no,False
101850452,METROPOLITAN NASHVILLE POLICE DEPT,20171069246,Davidson,Not in City Limit,12/6/2017 11:08:00 PM,1,1,0,36.272170,-86.879830,OLD HICKORY BLVD,,,,102.00,Feet,South,CARNEY RD,,,,0.00,N,Not at Intersection,N,Non-Junction,None,,,         ,James,Murphy,Clear,Not Collision with Motor Vehicle in Transport,yes,no,no,no,no,False
101850493,METROPOLITAN NASHVILLE POLICE DEPT,20171069865,Davidson,Nashville,12/7/2017 2:30:00 AM,2,0,0,36.189190,-86.776190,I 24,,,,0.00,,,,,,,47.00,N,Not at Intersection, ,Non-Junction,None,,,         ,Harris,Smith,Clear,Front to Rear,no,no,no,no,no,False
101850574,METROPOLITAN NASHVILLE POLICE DEPT,20171066997,Davidson,Not in City Limit,12/6/2017 7:30:00 AM,1,0,0,36.095440,-86.987000,BUFFALO RD,,,,1395.00,Feet,North,HUNTWICK TRL,,,,0.00,N,Not at Intersection,N,Non-Junction,None,,,         ,Benjamin,Cantrell,Clear,Not Collision with Motor Vehicle in Transport,no,no,no,no,yes,False
101850581,METROPOLITAN NASHVILLE POLICE DEPT,20171070349,Davidson,Nashville,12/7/2017 7:08:00 AM,2,0,0,36.151790,-86.768570,I40 W EXT RAMP,,,,0.00,,,2ND AVS,,,,0.00,Y,Four-Way, ,Intersection,None,,,         ,Charles,Coe,Clear,Front to Rear,no,no,no,no,no,False
101850589,METROPOLITAN NASHVILLE POLICE DEPT,20171070384,Davidson,Nashville,12/7/2017 7:23:00 AM,3,1,0,36.084050,-86.895240,HARDING PKE,,,,335.00,Feet,South,BROOKMONT TER,,,,0.00,N,Not at Intersection,N,Non-Junction,None,,,         ,Curtis,Rich,Clear,Front to Rear,no,no,no,no,no,False
101850608,METROPOLITAN NASHVILLE POLICE DEPT,20171070472,Davidson,Nashville,12/1/2017 12:00:00 PM,2,0,0,36.198060,-86.690050,OPRY MILLS DR,,,,624.00,Feet,North,BRILEY PKWY S EXT RAMP,,,,0.00,N,Not at Intersection, ,,None,,,         ,Benjamin,Cantrell,,,no,no,no,yes,no,False
101850613,METROPOLITAN NASHVILLE POLICE DEPT,20171070414,Davidson,Nashville,12/7/2017 7:25:00 AM,2,0,0,36.124030,-86.751660,NOLENSVILLE PKE,,,,0.00,,,I440 W ENT RAMP,,,,0.00,Y,T-Intersection, ,Intersection,None,,,         ,Michael,Quinn,Clear,Front to Rear,no,no,no,no,no,False
101850625,METROPOLITAN NASHVILLE POLICE DEPT,20171070552,Davidson,Nashville,12/7/2017 8:26:00 AM,2,1,0,36.082100,-86.761700,I65 N EXT RAMP,,,,0.00,,,HARDING PL,,,,0.00,Y,Four-Way,N,Entrance/Exit Ramp Related,None,,,         ,Nathan,Kemp,Clear,Front to Rear,no,no,no,no,no,False
101850626,METROPOLITAN NASHVILLE POLICE DEPT,20171034136,Davidson,Nashville,12/7/2017 7:35:00 AM,2,0,0,36.163480,-86.824800,ALBION ST,,,,0.00,Feet,,32ND AVN,,,,0.00,Y,OTHER,Y,Intersection,None,,,         ,James,Jarvis,Clear,Angle,no,no,no,no,no,False
101850628,METROPOLITAN NASHVILLE POLICE DEPT,20171070506,Davidson,Antioch,12/7/2017 8:08:00 AM,2,0,0,36.068480,-86.585200,SMITH SPRINGS PKWY,,,,0.00,,,HOBSON PKE,,,,0.00,Y,Four-Way,N,Non-Junction,None,,,         ,Steven,Williams,Clear,Front to Rear,no,no,no,no,no,False
101850638,METROPOLITAN NASHVILLE POLICE DEPT,20171070444,Davidson,Nashville,12/7/2017 7:40:00 AM,3,1,0,36.148950,-86.776880,I 40,,,,0.00,,,,,,,210.00,N,Not at Intersection,N,Non-Junction,None,,,         ,William,Gibbs,Clear,"Sideswipe, Same Direction",no,no,no,no,yes,False
101850640,METROPOLITAN NASHVILLE POLICE DEPT,20171070525,Davidson,Nashville,12/7/2017 8:10:00 AM,2,0,0,36.153270,-86.769560,2ND AVS,,,,0.00,,,ASH ST,,,,0.00,Y,T-Intersection, ,Intersection,None,,,         ,Charles,Coe,Clear,"Sideswipe, Same Direction",no,no,no,no,no,False
101850647,METROPOLITAN NASHVILLE POLICE DEPT,20171070431,Davidson,Not in City Limit,12/7/2017 7:30:00 AM,2,0,0,36.262240,-86.684450,LARKIN SPRINGS RD,,,,141.00,Feet,South,E OLD HICKORY BLVD,,,,0.00,N,Not at Intersection, ,Non-Junction,None,,,         ,Brian,Otto,Clear,Angle,no,no,no,no,no,False
101850654,METROPOLITAN NASHVILLE POLICE DEPT,20171070319,Davidson,Nashville,12/7/2017 6:40:00 AM,2,0,0,36.161720,-86.646440,STEWARTS FERRY PKE,,,,0.00,,,CREEKSTONE CIR,,,,0.00,Y,T-Intersection,N,Non-Junction,None,,,         ,Larry,Benz,Clear,Front to Rear,no,no,no,no,no,False
101850655,METROPOLITAN NASHVILLE POLICE DEPT,20171070539,Davidson,Nashville,12/7/2017 7:55:00 AM,2,1,0,36.187950,-86.607770,ANDREW JACKSON PKWY,,,,0.00,,,OLD LEBANON DIRT RD,,,,0.00,Y,Four-Way,N,Intersection,None,,,         ,Michael,Brooks,Clear,Front to Rear,no,no,no,no,yes,False
101850656,METROPOLITAN NASHVILLE POLICE DEPT,20171070596,Davidson,Nashville,12/7/2017 7:53:00 AM,1,0,0,36.199900,-86.584600,CHANDLER RD,,,,500.00,Feet,West,CHANDLER GROVE DR,,,,0.00,N,Not at Intersection, ,Non-Junction,None,,,         ,Michael,Brooks,Clear,Not Collision with Motor Vehicle in Transport,no,no,no,no,no,False
101850657,METROPOLITAN NASHVILLE POLICE DEPT,20171070611,Davidson,Nashville,12/7/2017 8:50:00 AM,2,0,0,36.158090,-86.791740,14TH AVN,,,,70.00,Feet,North,CHURCH ST,,,,0.00,N,Not at Intersection, ,,None,,,         ,Brian,Murphy,,,no,no,no,no,no,False
101850673,METROPOLITAN NASHVILLE POLICE DEPT,20171070458,Davidson,Nashville,12/7/2017 7:51:00 AM,2,0,0,36.240490,-86.780690,BRICK CHURCH PKE,,,,147.00,Feet,South,BRILEY PARK BLVDS,,,,0.00,N,Not at Intersection,N,Non-Junction,None,,,         ,Jack,Crouch,Clear,Front to Rear,no,no,no,no,no,False
101850676,METROPOLITAN NASHVILLE POLICE DEPT,20171070463,Davidson,Nashville,12/7/2017 7:30:00 AM,2,0,0,36.135990,-86.698810,ARBOR CREEK BLVD,,,,0.00,,,BRILEY PKWY,,,,0.00,Y,Four-Way, ,Intersection,None,,,         ,Scott,Toney,Clear,Angle,no,no,no,no,no,False
101850679,METROPOLITAN NASHVILLE POLICE DEPT,20171070546,Davidson,Nashville,12/7/2017 8:18:00 AM,3,1,0,36.040130,-86.649730,I 24,,,,0.00,,,,,,,60.00,N,Not at Intersection,N,Non-Junction,None,,,         ,Sekou,Samassi,Clear,Front to Rear,no,no,no,no,yes,False
101850699,THP District 3 - Nashville,317073045,Davidson,Nashville,12/7/2017 7:05:00 AM,2,0,0,36.170290,-86.597780,I 40,,,,0.00,,,,,,,221.00,N,Not at Intersection, ,Non-Junction,None,,,         ,Chad,Bilbrey,Clear,Front to Rear,no,no,no,no,no,False
101850701,METROPOLITAN NASHVILLE POLICE DEPT,20171070583,Davidson,Nashville,12/7/2017 8:40:00 AM,2,1,0,36.204570,-86.748300,E TRINITY LN,,,,27.00,Feet,East,AMBROSE AV,,,,0.00,N,Not at Intersection,N,Non-Junction,None,,,         ,Steven,Spillers,Clear,Angle,no,no,no,no,no,False
101850702,VANDERBILT UNIVERSITY POLICE,17-1067860,Davidson,Nashville,12/6/2017 1:30:00 PM,2,0,0,36.151370,-86.799330,20TH AVS,,,,0.00,,,WEST END AV,,,,0.00,Y,Four-Way, ,Intersection,None,,,         ,Sean,Hughes,Clear,Front to Rear,no,no,no,no,no,Campus