master_record_number,agency,agency_tracking_number,county,city,collision_date,vehicles_involved,number_injured,number_dead,latitude,longitude,roadway_name,roadway_suffix,roadway_number,roadway_local_id,distance_from_reference,miles-feet_indicator,direction_from_reference,intersection_road_name,intersection_road_name_suffix,intersection_road_number,intersection_local_id,mile_marker,intersection_indicator,intersect_type,interchange_related_indicator,relation_to_junction,work_zone_type,construction_maintenance_zone,construction_maintenance_zone_location,fatal_case_number,officer_first_name,officer_last_name,weather_condition(s),manner_of_crash,pedestrian,bicycle,scooter,parking,hitrun,mou
101850737,METROPOLITAN NASHVILLE POLICE DEPT,20171070698,Davidson,Nashville,12/7/2017 9:38:00 AM,3,1,0,36.176640,-86.771010,SPRING ST,,,,0.00,,,DICKERSON PKE,,,,0.00,Y,T-Intersection,N,Intersection,None,,,         ,Richard,Conger,Clear,Front to Rear,no,no,no,no,no,False
101850739,METROPOLITAN NASHVILLE POLICE DEPT,20171070770,Davidson,Nashville,12/7/2017 9:21:00 AM,2,0,0,36.181990,-86.814420,23RD AVN,,,,72.00,Feet,South,SEIFRIED ST,,,,0.00,N,Not at Intersection,N,Non-Junction,None,,,         ,James,Jarvis,Clear,"Sideswipe, Same Direction",no,no,no,no,no,False
101850741,METROPOLITAN NASHVILLE POLICE DEPT,20171070691,Davidson,Nashville,12/7/2017 9:36:00 AM,2,0,0,36.154500,-86.787880,13TH AVS,,,,184.00,Feet,South,I40 W EXT RAMP,,,,0.00,N,Not at Intersection, ,Non-Junction,None,,,         ,William,Gibbs,Clear,Front to Rear,no,no,no,no,no,False
101850746,METROPOLITAN NASHVILLE POLICE DEPT,20171070449,Davidson,Nashville,12/7/2017 7:47:00 AM,1,1,0,36.164650,-86.755220,S 7TH ST,,,,0.00,,,LENORE ST,,,,0.00,Y,Four-Way,N,Non-Junction,None,,,         ,Richard,Conger,Clear,Not Collision with Motor Vehicle in Transport,yes,no,no,no,no,False
101850748,Nashville Airport Police,2017-04315`,Davidson,Nashville,12/3/2017 12:00:00 AM,2,0,0,36.133410,-86.665080,BNA DR,,,,0.00,Feet,,TERMINAL DR,,,,0.00,Y,OTHER, ,Non-Junction,None,,,         ,Patrick,Nicholson,Clear,Angle,no,no,no,yes,no,False
101850749,VANDERBILT UNIVERSITY POLICE,17-1070502,Davidson,Nashville,12/7/2017 8:00:00 AM,2,0,0,36.145200,-86.798740,21ST AVS,,,,0.00,,,,,,,0.00,,, ,Non-Junction,None,,,         ,Yasemine,Lomax,Clear,Rear to Rear,no,no,no,yes,no,Campus
101850750,GOODLETTSVILLE POLICE DEPT,17-42990,Davidson,Goodlettsville,12/6/2017 7:45:00 PM,2,0,0,36.324020,-86.704020,I65 N EXT RAMP,,,,75.00,Feet,South,LONG HOLLOW PKE,,,,0.00,N,Not at Intersection, ,Entrance/Exit Ramp Related,None,,,         ,Charles,Hauskin,Clear,Front to Rear,no,no,no,no,no,False
101850814,METROPOLITAN NASHVILLE POLICE DEPT,2017-1070504,Davidson,Nashville,12/7/2017 8:06:00 AM,1,0,0,36.091080,-86.771980,N CURTISWOOD LN,,,,201.00,Feet,West,FRANKLIN PKE,,,,0.00,N,Not at Intersection,N,Non-Junction,None,,,         ,Erik,Wagner,Clear,Not Collision with Motor Vehicle in Transport,no,no,no,no,no,False
101850815,METROPOLITAN NASHVILLE POLICE DEPT,2017-1070657,Davidson,Nashville,12/7/2017 9:14:00 AM,2,0,0,36.134270,-86.775070,WEDGEWOOD AV,,,,102.00,Feet,West,I65 N ENT RAMP,,,,0.00,N,Not at Intersection, ,,None,,,         ,Erik,Wagner,,,no,no,no,no,no,False
101850816,METROPOLITAN NASHVILLE POLICE DEPT,2017-1070332,Davidson,Nashville,12/7/2017 6:47:00 AM,2,0,0,36.144760,-86.776930,I 65,,,,0.00,,,,,,,82.15,N,Not at Intersection,N,Non-Junction,None,,,         ,Erik,Wagner,Clear,Front to Rear,no,no,no,no,no,False
101850823,METROPOLITAN NASHVILLE POLICE DEPT,20171071115,Davidson,Nashville,12/7/2017 12:34:00 PM,2,0,0,36.172690,-86.765260,S 5TH ST,,,,60.00,Feet,South,MAIN ST,,,,0.00,N,Not at Intersection, ,Non-Junction,None,,,         ,Richard,Conger,Clear,"Sideswipe, Same Direction",no,no,no,no,no,False
101850840,METROPOLITAN NASHVILLE POLICE DEPT,20171071120,Davidson,Nashville,12/7/2017 12:35:00 PM,1,1,0,36.046220,-86.714790,OLD HICKORY BLVD,,,,364.00,Feet,North,BRENTWOOD EAST DR,,,,0.00,N,Not at Intersection,N,Non-Junction,None,,,         ,Darren,White,Clear,Not Collision with Motor Vehicle in Transport,yes,no,no,yes,no,False
101850841,METROPOLITAN NASHVILLE POLICE DEPT,20171071066,Davidson,Nashville,12/7/2017 12:12:00 PM,2,0,0,36.256190,-86.714390,NEELYS BEND RD,,,,0.00,,,GALLATIN PKES,,,,0.00,Y,T-Intersection,N,Intersection,None,,,         ,Thomas,Odom,Clear,Front to Rear,no,no,no,no,no,False
101850843,METROPOLITAN NASHVILLE POLICE DEPT,20171071190,Davidson,Not in City Limit,12/7/2017 12:29:00 PM,2,0,0,36.073150,-87.006860,MCCRORY LN,,,,0.62,Miles,West,NEWSOM STATION RD,,,,0.00,N,Not at Intersection, ,Non-Junction,Maintenance Zone,,,         ,Curtis,Rich,Cloudy,Front to Rear,no,no,no,no,yes,False
101850850,METROPOLITAN NASHVILLE POLICE DEPT,20171071209,Davidson,Nashville,12/7/2017 1:07:00 PM,2,0,0,36.167550,-86.756880,S 7TH ST,,,,122.00,Feet,South,CAYCE PLACE PVTDR,,,,0.00,N,Not at Intersection, ,Non-Junction,None,,,         ,Richard,Conger,Clear,"Sideswipe, Same Direction",no,no,no,no,yes,False
101850852,METROPOLITAN NASHVILLE POLICE DEPT,2017-1067505,Davidson,Nashville,12/6/2017 11:00:00 AM,2,0,0,36.154720,-86.807570,LESLIE AV,,,,0.00,,,,,,,0.00,,,N,Non-Junction,None,,,         ,Russell,Freeman,Clear,Front to Rear,no,no,no,yes,yes,False
101850873,METROPOLITAN NASHVILLE POLICE DEPT,20171071121,Davidson,Antioch,12/7/2017 12:38:00 PM,1,0,0,36.053870,-86.572770,LAVERGNE COUCHVILLE PKE,,,,148.00,Feet,South,HAMILTON CHURCH RD,,,,0.00,N,Not at Intersection,N,Non-Junction,None,,,         ,Jessie,Meadows,Clear,Not Collision with Motor Vehicle in Transport,no,no,no,no,no,False
101850896,METROPOLITAN NASHVILLE POLICE DEPT,20171071208,Davidson,Nashville,12/7/2017 12:00:00 AM,2,0,0,36.173030,-86.792400,9TH AVN,,,,0.00,,,JEFFERSON ST,,,,0.00,Y,Four-Way, ,Intersection,None,,,         ,Nicholas,MacDougall,Clear,Angle,no,no,no,no,no,False
101850899,METROPOLITAN NASHVILLE POLICE DEPT,20171071165,Davidson,Nashville,12/7/2017 12:45:00 PM,2,0,0,36.144910,-86.869560,NEIGHBORLY AV,,,,411.00,Feet,West,MARCIA AV,,,,0.00,N,Not at Intersection, ,Non-Junction,None,,,         ,George,Spencer,Clear,Other,no,no,no,no,no,False
101850902,METROPOLITAN NASHVILLE POLICE DEPT,20171070776,Davidson,Nashville,12/7/2017 9:30:00 AM,2,0,0,36.161400,-86.613530,BELL RD,,,,711.00,Feet,South,DODSON CHAPEL RD,,,,0.00,N,Not at Intersection,N,Non-Junction,Maintenance Zone,Laneclosure,Before First Warning Area,         ,Gerald,Gomes,Cloudy,Front to Rear,no,no,no,no,yes,False
101850905,METROPOLITAN NASHVILLE POLICE DEPT,20171071079,Davidson,Nashville,12/7/2017 10:20:00 AM,2,0,0,36.163650,-86.785200,ROSA L PARKS AV,,,,257.00,Feet,South,6TH AVN,,,,0.00,N,Not at Intersection, ,Non-Junction,None,,,         ,Carey,Steel,Clear,"Sideswipe, Same Direction",no,no,no,no,yes,False
101850914,METROPOLITAN NASHVILLE POLICE DEPT,20171070725,Davidson,Not in City Limit,12/7/2017 9:53:00 AM,2,0,0,36.282820,-86.707220,GALLATIN PKEN,,,,220.00,Feet,South,EDGEMEADE BLVD,,,,0.00,N,Not at Intersection,N,Non-Junction,None,,,         ,Faye,Denson,Clear,Angle,no,no,no,no,yes,False
101850917,METROPOLITAN NASHVILLE POLICE DEPT,20171071236,Davidson,Nashville,12/7/2017 1:04:00 PM,2,0,0,36.256360,-86.714300,GALLATIN PKES,,,,68.00,Feet,North,NEELYS BEND RD,,,,0.00,N,Not at Intersection,N,Non-Junction,None,,,         ,Thomas,Odom,Clear,"Sideswipe, Same Direction",no,no,no,no,yes,False
101850918,METROPOLITAN NASHVILLE POLICE DEPT,2017-1070911,Davidson,Nashville,12/7/2017 11:04:00 AM,1,0,0,36.156600,-86.760540,I40 W ENT RAMP,,,,0.00,Feet,East,I 24,,,,0.00,N,Not at Intersection,Y,Entrance/Exit Ramp Related,None,,,         ,William,Whitworth,Cloudy,Not Collision with Motor Vehicle in Transport,no,no,no,no,no,False
101850943,METROPOLITAN NASHVILLE POLICE DEPT,20171071240,Davidson,Nashville,12/7/2017 1:30:00 PM,2,0,0,36.124200,-86.848750,HARDING PKE,,,,87.00,Feet,East,ROYAL OAKS CONDOS PVTDR,,,,0.00,N,Not at Intersection, ,Non-Junction,None,,,         ,Curtis,Rich,Clear,Angle,no,no,no,no,no,False
101850944,METROPOLITAN NASHVILLE POLICE DEPT,20171071203,Davidson,Nashville,12/7/2017 1:00:00 PM,2,0,0,36.160370,-86.794500,CHARLOTTE AV,,,,300.00,Feet,East,15TH AVN,,,,0.00,N,Not at Intersection, ,Non-Junction,None,,,         ,Brian,Murphy,Clear,Front to Rear,no,no,no,no,no,False
101850945,METROPOLITAN NASHVILLE POLICE DEPT,20171071251,Davidson,Nashville,12/7/2017 1:22:00 PM,2,0,0,36.038030,-86.800780,WESTPARK DR,,,,71.00,Feet,South,OLD HICKORY BLVD,,,,0.00,N,Not at Intersection, ,,None,,,         ,Darren,White,,,no,no,no,no,no,False
101850953,METROPOLITAN NASHVILLE POLICE DEPT,2017-1071076,Davidson,Nashville,12/7/2017 11:47:00 AM,2,0,0,36.151640,-86.786610,I 40,,,,0.00,,,,,,,209.50,N,Not at Intersection, ,,None,,,         ,Allen,Bates,,,no,no,no,no,no,False
101850961,METROPOLITAN NASHVILLE POLICE DEPT,20171071316,Davidson,Nashville,12/7/2017 12:00:00 AM,2,0,0,36.153100,-86.688730,ELM HILL PKE,,,,320.00,Feet,West,ATRIUM WAY,,,,0.00,N,Not at Intersection,N,Non-Junction,None,,,         ,Michael,Dance,Clear,"Sideswipe, Same Direction",no,no,no,no,yes,False
101851020,METROPOLITAN NASHVILLE POLICE DEPT,20171071350,Davidson,Nashville,12/7/2017 2:20:00 PM,2,0,0,36.166060,-86.782040,5TH AVN,,,,83.00,Feet,North,CHARLOTTE AV,,,,0.00,N,Not at Intersection, ,Non-Junction,None,,,         ,Steven,Frazier Jr.,Clear,"Sideswipe, Same Direction",no,no,no,no,no,False
101851021,METROPOLITAN NASHVILLE POLICE DEPT,20171071129,Davidson,Nashville,12/7/2017 12:27:00 PM,2,0,0,36.164030,-86.786240,CHARLOTTE AV,,,,0.00,,,ROSA L PARKS BLVD,,,,0.00,Y,Four-Way, ,Intersection,None,,,         ,Frank,Campbell,Cloudy,"Sideswipe, Same Direction",no,no,no,no,no,False
101851059,METROPOLITAN NASHVILLE POLICE DEPT,20171071307,Davidson,Nashville,12/7/2017 1:50:00 PM,2,2,0,36.241370,-86.756850,BRILEY PKWYW,,,,111.00,Feet,East,BRILEY PKWY W ENT RAMP,,,,0.00,N,Not at Intersection,N,Non-Junction,None,,,         ,Brandon,Wood,Clear,Front to Rear,no,no,no,no,no,False
101851111,METROPOLITAN NASHVILLE POLICE DEPT,20171071351,Davidson,Nashville,12/7/2017 2:15:00 PM,1,2,0,36.127200,-86.706900,THOMPSON PL,,,,100.00,Feet,East,PATRICIA DR,,,,0.00,N,Not at Intersection,N,Non-Junction,None,,,         ,Cody,O'Quinn,Clear,Not Collision with Motor Vehicle in Transport,no,no,no,yes,no,False
101851113,METROPOLITAN NASHVILLE POLICE DEPT,20171071489,Davidson,Nashville,12/7/2017 3:16:00 PM,2,1,0,36.103350,-86.816090,WARFIELD DR,,,,0.00,,,HILLSBORO PKE,,,,0.00,Y,Four-Way,N,Intersection-Related,None,,,         ,Tien,Nguyen,Clear,Front to Rear,no,no,no,no,no,False
101851119,METROPOLITAN NASHVILLE POLICE DEPT,20171071501,Davidson,Antioch,12/7/2017 3:25:00 PM,2,0,0,36.047840,-86.612050,MURFREESBORO PKE,,,,0.00,,,MOUNTAIN SPRINGS RD,,,,0.00,Y,Four-Way,N,Intersection,None,,,         ,Candice,Soper,Clear,Angle,no,no,no,no,yes,False
101851128,METROPOLITAN NASHVILLE POLICE DEPT,20171071539,Davidson,Nashville,12/7/2017 3:35:00 PM,2,0,0,36.152870,-86.787560,I 40,,,,0.00,,,,,,,209.40,N,Not at Intersection, ,Non-Junction,None,,,         ,David,Collins,Clear,Front to Rear,no,no,no,no,no,False
101851149,METROPOLITAN NASHVILLE POLICE DEPT,20171071561,Davidson,Nashville,12/7/2017 3:50:00 PM,2,0,0,36.206310,-86.774020,W TRINITY LN,,,,162.00,Feet,West,I65 N ENT RAMP,,,,0.00,N,Not at Intersection, ,Non-Junction,None,,,         ,Jason,Hees,Clear,"Sideswipe, Same Direction",no,no,no,no,no,False
101851151,METROPOLITAN NASHVILLE POLICE DEPT,20171071520,Davidson,Nashville,12/7/2017 3:18:00 PM,2,1,0,36.141480,-86.816750,WEST END AV,,,,145.00,Feet,North,33RD AVS,,,,0.00,N,Not at Intersection,N,Non-Junction,None,,,         ,Eric,Burford,Clear,Front to Rear,no,no,no,no,no,False
101851159,METROPOLITAN NASHVILLE POLICE DEPT,20171071530,Davidson,Nashville,12/7/2017 3:15:00 PM,2,0,0,36.181740,-86.753830,MANSFIELD ST,,,,147.00,Feet,West,LAURENT ST,,,,0.00,N,Not at Intersection,N,Non-Junction,None,,,         ,Joshua,Lackey,Clear,Front to Rear,no,no,no,no,yes,False
101851166,METROPOLITAN NASHVILLE POLICE DEPT,20171071601,Davidson,Nashville,12/7/2017 3:55:00 PM,2,0,0,36.140730,-86.732280,I 40,,,,0.00,,,,,,,213.00,N,Not at Intersection, ,,None,,,         ,Jonathan,Cavezza,,,no,no,no,no,no,False
101851167,METROPOLITAN NASHVILLE POLICE DEPT,20171071537,Davidson,Nashville,12/7/2017 2:30:00 PM,2,0,0,36.160830,-86.795840,CAPITOL PT,,,,0.00,,,CAPITOL PT,,,,0.00,,Not at Intersection,N,Non-Junction,None,,,         ,Thomas,Burns,Cloudy,Rear to Side,no,no,no,no,yes,False
101851168,METROPOLITAN NASHVILLE POLICE DEPT,20171071487,Davidson,Old Hickory,12/4/2017 8:47:00 PM,1,2,0,36.244060,-86.642880,133 PARK,CIR,,,0.01,Feet,North,MCARTHUR,DR,,,0.00,N,Not at Intersection,N,Non-Junction,None,,,         ,Codey,Mullins,Clear,Not Collision with Motor Vehicle in Transport,no,no,no,no,yes,False
101851170,METROPOLITAN NASHVILLE POLICE DEPT,20171071672,Davidson,Nashville,12/7/2017 4:20:00 PM,2,0,0,36.088020,-86.771800,FRANKLIN PKE,,,,15.00,Feet,South,S CURTISWOOD LN,,,,0.00,N,Not at Intersection, ,Non-Junction,None,,,         ,Edin,Plancic,Clear,"Sideswipe, Same Direction",no,no,no,no,no,False
101851172,METROPOLITAN NASHVILLE POLICE DEPT,20171071616,Davidson,Nashville,12/7/2017 3:52:00 PM,2,0,0,36.144870,-86.857950,WHITE BRIDGE PKE,,,,50.00,Feet,South,BURGESS AV,,,,0.00,N,Not at Intersection, ,,None,,,         ,Jake,Carr,,,no,no,no,no,no,False
101851173,METROPOLITAN NASHVILLE POLICE DEPT,20171071769,Davidson,Nashville,12/7/2017 3:54:00 PM,2,0,0,36.128880,-86.786000,LAWRENCE AV,,,,0.00,,,10TH AVS,,,,0.00,Y,Four-Way, ,Intersection-Related,None,,,         ,Tien,Nguyen,Clear,Angle,no,no,no,no,no,False
101851175,Nashville Airport Police,2017-04365,Davidson,Nashville,12/6/2017 4:21:00 PM,2,0,0,36.133040,-86.667100,TERMINAL DR,,,,0.00,,,,,,,0.00,,, ,Non-Junction,None,,,         ,Steve,Wright,Clear,Angle,no,no,no,yes,no,False
101851176,VANDERBILT UNIVERSITY POLICE,2017-1071703,Davidson,Nashville,12/7/2017 12:00:00 AM,2,0,0,36.142170,-86.811700,VANDERBILT PL,,,,0.00,,,,,,,0.00,,, ,Non-Junction,None,,,         ,Cameron,Hoppe,Clear,Angle,no,no,no,yes,yes,Campus
101851177,METROPOLITAN NASHVILLE POLICE DEPT,20171071603,Davidson,Nashville,12/7/2017 4:05:00 PM,2,0,0,36.132650,-86.727160,I 24,,,,0.00,,,,,,,52.00,N,Not at Intersection, ,Entrance/Exit Ramp Related,None,,,         ,Jonathan,Cavezza,Cloudy,Angle,no,no,no,no,no,False
101851178,METROPOLITAN NASHVILLE POLICE DEPT,20171071723,Davidson,Nashville,12/7/2017 12:00:00 AM,1,0,0,36.171040,-86.810090,HEIMAN ST,,,,46.00,Feet,West,21ST AVN,,,,0.00,N,Not at Intersection,N,Non-Junction,None,,,         ,Melvin,Taylor,Unknown,Not Collision with Motor Vehicle in Transport,no,no,no,no,yes,False
101851183,METROPOLITAN NASHVILLE POLICE DEPT,20171071737,Davidson,Not in City Limit,12/7/2017 4:50:00 PM,2,0,0,36.340990,-86.769960,LICKTON PKE,,,,159.00,Feet,East,LICKTON PKE PVTDR,,,,0.00,N,Not at Intersection,N,Non-Junction,None,,,         ,Joanna,D'Agostino,Clear,"Sideswipe, Opposite Direction",no,no,no,no,yes,False
101851184,METROPOLITAN NASHVILLE POLICE DEPT,20171071572,Davidson,Nashville,12/7/2017 3:57:00 PM,2,1,0,36.248010,-86.720360,GALLATIN PKES,,,,0.00,,,DUE WEST AVW,,,,0.00,Y,Four-Way,Y,Intersection,None,,,         ,Samuel,Miller,Cloudy,Angle,no,no,no,no,no,False
101851185,METROPOLITAN NASHVILLE POLICE DEPT,20171071685,Davidson,Not in City Limit,12/7/2017 12:00:00 AM,2,0,0,36.283500,-86.692120,MYATT DR,,,,0.00,,,,,,,0.00,,,N,Non-Junction,None,,,         ,Samuel,Miller,Unknown,"Sideswipe, Same Direction",no,no,no,yes,yes,False
101851189,METROPOLITAN NASHVILLE POLICE DEPT,20171071712,Davidson,Nashville,12/7/2017 2:59:00 PM,2,0,0,36.107840,-86.922380,OLD HICKORY BLVD,,,,0.00,,,ROCKY LN,,,,0.00,Y,T-Intersection, ,Intersection,None,,,         ,Walter,Gray II,Cloudy,Angle,no,no,no,no,no,False
101851198,METROPOLITAN NASHVILLE POLICE DEPT,20171071822,Davidson,Nashville,12/7/2017 5:25:00 PM,2,0,0,36.181700,-86.749260,CALVIN AV,,,,0.00,,,GALLATIN AV,,,,0.00,Y,T-Intersection, ,,None,,,         ,Charles,Wakefield,,,no,no,no,no,no,False
101851199,METROPOLITAN NASHVILLE POLICE DEPT,20171071336,Davidson,Nashville,12/7/2017 1:50:00 PM,2,0,0,36.226310,-86.603190,SAUNDERSVILLE RD,,,,0.00,,,SHUTE LN,,,,0.00,Y,T-Intersection,N,Intersection,None,,,         ,Brandon,Bilbrey,Clear,"Sideswipe, Opposite Direction",no,no,no,no,yes,False
101851202,METROPOLITAN NASHVILLE POLICE DEPT,20171071711,Davidson,Antioch,12/7/2017 5:00:00 PM,2,2,0,36.016820,-86.619560,FIRESTONE PKWY,,,,95.00,Feet,East,OLD HICKORY BLVD,,,,0.00,N,Not at Intersection,N,Non-Junction,None,,,         ,Jessie,Meadows,Clear,Angle,no,no,no,no,no,False
101851207,METROPOLITAN NASHVILLE POLICE DEPT,20171071747,Davidson,Nashville,12/7/2017 5:06:00 PM,2,0,0,36.158290,-86.771890,HERMITAGE AV,,,,0.00,,,KOREAN VETERANS BLVD,,,,0.00,Y,Four-Way, ,,None,,,         ,Pedro,Rivera Chaparro,,,no,no,no,no,no,False
101851211,METROPOLITAN NASHVILLE POLICE DEPT,20171071894,Davidson,Nashville,12/7/2017 5:31:00 PM,2,0,0,36.141650,-86.713740,I 40,,,,0.00,,,,,,,214.00,N,Not at Intersection, ,Non-Junction,None,,,         ,Kimberly,Annson,Clear,Front to Rear,no,no,no,no,no,False
101851212,METROPOLITAN NASHVILLE POLICE DEPT,20171071516,Davidson,Nashville,12/7/2017 2:45:00 PM,2,0,0,36.142570,-86.709010,I 40,,,,0.00,,,,,,,214.25,N,Not at Intersection,N,Non-Junction,None,,,         ,Jacob,Dick,Clear,"Sideswipe, Same Direction",no,no,no,no,yes,False
101851222,METROPOLITAN NASHVILLE POLICE DEPT,20171071925,Davidson,Nashville,12/7/2017 5:30:00 PM,2,0,0,36.074240,-86.737750,SHADESCREST DR,,,,19.00,Feet,North,BLACKMAN RD,,,,0.00,N,Not at Intersection, ,Non-Junction,None,,,         ,Edin,Plancic,Clear,Front to Rear,no,no,no,no,no,False
101851223,METROPOLITAN NASHVILLE POLICE DEPT,20171071815,Davidson,Nashville,12/7/2017 5:25:00 PM,2,0,0,36.215130,-86.600120,LEBANON PKE,,,,428.00,Feet,North,ANDREW JACKSON PKWY,,,,0.00,N,Not at Intersection,N,Non-Junction,None,,,         ,Tyler,Maupin,Clear,"Sideswipe, Same Direction",no,no,no,no,no,False
101851224,METROPOLITAN NASHVILLE POLICE DEPT,20171071590,Davidson,Nashville,12/7/2017 4:04:00 PM,2,1,0,36.198530,-86.620300,OLD HICKORY BLVD,,,,0.00,,,LEBANON PKE,,,,0.00,Y,Four-Way,N,Non-Junction,None,,,         ,Brenna,Hosey,Clear,Front to Rear,no,no,no,no,no,False
101851225,METROPOLITAN NASHVILLE POLICE DEPT,20171071872,Davidson,Nashville,12/7/2017 5:55:00 PM,3,1,0,36.140730,-86.732280,I 40,,,,0.00,,,,,,,213.00,N,Not at Intersection,N,Non-Junction,None,,,         ,Jonathan,Cavezza,Cloudy,Front to Rear,no,no,no,no,no,False
101851229,BERRY HILL POLICE DEPT,17-4135,Davidson,Berry Hill,12/7/2017 5:15:00 PM,3,1,0,36.112690,-86.766940,BRANSFORD AV,,,,0.00,,,HEATHER PL,,,,0.00,Y,T-Intersection,N,Intersection-Related,None,,,         ,Roy,Morris,Clear,Front to Rear,no,no,no,no,no,False
101851231,METROPOLITAN NASHVILLE POLICE DEPT,20171071839,Davidson,Nashville,12/7/2017 5:43:00 PM,2,0,0,36.179620,-86.774100,I 24,,,,0.00,,,,,,,47.70,N,Not at Intersection,N,Non-Junction,None,,,         ,Joshua,Hausman,Clear,"Sideswipe, Same Direction",no,no,no,no,no,False
101851240,METROPOLITAN NASHVILLE POLICE DEPT,2017-1071973,Davidson,Not in City Limit,12/7/2017 4:53:00 PM,2,0,0,36.114870,-86.925880,CHARLOTTE PKE,,,,0.00,,,SAWYER BROWN RD,,,,0.00,Y,T-Intersection, ,,None,,,         ,Michael,Rogers,,,no,no,no,no,no,False
101851245,METROPOLITAN NASHVILLE POLICE DEPT,20171071910,Davidson,Nashville,12/7/2017 6:04:00 PM,3,0,0,36.135130,-86.776080,I65 S EXT RAMP,,,,0.00,Feet,East,I 65,,,,0.00,N,Not at Intersection,N,Entrance/Exit Ramp Related,None,,,         ,Austin,Kendrick,Clear,Front to Rear,no,no,no,no,no,False
101851246,METROPOLITAN NASHVILLE POLICE DEPT,20171071788,Davidson,Nashville,12/7/2017 5:22:00 PM,2,0,0,36.241030,-86.754910,BRILEY PKWYE,,,,147.00,Feet,East,BRILEY PKWYW,,,,0.00,N,Not at Intersection,N,Entrance/Exit Ramp Related,None,,,         ,Christopher,Valdez,Clear,Angle,no,no,no,no,no,False
101851247,METROPOLITAN NASHVILLE POLICE DEPT,20171071947,Davidson,Nashville,12/7/2017 5:45:00 PM,2,0,0,36.237110,-86.743170,ELLINGTON PKWYN,,,,148.00,Feet,North,BRILEY PKWY E ENT RAMP,,,,0.00,N,Not at Intersection, ,Non-Junction,None,,,         ,Christopher,Valdez,Clear,"Sideswipe, Same Direction",no,no,no,no,no,False
101851249,METROPOLITAN NASHVILLE POLICE DEPT,20171071884,Davidson,Not in City Limit,12/7/2017 12:00:00 AM,2,0,0,36.325840,-86.868860,I24 W EXT RAMP,,,,0.00,Feet,East,I 24,,,,0.00,N,Not at Intersection, ,Non-Junction,None,,,         ,Melvin,Taylor,Clear,Front to Rear,no,no,no,no,no,False
101851254,METROPOLITAN NASHVILLE POLICE DEPT,20171071984,Davidson,Nashville,12/7/2017 12:00:00 AM,2,0,0,36.146390,-86.742640,I 40,,,,0.00,,,,,,,212.10,N,Not at Intersection, ,,None,,,         ,Craig,Gentry,,,no,no,no,no,no,False
101851256,METROPOLITAN NASHVILLE POLICE DEPT,20171071515,Davidson,Nashville,12/7/2017 3:36:00 PM,2,3,0,36.174760,-86.785740,JEFFERSON ST,,,,104.00,Feet,East,4TH AVN,,,,0.00,N,Not at Intersection,N,Non-Junction,None,,,         ,Michael,Baron,Clear,Front to Rear,no,no,no,no,no,False
101851257,METROPOLITAN NASHVILLE POLICE DEPT,20171071515,Davidson,Nashville,12/7/2017 7:07:00 PM,2,0,0,36.164240,-86.781700,UNION ST,,,,204.00,Feet,East,6TH AVN,,,,0.00,N,Not at Intersection, ,Non-Junction,None,,,         ,Michael,Baron,Clear,Angle,no,no,no,no,yes,False
101851261,METROPOLITAN NASHVILLE POLICE DEPT,20171071881,Davidson,Nashville,12/7/2017 5:55:00 PM,2,0,0,36.069600,-86.694040,HAYWOOD LN,,,,38.00,Feet,West,EZELL RD,,,,0.00,N,Not at Intersection, ,Non-Junction,None,,,         ,Richard,Olive,Clear,Front to Rear,no,no,no,no,yes,False
101851262,METROPOLITAN NASHVILLE POLICE DEPT,20171072000,Davidson,Nashville,12/7/2017 5:00:00 PM,2,0,0,36.089240,-86.616130,SMITH SPRINGS RD,,,,276.00,Feet,East,BUTLER RD,,,,0.00,N,Not at Intersection, ,Non-Junction,None,,,         ,Kimberly,Annson,Clear,Front to Rear,no,no,no,no,no,False
101851267,BERRY HILL POLICE DEPT,17-4134,Davidson,Berry Hill,12/7/2017 12:00:00 AM,2,0,0,36.122410,-86.775810,FRANKLIN PKE,,,,0.00,,,HORNER AV,,,,0.00,Y,T-Intersection,Y,Intersection,None,,,         ,John,Gleixner,Clear,Angle,no,no,no,no,no,False
101851269,METROPOLITAN NASHVILLE POLICE DEPT,20171072113,Davidson,Nashville,12/7/2017 5:40:00 PM,2,0,0,36.168080,-86.796170,I 40,,,,0.00,,,,,,,208.20,N,Not at Intersection,N,Non-Junction,None,,,         ,Landon,Bagwell,Clear,Front to Rear,no,no,no,no,no,False
101851290,METROPOLITAN NASHVILLE POLICE DEPT,20171072101,Davidson,Nashville,12/7/2017 7:29:00 PM,1,1,0,36.142670,-86.708380,I 40,,,,0.00,,,,,,,214.30,N,Not at Intersection,N,Non-Junction,None,,,         ,Dontaveous,Eubanks,Clear,Not Collision with Motor Vehicle in Transport,no,no,no,no,no,False
101851292,METROPOLITAN NASHVILLE POLICE DEPT,20171072110,Davidson,Nashville,12/7/2017 4:50:00 PM,2,0,0,36.096440,-86.656060,MURFREESBORO PKE,,,,0.00,,,SMITH SPRINGS RD,,,,0.00,Y,Four-Way, ,Non-Junction,None,,,         ,Eric,Keller,Clear,"Sideswipe, Same Direction",no,no,no,no,no,False
101851298,METROPOLITAN NASHVILLE POLICE DEPT,20171072040,Davidson,Nashville,12/7/2017 6:56:00 PM,2,0,0,36.075640,-86.917430,HIGHWAY 70S,,,,412.00,Feet,East,PEBBLE BROOK,,,,0.00,N,Not at Intersection, ,"Driveway, Alley Access, etc",None,,,         ,Walter,Gray II,Cloudy,"Sideswipe, Same Direction",no,no,no,no,no,False
101851306,METROPOLITAN NASHVILLE POLICE DEPT,20171072226,Davidson,Nashville,12/7/2017 8:09:00 PM,2,2,0,36.140740,-86.793640,HORTON AV,,,,0.00,,,16TH AVS,,,,0.00,Y,Four-Way,N,Intersection-Related,None,,,         ,Tien,Nguyen,Clear,Angle,no,no,no,no,no,False