master_record_number,agency,agency_tracking_number,county,city,collision_date,vehicles_involved,number_injured,number_dead,latitude,longitude,roadway_name,roadway_suffix,roadway_number,roadway_local_id,distance_from_reference,miles-feet_indicator,direction_from_reference,intersection_road_name,intersection_road_name_suffix,intersection_road_number,intersection_local_id,mile_marker,intersection_indicator,intersect_type,interchange_related_indicator,relation_to_junction,work_zone_type,construction_maintenance_zone,construction_maintenance_zone_location,fatal_case_number,officer_first_name,officer_last_name,weather_condition(s),manner_of_crash,pedestrian,bicycle,scooter,parking,hitrun,mou
101851310,METROPOLITAN NASHVILLE POLICE DEPT,20171072238,Davidson,Nashville,12/7/2017 8:13:00 PM,2,0,0,36.176940,-86.775780,SPRING ST,,,,120.00,Feet,East,COWAN ST,,,,0.00,N,Not at Intersection, ,Non-Junction,None,,,         ,Michael,Baron,Clear,Front to Rear,no,no,no,no,yes,False
101851311,METROPOLITAN NASHVILLE POLICE DEPT,2017-1072183,Davidson,Nashville,12/7/2017 7:23:00 PM,2,0,0,36.128730,-86.906430,CHARLOTTE PKE,,,,0.00,,,RIVER RD,,,,0.00,Y,Y-Intersection, ,Intersection,None,,,         ,Michael,Rogers,Clear,Angle,no,no,no,no,no,False
101851315,METROPOLITAN NASHVILLE POLICE DEPT,20171071710,Davidson,Nashville,12/7/2017 4:15:00 PM,2,0,0,36.109450,-86.728050,BRILEY PKWYN,,,,0.00,,,BRILEY PKWYS,,,,0.00,Y,Four-Way, ,Intersection,None,,,         ,Nathaniel,Myers,Cloudy,Front to Rear,no,no,no,no,no,False
101851316,METROPOLITAN NASHVILLE POLICE DEPT,20171071663,Davidson,Nashville,12/7/2017 3:30:00 PM,1,0,0,36.126250,-86.728450,I440 W ENT RAMP,,,,0.00,Feet,East,I 440,,,,0.00,N,Not at Intersection,N,Non-Junction,None,,,         ,Nathaniel,Myers,Cloudy,Not Collision with Motor Vehicle in Transport,no,no,no,no,no,False
101851320,METROPOLITAN NASHVILLE POLICE DEPT,20171072216,Davidson,Nashville,12/7/2017 8:06:00 PM,2,0,0,36.151900,-86.690880,BRILEY PKWYS,,,,0.00,Feet,,ELM HILL PKE,,,,0.00,Y,T-Intersection,N,Intersection-Related,None,,,         ,Jonathan,Cavezza,,"Sideswipe, Same Direction",no,no,no,no,no,False
101851338,METROPOLITAN NASHVILLE POLICE DEPT,20171072164,Davidson,Nashville,12/7/2017 6:38:00 PM,1,0,0,36.142440,-86.765050,4TH AVS,,,,0.00,,,HART ST,,,,0.00,Y,Y-Intersection,N,Intersection-Related,None,,,         ,Tien,Nguyen,Clear,Not Collision with Motor Vehicle in Transport,no,no,no,no,no,False
101851340,METROPOLITAN NASHVILLE POLICE DEPT,20171071777,Davidson,Nashville,12/7/2017 5:17:00 PM,2,0,0,36.059230,-86.716250,NOLENSVILLE PKE,,,,50.00,Feet,North,TUSCULUM RD,,,,0.00,N,Not at Intersection, ,Non-Junction,None,,,         ,Zachary,Goodall,Clear,Angle,no,no,no,no,no,False
101851341,METROPOLITAN NASHVILLE POLICE DEPT,20171071478,Davidson,Nashville,12/7/2017 3:00:00 PM,2,0,0,36.132800,-86.720180,MURFREESBORO PKE,,,,256.00,Feet,East,PAVILION BLVD,,,,0.00,N,Not at Intersection, ,,None,,,         ,John,Joyce,,,no,no,no,no,no,False
101851358,METROPOLITAN NASHVILLE POLICE DEPT,20171072069,Davidson,Not in City Limit,12/7/2017 7:16:00 PM,2,2,0,36.272110,-86.689300,ANDERSON LN,,,,76.00,Feet,East,MYATT DR,,,,0.00,N,Not at Intersection,N,Non-Junction,None,,,         ,Harold,Willmore IV,Clear,Front to Rear,no,no,no,no,yes,False
101851389,METROPOLITAN NASHVILLE POLICE DEPT,20171072402,Davidson,Nashville,12/7/2017 7:57:00 PM,2,0,0,36.037940,-86.784610,I65 S EXT RAMP,,,,0.00,,,OLD HICKORY BLVD,,,,0.00,Y,T-Intersection, ,,None,,,         ,Austin,Kendrick,,,no,no,no,no,no,False
101851402,METROPOLITAN NASHVILLE POLICE DEPT,20171071963,Davidson,Nashville,12/7/2017 6:30:00 PM,3,1,0,36.152450,-86.754340,I 40,,,,0.00,,,,,,,211.30,N,Not at Intersection,N,Non-Junction,None,,,         ,John,Daugherty,Clear,Front to Rear,no,no,no,no,no,False
101851415,METROPOLITAN NASHVILLE POLICE DEPT,20171072368,Davidson,Nashville,12/7/2017 9:02:00 PM,2,0,0,36.256190,-86.714390,NEELYS BEND RD,,,,0.00,,,GALLATIN PKES,,,,0.00,Y,T-Intersection, ,Intersection,None,,,         ,Rodney,Phipps,Clear,Angle,no,no,no,no,yes,False
101851419,METROPOLITAN NASHVILLE POLICE DEPT,20171071623,Davidson,Nashville,12/7/2017 3:52:00 PM,2,0,0,36.154430,-86.760850,I 40,,,,0.00,,,,,,,210.95,N,Not at Intersection, ,,None,,,         ,John,Daugherty,,,no,no,no,no,no,False
101851420,METROPOLITAN NASHVILLE POLICE DEPT,20171072224,Davidson,Nashville,12/7/2017 12:00:00 AM,3,0,0,36.177440,-86.794240,ROSA L PARKS BLVD,,,,236.00,Feet,North,DELTA AV,,,,0.00,N,Not at Intersection,N,Non-Junction,None,,,         ,Melvin,Taylor,Clear,Angle,no,no,no,no,no,False
101851429,METROPOLITAN NASHVILLE POLICE DEPT,20171072472,Davidson,Nashville,12/7/2017 12:00:00 AM,1,0,0,36.219280,-86.726760,ARDEE AV,,,,231.00,Feet,East,GALLATIN PKE,,,,0.00,N,Not at Intersection,N,Non-Junction,None,,,         ,James,Smith,Clear,Not Collision with Motor Vehicle in Transport,no,no,no,no,yes,False
101851443,METROPOLITAN NASHVILLE POLICE DEPT,20171072104,Davidson,Antioch,12/7/2017 6:28:00 PM,3,0,0,36.074280,-86.594650,COUNTRY WAY RD,,,,383.00,Feet,East,PLACID CT,,,,0.00,N,Not at Intersection,N,Non-Junction,None,,,         ,Joseph,Progar,Clear,Angle,no,no,no,no,no,False
101851447,METROPOLITAN NASHVILLE POLICE DEPT,20171071670,Davidson,Nashville,12/7/2017 4:19:00 PM,2,0,0,36.107110,-86.719490,I 24,,,,0.00,,,,,,,53.90,N,Not at Intersection,N,Non-Junction,None,,,         ,Pamela,Caulder,Cloudy,Front to Rear,no,no,no,no,yes,False
101851450,METROPOLITAN NASHVILLE POLICE DEPT,20171072353,Davidson,Nashville,12/7/2017 8:59:00 PM,1,1,0,36.186140,-86.632400,LEBANON PKE,,,,142.00,Feet,South,STONES RIVER RD,,,,0.00,N,Not at Intersection,N,Non-Junction,None,,,         ,Kyle,Burks,Clear,Not Collision with Motor Vehicle in Transport,no,no,no,no,no,False
101851456,METROPOLITAN NASHVILLE POLICE DEPT,20171071852,Davidson,Nashville,12/7/2017 5:28:00 PM,2,0,0,36.109920,-86.734550,THOMPSON LN,,,,16.00,Feet,East,WINGATE AV,,,,0.00,N,Not at Intersection, ,Non-Junction,None,,,         ,Nathaniel,Myers,Cloudy,Front to Rear,no,no,no,no,no,False
101851466,METROPOLITAN NASHVILLE POLICE DEPT,20171072631,Davidson,Nashville,12/7/2017 10:10:00 PM,2,0,0,36.187550,-86.775330,I 24,,,,0.00,,,,,,,47.10,N,Not at Intersection, ,Non-Junction,None,,,         ,Edward,Conrads,Clear,"Sideswipe, Same Direction",no,no,no,no,no,False
101851500,METROPOLITAN NASHVILLE POLICE DEPT,20171072889,Davidson,Nashville,12/8/2017 12:40:00 AM,1,0,0,36.205090,-86.590070,LEESA ANN LN,,,,0.00,,,TULIP GROVE RD,,,,0.00,Y,Four-Way, ,Non-Junction,None,,,         ,Sean,Wuethrich,Clear,Not Collision with Motor Vehicle in Transport,no,no,no,no,no,False
101851503,METROPOLITAN NASHVILLE POLICE DEPT,20171072696,Davidson,Nashville,12/7/2017 11:10:00 PM,2,0,0,36.128270,-86.712880,PHILFRE CT,,,,56.00,Feet,East,MURFREESBORO PKE,,,,0.00,N,Not at Intersection, ,Non-Junction,None,,,         ,Chad,Mahoney,Clear,"Sideswipe, Opposite Direction",no,no,no,no,no,False
101851504,METROPOLITAN NASHVILLE POLICE DEPT,20171072718,Davidson,Nashville,12/7/2017 11:21:00 PM,2,1,0,36.113050,-86.800030,WOODMONT BLVD,,,,0.00,,,BELMONT BLVD,,,,0.00,Y,Four-Way,N,Intersection,None,,,         ,Stephen,Waterman,Clear,Angle,no,no,no,no,no,False
101851508,METROPOLITAN NASHVILLE POLICE DEPT,20171072683,Davidson,Nashville,12/7/2017 11:10:00 PM,2,1,0,36.255630,-86.707270,NEELYS BEND RD,,,,0.00,,,IDLEWILD AV,,,,0.00,Y,Four-Way,N,Intersection,None,,,         ,Patrick,Lancaster,Clear,HeadOn,no,no,no,no,no,False
101851525,METROPOLITAN NASHVILLE POLICE DEPT,20171073156,Davidson,Not in City Limit,12/8/2017 2:08:00 AM,2,0,0,36.276560,-86.797980,I24 W EXT RAMP,,,,0.00,Feet,East,I 24,,,,0.00,N,Not at Intersection,N,Entrance/Exit Ramp Related,None,,,         ,Craig,Amabile,Clear,"Sideswipe, Same Direction",no,no,no,no,no,False
101851536,METROPOLITAN NASHVILLE POLICE DEPT,20171072812,Davidson,Nashville,12/7/2017 11:20:00 PM,2,1,0,36.151070,-86.784340,DIVISION ST,,,,0.00,,,12TH AVS,,,,0.00,Y,Four-Way,N,Non-Junction,None,,,         ,Hunter,Fikes,Clear,Front to Rear,no,no,no,no,yes,False
101851590,METROPOLITAN NASHVILLE POLICE DEPT,20171073547,Davidson,Nashville,12/8/2017 12:00:00 AM,1,0,0,36.164120,-86.820080,ALBION ST,,,,0.00,,,,,,,0.00,,, ,,None,,,         ,Nicholas,Carter,,,no,no,no,yes,no,False
101851649,METROPOLITAN NASHVILLE POLICE DEPT,20171071371,Davidson,Nashville,12/7/2017 2:29:00 PM,2,0,0,36.163400,-86.761900,I 24,,,,0.00,,,,,,,49.20,N,Not at Intersection,N,Non-Junction,None,,,         ,Brandon,O'Guin,Clear,Front to Rear,no,no,no,no,no,False
101851651,METROPOLITAN NASHVILLE POLICE DEPT,20171073742,Davidson,Nashville,12/8/2017 7:10:00 AM,2,0,0,36.082000,-86.761760,I65 N EXT RAMP,,,,0.00,,,HARDING PL,,,,0.00,Y,Four-Way, ,Intersection-Related,None,,,         ,Earl,Davis,Cloudy,Front to Rear,no,no,no,no,no,False
101851653,METROPOLITAN NASHVILLE POLICE DEPT,20171073646,Davidson,Nashville,12/8/2017 5:50:00 AM,2,1,0,36.071100,-86.690630,I24 W ENT RAMP,,,,0.00,Feet,East,I 24,,,,0.00,N,Not at Intersection,N,Entrance/Exit Ramp Related,None,,,         ,William,Williams,Clear,"Sideswipe, Same Direction",no,no,no,no,no,False
101851660,METROPOLITAN NASHVILLE POLICE DEPT,20171073701,Davidson,Nashville,12/8/2017 5:30:00 AM,1,0,0,36.150730,-86.785370,I 40,,,,0.00,,,,,,,209.50,N,Not at Intersection,Y,Entrance/Exit Ramp Related,None,,,         ,Charles,Coe,Cloudy,Not Collision with Motor Vehicle in Transport,no,no,no,no,no,False
101851671,METROPOLITAN NASHVILLE POLICE DEPT,20171073724,Davidson,Nashville,12/8/2017 6:45:00 AM,2,1,0,36.207330,-86.777820,BRICK CHURCH PKE,,,,81.00,Feet,South,I65 S EXT RAMP,,,,0.00,N,Not at Intersection,N,Non-Junction,None,,,         ,Michael,McCord,Cloudy,Front to Rear,no,no,no,no,no,False
101851672,METROPOLITAN NASHVILLE POLICE DEPT,2017-1073766,Davidson,Nashville,12/8/2017 7:24:00 AM,2,0,0,36.141950,-86.816230,32ND AVS,,,,0.00,,,WEST END AV,,,,0.00,Y,T-Intersection,Y,Intersection,None,,,         ,Timothy,Edwards,Clear,Angle,no,no,no,no,no,Campus
101851690,METROPOLITAN NASHVILLE POLICE DEPT,20171073674,Davidson,Nashville,12/8/2017 6:05:00 AM,2,0,0,36.155650,-86.789720,I40 E ENT RAMP,,,,0.00,,,BROADWAY,,,,0.00,Y,Four-Way,N,Intersection-Related,None,,,         ,Nicholas,Smith,Clear,Front to Rear,no,no,no,no,no,False
101851694,METROPOLITAN NASHVILLE POLICE DEPT,20171073824,Davidson,Nashville,12/8/2017 7:42:00 AM,2,0,0,36.077150,-86.694450,I 24,,,,0.00,,,,,,,56.40,N,Not at Intersection, ,,None,,,         ,Robert,Erickson,,,no,no,no,no,no,False
101851700,METROPOLITAN NASHVILLE POLICE DEPT,20171073739,Davidson,Nashville,12/8/2017 7:04:00 AM,2,0,0,36.121420,-86.756180,I 440,,,,0.00,,,,,,,6.00,N,Not at Intersection,N,Non-Junction,None,,,         ,Todd,Watson,Cloudy,Front to Rear,no,no,no,no,no,False
101851703,METROPOLITAN NASHVILLE POLICE DEPT,20171073838,Davidson,Nashville,12/8/2017 8:00:00 AM,2,0,0,36.160620,-86.786040,CHURCH ST,,,,0.00,,,9TH AVN,,,,0.00,Y,Four-Way, ,Intersection-Related,None,,,         ,Charles,Coe,Cloudy,Front to Rear,no,no,no,no,no,False
101851706,METROPOLITAN NASHVILLE POLICE DEPT,20171073721,Davidson,Nashville,12/8/2017 6:59:00 AM,2,0,0,36.150540,-86.767850,2ND AVS,,,,0.00,Feet,,MCCANN ST,,,,0.00,Y,Four-Way, ,Intersection,None,,,         ,Deandera,Payne,Clear,"Sideswipe, Same Direction",no,no,no,no,no,False
101851721,METROPOLITAN NASHVILLE POLICE DEPT,2017-1073811,Davidson,Nashville,12/8/2017 7:43:00 AM,2,0,0,36.044700,-86.650640,CROSSINGS BLVD,,,,128.00,Feet,East,HICKORY HOLLOW PKWY,,,,0.00,N,Not at Intersection,N,Non-Junction,None,,,         ,William,Whitworth,Cloudy,"Sideswipe, Same Direction",no,no,no,no,no,False
101851723,THP District 9 - Administrative,317073365,Davidson,Nashville,12/7/2017 3:30:00 PM,2,0,0,36.161130,-86.792820,CHARLOTTE AV,,,,48.00,Feet,West,GEORGE L DAVIS BLVD,,,,0.00,N,Not at Intersection, ,Non-Junction,None,,,         ,William,Goodman,Clear,Front to Rear,no,no,no,no,no,False
101851725,GOODLETTSVILLE POLICE DEPT,17-42833,Davidson,Goodlettsville,12/5/2017 4:54:00 PM,2,0,0,36.306368,-86.699923,VIETNAM VETERANS BLVD,,SR386,BYPASS,1000.00,Feet,South,VIETNAM VETERANS BLVD.,,SR386,,1.00,N,Not at Intersection, ,Non-Junction,None,,,         ,John,Spencer,Clear,Front to Rear,no,no,no,no,no,False
101851739,METROPOLITAN NASHVILLE POLICE DEPT,20171073941,Davidson,Nashville,12/8/2017 8:41:00 AM,2,0,0,36.202500,-86.820480,BUENA VISTA PKE,,,,0.00,,,W TRINITY LN,,,,0.00,Y,T-Intersection,N,Intersection,None,,,         ,Michael,McCord,Cloudy,"Sideswipe, Same Direction",no,no,no,no,yes,False
101851740,METROPOLITAN NASHVILLE POLICE DEPT,20171073912,Davidson,Nashville,12/8/2017 8:36:00 AM,2,0,0,36.110800,-86.800290,BELMONT BLVD,,,,185.00,Feet,North,GRAYBAR LN,,,,0.00,N,Not at Intersection, ,Non-Junction,None,,,         ,Justin,Pinkelton,Cloudy,Other,no,no,no,no,no,False
101851748,GOODLETTSVILLE POLICE DEPT,17-43213,Davidson,Goodlettsville,12/8/2017 9:02:00 AM,2,0,0,36.314630,-86.699020,CONFERENCE DR,,,,0.00,,,WINDSOR GREEN BLVD,,,,0.00,Y,T-Intersection,N,Intersection,None,,,         ,Daniel,Knalls,Cloudy,Angle,no,no,no,no,no,False
101851765,METROPOLITAN NASHVILLE POLICE DEPT,20171073871,Davidson,Nashville,12/8/2017 8:15:00 AM,2,0,0,36.039560,-86.783440,I65 S EXT RAMP,,,,0.00,,,I 65,,,,0.00,Y,OTHER, ,Entrance/Exit Ramp Related,None,,,         ,Earl,Davis,Cloudy,Front to Rear,no,no,no,no,no,False
101851776,METROPOLITAN NASHVILLE POLICE DEPT,2017-1073876,Davidson,Nashville,12/8/2017 8:20:00 AM,2,0,0,36.153970,-86.796910,HAYES ST,,,,53.00,Feet,West,18TH AVN,,,,0.00,N,Not at Intersection, ,Non-Junction,None,,,         ,Timothy,Edwards,Clear,"Sideswipe, Same Direction",no,no,no,no,no,False
101851783,METROPOLITAN NASHVILLE POLICE DEPT,20171073942,Davidson,Nashville,12/8/2017 8:54:00 AM,1,0,0,36.163160,-86.779690,CHURCH ST,,,,0.00,,,,,,,0.00,,, ,"Driveway, Alley Access, etc",None,,,         ,Frank,Campbell,Cloudy,Not Collision with Motor Vehicle in Transport,no,no,no,no,no,False
101851786,METROPOLITAN NASHVILLE POLICE DEPT,20171073902,Davidson,Nashville,12/8/2017 8:40:00 AM,2,1,0,36.044660,-86.713180,NOLENSVILLE PKE,,,,75.00,Feet,South,OLD HICKORY BLVD,,,,0.00,N,Not at Intersection,N,Non-Junction,None,,,         ,Sekou,Samassi,Clear,Angle,no,no,no,no,no,False
101851791,METROPOLITAN NASHVILLE POLICE DEPT,20171071295,Davidson,Nashville,12/7/2017 1:47:00 PM,2,0,0,36.231000,-86.751060,BROADMOOR DR,,,,0.00,,,WALTON LN,,,,0.00,Y,T-Intersection,N,Intersection,None,,,         ,Richard,Conger,Clear,Angle,no,no,no,no,no,False
101851806,METROPOLITAN NASHVILLE POLICE DEPT,20171073977,Davidson,Nashville,12/8/2017 7:30:00 AM,2,1,0,36.156930,-86.804470,CHARLOTTE AV,,,,190.00,Feet,West,ARENA AV,,,,0.00,N,Not at Intersection,N,Non-Junction,None,,,         ,Brian,Murphy,Cloudy,Front to Rear,no,no,no,no,no,False
101851845,METROPOLITAN NASHVILLE POLICE DEPT,20171074220,Davidson,Not in City Limit,12/8/2017 10:40:00 AM,2,0,0,36.264270,-86.736130,OLD HICKORY BLVDW,,,,0.00,,,I65 N ENT RAMP,,,,0.00,Y,T-Intersection,N,Intersection,None,,,         ,Thomas,Odom,Clear,Front to Rear,no,no,no,no,no,False
101851876,METROPOLITAN NASHVILLE POLICE DEPT,20171074278,Davidson,Nashville,12/8/2017 12:00:00 AM,2,0,0,36.148590,-86.749980,EXPRESSWAY PARK DR,,,,175.00,Feet,North,WEST EXPRESS DR,,,,0.00,N,Not at Intersection,N,Non-Junction,None,,,         ,Michael,Dance,Clear,"Sideswipe, Opposite Direction",no,no,no,no,yes,False
101851894,METROPOLITAN NASHVILLE POLICE DEPT,20171074221,Davidson,Nashville,12/8/2017 10:40:00 AM,2,0,0,36.134020,-86.722560,MURFREESBORO PKE,,,,0.00,,,PLUS PARK BLVD,,,,0.00,Y,T-Intersection, ,Non-Junction,None,,,         ,Terry,Denton,Clear,Front to Rear,no,no,no,no,no,False
101851897,METROPOLITAN NASHVILLE POLICE DEPT,20171074277,Davidson,Nashville,12/8/2017 10:45:00 AM,2,0,0,36.200990,-86.617980,LEBANON PKE,,,,109.00,Feet,South,TYLER DR,,,,0.00,N,Not at Intersection, ,Non-Junction,None,,,         ,Scott,Toney,Cloudy,"Sideswipe, Same Direction",no,no,no,no,no,False
101851929,METROPOLITAN NASHVILLE POLICE DEPT,20171074270,Davidson,Nashville,12/8/2017 11:01:00 AM,2,0,0,36.040840,-86.773470,OLD HICKORY BLVD,,,,0.00,,,HEALTH PARK DR,,,,0.00,Y,Four-Way, ,Intersection-Related,None,,,         ,Kevin,Crawford,Cloudy,Front to Rear,no,no,no,no,no,False
101851957,METROPOLITAN NASHVILLE POLICE DEPT,20171074309,Davidson,Nashville,12/8/2017 11:25:00 AM,2,0,0,36.193660,-86.801890,LAKE FRONT OFFICE PARK PVTDR,,,,206.00,Feet,West,ATHENS WAY,,,,0.00,N,Not at Intersection,N,Non-Junction,None,,,         ,Ernie,Wilson,Cloudy,"Sideswipe, Opposite Direction",no,no,no,yes,yes,False
101851977,METROPOLITAN NASHVILLE POLICE DEPT,20171074436,Davidson,Nashville,12/8/2017 12:32:00 PM,2,1,0,36.237700,-86.757860,DICKERSON PKE,,,,51.00,Feet,North,I65 N EXT RAMP,,,,0.00,N,Not at Intersection,N,Non-Junction,None,,,         ,Thomas,Odom,Clear,Front to Rear,no,no,no,no,no,False
101852027,METROPOLITAN NASHVILLE POLICE DEPT,20171074552,Davidson,Nashville,12/8/2017 1:30:00 PM,2,0,0,36.145800,-86.871090,CHARLOTTE PKE,,,,153.00,Feet,West,WESTBORO DR,,,,0.00,N,Not at Intersection, ,,None,,,         ,Curtis,Rich,,,no,no,no,no,no,False
101852057,METROPOLITAN NASHVILLE POLICE DEPT,20171074332,Davidson,Nashville,12/8/2017 11:38:00 AM,2,1,0,36.079490,-86.644600,EDGE O LAKE DR,,,,0.00,,,MURFREESBORO PKE,,,,0.00,Y,Four-Way,N,Intersection,None,,,         ,Brandon,O'Guin,Cloudy,Angle,no,no,no,no,no,False
101852065,METROPOLITAN NASHVILLE POLICE DEPT,20171074407,Davidson,Nashville,12/8/2017 10:35:00 AM,2,0,0,36.157160,-86.789590,GRUNDY ST,,,,0.00,,,GEORGE L DAVIS BLVD,,,,0.00,Y,T-Intersection,N,Intersection-Related,None,,,         ,Charles,Coe,Cloudy,"Sideswipe, Opposite Direction",no,no,no,no,no,False
101852096,METROPOLITAN NASHVILLE POLICE DEPT,20171074531,Davidson,Nashville,12/8/2017 1:26:00 PM,2,0,0,36.176800,-86.784590,2ND AVN,,,,0.00,,,MADISON ST,,,,0.00,Y,OTHER, ,Non-Junction,Construction Zone,,,         ,William,Gibbs,Cloudy,Other,no,no,no,no,no,False
101852103,METROPOLITAN NASHVILLE POLICE DEPT,20171074561,Davidson,Nashville,12/8/2017 1:12:00 PM,2,0,0,36.200420,-86.776700,I 65,,,,0.00,,,,,,,86.90,N,Not at Intersection,N,Non-Junction,None,,,         ,Michael,Parman,Cloudy,Not Collision with Motor Vehicle in Transport,no,no,no,no,yes,False
101852138,METROPOLITAN NASHVILLE POLICE DEPT,20171073769,Davidson,Nashville,12/8/2017 7:28:00 AM,3,0,0,36.108470,-86.769250,I 65,,,,0.00,,,,,,,79.60,N,Not at Intersection,N,Non-Junction,None,,,         ,Nathan,Kemp,Clear,Front to Rear,no,no,no,no,yes,False
101852139,METROPOLITAN NASHVILLE POLICE DEPT,20171073875,Davidson,Nashville,12/8/2017 7:37:00 AM,2,0,0,36.142340,-86.764990,4TH AVS,,,,40.00,Feet,South,HART ST,,,,0.00,N,Not at Intersection, ,Non-Junction,None,,,         ,Nathan,Kemp,Clear,"Sideswipe, Same Direction",no,no,no,no,no,False
101852146,METROPOLITAN NASHVILLE POLICE DEPT,20171074585,Davidson,Nashville,12/8/2017 1:56:00 PM,2,0,0,36.138710,-86.881010,CHARLOTTE PKE,,,,185.00,Feet,West,HILLWOOD BLVD,,,,0.00,N,Not at Intersection,N,Non-Junction,None,,,         ,Charles,Boles,Cloudy,Angle,no,no,no,no,no,False
101852169,METROPOLITAN NASHVILLE POLICE DEPT,20171074613,Davidson,Nashville,12/8/2017 2:15:00 PM,2,0,0,36.139980,-86.666370,DONELSON PKE,,,,0.00,,,I40 E EXT RAMP,,,,0.00,Y,OTHER, ,Entrance/Exit Ramp Related,None,,,         ,Michael,Dance,Clear,"Sideswipe, Same Direction",no,no,no,no,no,False
101852222,METROPOLITAN NASHVILLE POLICE DEPT,20171074507,Davidson,Nashville,12/8/2017 1:30:00 PM,2,0,0,36.144070,-86.666690,DONELSON PKE,,,,425.00,Feet,South,SHACKLETT DR,,,,0.00,N,Not at Intersection,N,Non-Junction,None,,,         ,Cody,O'Quinn,Cloudy,"Sideswipe, Same Direction",no,no,no,no,no,False
101852244,METROPOLITAN NASHVILLE POLICE DEPT,20171074111,Davidson,Antioch,12/8/2017 10:02:00 AM,2,0,0,36.004210,-86.631600,RED APPLE RD,,,,208.00,Feet,South,SMOKEY HILL RD,,,,0.00,N,Not at Intersection, ,Non-Junction,None,,,         ,Jessie,Meadows,Clear,"Sideswipe, Same Direction",no,no,no,no,no,False
101852245,METROPOLITAN NASHVILLE POLICE DEPT,20171074551,Davidson,Nashville,12/8/2017 1:28:00 PM,2,0,0,36.107960,-86.720120,I24 W EXT RAMP,,,,0.00,Feet,East,I 24,,,,0.00,N,Not at Intersection,N,Non-Junction,None,,,         ,Jessie,Meadows,Clear,"Sideswipe, Same Direction",no,no,no,no,no,False
101852253,METROPOLITAN NASHVILLE POLICE DEPT,20171074510,Davidson,Nashville,12/8/2017 1:00:00 PM,2,0,0,36.154050,-86.834980,I 40,,,,0.00,,,,,,,205.20,N,Not at Intersection, ,Non-Junction,None,,,         ,Landon,Bagwell,Cloudy,Front to Rear,no,no,no,no,no,False
101852256,METROPOLITAN NASHVILLE POLICE DEPT,20171074651,Davidson,Nashville,12/8/2017 1:27:00 PM,2,0,0,36.162680,-86.775690,2ND AVN,,,,234.00,Feet,South,COMMERCE ST,,,,0.00,N,Not at Intersection, ,Non-Junction,None,,,         ,David,Snowden,Cloudy,"Sideswipe, Same Direction",yes,no,no,no,no,False
101852280,METROPOLITAN NASHVILLE POLICE DEPT,20171074680,Davidson,Nashville,12/8/2017 3:33:00 PM,2,0,0,36.124690,-86.752020,NOLENSVILLE PKE,,,,120.00,Feet,South,ROSEDALE AV,,,,0.00,N,Not at Intersection, ,Non-Junction,None,,,         ,Ryan,Cagle,Clear,Angle,no,no,no,no,no,False
101852298,METROPOLITAN NASHVILLE POLICE DEPT,20171072294,Davidson,Nashville,12/7/2017 8:40:00 PM,2,1,0,36.174930,-86.756630,S 9TH ST,,,,0.00,Feet,,WOODLAND ST,,,,0.00,Y,Four-Way,Y,Intersection,None,,,         ,Christopher,Augustin,Cloudy,Angle,no,no,no,no,no,False
101852309,METROPOLITAN NASHVILLE POLICE DEPT,20171074778,Davidson,Nashville,12/8/2017 3:35:00 PM,2,0,0,36.156880,-86.793810,CHURCH ST,,,,0.00,,,16TH AVN,,,,0.00,Y,T-Intersection, ,Non-Junction,None,,,         ,David,Collins,Clear,"Sideswipe, Same Direction",no,no,no,no,no,False
101852313,METROPOLITAN NASHVILLE POLICE DEPT,20171074724,Davidson,Nashville,12/8/2017 2:40:00 PM,2,0,0,36.150970,-86.769700,I 40,,,,0.00,,,,,,,210.45,N,Not at Intersection, ,Non-Junction,None,,,         ,Tyler,Maupin,Cloudy,Front to Rear,no,no,no,no,no,False
101852325,METROPOLITAN NASHVILLE POLICE DEPT,20171074814,Davidson,Nashville,12/8/2017 12:00:00 AM,2,0,0,36.237380,-86.788730,BRILEY PKWYE,,,,282.00,Feet,North,BRILEY PKWYW,,,,0.00,N,Not at Intersection, ,Non-Junction,None,,,         ,Melvin,Taylor,Clear,Front to Rear,no,no,no,no,no,False
101852334,METROPOLITAN NASHVILLE POLICE DEPT,20171074714,Davidson,Nashville,12/8/2017 3:10:00 PM,3,0,0,36.206770,-86.780830,W TRINITY LN,,,,56.00,Feet,East,SCRUGGS LN,,,,0.00,N,Not at Intersection,N,Non-Junction,None,,,         ,Jason,Hees,Clear,Front to Rear,no,no,no,no,no,False
101852340,METROPOLITAN NASHVILLE POLICE DEPT,2017-1074745,Davidson,Nashville,12/8/2017 1:00:00 PM,2,0,0,36.191020,-86.798950,VANTAGE WAY CT,,,,0.00,,,VANTAGE WAY,,,,0.00,Y,Four-Way, ,Intersection,None,,,         ,Clayton,Lewis,Clear,Front to Rear,no,no,no,no,no,False
101852370,METROPOLITAN NASHVILLE POLICE DEPT,20171074879,Davidson,Nashville,12/8/2017 3:53:00 PM,2,0,0,36.246020,-86.745250,I 65,,,,0.00,,,,,,,90.85,N,Not at Intersection,N,Non-Junction,None,,,         ,Samuel,Miller,Cloudy,Front to Rear,no,no,no,no,no,False
101852381,METROPOLITAN NASHVILLE POLICE DEPT,20171074896,Davidson,Nashville,12/8/2017 12:00:00 AM,2,0,0,36.151250,-86.769030,I 40,,,,0.00,,,,,,,210.50,N,Not at Intersection, ,Non-Junction,None,,,         ,Craig,Gentry,Clear,Front to Rear,no,no,no,no,no,False