master_record_number,agency,agency_tracking_number,county,city,collision_date,vehicles_involved,number_injured,number_dead,latitude,longitude,roadway_name,roadway_suffix,roadway_number,roadway_local_id,distance_from_reference,miles-feet_indicator,direction_from_reference,intersection_road_name,intersection_road_name_suffix,intersection_road_number,intersection_local_id,mile_marker,intersection_indicator,intersect_type,interchange_related_indicator,relation_to_junction,work_zone_type,construction_maintenance_zone,construction_maintenance_zone_location,fatal_case_number,officer_first_name,officer_last_name,weather_condition(s),manner_of_crash,pedestrian,bicycle,scooter,parking,hitrun,mou
101854871,METROPOLITAN NASHVILLE POLICE DEPT,20171081490,Davidson,Nashville,12/11/2017 9:40:00 AM,2,0,0,36.153630,-86.756580,I 40,,,,0.00,,,,,,,211.20,N,Not at Intersection,N,Non-Junction,None,,,         ,James,Curtis,Clear,Front to Rear,no,no,no,no,no,False
101854875,METROPOLITAN NASHVILLE POLICE DEPT,20171081330,Davidson,Antioch,12/11/2017 8:20:00 AM,2,1,0,36.014510,-86.612650,FIRESTONE PKWY,,,,788.00,Feet,North,HEIL QUAKER BLVD,,,,0.00,N,Not at Intersection,N,Non-Junction,None,,,         ,Peter,Vaught,Clear,Angle,no,no,no,no,no,False
101854876,METROPOLITAN NASHVILLE POLICE DEPT,20171081352,Davidson,Nashville,12/11/2017 8:29:00 AM,2,0,0,36.138470,-86.726820,I 24,,,,0.00,,,,,,,52.40,N,Not at Intersection, ,Non-Junction,None,,,         ,Shelby,Hughes,Clear,Front to Rear,no,no,no,no,no,False
101854885,METROPOLITAN NASHVILLE POLICE DEPT,2017-1081564,Davidson,Nashville,12/11/2017 10:00:00 AM,2,0,0,36.038270,-86.783790,OLD HICKORY BLVD,,,,124.00,Feet,West,I65 S EXT RAMP,,,,0.00,N,Not at Intersection, ,Non-Junction,None,,,         ,Timothy,Edwards,Clear,"Sideswipe, Same Direction",no,no,no,no,no,False
101854886,METROPOLITAN NASHVILLE POLICE DEPT,20171081529,Davidson,Nashville,12/11/2017 9:40:00 AM,2,1,0,36.142120,-86.775780,CHESTNUT ST,,,,0.00,,,FORT NEGLEY BLVD,,,,0.00,Y,Four-Way,N,Intersection,None,,,         ,Ian,Hammond,Clear,Angle,no,no,no,no,no,False
101854888,METROPOLITAN NASHVILLE POLICE DEPT,20171081595,Davidson,Nashville,12/11/2017 12:00:00 AM,2,0,0,36.137650,-86.726770,I 24,,,,0.00,,,,,,,52.35,N,Not at Intersection,N,Non-Junction,None,,,         ,Michael,Dance,Clear,Front to Rear,no,no,no,no,yes,False
101854889,METROPOLITAN NASHVILLE POLICE DEPT,20171081184,Davidson,Nashville,12/11/2017 7:23:00 AM,2,0,0,36.153900,-86.838240,I 40,,,,0.00,,,,,,,205.00,N,Not at Intersection, ,Non-Junction,None,,,         ,Eric,Cunningham,Clear,Front to Rear,no,no,no,no,no,False
101854890,METROPOLITAN NASHVILLE POLICE DEPT,20171081184,Davidson,Nashville,12/11/2017 7:44:00 AM,2,0,0,36.161910,-86.860390,MORROW RD,,,,83.00,Feet,East,MARILYN RD,,,,0.00,N,Not at Intersection,N,Non-Junction,None,,,         ,Eric,Cunningham,Clear,HeadOn,no,no,no,no,no,False
101854891,METROPOLITAN NASHVILLE POLICE DEPT,20171081625,Davidson,Nashville,12/11/2017 10:24:00 AM,2,0,0,36.153250,-86.794010,17TH AVS,,,,0.00,Feet,West,BROADWAY,,,,0.00,N,Not at Intersection, ,Non-Junction,None,,,         ,Bryan,Musgrave,Clear,Front to Rear,no,no,no,no,no,False
101854903,METROPOLITAN NASHVILLE POLICE DEPT,20171081259,Davidson,Nashville,12/11/2017 7:54:00 AM,3,4,0,36.127470,-86.629550,BELL RD,,,,0.00,,,PRIEST WOODS DR,,,,0.00,Y,T-Intersection,N,Intersection,None,,,         ,Andrey,Volfson,Clear,Front to Rear,no,no,no,no,no,False
101854907,METROPOLITAN NASHVILLE POLICE DEPT,2017-1081408,Davidson,Nashville,12/11/2017 8:58:00 AM,3,2,0,36.114860,-86.719560,EAST THOMPSON LN,,,,0.00,,,GLENROSE AV,,,,0.00,Y,Four-Way,N,Intersection,None,,,         ,William,Whitworth,Clear,Angle,no,no,no,no,no,False
101854921,VANDERBILT UNIVERSITY POLICE,2017-1081733,Davidson,Nashville,12/11/2017 12:00:00 AM,2,0,0,36.139300,-86.803860,CHILDRENS WAY,,,,0.00,,,,,,,0.00,,, ,,None,,,         ,Donald,McCormick,,,no,no,no,yes,no,Campus
101854929,METROPOLITAN NASHVILLE POLICE DEPT,20171081192,Davidson,Nashville,12/11/2017 6:55:00 AM,2,1,0,36.093389,-87.022712,CHARLOTTE,PIKE,,HIGHWAY 70 S,96.00,Feet,East,MCCRORY LN,,,,0.00,,Not at Intersection,N,Non-Junction,Construction Zone,Work On Shoulder Or Median,Activity Area,         ,Nicholas,Silinsky,Clear,Not Collision with Motor Vehicle in Transport,no,no,no,no,no,False
101854930,BELLE MEADE POLICE DEPT,17 -0355,Davidson,Belle Meade,12/7/2017 4:01:00 PM,3,0,0,36.114400,-86.861860,HARDING PKE,,,,0.00,Feet,,HARDING PKE,,,,0.00,Y,OTHER,N,Non-Junction,None,,,         ,Norm,Shelton,Clear,Front to Rear,no,no,no,no,no,False
101854941,METROPOLITAN NASHVILLE POLICE DEPT,2017-1081783,Davidson,Nashville,12/11/2017 11:30:00 AM,2,0,0,36.040840,-86.773470,OLD HICKORY BLVD,,,,0.00,,,HEALTH PARK DR,,,,0.00,Y,Four-Way, ,Intersection,None,,,         ,Timothy,Edwards,Clear,Front to Rear,no,no,no,no,no,False
101854947,METROPOLITAN NASHVILLE POLICE DEPT,20171081656,Davidson,Nashville,12/11/2017 10:25:00 AM,2,0,0,36.183820,-86.748370,GALLATIN AV,,,,0.00,,,EASTLAND AV,,,,0.00,Y,OTHER,N,Non-Junction,None,,,         ,Alex,Moore,Clear,Angle,no,no,no,no,yes,False
101854964,METROPOLITAN NASHVILLE POLICE DEPT,2017-1081800,Davidson,Nashville,12/11/2017 11:40:00 AM,2,1,0,36.133280,-86.801830,PORTLAND AV,,,,153.00,Feet,West,MAGNOLIA BLVD,,,,0.00,N,Not at Intersection,N,"Driveway, Alley Access, etc",None,,,         ,Russell,Freeman,Clear,Angle,no,no,no,no,no,False
101854965,METROPOLITAN NASHVILLE POLICE DEPT,20171081463,Davidson,Nashville,12/11/2017 9:00:00 AM,2,0,0,36.122090,-86.807160,I440 E EXT RAMP,,,,0.00,,,HILLSBORO PKE,,,,0.00,Y,Y-Intersection, ,Entrance/Exit Ramp Related,None,,,         ,Nathan,Kemp,Clear,Front to Rear,no,no,no,no,no,False
101854971,BERRY HILL POLICE DEPT,17-4123,Davidson,Berry Hill,12/6/2017 1:45:00 PM,3,0,0,36.121930,-86.775650,FRANKLIN PKE,,,,213.00,Feet,North,KIRKWOOD AV,,,,0.00,N,Not at Intersection, ,Non-Junction,None,,,         ,Ronnie,Hill,Clear,Angle,no,no,no,no,no,False
101855002,METROPOLITAN NASHVILLE POLICE DEPT,20171081951,Davidson,Nashville,12/11/2017 10:45:00 AM,2,0,0,36.155050,-86.791080,BROADWAY,,,,146.00,Feet,West,15TH AVN,,,,0.00,N,Not at Intersection, ,,None,,,         ,Bryan,Musgrave,,,no,no,no,no,no,False
101855004,METROPOLITAN NASHVILLE POLICE DEPT,20171081904,Davidson,Nashville,12/11/2017 12:18:00 PM,2,0,0,36.146870,-86.743090,I 40,,,,0.00,,,,,,,212.10,N,Not at Intersection, ,Non-Junction,None,,,         ,James,Curtis,Clear,"Sideswipe, Same Direction",no,no,no,no,yes,False
101855010,METROPOLITAN NASHVILLE POLICE DEPT,20171081956,Davidson,Nashville,12/11/2017 12:35:00 PM,2,0,0,36.162110,-86.790610,CHARLOTTE AV,,,,0.00,,,11TH AVN,,,,0.00,Y,OTHER,N,Non-Junction,None,,,         ,Steven,Folliard,Clear,Angle,no,no,no,no,no,False
101855014,METROPOLITAN NASHVILLE POLICE DEPT,20171081764,Davidson,Nashville,12/11/2017 11:20:00 AM,2,0,0,36.089370,-86.688280,EZELL PKE,,,,106.00,Feet,South,HARDING PL,,,,0.00,N,Not at Intersection,N,Non-Junction,None,,,         ,Jessie,Meadows,Clear,Front to Rear,no,no,no,no,no,False
101855015,METROPOLITAN NASHVILLE POLICE DEPT,20171081907,Davidson,Nashville,12/11/2017 12:35:00 PM,2,0,0,36.133830,-86.722700,PLUS PARK BLVD,,,,81.00,Feet,South,MURFREESBORO PKE,,,,0.00,N,Not at Intersection, ,Non-Junction,None,,,         ,Jessie,Meadows,Clear,Front to Rear,no,no,no,no,no,False
101855039,METROPOLITAN NASHVILLE POLICE DEPT,20171081861,Davidson,Nashville,12/11/2017 12:06:00 PM,2,2,0,36.131880,-86.895530,CHARLOTTE PKE,,,,0.00,,,I40 E ENT RAMP,,,,0.00,Y,Four-Way,N,Intersection,None,,,         ,Andrew,Maholland,Clear,Angle,no,no,no,no,no,False
101855057,METROPOLITAN NASHVILLE POLICE DEPT,2017-1081908,Davidson,Not in City Limit,12/11/2017 12:22:00 PM,1,1,0,36.307930,-86.821470,I 24,,,,0.00,,,,,,,38.00,N,Not at Intersection,N,Non-Junction,None,,,         ,Carlos,angulo,Clear,Not Collision with Motor Vehicle in Transport,no,no,no,no,no,False
101855060,METROPOLITAN NASHVILLE POLICE DEPT,2017-1081319,Davidson,Nashville,12/11/2017 12:00:00 AM,2,0,0,36.141680,-86.765440,HUMPHREYS ST,,,,181.00,Feet,West,LITTLE HAMILTON AV,,,,0.00,N,Not at Intersection,N,Non-Junction,None,,,         ,Erik,Wagner,Unknown,Unknown,no,no,no,no,yes,False
101855061,METROPOLITAN NASHVILLE POLICE DEPT,2017-1081387,Davidson,Nashville,12/11/2017 8:50:00 AM,2,2,0,36.086580,-86.771970,FRANKLIN PKE,,,,0.00,,,HARDING PL,,,,0.00,Y,Four-Way,N,Intersection,None,,,         ,Erik,Wagner,Clear,Angle,no,no,no,no,no,False
101855065,METROPOLITAN NASHVILLE POLICE DEPT,20171081887,Davidson,Not in City Limit,12/11/2017 12:48:00 PM,2,0,0,36.262290,-86.712180,GALLATIN PKES,,,,215.00,Feet,North,E OLD HICKORY BLVD,,,,0.00,N,Not at Intersection,N,Non-Junction,None,,,         ,Thomas,Odom,Clear,"Sideswipe, Same Direction",no,no,no,yes,yes,False
101855068,METROPOLITAN NASHVILLE POLICE DEPT,20171081865,Davidson,Nashville,12/11/2017 11:45:00 AM,2,0,0,36.148000,-86.768700,4TH AVS,,,,142.00,Feet,North,CAMERON ST,,,,0.00,N,Not at Intersection,N,"Driveway, Alley Access, etc",None,,,         ,Todd,Watson,Clear,Front to Rear,no,no,no,no,no,False
101855081,METROPOLITAN NASHVILLE POLICE DEPT,20171081879,Davidson,Nashville,12/11/2017 12:07:00 PM,2,0,0,36.089220,-86.890090,MARQUETTE DR,,,,0.00,,,,,,,0.00,,,N,"Driveway, Alley Access, etc",None,,,         ,Nicholas,Silinsky,Clear,Not Collision with Motor Vehicle in Transport,no,no,no,yes,no,False
101855084,METROPOLITAN NASHVILLE POLICE DEPT,2017-1081902,Davidson,Nashville,12/11/2017 12:21:00 PM,2,3,0,36.147180,-86.768150,4TH AVS,,,,200.00,Feet,South,CAMERON ST,,,,0.00,N,Not at Intersection,N,Non-Junction,None,,,         ,William,Whitworth,Clear,Angle,no,no,no,no,no,False
101855149,METROPOLITAN NASHVILLE POLICE DEPT,2017-1082159,Davidson,Not in City Limit,12/11/2017 1:45:00 PM,2,0,0,36.271140,-86.754720,DICKERSON PKE,,,,747.00,Feet,North,OLD HICKORY BLVD,,,,0.00,N,Not at Intersection, ,Non-Junction,None,,,         ,Terrence,Bradley,Clear,Front to Rear,no,no,no,no,yes,False
101855158,METROPOLITAN NASHVILLE POLICE DEPT,20171082298,Davidson,Nashville,12/11/2017 2:51:00 PM,2,0,0,36.086580,-86.771970,FRANKLIN PKE,,,,0.00,,,HARDING PL,,,,0.00,Y,Four-Way, ,Intersection-Related,None,,,         ,Tien,Nguyen,Clear,Front to Rear,no,no,no,no,no,False
101855169,METROPOLITAN NASHVILLE POLICE DEPT,20171081968,Davidson,Nashville,12/11/2017 12:42:00 PM,2,1,0,36.051450,-86.702710,OCALA DR,,,,0.00,Feet,West,EULALA DR,,,,0.00,N,Not at Intersection,N,Non-Junction,None,,,         ,Peter,Vaught,Clear,Angle,no,no,no,no,no,False
101855176,METROPOLITAN NASHVILLE POLICE DEPT,20171082223,Davidson,Nashville,12/11/2017 2:14:00 PM,2,2,0,36.185830,-86.676050,FERNBROOK LN,,,,0.00,,,MCGAVOCK PKE,,,,0.00,Y,T-Intersection,N,Intersection-Related,None,,,         ,James,Curtis,Clear,HeadOn,no,no,no,no,no,False
101855216,METROPOLITAN NASHVILLE POLICE DEPT,20171082342,Davidson,Nashville,12/11/2017 3:06:00 PM,2,0,0,36.142560,-86.780590,CENTRAL ST,,,,87.00,Feet,East,9TH AVS,,,,0.00,N,Not at Intersection, ,Non-Junction,None,,,         ,Austin,Kendrick,Clear,Front to Rear,no,no,no,no,no,False
101855221,METROPOLITAN NASHVILLE POLICE DEPT,20171082130,Davidson,Nashville,12/11/2017 1:37:00 PM,2,1,0,36.202080,-86.689620,OPRY MILLS DR,,,,674.00,Feet,North,BRILEY PKWYS,,,,0.00,N,Not at Intersection,N,Non-Junction,None,,,         ,Cody,O'Quinn,Clear,Angle,no,no,no,yes,no,False
101855227,METROPOLITAN NASHVILLE POLICE DEPT,20171082302,Davidson,Nashville,12/11/2017 2:54:00 PM,2,0,0,36.144290,-86.695230,I 40,,,,0.00,,,,,,,215.00,N,Not at Intersection, ,Non-Junction,None,,,         ,Tyler,Conrads,Clear,Front to Rear,no,no,no,no,no,False
101855229,METROPOLITAN NASHVILLE POLICE DEPT,20171082357,Davidson,Not in City Limit,12/11/2017 2:34:00 PM,2,0,0,36.073730,-86.946160,SAWYER BROWN RD,,,,34.00,Feet,North,PLANTATION CT,,,,0.00,N,Not at Intersection, ,Non-Junction,None,,,         ,Andrew,Brazee,Clear,Front to Rear,no,no,no,no,no,False
101855239,METROPOLITAN NASHVILLE POLICE DEPT,20171082203,Davidson,Goodlettsville,12/11/2017 2:05:00 PM,3,0,0,36.296910,-86.699160,GALLATIN PKEN,,,,0.00,,,RIVERGATE PKWY,,,,0.00,Y,Four-Way,Y,Intersection,None,,,         ,Spencer,Pittman,Clear,Angle,no,no,no,no,no,False
101855245,METROPOLITAN NASHVILLE POLICE DEPT,20171082461,Davidson,Nashville,12/11/2017 12:00:00 AM,2,0,0,36.204610,-86.748980,E TRINITY LN,,,,172.00,Feet,West,AMBROSE AV,,,,0.00,N,Not at Intersection,N,Non-Junction,None,,,         ,Gordon,Stovall,Clear,Front to Rear,no,no,no,no,no,False
101855249,METROPOLITAN NASHVILLE POLICE DEPT,20171082184,Davidson,Not in City Limit,12/11/2017 12:00:00 AM,2,1,0,36.325150,-86.876800,I 24,,,,0.00,,,,,,,34.50,N,Not at Intersection,N,Non-Junction,None,,,         ,Melvin,Taylor,Clear,Not Collision with Motor Vehicle in Transport,no,no,no,no,no,False
101855250,METROPOLITAN NASHVILLE POLICE DEPT,20171082320,Davidson,Nashville,12/11/2017 2:43:00 PM,2,0,0,36.165940,-86.826670,33RD AVN,,,,110.00,Feet,South,CLOVER ST,,,,0.00,N,Not at Intersection,N,Non-Junction,None,,,         ,Victor,Alexander,Clear,"Sideswipe, Same Direction",no,no,no,no,no,False
101855255,THP District 9 - Administrative,317073399,Davidson,Nashville,12/7/2017 5:35:00 PM,3,0,0,36.156130,-86.630360,STEWARTS FERRY PKE,,,,301.00,Feet,East,I40 W EXT RAMP,,,,0.00,N,Not at Intersection,N,Non-Junction,None,,,         ,Steven,Lowery,Clear,Front to Rear,no,no,no,no,no,False
101855259,METROPOLITAN NASHVILLE POLICE DEPT,20171082290,Davidson,Nashville,12/11/2017 2:20:00 PM,2,1,0,36.101790,-86.740550,NOLENSVILLE PKE,,,,0.00,,,ANTIOCH PKE,,,,0.00,Y,T-Intersection,N,Intersection,None,,,         ,Jon,Mcvey,Clear,Angle,no,no,no,no,no,False
101855269,METROPOLITAN NASHVILLE POLICE DEPT,20171082577,Davidson,Nashville,12/11/2017 4:08:00 PM,2,0,0,36.153250,-86.775530,LAFAYETTE ST,,,,0.00,Feet,,6TH AVS,,,,0.00,Y,Four-Way,N,Intersection,None,,,         ,Chad,Wilkinson,Clear,Angle,no,no,no,no,yes,False
101855274,METROPOLITAN NASHVILLE POLICE DEPT,20171082506,Davidson,Nashville,12/11/2017 2:41:00 PM,2,1,0,36.132580,-86.637500,HARBORWOOD CIR,,,,0.00,,,TIMBER VALLEY DR,,,,0.00,Y,Four-Way,N,Intersection,None,,,         ,Cody,O'Quinn,Clear,Front to Rear,no,no,no,no,no,False
101855275,METROPOLITAN NASHVILLE POLICE DEPT,20171082440,Davidson,Not in City Limit,12/11/2017 3:38:00 PM,2,0,0,36.318940,-86.843770,I 24,,,,0.00,,,,,,,36.35,N,Not at Intersection, ,Non-Junction,None,,,         ,Timothy,Morgan,Clear,Front to Rear,no,no,no,no,no,False
101855276,METROPOLITAN NASHVILLE POLICE DEPT,20171082555,Davidson,Nashville,12/11/2017 3:05:00 PM,2,0,0,36.066010,-86.694320,ANTON DR,,,,184.00,Feet,East,CREEKSIDE DR,,,,0.00,N,Not at Intersection, ,Non-Junction,None,,,         ,Richard,Olive,Clear,Rear to Side,no,no,no,no,no,False
101855286,METROPOLITAN NASHVILLE POLICE DEPT,20171082463,Davidson,Nashville,12/11/2017 1:45:00 PM,2,0,0,36.191310,-86.799150,ROSA L PARKS BLVD,,,,124.00,Feet,North,VANTAGE WAY CT,,,,0.00,N,Not at Intersection,N,Non-Junction,None,,,         ,Jason,Hees,Clear,"Sideswipe, Same Direction",no,no,no,no,no,False
101855294,METROPOLITAN NASHVILLE POLICE DEPT,20171082654,Davidson,Nashville,12/11/2017 12:00:00 AM,2,0,0,36.178890,-86.788400,TAYLOR ST,,,,91.00,Feet,East,4TH AVN,,,,0.00,N,Not at Intersection, ,Non-Junction,None,,,         ,Melvin,Taylor,Clear,"Sideswipe, Same Direction",no,no,no,no,yes,False
101855297,METROPOLITAN NASHVILLE POLICE DEPT,20171082427,Davidson,Nashville,12/11/2017 3:30:00 PM,3,0,0,36.169290,-86.680530,LEBANON PKE,,,,191.00,Feet,West,MCGAVOCK PKE,,,,0.00,N,Not at Intersection,N,Non-Junction,None,,,         ,John,Kelley,Clear,"Sideswipe, Same Direction",no,no,no,no,yes,False
101855300,METROPOLITAN NASHVILLE POLICE DEPT,20171082624,Davidson,Nashville,12/11/2017 4:20:00 PM,2,0,0,36.097430,-86.738320,NOLENSVILLE PKE,,,,121.00,Feet,South,VERITAS ST,,,,0.00,N,Not at Intersection, ,Non-Junction,None,,,         ,Jessie,Meadows,Clear,Angle,no,no,no,no,no,False
101855304,METROPOLITAN NASHVILLE POLICE DEPT,20171082682,Davidson,Nashville,12/11/2017 5:00:00 PM,2,0,0,36.161190,-86.760310,I 24,,,,0.00,,,,,,,49.40,N,Not at Intersection, ,,None,,,         ,Michael,Moss,,,no,no,no,no,no,False
101855307,METROPOLITAN NASHVILLE POLICE DEPT,20171082662,Davidson,Nashville,12/11/2017 4:55:00 PM,3,2,0,36.104690,-86.742030,NOLENSVILLE PKE,,,,213.00,Feet,South,RADNOR ST,,,,0.00,N,Not at Intersection,N,Non-Junction,None,,,         ,Jon,Mcvey,Clear,Front to Rear,no,no,no,no,no,False
101855308,METROPOLITAN NASHVILLE POLICE DEPT,20171082678,Davidson,Nashville,12/11/2017 12:00:00 AM,1,0,0,36.196250,-86.738060,CAHAL AV,,,,65.00,Feet,West,NELDIA CT,,,,0.00,N,Not at Intersection,N,Non-Junction,None,,,         ,Gordon,Stovall,Clear,Not Collision with Motor Vehicle in Transport,no,no,no,no,no,False
101855309,METROPOLITAN NASHVILLE POLICE DEPT,20171082494,Davidson,Nashville,12/11/2017 3:54:00 PM,2,0,0,36.151810,-86.851360,CHARLOTTE AV,,,,50.00,Feet,West,53RD AVN,,,,0.00,N,Not at Intersection, ,Non-Junction,None,,,         ,Walter,Gray II,Clear,Front to Rear,no,no,no,no,no,False
101855313,METROPOLITAN NASHVILLE POLICE DEPT,20171082429,Davidson,Nashville,12/11/2017 3:10:00 PM,2,0,0,36.152300,-86.797450,WEST END AV,,,,0.00,,,19TH AVN,,,,0.00,Y,Four-Way,N,Intersection-Related,None,,,         ,Bradley,Pope,Clear,Front to Rear,no,no,no,no,yes,False
101855315,METROPOLITAN NASHVILLE POLICE DEPT,20171082718,Davidson,Nashville,12/11/2017 4:16:00 PM,2,0,0,36.083650,-86.647220,MURFREESBORO PKE,,,,0.00,,,BROOKSBORO PL,,,,0.00,Y,Four-Way,N,Intersection,None,,,         ,Patrick,Taylor,Clear,Angle,no,no,no,no,yes,False
101855316,METROPOLITAN NASHVILLE POLICE DEPT,20171082474,Davidson,Nashville,12/11/2017 3:20:00 PM,2,0,0,36.040410,-86.745310,OLD HICKORY BLVD,,,,562.00,Feet,West,EDMONDSON PKE,,,,0.00,N,Not at Intersection,N,Non-Junction,None,,,         ,Hillary,Sherman,Clear,Angle,no,no,no,no,no,False
101855320,METROPOLITAN NASHVILLE POLICE DEPT,20171082721,Davidson,Nashville,12/11/2017 5:35:00 PM,2,0,0,36.213520,-86.764310,DELLWAY VILLA RD,,,,66.00,Feet,East,DICKERSON PKE,,,,0.00,N,Not at Intersection,N,Non-Junction,None,,,         ,Joshua,Lackey,Clear,"Sideswipe, Opposite Direction",no,no,no,no,yes,False
101855322,METROPOLITAN NASHVILLE POLICE DEPT,20171082761,Davidson,Not in City Limit,12/11/2017 5:52:00 PM,2,0,0,36.023490,-86.630900,I 24,,,,0.00,,,,,,,61.70,N,Not at Intersection,N,Non-Junction,None,,,         ,Alyson,Cook,Clear,"Sideswipe, Same Direction",no,no,no,no,yes,False
101855327,BERRY HILL POLICE DEPT,17-4182,Davidson,Berry Hill,12/11/2017 12:00:00 AM,2,0,0,36.124980,-86.776670,FRANKLIN PKE,,,,0.00,,,INVERNESS AV,,,,0.00,Y,T-Intersection,Y,Intersection,None,,,         ,John,Gleixner,Clear,Angle,no,no,no,no,no,False
101855329,BERRY HILL POLICE DEPT,17-4184,Davidson,Nashville,12/11/2017 5:40:00 PM,2,0,0,36.120010,-86.752440,MELROSE AV,,,,0.00,,,KLINE AV,,,,0.00,Y,OTHER, ,Intersection-Related,None,,,         ,Roy,Morris,Clear,Front to Rear,no,no,no,no,no,False
101855330,BERRY HILL POLICE DEPT,17-4183,Davidson,Berry Hill,12/11/2017 5:45:00 PM,2,0,0,36.112330,-86.767020,THOMPSON LN,,,,0.00,,,BRANSFORD AV,,,,0.00,Y,Four-Way, ,Intersection,None,,,         ,Stephen,Reece,Clear,Front to Rear,no,no,no,no,no,False
101855331,METROPOLITAN NASHVILLE POLICE DEPT,20171082719,Davidson,Nashville,12/11/2017 5:30:00 PM,3,1,0,36.113190,-86.801620,WOODMONT BLVD,,,,0.00,,,RICHARDS ST,,,,0.00,Y,Four-Way,N,Non-Junction,None,,,         ,Hillary,Sherman,Clear,Front to Rear,no,no,no,no,no,False
101855334,METROPOLITAN NASHVILLE POLICE DEPT,20171082457,Davidson,Nashville,12/11/2017 12:00:00 AM,2,1,0,36.047300,-86.862740,OLD HICKORY BLVD,,,,0.00,Feet,,HILLSBORO PKE,,,,0.00,Y,Four-Way,N,Intersection,None,,,         ,David,Robberson,Clear,Front to Rear,no,no,no,no,no,False
101855339,METROPOLITAN NASHVILLE POLICE DEPT,20171082812,Davidson,Goodlettsville,12/11/2017 6:15:00 PM,2,0,0,36.288120,-86.704820,GALLATIN PKEN,,,,500.00,Feet,North,EDENWOLD RD,,,,0.00,N,Not at Intersection, ,Non-Junction,None,,,         ,Christopher,Littles,Clear,Front to Rear,no,no,no,no,no,False
101855343,METROPOLITAN NASHVILLE POLICE DEPT,20171082795,Davidson,Not in City Limit,12/11/2017 6:00:00 PM,2,0,0,35.996870,-86.689890,NOLENSVILLE PKE,,,,0.00,,,CONCORD RD,,,,0.00,Y,Four-Way,N,Intersection,None,,,         ,Candice,Soper,Clear,Angle,no,no,no,no,no,False
101855344,METROPOLITAN NASHVILLE POLICE DEPT,20171082774,Davidson,Nashville,12/11/2017 5:45:00 PM,2,0,0,36.136000,-86.791740,WEDGEWOOD AV,,,,57.00,Feet,East,15TH AVS,,,,0.00,N,Not at Intersection, ,Non-Junction,None,,,         ,Nicholas,Carroll,Clear,"Sideswipe, Same Direction",no,no,no,no,no,False
101855345,METROPOLITAN NASHVILLE POLICE DEPT,2017-1082643,Davidson,Nashville,12/11/2017 3:15:00 PM,2,1,0,36.217370,-86.597640,ANDREW JACKSON PKWY,,,,166.00,Feet,South,JACKSON MEADOWS DR,,,,0.00,N,Not at Intersection,N,OtherLocation,None,,,         ,Sandra,Talavera,Clear,Front to Rear,no,no,no,no,yes,False
101855346,METROPOLITAN NASHVILLE POLICE DEPT,20171082843,Davidson,Nashville,12/11/2017 6:19:00 PM,2,2,0,36.096810,-86.656640,MURFREESBORO PKE,,,,216.00,Feet,West,SMITH SPRINGS RD,,,,0.00,N,Not at Intersection,N,Non-Junction,None,,,         ,Nakia,Reid,Clear,Front to Rear,no,no,no,no,no,False
101855359,METROPOLITAN NASHVILLE POLICE DEPT,20171082868,Davidson,Nashville,12/11/2017 4:44:00 PM,2,1,0,36.143390,-86.654290,ELM HILL PKE,,,,229.00,Feet,East,MCCRORY CREEK RD,,,,0.00,N,Not at Intersection,N,Non-Junction,None,,,         ,Jaby,Djabbarov,Clear,Front to Rear,no,no,no,no,no,False
101855369,METROPOLITAN NASHVILLE POLICE DEPT,20171082874,Davidson,Nashville,12/11/2017 6:40:00 PM,2,1,0,36.055460,-86.723070,BREWER DR,,,,0.00,,,MCMURRAY DR,,,,0.00,Y,Four-Way,N,Intersection,None,,,         ,Jon,Mcvey,Clear,Angle,no,no,no,no,no,False
101855386,METROPOLITAN NASHVILLE POLICE DEPT,20171082943,Davidson,Nashville,12/11/2017 5:30:00 PM,2,0,0,36.215120,-86.597670,LEBANON PKE,,,,0.00,,,ANDREW JACKSON PKWY,,,,0.00,Y,Four-Way, ,Intersection,None,,,         ,Brenna,Hosey,Clear,"Sideswipe, Same Direction",no,no,no,no,no,False
101855387,METROPOLITAN NASHVILLE POLICE DEPT,20171082866,Davidson,Nashville,12/11/2017 6:42:00 PM,2,2,0,36.124980,-86.847640,HARDING PKE,,,,0.00,,,WHITE BRIDGE PKE,,,,0.00,Y,Four-Way,N,Intersection,None,,,         ,Ethan,Usherwood,Clear,Angle,no,no,no,no,no,False
101855389,METROPOLITAN NASHVILLE POLICE DEPT,20171082844,Davidson,Not in City Limit,12/11/2017 12:00:00 AM,1,1,0,36.342290,-86.871690,WHITES CREEK PKE,,,,1937.00,Feet,South,GREENBRIER RD,,,,0.00,N,Not at Intersection,N,Non-Junction,None,,,         ,Melvin,Taylor,Clear,Not Collision with Motor Vehicle in Transport,no,no,no,no,no,False
101855390,METROPOLITAN NASHVILLE POLICE DEPT,20171082814,Davidson,Nashville,12/11/2017 6:19:00 PM,2,0,0,36.109900,-86.719690,I24 W EXT RAMP,,,,0.00,Feet,East,I 24,,,,0.00,N,Not at Intersection,N,Entrance/Exit Ramp Related,None,,,         ,Alyson,Cook,Clear,Front to Rear,no,no,no,no,no,False
101855393,METROPOLITAN NASHVILLE POLICE DEPT,20171082907,Davidson,Not in City Limit,12/11/2017 6:54:00 PM,1,0,0,36.138790,-86.945000,RIVER ROAD PKE,,,,2252.00,Feet,West,OLD RIVER RD,,,,0.00,N,Not at Intersection,N,Non-Junction,None,,,         ,Jeremy,Huffine,Clear,Not Collision with Motor Vehicle in Transport,no,no,no,no,no,False
101855401,METROPOLITAN NASHVILLE POLICE DEPT,20171082922,Davidson,Nashville,12/11/2017 5:19:00 PM,2,0,0,36.067410,-86.631250,MURFREESBORO PKE,,,,0.00,,,FOREST VIEW DR,,,,0.00,Y,OTHER, ,Non-Junction,None,,,         ,Jedidayah,Merriweather,Clear,"Sideswipe, Same Direction",no,no,no,no,yes,False