master_record_number,agency,agency_tracking_number,county,city,collision_date,vehicles_involved,number_injured,number_dead,latitude,longitude,roadway_name,roadway_suffix,roadway_number,roadway_local_id,distance_from_reference,miles-feet_indicator,direction_from_reference,intersection_road_name,intersection_road_name_suffix,intersection_road_number,intersection_local_id,mile_marker,intersection_indicator,intersect_type,interchange_related_indicator,relation_to_junction,work_zone_type,construction_maintenance_zone,construction_maintenance_zone_location,fatal_case_number,officer_first_name,officer_last_name,weather_condition(s),manner_of_crash,pedestrian,bicycle,scooter,parking,hitrun,mou
101856188,METROPOLITAN NASHVILLE POLICE DEPT,20171085184,Davidson,Nashville,12/12/2017 12:19:00 PM,2,3,0,36.167370,-86.662340,LEBANON PKE,,,,308.00,Feet,East,DONELSON PKE,,,,0.00,N,Not at Intersection,N,Non-Junction,Utility Zone,Laneclosure,Advanced Warning Area,         ,Cody,O'Quinn,Clear,Angle,no,no,no,no,no,False
101856234,METROPOLITAN NASHVILLE POLICE DEPT,20171085462,Davidson,Nashville,12/12/2017 1:55:00 PM,2,1,0,36.168770,-86.788480,ROSA L PARKS BLVD,,,,96.00,Feet,North,HARRISON ST,,,,0.00,N,Not at Intersection,N,Non-Junction,None,,,         ,Steven,Folliard,Clear,Angle,no,no,no,no,no,False
101856242,METROPOLITAN NASHVILLE POLICE DEPT,20171085398,Davidson,Nashville,12/12/2017 1:35:00 PM,2,0,0,36.176880,-86.776180,SPRING ST,,,,0.00,,,COWAN ST,,,,0.00,Y,Four-Way,N,Intersection,None,,,         ,Charles,Coe,Clear,Front to Rear,no,no,no,no,no,False
101856268,METROPOLITAN NASHVILLE POLICE DEPT,20171082803,Davidson,Nashville,12/11/2017 6:10:00 PM,2,0,0,36.162290,-86.778290,COMMERCE ST,,,,50.00,Feet,West,4TH AVN,,,,0.00,N,Not at Intersection, ,,None,,,         ,Joshua,Reece,,,no,no,no,no,no,False
101856277,METROPOLITAN NASHVILLE POLICE DEPT,20171085432,Davidson,Nashville,12/12/2017 1:53:00 PM,4,0,0,36.067070,-86.689490,APACHE TRL,,,,114.00,Feet,West,HICKORY LAKE APTS PVTDR,,,,0.00,N,Not at Intersection,N,Non-Junction,None,,,         ,Jessie,Meadows,Clear,Angle,no,no,no,no,yes,False
101856279,METROPOLITAN NASHVILLE POLICE DEPT,20171085546,Davidson,Not in City Limit,12/12/2017 2:46:00 PM,2,0,0,36.308610,-86.681540,RIVERCHASE BLVD,,,,0.00,Feet,North,GALLATIN PKEN,,,,0.00,N,Not at Intersection, ,Non-Junction,None,,,         ,Janelle,Keslar,Clear,Other,no,no,no,no,no,False
101856284,METROPOLITAN NASHVILLE POLICE DEPT,2017-1074713,Davidson,Nashville,12/8/2017 3:09:00 PM,2,0,0,36.167280,-86.787410,ROSA L PARKS BLVD,,,,95.00,Feet,West,JAMES ROBERTSON PKWY,,,,0.00,N,Not at Intersection, ,Non-Junction,None,,,         ,Cory,West,Clear,"Sideswipe, Same Direction",no,no,no,no,no,False
101856291,METROPOLITAN NASHVILLE POLICE DEPT,20171085547,Davidson,Nashville,12/12/2017 2:46:00 PM,2,1,0,36.175060,-86.784490,JEFFERSON ST,,,,60.00,Feet,East,3RD AVN,,,,0.00,N,Not at Intersection,N,Non-Junction,None,,,         ,John,Chambers,Clear,"Sideswipe, Same Direction",no,no,no,no,yes,False
101856293,METROPOLITAN NASHVILLE POLICE DEPT,20171085582,Davidson,Nashville,12/12/2017 12:00:00 AM,2,1,0,36.197610,-86.776260,I 65,,,,0.00,,,,,,,86.70,N,Not at Intersection,N,Non-Junction,None,,,         ,Melvin,Taylor,Clear,Front to Rear,no,no,no,no,yes,False
101856298,METROPOLITAN NASHVILLE POLICE DEPT,20171085603,Davidson,Not in City Limit,12/12/2017 2:54:00 PM,2,0,0,36.045760,-86.948890,HIGHWAY 100,,,,500.00,Feet,East,TEMPLE RD,,,,0.00,N,Not at Intersection,N,Non-Junction,None,,,         ,Walter,Gray II,Clear,Front to Rear,no,no,no,no,no,False
101856339,METROPOLITAN NASHVILLE POLICE DEPT,20171085776,Davidson,Nashville,12/12/2017 4:00:00 PM,2,0,0,36.056230,-86.774700,I 65,,,,0.00,,,,,,,75.00,N,Not at Intersection,N,Non-Junction,None,,,         ,Hillary,Sherman,Clear,Front to Rear,no,no,no,no,no,False
101856340,WILLIAMSON CO SHERIFFS OFFICE,1726250,Davidson,Nashville,12/12/2017 3:45:00 PM,2,0,0,36.024640,-86.881340,HILLSBORO RD,,,,855.00,Feet,West,SUNNYSIDE DR,,,,0.00,N,Not at Intersection, ,Non-Junction,None,,,         ,Greg,Wilhelm,Clear,Front to Rear,no,no,no,no,no,False
101856347,METROPOLITAN NASHVILLE POLICE DEPT,20171085731,Davidson,Nashville,12/12/2017 12:00:00 AM,2,0,0,36.229080,-86.759330,DICKERSON PKE,,,,110.00,Feet,South,BROADMOOR DR,,,,0.00,N,Not at Intersection, ,Non-Junction,None,,,         ,Gordon,Stovall,Clear,Angle,no,no,no,no,no,False
101856349,METROPOLITAN NASHVILLE POLICE DEPT,20171085623,Davidson,Nashville,12/12/2017 3:15:00 PM,2,2,0,36.144580,-86.813140,WEST END AV,,,,0.00,,,29TH AVN,,,,0.00,Y,Four-Way,N,Intersection,None,,,         ,Jon,Mcvey,Clear,Angle,no,no,no,no,no,Campus
101856371,METROPOLITAN NASHVILLE POLICE DEPT,20171085664,Davidson,Nashville,12/12/2017 2:52:00 PM,2,0,0,36.215110,-86.596520,LEBANON PKE,,,,338.00,Feet,East,ANDREW JACKSON PKWY,,,,0.00,N,Not at Intersection,N,Non-Junction,None,,,         ,Cody,O'Quinn,Clear,Front to Rear,no,no,no,no,yes,False
101856380,METROPOLITAN NASHVILLE POLICE DEPT,20171085929,Davidson,Nashville,12/12/2017 4:57:00 PM,2,0,0,36.159430,-86.792100,I 40,,,,0.00,,,,,,,208.85,N,Not at Intersection, ,Entrance/Exit Ramp Related,None,,,         ,Joshua,Hausman,Clear,"Sideswipe, Same Direction",no,no,no,no,yes,False
101856386,METROPOLITAN NASHVILLE POLICE DEPT,20171085887,Davidson,Nashville,12/12/2017 4:20:00 PM,2,0,0,36.086690,-86.648540,MURFREESBORO PKE,,,,89.00,Feet,South,NASHBORO BLVD,,,,0.00,N,Not at Intersection,N,Non-Junction,None,,,         ,Marcus,Mitchell,Clear,Front to Rear,no,no,no,no,yes,False
101856388,METROPOLITAN NASHVILLE POLICE DEPT,2017-1085954,Davidson,Not in City Limit,12/12/2017 4:50:00 PM,2,0,0,36.077600,-87.021040,I40 W EXT RAMP,,,,0.00,,,MCCRORY LN,,,,0.00,Y,Four-Way, ,,None,,,         ,Michael,Rogers,,,no,no,no,no,no,False
101856389,METROPOLITAN NASHVILLE POLICE DEPT,20171085929,Davidson,Nashville,12/12/2017 4:57:00 PM,2,0,0,36.174400,-86.774190,OLDHAM ST,,,,0.00,Feet,,N 1ST ST,,,,0.00,Y,Four-Way, ,Intersection,None,,,         ,Michael,Baron,Clear,Angle,no,no,no,no,no,False
101856402,METROPOLITAN NASHVILLE POLICE DEPT,20171085974,Davidson,Nashville,12/12/2017 5:15:00 PM,2,0,0,36.158290,-86.771890,HERMITAGE AV,,,,0.00,,,KOREAN VETERANS BLVD,,,,0.00,Y,Four-Way, ,Intersection,None,,,         ,Jason,King,Clear,"Sideswipe, Same Direction",no,no,no,no,no,False
101856403,METROPOLITAN NASHVILLE POLICE DEPT,20171085951,Davidson,Nashville,12/12/2017 4:50:00 PM,2,0,0,36.148980,-86.746340,I 40,,,,0.00,,,,,,,211.85,N,Not at Intersection,N,Non-Junction,None,,,         ,John,Daugherty,Clear,"Sideswipe, Same Direction",no,no,no,no,yes,False
101856404,METROPOLITAN NASHVILLE POLICE DEPT,20171085834,Davidson,Nashville,12/12/2017 4:30:00 PM,2,0,0,36.134040,-86.726920,I24E,,,,54.00,Feet,East,I24 E ENT RAMP,,,,0.00,N,Not at Intersection, ,Non-Junction,None,,,         ,Jessie,Meadows,Clear,"Sideswipe, Same Direction",no,no,no,no,no,False
101856407,METROPOLITAN NASHVILLE POLICE DEPT,20171085957,Davidson,Not in City Limit,12/12/2017 5:08:00 PM,2,1,0,36.256760,-86.786740,I 24,,,,0.00,,,,,,,42.10,N,Not at Intersection,N,Non-Junction,None,,,         ,Christopher,Littles,Clear,"Sideswipe, Same Direction",no,no,no,no,yes,False
101856408,METROPOLITAN NASHVILLE POLICE DEPT,20171086080,Davidson,Nashville,12/12/2017 12:00:00 AM,2,0,0,36.165260,-86.820150,28TH AVN,,,,124.00,Feet,North,I40 W EXT RAMP,,,,0.00,N,Not at Intersection, ,Non-Junction,None,,,         ,Melvin,Taylor,Clear,"Sideswipe, Same Direction",no,no,no,no,yes,False
101856417,METROPOLITAN NASHVILLE POLICE DEPT,20171086037,Davidson,Nashville,12/12/2017 5:23:00 PM,2,0,0,36.197010,-86.742060,GALLATIN AV,,,,0.00,Feet,,CAROLYN AV,,,,0.00,Y,T-Intersection,N,Intersection,None,,,         ,James,Smith,Clear,Other,no,no,no,no,no,False
101856421,METROPOLITAN NASHVILLE POLICE DEPT,2017-1086106,Davidson,Nashville,12/12/2017 5:55:00 PM,2,0,0,36.134680,-86.820140,I 440,,,,0.00,,,,,,,1.65,N,Not at Intersection, ,Entrance/Exit Ramp Related,None,,,         ,Ryan,Allen,Clear,Front to Rear,no,no,no,no,no,False
101856424,METROPOLITAN NASHVILLE POLICE DEPT,20171086097,Davidson,Nashville,12/12/2017 6:00:00 PM,2,0,0,36.111620,-86.792580,WOODMONT BLVD,,,,0.00,,,GRANNY WHITE PKE,,,,0.00,Y,Four-Way,N,Intersection,None,,,         ,Hillary,Sherman,Clear,Front to Rear,no,no,no,no,yes,False
101856426,METROPOLITAN NASHVILLE POLICE DEPT,20171086065,Davidson,Nashville,12/12/2017 5:47:00 PM,2,0,0,36.103850,-86.869450,HARDING PKE,,,,50.00,Feet,North,POST RD,,,,0.00,N,Not at Intersection,N,Non-Junction,None,,,         ,Walter,Gray II,Clear,Other,no,no,no,no,yes,False
101856430,METROPOLITAN NASHVILLE POLICE DEPT,20171086138,Davidson,Nashville,12/12/2017 6:10:00 PM,2,0,0,36.155250,-86.789020,I 40,,,,0.00,,,,,,,209.20,N,Not at Intersection, ,Non-Junction,None,,,         ,Jon,Mcvey,Clear,Front to Rear,no,no,no,no,no,False
101856436,METROPOLITAN NASHVILLE POLICE DEPT,20171086053,Davidson,Antioch,12/12/2017 5:30:00 PM,2,0,0,36.009950,-86.615370,I 24,,,,0.00,,,,,,,63.00,N,Not at Intersection,N,Non-Junction,None,,,         ,Candice,Soper,Clear,"Sideswipe, Same Direction",no,no,no,no,no,False
101856441,METROPOLITAN NASHVILLE POLICE DEPT,20171085810,Davidson,Nashville,12/12/2017 1:35:00 PM,2,0,0,36.153350,-86.803350,STATE ST,,,,0.00,,,21ST AVN,,,,0.00,Y,T-Intersection, ,Intersection-Related,None,,,         ,Eric,Burford,Clear,Angle,no,no,no,no,no,False
101856442,Nashville Airport Police,2017-04206,Davidson,Nashville,11/26/2017 9:04:00 PM,2,0,0,36.137000,-86.665340,TERMINAL DR,,,,80.00,Feet,West,SATELLITE WAY,,,,0.00,N,Not at Intersection, ,Non-Junction,None,,,         ,Christopher,Kullman,Clear,"Sideswipe, Same Direction",no,no,no,yes,no,False
101856456,METROPOLITAN NASHVILLE POLICE DEPT,20171086200,Davidson,Nashville,12/12/2017 5:02:00 PM,2,0,0,36.141610,-86.742920,POLK AV,,,,250.00,Feet,South,MURFREESBORO PKE,,,,0.00,N,Not at Intersection, ,Non-Junction,None,,,         ,Alyson,Cook,Clear,"Sideswipe, Opposite Direction",no,no,no,no,no,False
101856470,METROPOLITAN NASHVILLE POLICE DEPT,20171086184,Davidson,Nashville,12/12/2017 12:00:00 AM,1,0,0,36.232320,-86.832460,CLARKSVILLE PKE,,,,678.00,Feet,North,CLARKSVILLE PKE SB EXT RAMP,,,,0.00,N,Not at Intersection, ,Non-Junction,None,,,         ,Melvin,Taylor,Clear,Not Collision with Motor Vehicle in Transport,no,no,no,no,no,False
101856477,METROPOLITAN NASHVILLE POLICE DEPT,20171086178,Davidson,Nashville,12/12/2017 6:30:00 PM,2,1,0,36.164950,-86.794270,I 40,,,,0.00,,,,,,,208.40,N,Not at Intersection,N,Non-Junction,None,,,         ,Tien,Nguyen,Clear,"Sideswipe, Same Direction",no,no,no,no,no,False
101856488,METROPOLITAN NASHVILLE POLICE DEPT,20171085999,Davidson,Nashville,12/12/2017 4:48:00 PM,2,0,0,36.179390,-86.737150,ORDWAY PL,,,,0.00,,,AVONDALE DR,,,,0.00,Y,T-Intersection,N,Intersection,None,,,         ,Charles,Wakefield,Clear,Angle,no,no,no,no,no,False
101856496,METROPOLITAN NASHVILLE POLICE DEPT,20171086257,Davidson,Not in City Limit,12/12/2017 6:18:00 PM,2,0,0,36.264070,-86.690290,STATE RT 45,,,,0.00,,,MYATT DR,,,,0.00,Y,Four-Way,N,Intersection,None,,,         ,Christopher,Littles,Clear,"Sideswipe, Same Direction",no,no,no,no,yes,False
101856501,METROPOLITAN NASHVILLE POLICE DEPT,20171086003,Davidson,Nashville,12/12/2017 5:27:00 PM,3,7,0,36.231620,-86.804000,KNIGHT DR,,,,0.00,,,EWING DR,,,,0.00,Y,T-Intersection,N,Non-Junction,None,,,         ,Brandon,Rardin,Clear,Angle,no,no,no,no,no,False
101856503,METROPOLITAN NASHVILLE POLICE DEPT,20171086120,Davidson,Nashville,12/12/2017 5:58:00 PM,2,1,0,36.154030,-86.787570,DEMONBREUN ST,,,,0.00,,,13TH AVS,,,,0.00,Y,Four-Way,N,Intersection,None,,,         ,Joshua,Reece,Clear,Front to Rear,no,no,no,no,no,False
101856504,BELLE MEADE POLICE DEPT,17-0362,Davidson,Belle Meade,12/12/2017 6:17:00 PM,2,0,0,36.108630,-86.865590,HARDING PKE,,,,1858.00,Feet,South,JACKSON BLVD,,,,0.00,N,Not at Intersection, ,,None,,,         ,Mack,Mangrum,,,no,no,no,no,no,False
101856505,METROPOLITAN NASHVILLE POLICE DEPT,20171086164,Davidson,Not in City Limit,12/12/2017 6:00:00 PM,2,0,0,36.262210,-86.712210,GALLATIN PKES,,,,0.00,,,E OLD HICKORY BLVD,,,,0.00,Y,Four-Way,Y,Intersection,None,,,         ,Harold,Willmore IV,Clear,Angle,no,no,no,no,yes,False
101856512,METROPOLITAN NASHVILLE POLICE DEPT,20171086326,Davidson,Nashville,12/12/2017 7:25:00 PM,2,0,0,36.086910,-86.648680,UNA ANTIOCH PKE,,,,0.00,Feet,,NASHBORO BLVD,,,,0.00,Y,Four-Way,N,Non-Junction,None,,,         ,William,Durham,Clear,"Sideswipe, Same Direction",no,no,no,no,no,False
101856522,METROPOLITAN NASHVILLE POLICE DEPT,20171086339,Davidson,Nashville,12/12/2017 7:32:00 PM,2,1,0,36.172840,-86.765340,JAMES ROBERTSON PKWY,,,,0.00,,,MAIN ST,,,,0.00,Y,Four-Way,N,Intersection,None,,,         ,Jason,King,Clear,Front to Rear,no,no,no,no,yes,False
101856523,METROPOLITAN NASHVILLE POLICE DEPT,20171086082,Davidson,Goodlettsville,12/12/2017 4:55:00 PM,2,0,0,36.298460,-86.688090,PAULA DR,,,,130.00,Feet,North,TWIN HILLS DR,,,,0.00,N,Not at Intersection, ,Non-Junction,None,,,         ,Broderick,Jones,Clear,Angle,no,no,no,no,no,False
101856524,METROPOLITAN NASHVILLE POLICE DEPT,20171086312,Davidson,Nashville,12/12/2017 6:52:00 PM,2,0,0,36.136810,-86.799600,BELCOURT AV,,,,34.00,Feet,West,20TH AVS,,,,0.00,N,Not at Intersection, ,Non-Junction,None,,,         ,Jon,Mcvey,Clear,Front to Rear,no,no,no,no,no,False
101856536,METROPOLITAN NASHVILLE POLICE DEPT,20171086380,Davidson,Nashville,12/12/2017 7:47:00 PM,2,0,0,36.131880,-86.895530,CHARLOTTE PKE,,,,0.00,,,I40 E ENT RAMP,,,,0.00,Y,Four-Way,N,Intersection,None,,,         ,Brandon,Pedigo,Clear,Angle,no,no,no,no,no,False
101856543,METROPOLITAN NASHVILLE POLICE DEPT,20171086431,Davidson,Goodlettsville,12/12/2017 3:05:00 PM,2,0,0,36.305170,-86.689260,LIBERTY LN,,,,200.00,Feet,North,GALLATIN PKEN,,,,0.00,N,Not at Intersection, ,Non-Junction,None,,,         ,Christopher,Littles,Clear,Angle,no,no,no,no,no,False
101856545,METROPOLITAN NASHVILLE POLICE DEPT,20171086214,Davidson,Nashville,12/12/2017 6:41:00 PM,2,0,0,36.167380,-86.765440,I 24,,,,0.00,,,,,,,48.90,N,Not at Intersection, ,Entrance/Exit Ramp Related,None,,,         ,Joshua,Hausman,Clear,"Sideswipe, Same Direction",no,no,no,no,no,False
101856547,METROPOLITAN NASHVILLE POLICE DEPT,20171086270,Davidson,Not in City Limit,12/12/2017 7:03:00 PM,3,2,0,36.110110,-86.535760,HOBSON PKE,,,,0.75,Miles,East,GRANNY WRIGHT LN,,,,0.00,N,Not at Intersection,N,Non-Junction,None,,,         ,Joseph,Progar,Clear,"Sideswipe, Opposite Direction",no,no,no,no,no,False
101856548,METROPOLITAN NASHVILLE POLICE DEPT,20171086308,Davidson,Nashville,12/12/2017 7:22:00 PM,3,1,0,36.144290,-86.695230,I 40,,,,0.00,,,,,,,215.00,N,Not at Intersection,N,Non-Junction,None,,,         ,Jonathan,Cavezza,Cloudy,Angle,no,no,no,no,no,False
101856554,METROPOLITAN NASHVILLE POLICE DEPT,20171085952,Davidson,Nashville,12/12/2017 4:49:00 PM,2,0,0,36.151030,-86.786030,I 40,,,,0.00,,,,,,,209.50,N,Not at Intersection,N,Non-Junction,None,,,         ,Brian,Etchison,Clear,"Sideswipe, Same Direction",no,no,no,no,yes,False
101856557,METROPOLITAN NASHVILLE POLICE DEPT,20171086208,Davidson,Nashville,12/12/2017 6:39:00 PM,1,1,0,36.221700,-86.761670,HART LN,,,,0.00,,,DICKERSON PKE,,,,0.00,Y,T-Intersection,N,Intersection,None,,,         ,Joshua,Lackey,Clear,Not Collision with Motor Vehicle in Transport,yes,no,no,no,no,False
101856559,METROPOLITAN NASHVILLE POLICE DEPT,20171086135,Davidson,Nashville,12/12/2017 5:21:00 PM,3,0,0,36.165240,-86.764050,I 24,,,,0.00,,,,,,,49.05,N,Not at Intersection, ,Non-Junction,None,,,         ,Michael,Baron,Clear,Front to Rear,no,no,no,no,no,False
101856560,METROPOLITAN NASHVILLE POLICE DEPT,20171086376,Davidson,Nashville,12/12/2017 7:47:00 PM,2,2,0,36.151460,-86.857740,WHITE BRIDGE PKE,,,,0.00,,,I40 E ENT RAMP,,,,0.00,Y,OTHER,N,Intersection,None,,,         ,Walter,Gray II,Clear,Angle,no,no,no,no,no,False
101856598,METROPOLITAN NASHVILLE POLICE DEPT,20171085716,Davidson,Nashville,12/12/2017 3:53:00 PM,2,0,0,36.152480,-86.773240,LAFAYETTE ST,,,,0.00,,,5TH AVS,,,,0.00,Y,Four-Way, ,Intersection,None,,,         ,Michael,Douglas,Clear,Front to Rear,no,no,no,no,no,False
101856599,METROPOLITAN NASHVILLE POLICE DEPT,20171086530,Davidson,Nashville,12/12/2017 7:18:00 PM,2,0,0,36.175010,-86.784680,3RD AVN,,,,0.00,Feet,,JEFFERSON ST,,,,0.00,Y,Four-Way, ,Intersection,None,,,         ,Jason,King,Clear,Front to Rear,no,no,no,no,no,False
101856602,METROPOLITAN NASHVILLE POLICE DEPT,20171086233,Davidson,Not in City Limit,12/12/2017 6:20:00 PM,1,0,0,36.271370,-86.736170,I 65,,,,0.00,,,,,,,92.75,N,Not at Intersection, ,Non-Junction,None,,,         ,Joel,Callies,Clear,Not Collision with Motor Vehicle in Transport,no,no,no,no,no,False
101856615,GOODLETTSVILLE POLICE DEPT,17-43667,Davidson,Goodlettsville,12/12/2017 5:05:00 AM,1,3,0,36.323393,-86.708081,LONG HOLLOW,PIKE,,TWICE DAILY'S SHELL GAS STATION,150.00,Feet,North,LONG HOLLOW,PIKE,,,0.00,N,Not at Intersection,N,"Driveway, Alley Access, etc",None,,,         ,Jeffrey,Petty,Clear,Not Collision with Motor Vehicle in Transport,yes,no,no,yes,yes,False
101856621,METROPOLITAN NASHVILLE POLICE DEPT,20171086477,Davidson,Not in City Limit,12/12/2017 5:30:00 PM,2,0,0,36.269260,-86.755740,OLD HICKORY BLVDW,,,,0.00,Feet,,DICKERSON PKE,,,,0.00,Y,Four-Way, ,Intersection-Related,None,,,         ,Jerry,Pirtle,Cloudy,Angle,no,no,no,no,no,False
101856691,METROPOLITAN NASHVILLE POLICE DEPT,20171086749,Davidson,Nashville,12/12/2017 12:00:00 AM,2,0,0,36.193900,-86.830990,BUENA VISTA PKE,,,,110.00,Feet,North,CLARKSVILLE PKE,,,,0.00,N,Not at Intersection, ,Non-Junction,None,,,         ,Melvin,Taylor,Clear,Front to Rear,no,no,no,no,no,False
101856692,METROPOLITAN NASHVILLE POLICE DEPT,20171086685,Davidson,Not in City Limit,12/12/2017 9:08:00 PM,1,0,0,36.022610,-86.712280,NOLENSVILLE PKE,,,,0.00,,,PERSIA WAY,,,,0.00,Y,T-Intersection,N,Intersection-Related,None,,,         ,William,Coy,Clear,Not Collision with Motor Vehicle in Transport,no,no,no,no,no,False
101856694,METROPOLITAN NASHVILLE POLICE DEPT,20171086589,Davidson,Nashville,12/12/2017 9:10:00 PM,2,2,0,36.070880,-86.769700,I 65,,,,0.00,,,,,,,77.00,N,Not at Intersection,N,Non-Junction,None,,,         ,Jon,Mcvey,Clear,Not Collision with Motor Vehicle in Transport,no,no,no,no,no,False
101856735,METROPOLITAN NASHVILLE POLICE DEPT,20171086706,Davidson,Nashville,12/12/2017 9:30:00 PM,2,0,0,36.141020,-86.660240,I 40,,,,0.00,,,,,,,218.00,N,Not at Intersection,N,Non-Junction,None,,,         ,Johnathan,Pannell,Clear,Front to Rear,no,no,no,no,no,False
101856737,METROPOLITAN NASHVILLE POLICE DEPT,20171086810,Davidson,Nashville,12/12/2017 9:39:00 PM,1,1,0,36.045310,-86.815870,GRANNY WHITE PKE,,,,346.00,Feet,North,OTTERSHAW CT,,,,0.00,N,Not at Intersection,N,Non-Junction,None,,,         ,Cody,Jaworski,Clear,Not Collision with Motor Vehicle in Transport,no,no,no,no,no,False
101856738,METROPOLITAN NASHVILLE POLICE DEPT,20171086800,Davidson,Nashville,12/12/2017 10:40:00 PM,2,0,0,36.180140,-86.749890,N 11TH ST,,,,0.00,,,GALLATIN AV,,,,0.00,Y,Y-Intersection,Y,Intersection-Related,None,,,         ,Ky,Luu,Clear,Front to Rear,no,no,no,no,no,False
101856769,METROPOLITAN NASHVILLE POLICE DEPT,20171087026,Davidson,Nashville,12/12/2017 11:57:00 PM,2,0,0,36.204630,-86.750880,ELLINGTON PKWY S EXT RAMP,,,,0.00,,,E TRINITY LN,,,,0.00,Y,T-Intersection, ,Intersection,None,,,         ,Audrean,Manquero,Clear,"Sideswipe, Same Direction",no,no,no,no,no,False
101856776,METROPOLITAN NASHVILLE POLICE DEPT,20171087313,Davidson,Nashville,12/13/2017 12:00:00 AM,1,0,0,36.089590,-86.688520,EZELL PKE,,,,0.00,,,HARDING PL,,,,0.00,Y,Four-Way,N,Intersection-Related,None,,,         ,Carey,Steel,Clear,Not Collision with Motor Vehicle in Transport,no,no,no,no,yes,False
101856780,METROPOLITAN NASHVILLE POLICE DEPT,20171086944,Davidson,Nashville,12/13/2017 1:00:00 AM,2,0,0,36.169490,-86.778650,GAY ST,,,,0.00,,,1ST AVN,,,,0.00,Y,Four-Way, ,Non-Junction,None,,,         ,Darrien,Spann,Clear,Front to Rear,no,no,no,no,yes,False
101856783,METROPOLITAN NASHVILLE POLICE DEPT,20171086962,Davidson,Nashville,12/12/2017 11:30:00 PM,2,1,0,36.089740,-86.631580,NASHBORO BLVD,,,,99.00,Feet,West,FAIRWAYS PVTDR,,,,0.00,N,Not at Intersection,N,Non-Junction,None,,,         ,Shannon,Forsyth,Clear,"Sideswipe, Opposite Direction",no,no,no,no,yes,False
101856790,METROPOLITAN NASHVILLE POLICE DEPT,20171087269,Davidson,Nashville,12/13/2017 1:16:00 AM,2,0,0,36.089430,-86.628970,NASHBORO BLVD,,,,93.00,Feet,East,FAIRWAY POINTE PVTDR,,,,0.00,N,Not at Intersection, ,Non-Junction,None,,,         ,Emily,Mulready,Clear,Angle,no,no,no,no,yes,False
101856828,METROPOLITAN NASHVILLE POLICE DEPT,20171087469,Davidson,Nashville,12/13/2017 2:34:00 AM,1,0,0,36.031060,-86.701210,BARNES RD,,,,406.00,Feet,West,COTTAGE GROVE CT,,,,0.00,N,Not at Intersection,N,Non-Junction,None,,,         ,Kevin,Clausius,Clear,Not Collision with Motor Vehicle in Transport,no,no,no,no,yes,False
101856834,METROPOLITAN NASHVILLE POLICE DEPT,20171087994,Davidson,Nashville,12/13/2017 6:01:00 AM,2,1,0,36.252740,-86.695650,NEELYS BEND RD,,,,270.00,Feet,East,HILLCREST DR,,,,0.00,N,Not at Intersection,N,Non-Junction,None,,,         ,Colin,Bleem,Clear,Front to Rear,no,no,no,no,no,False
101856845,METROPOLITAN NASHVILLE POLICE DEPT,20171087789,Davidson,Nashville,12/13/2017 4:10:00 AM,1,0,0,36.044330,-86.660990,TARGET DR,,,,167.00,Feet,East,CANE RIDGE RD,,,,0.00,N,Not at Intersection,N,Non-Junction,None,,,         ,Daniel,Garrett,Clear,Not Collision with Motor Vehicle in Transport,no,no,no,no,no,False
101856859,METROPOLITAN NASHVILLE POLICE DEPT,20171088094,Davidson,Nashville,12/13/2017 7:02:00 AM,2,1,0,36.045280,-86.628400,ASHEFORD TRC,,,,0.00,,,MT VIEW RD,,,,0.00,Y,T-Intersection,N,Intersection,None,,,         ,Steven,Williams,Clear,Front to Rear,no,no,no,no,no,False
101856869,METROPOLITAN NASHVILLE POLICE DEPT,20171088093,Davidson,Nashville,12/13/2017 7:00:00 AM,2,0,0,36.168550,-86.656470,LEBANON PKE,,,,136.00,Feet,East,STEWARTS FERRY PKE,,,,0.00,N,Not at Intersection, ,Non-Junction,None,,,         ,Johnathan,Carlisle,Clear,Angle,no,no,no,no,no,False
101856876,METROPOLITAN NASHVILLE POLICE DEPT,20171087939,Davidson,Nashville,12/13/2017 5:43:00 AM,3,0,0,36.197950,-86.620540,LEBANON PKE,,,,100.00,Feet,South,OLD HICKORY BLVD,,,,0.00,N,Not at Intersection, ,Non-Junction,None,,,         ,Leonard,Spadavecchia,Clear,Not Collision with Motor Vehicle in Transport,no,no,no,no,no,False
101856888,METROPOLITAN NASHVILLE POLICE DEPT,20171088244,Davidson,Nashville,12/13/2017 8:06:00 AM,3,0,0,36.103560,-86.766220,I 65,,,,0.00,,,,,,,79.30,N,Not at Intersection,N,Non-Junction,None,,,         ,Nathan,Kemp,Clear,Front to Rear,no,no,no,no,no,False
101856906,METROPOLITAN NASHVILLE POLICE DEPT,20171088118,Davidson,Nashville,12/13/2017 7:10:00 AM,2,1,0,36.082470,-86.765490,I65 S EXT RAMP,,,,0.00,,,HARDING PL,,,,0.00,Y,OTHER,Y,Entrance/Exit Ramp Related,None,,,         ,Earl,Davis,Clear,Front to Rear,no,no,no,no,no,False
101856907,METROPOLITAN NASHVILLE POLICE DEPT,20171088097,Davidson,Hermitage,12/13/2017 6:45:00 AM,2,0,0,36.194390,-86.577500,OLD LEBANON DIRT RD,,,,345.00,Feet,West,FIREFLY RD,,,,0.00,N,Not at Intersection,N,Non-Junction,None,,,         ,Gregory,Lindstrom,Clear,Not Collision with Motor Vehicle in Transport,no,no,no,no,yes,False
101856912,METROPOLITAN NASHVILLE POLICE DEPT,20171088074,Davidson,Not in City Limit,12/13/2017 6:45:00 AM,2,0,0,36.318370,-86.842210,I 24,,,,0.00,,,,,,,36.60,N,Not at Intersection, ,Non-Junction,None,,,         ,Royce,McLester,Clear,Front to Rear,no,no,no,no,no,False