master_record_number,agency,agency_tracking_number,county,city,collision_date,vehicles_involved,number_injured,number_dead,latitude,longitude,roadway_name,roadway_suffix,roadway_number,roadway_local_id,distance_from_reference,miles-feet_indicator,direction_from_reference,intersection_road_name,intersection_road_name_suffix,intersection_road_number,intersection_local_id,mile_marker,intersection_indicator,intersect_type,interchange_related_indicator,relation_to_junction,work_zone_type,construction_maintenance_zone,construction_maintenance_zone_location,fatal_case_number,officer_first_name,officer_last_name,weather_condition(s),manner_of_crash,pedestrian,bicycle,scooter,parking,hitrun,mou
101858280,METROPOLITAN NASHVILLE POLICE DEPT,2017-1092370,Davidson,Not in City Limit,12/14/2017 11:58:00 AM,2,0,0,36.264610,-86.711370,GALLATIN PKEN,,,,126.00,Feet,North,OLD TIME VILLAGE PVTDR,,,,0.00,N,Not at Intersection, ,Non-Junction,None,,,         ,Cyretha,Frazier,Clear,Front to Rear,no,no,no,no,yes,False
101858286,METROPOLITAN NASHVILLE POLICE DEPT,20171092482,Davidson,Nashville,12/14/2017 12:54:00 PM,2,0,0,36.173270,-86.791400,JEFFERSON ST,,,,0.00,,,ROSA L PARKS BLVD,,,,0.00,Y,OTHER, ,,None,,,         ,James,Jarvis,,,no,no,no,no,no,False
101858289,METROPOLITAN NASHVILLE POLICE DEPT,20171092364,Davidson,Nashville,12/14/2017 12:00:00 PM,2,0,0,36.121590,-86.750510,NOLENSVILLE PKE,,,,58.00,Feet,South,I440 E EXT RAMP,,,,0.00,N,Not at Intersection,N,Non-Junction,None,,,         ,James,Thomas,Cloudy,Front to Rear,no,no,no,no,no,False
101858290,METROPOLITAN NASHVILLE POLICE DEPT,20171092560,Davidson,Nashville,12/14/2017 1:34:00 PM,2,0,0,36.114760,-86.810760,HILLSBORO PKE,,,,296.00,Feet,North,WOODMONT BLVD,,,,0.00,N,Not at Intersection,N,Non-Junction,Construction Zone,,,         ,Curtis,Rich,Cloudy,Front to Rear,no,no,no,no,no,False
101858315,METROPOLITAN NASHVILLE POLICE DEPT,20171092478,Davidson,Nashville,12/14/2017 12:45:00 PM,2,0,0,36.160760,-86.793690,CHARLOTTE AV,,,,0.00,,,14TH AVN,,,,0.00,Y,Four-Way,Y,Intersection,None,,,         ,Isaac,Wood,Cloudy,Angle,no,no,no,no,yes,False
101858317,METROPOLITAN NASHVILLE POLICE DEPT,20171092531,Davidson,Nashville,12/14/2017 1:04:00 PM,3,0,0,36.079490,-86.644600,EDGE O LAKE DR,,,,0.00,,,MURFREESBORO PKE,,,,0.00,Y,Four-Way, ,Intersection-Related,None,,,         ,Steven,Rowlett,Cloudy,Front to Rear,no,no,no,no,no,False
101858323,METROPOLITAN NASHVILLE POLICE DEPT,20171092597,Davidson,Nashville,12/14/2017 1:45:00 PM,2,0,0,36.201450,-86.776840,I 65,,,,0.00,,,,,,,87.00,N,Not at Intersection,N,Non-Junction,None,,,         ,Michael,McCord,Cloudy,Front to Rear,no,no,no,no,yes,False
101858353,METROPOLITAN NASHVILLE POLICE DEPT,20171092574,Davidson,Nashville,12/14/2017 1:30:00 PM,2,0,0,36.169990,-86.772710,S 1ST ST,,,,0.00,,,MAIN ST,,,,0.00,Y,T-Intersection, ,Intersection,None,,,         ,Charles,Coe,Cloudy,"Sideswipe, Same Direction",no,no,no,no,no,False
101858372,METROPOLITAN NASHVILLE POLICE DEPT,20171092398,Davidson,Not in City Limit,12/14/2017 11:40:00 AM,1,0,0,36.282810,-86.707230,GALLATIN PKEN,,,,224.00,Feet,South,EDGEMEADE BLVD,,,,0.00,N,Not at Intersection,N,Non-Junction,None,,,         ,Jack,Crouch,Cloudy,Not Collision with Motor Vehicle in Transport,no,no,no,yes,yes,False
101858379,METROPOLITAN NASHVILLE POLICE DEPT,20171092536,Davidson,Nashville,12/14/2017 1:25:00 PM,2,0,0,36.200320,-86.618600,LEBANON PKE,,,,0.00,,,HERMITAGE RD,,,,0.00,Y,Four-Way, ,OtherLocation,None,,,         ,Cody,O'Quinn,Cloudy,"Sideswipe, Same Direction",no,no,no,yes,no,False
101858382,METROPOLITAN NASHVILLE POLICE DEPT,20171092619,Davidson,Not in City Limit,12/14/2017 1:55:00 PM,2,0,0,36.264230,-86.735750,OLD HICKORY BLVDW,,,,164.00,Feet,West,BOYDS HILLTOP DR,,,,0.00,N,Not at Intersection,N,Non-Junction,None,,,         ,Thomas,Odom,Cloudy,Front to Rear,no,no,no,no,no,False
101858405,METROPOLITAN NASHVILLE POLICE DEPT,20171090208,Davidson,Not in City Limit,12/13/2017 8:27:00 PM,1,2,0,36.203830,-86.927350,OLD HICKORY BLVD,,,,200.00,Feet,South,CLEECES FERRY RD,,,,0.00,N,Not at Intersection,N,Non-Junction,None,,,         ,Victor,Alexander,Clear,Not Collision with Motor Vehicle in Transport,no,no,no,no,yes,False
101858472,METROPOLITAN NASHVILLE POLICE DEPT,20171092813,Davidson,Nashville,12/14/2017 3:27:00 PM,2,2,0,36.053040,-86.676700,TUSCULUM RD,,,,607.00,Feet,West,SAXONY LAKE DR,,,,0.00,N,Not at Intersection,N,Non-Junction,None,,,         ,William,Durham,Clear,Front to Rear,no,no,no,no,no,False
101858475,METROPOLITAN NASHVILLE POLICE DEPT,20171092746,Davidson,Nashville,12/14/2017 1:43:00 PM,2,0,0,36.151340,-86.768360,2ND AVS,,,,0.00,,,I40 E ENT RAMP,,,,0.00,Y,Four-Way,N,Entrance/Exit Ramp Related,None,,,         ,Samuel,Sundra,Clear,Angle,no,no,no,no,no,False
101858489,METROPOLITAN NASHVILLE POLICE DEPT,20171092767,Davidson,Nashville,12/14/2017 3:14:00 PM,2,0,0,36.123220,-86.850070,HARDING PKE,,,,438.00,Feet,West,ROYAL OAKS CONDOS PVTDR,,,,0.00,N,Not at Intersection,N,"Driveway, Alley Access, etc",None,,,         ,Walter,Gray II,Clear,"Sideswipe, Same Direction",no,no,no,no,no,False
101858490,METROPOLITAN NASHVILLE POLICE DEPT,20171092908,Davidson,Not in City Limit,12/14/2017 4:09:00 PM,1,0,0,36.137820,-86.948850,RIVER ROAD PKE,,,,2048.00,Feet,East,INDIAN CREEK RD,,,,0.00,N,Not at Intersection,N,Non-Junction,None,,,         ,Brandon,Pedigo,Clear,Not Collision with Motor Vehicle in Transport,no,no,no,no,no,False
101858494,METROPOLITAN NASHVILLE POLICE DEPT,20171092933,Davidson,Nashville,12/14/2017 4:09:00 PM,2,0,0,36.136130,-86.775590,I 65,,,,0.00,,,,,,,81.55,N,Not at Intersection, ,Non-Junction,None,,,         ,Tien,Nguyen,Clear,Front to Rear,no,no,no,no,no,False
101858501,METROPOLITAN NASHVILLE POLICE DEPT,20171092825,Davidson,Nashville,12/14/2017 3:35:00 PM,3,2,0,36.141240,-86.814470,31ST AVS,,,,0.00,,,VANDERBILT PL,,,,0.00,Y,Four-Way,N,Intersection,None,,,         ,Jon,Mcvey,Clear,Angle,no,no,no,no,no,Campus
101858504,GOODLETTSVILLE POLICE DEPT,17-44013,Davidson,Goodlettsville,12/14/2017 5:17:00 PM,1,0,0,36.297580,-86.723630,DICKERSON PKES,,,,272.00,Feet,South,DRY CREEK LN,,,,0.00,N,Not at Intersection, ,Non-Junction,None,,,         ,Rico,Jones,Clear,Not Collision with Motor Vehicle in Transport,no,no,no,no,no,False
101858505,BERRY HILL POLICE DEPT,17-4221,Davidson,Nashville,12/14/2017 12:00:00 AM,2,0,0,36.124990,-86.752200,NOLENSVILLE PKE,,,,0.00,,,ROSEDALE AV,,,,0.00,Y,T-Intersection, ,,None,,,         ,John,Gleixner,,,no,no,no,no,no,False
101858516,BERRY HILL POLICE DEPT,17-4222,Davidson,Nashville,12/14/2017 3:45:00 PM,1,0,0,36.128760,-86.760370,SEMINOLE AV,,,,0.00,,,CRAIGHEAD ST,,,,0.00,Y,Y-Intersection, ,,None,,,         ,Roy,Morris,,,no,no,no,no,no,False
101858519,METROPOLITAN NASHVILLE POLICE DEPT,20171092922,Davidson,Nashville,12/14/2017 4:10:00 PM,2,0,0,36.147460,-86.744290,I 40,,,,0.00,,,,,,,212.00,N,Not at Intersection, ,Non-Junction,None,,,         ,Jonathan,Cavezza,Clear,Angle,no,no,no,no,no,False
101858522,METROPOLITAN NASHVILLE POLICE DEPT,20171093022,Davidson,Nashville,12/14/2017 4:52:00 PM,2,1,0,36.160730,-86.792960,I 40,,,,0.00,,,,,,,208.75,N,Not at Intersection,N,Non-Junction,None,,,         ,Michael,Baron,Clear,Front to Rear,no,no,no,no,yes,False
101858530,METROPOLITAN NASHVILLE POLICE DEPT,20171093042,Davidson,Nashville,12/14/2017 5:00:00 PM,2,0,0,36.082730,-86.727290,NOLENSVILLE PKE,,,,43.00,Feet,North,WELSHWOOD DR,,,,0.00,N,Not at Intersection, ,Non-Junction,None,,,         ,Alyson,Cook,Clear,Angle,no,no,no,no,no,False
101858536,METROPOLITAN NASHVILLE POLICE DEPT,20171093128,Davidson,Nashville,12/14/2017 5:15:00 PM,1,0,0,36.112840,-86.637830,COUCHVILLE PKE,,,,457.00,Feet,West,PLEASANT HILL RD,,,,0.00,N,Not at Intersection,N,Non-Junction,None,,,         ,Michael,Apsey,Clear,Not Collision with Motor Vehicle in Transport,no,no,no,no,no,False
101858539,METROPOLITAN NASHVILLE POLICE DEPT,20171093061,Davidson,Nashville,12/14/2017 4:35:00 PM,2,0,0,36.144730,-86.712110,ELM HILL PKE,,,,300.00,Feet,West,MASSMAN DR,,,,0.00,N,Not at Intersection, ,,None,,,         ,Jonathan,Cavezza,,,no,no,no,no,no,False
101858541,METROPOLITAN NASHVILLE POLICE DEPT,20171093151,Davidson,Nashville,12/14/2017 5:42:00 PM,2,0,0,36.183100,-86.639950,LEBANON PKE,,,,830.00,Feet,East,DOWNEYMEADE DR,,,,0.00,N,Not at Intersection,N,Non-Junction,None,,,         ,Jaby,Djabbarov,Clear,"Sideswipe, Opposite Direction",no,no,no,yes,yes,False
101858546,METROPOLITAN NASHVILLE POLICE DEPT,20171093176,Davidson,Nashville,12/14/2017 5:25:00 PM,2,0,0,36.146030,-86.742050,I 40,,,,0.00,,,,,,,212.15,N,Not at Intersection, ,,None,,,         ,Samuel,Sundra,,,no,no,no,no,no,False
101858551,METROPOLITAN NASHVILLE POLICE DEPT,20171093175,Davidson,Nashville,12/14/2017 5:53:00 PM,2,1,0,36.186010,-86.796140,I65 N ENT RAMP,,,,0.00,Feet,East,I 65,,,,0.00,N,Not at Intersection,N,Non-Junction,None,,,         ,Adam,Crutcher,Clear,Front to Rear,no,no,no,no,yes,False
101858552,METROPOLITAN NASHVILLE POLICE DEPT,20171093112,Davidson,Nashville,12/14/2017 5:02:00 PM,2,0,0,36.149700,-86.784260,I 40,,,,0.00,,,,,,,209.60,N,Not at Intersection,N,Non-Junction,None,,,         ,Eric,Burford,Clear,"Sideswipe, Same Direction",no,no,no,no,yes,False
101858553,METROPOLITAN NASHVILLE POLICE DEPT,20171093124,Davidson,Not in City Limit,12/14/2017 5:33:00 PM,2,1,0,36.269220,-86.755750,DICKERSON PKE,,,,15.00,Feet,South,OLD HICKORY BLVD,,,,0.00,N,Not at Intersection,N,Non-Junction,None,,,         ,Byron,Dewalt,Clear,"Sideswipe, Opposite Direction",no,no,no,no,no,False
101858554,METROPOLITAN NASHVILLE POLICE DEPT,20171092877,Davidson,Not in City Limit,12/14/2017 3:45:00 PM,2,2,0,36.019640,-86.626630,I 24,,,,0.00,,,,,,,62.10,N,Not at Intersection,N,Non-Junction,None,,,         ,Candice,Soper,Clear,Front to Rear,no,no,no,no,no,False
101858561,METROPOLITAN NASHVILLE POLICE DEPT,20171092827,Davidson,Nashville,12/14/2017 3:39:00 PM,2,0,0,36.069110,-86.732530,BONERWOOD DR,,,,163.00,Feet,East,ADAMWOOD DR,,,,0.00,N,Not at Intersection, ,Non-Junction,None,,,         ,Nicholas,Berens,Cloudy,"Sideswipe, Same Direction",no,no,no,no,no,False
101858562,METROPOLITAN NASHVILLE POLICE DEPT,20171093200,Davidson,Nashville,12/14/2017 4:55:00 PM,2,0,0,36.038030,-86.713080,NOLENSVILLE PKE,,,,138.00,Feet,South,SHADOW GLEN DR,,,,0.00,N,Not at Intersection, ,Non-Junction,None,,,         ,Nicholas,Berens,Cloudy,Front to Rear,no,no,no,no,yes,False
101858563,METROPOLITAN NASHVILLE POLICE DEPT,20171093125,Davidson,Nashville,12/14/2017 5:02:00 PM,2,0,0,36.120710,-86.765310,I 440,,,,0.00,,,,,,,5.45,N,Not at Intersection, ,Non-Junction,None,,,         ,Tien,Nguyen,Clear,"Sideswipe, Same Direction",no,no,no,no,no,False
101858564,METROPOLITAN NASHVILLE POLICE DEPT,20171093220,Davidson,Nashville,12/14/2017 6:11:00 PM,2,0,0,36.118160,-86.800990,I 440,,,,0.00,,,,,,,3.15,N,Not at Intersection, ,,None,,,         ,Hillary,Sherman,,,no,no,no,no,no,False
101858569,METROPOLITAN NASHVILLE POLICE DEPT,20171093178,Davidson,Nashville,12/14/2017 4:58:00 PM,2,0,0,36.215130,-86.599520,LEBANON PKE,,,,491.00,Feet,North,ANDREW JACKSON PKWY,,,,0.00,N,Not at Intersection, ,Non-Junction,None,,,         ,Adam,Nicholson,Clear,"Sideswipe, Same Direction",no,no,no,no,no,False
101858585,METROPOLITAN NASHVILLE POLICE DEPT,20171093106,Davidson,Nashville,12/14/2017 5:30:00 PM,2,0,0,36.069610,-86.694080,HAYWOOD LN,,,,49.00,Feet,West,EZELL RD,,,,0.00,N,Not at Intersection,N,Non-Junction,None,,,         ,Jessie,Meadows,Clear,"Sideswipe, Same Direction",no,no,no,no,no,False
101858590,METROPOLITAN NASHVILLE POLICE DEPT,20171092917,Davidson,Nashville,12/14/2017 12:00:00 AM,3,1,0,36.179600,-86.824380,ED TEMPLE BLVD,,,,491.00,Feet,South,BUCHANAN ST,,,,0.00,N,Not at Intersection,N,Non-Junction,None,,,         ,Melvin,Taylor,Clear,Front to Rear,no,no,no,no,no,False
101858593,METROPOLITAN NASHVILLE POLICE DEPT,20171093029,Davidson,Nashville,12/14/2017 5:05:00 PM,2,0,0,36.170420,-86.772040,JAMES ROBERTSON PKWY,,,,958.00,Feet,West,INTERSTATE DR,,,,0.00,N,Not at Intersection, ,,None,,,         ,Russell,Ward,,,no,no,no,no,no,False
101858594,METROPOLITAN NASHVILLE POLICE DEPT,20171093223,Davidson,Nashville,12/14/2017 5:20:00 PM,2,0,0,36.125540,-86.794090,BELMONT BLVD,,,,72.00,Feet,South,BEECHWOOD AV,,,,0.00,N,Not at Intersection, ,Non-Junction,None,,,         ,Ryan,Cagle,Clear,Front to Rear,no,no,no,no,no,False
101858610,METROPOLITAN NASHVILLE POLICE DEPT,20171093093,Davidson,Not in City Limit,12/14/2017 3:20:00 PM,2,1,0,36.267110,-86.737030,I 65,,,,0.00,,,,,,,92.45,N,Not at Intersection,N,Non-Junction,None,,,         ,Joanna,D'Agostino,Clear,Front to Rear,no,no,no,no,no,False
101858611,METROPOLITAN NASHVILLE POLICE DEPT,20171093224,Davidson,Not in City Limit,12/14/2017 4:55:00 PM,3,0,0,36.267740,-86.736910,I 65,,,,0.00,,,,,,,92.50,N,Not at Intersection,N,Non-Junction,None,,,         ,Joanna,D'Agostino,Clear,Front to Rear,no,no,no,no,no,False
101858612,METROPOLITAN NASHVILLE POLICE DEPT,20171093181,Davidson,Nashville,12/14/2017 6:10:00 PM,2,0,0,36.150180,-86.785010,I 40,,,,0.00,,,,,,,209.55,N,Not at Intersection, ,Non-Junction,None,,,         ,Jon,Mcvey,Clear,Angle,no,no,no,no,no,False
101858613,METROPOLITAN NASHVILLE POLICE DEPT,20171093236,Davidson,Nashville,12/14/2017 6:20:00 PM,2,0,0,36.155650,-86.783730,DEMONBREUN ST,,,,330.00,Feet,West,10TH AVS,,,,0.00,N,Not at Intersection,N,Non-Junction,None,,,         ,Michael,Baron,Clear,Front to Rear,no,no,no,no,no,False
101858623,METROPOLITAN NASHVILLE POLICE DEPT,20171093163,Davidson,Goodlettsville,12/14/2017 5:50:00 PM,3,1,0,36.302140,-86.692720,TWIN HILLS DR,,,,0.00,,,RIVERGATE MALL PVTDR,,,,0.00,Y,OTHER,N,Non-Junction,None,,,         ,Paul,Goebel,Clear,Front to Rear,no,no,no,no,no,False
101858639,METROPOLITAN NASHVILLE POLICE DEPT,20171092819,Davidson,Nashville,12/14/2017 3:30:00 PM,5,1,0,36.103050,-86.869850,HARDING PKE,,,,263.00,Feet,South,OLD HARDING PKE,,,,0.00,N,Not at Intersection,N,Non-Junction,None,,,         ,Jake,Carr,Clear,Front to Rear,no,no,no,no,no,False
101858646,METROPOLITAN NASHVILLE POLICE DEPT,20171093336,Davidson,Nashville,12/14/2017 6:33:00 PM,2,0,0,36.075920,-86.767620,I 65,,,,0.00,,,,,,,77.35,N,Not at Intersection, ,Non-Junction,None,,,         ,Edin,Plancic,Clear,"Sideswipe, Same Direction",no,no,no,no,no,False
101858647,METROPOLITAN NASHVILLE POLICE DEPT,20171093278,Davidson,Nashville,12/14/2017 6:45:00 PM,2,2,0,36.159850,-86.643360,STEWARTS FERRY PKE,,,,0.00,,,HICKORY HILL CT,,,,0.00,Y,T-Intersection, ,Non-Junction,None,,,         ,Jaby,Djabbarov,Clear,Front to Rear,no,no,no,no,no,False
101858649,METROPOLITAN NASHVILLE POLICE DEPT,20171093099,Davidson,Nashville,12/14/2017 5:24:00 PM,2,1,0,36.133520,-86.819450,I 440,,,,0.00,,,,,,,1.70,N,Not at Intersection,N,Non-Junction,None,,,         ,Walter,Gray II,Clear,Front to Rear,no,no,no,no,no,False
101858651,METROPOLITAN NASHVILLE POLICE DEPT,20171093069,Davidson,Nashville,12/14/2017 5:13:00 PM,2,0,0,36.088580,-86.717060,PARAGON MILLS RD,,,,0.00,,,BENITA DR,,,,0.00,Y,Four-Way,N,Non-Junction,None,,,         ,Alyson,Cook,Clear,Angle,no,no,no,no,no,False
101858654,METROPOLITAN NASHVILLE POLICE DEPT,20171093169,Davidson,Nashville,12/14/2017 5:22:00 PM,2,0,0,36.087010,-86.693280,HARDING PL,,,,349.00,Feet,West,ANTIOCH PKE,,,,0.00,N,Not at Intersection, ,Non-Junction,None,,,         ,Alyson,Cook,Clear,Front to Rear,no,no,no,no,no,False
101858672,METROPOLITAN NASHVILLE POLICE DEPT,20171093304,Davidson,Nashville,12/14/2017 6:12:00 PM,3,0,0,36.182310,-86.608420,OLD HICKORY BLVD,,,,108.00,Feet,West,FRIST BLVD,,,,0.00,N,Not at Intersection,N,Non-Junction,None,,,         ,Kyle,Burks,Clear,Front to Rear,no,no,no,no,no,False
101858691,METROPOLITAN NASHVILLE POLICE DEPT,20171093270,Davidson,Nashville,12/14/2017 6:11:00 PM,2,0,0,36.090350,-86.687390,HARDING PL,,,,82.00,Feet,East,OLD EZELL RD,,,,0.00,N,Not at Intersection, ,Non-Junction,None,,,         ,Alyson,Cook,Clear,Angle,no,no,no,no,no,False
101858692,METROPOLITAN NASHVILLE POLICE DEPT,20171093497,Davidson,Nashville,12/14/2017 5:04:00 PM,2,0,0,36.242050,-86.757060,DICKERSON PKE,,,,0.00,,,DICKERSON PKE ENT RAMP,,,,0.00,Y,Four-Way, ,Non-Junction,None,,,         ,Samuel,Miller,Cloudy,Angle,no,no,no,no,no,False
101858702,METROPOLITAN NASHVILLE POLICE DEPT,20171093141,Davidson,Nashville,12/14/2017 5:27:00 PM,3,0,0,36.144740,-86.712030,ELM HILL PKE,,,,300.00,Feet,West,MASSMAN DR,,,,0.00,N,Not at Intersection, ,Non-Junction,None,,,         ,Jonathan,Cavezza,Clear,Angle,no,no,no,no,no,False
101858710,METROPOLITAN NASHVILLE POLICE DEPT,20171093467,Davidson,Nashville,12/14/2017 8:00:00 PM,2,0,0,36.172480,-86.595110,CENTRAL PKE,,,,0.00,,,TULIP GROVE RD,,,,0.00,Y,Four-Way, ,Intersection,None,,,         ,Adam,Nicholson,Clear,Front to Rear,no,no,no,no,no,False
101858711,METROPOLITAN NASHVILLE POLICE DEPT,20171093440,Davidson,Not in City Limit,12/14/2017 7:20:00 PM,2,0,0,36.334310,-86.905940,I 24,,,,0.00,,,,,,,32.70,N,Not at Intersection, ,,None,,,         ,Adam,Crutcher,,,no,no,no,no,no,False
101858720,METROPOLITAN NASHVILLE POLICE DEPT,20171093346,Davidson,Not in City Limit,12/14/2017 12:00:00 AM,1,1,0,36.287280,-86.937370,RIDGE HILL DR,,,,0.68,Miles,West,GRAYS POINT RD,,,,0.00,N,Not at Intersection, ,Non-Junction,None,,,         ,Melvin,Taylor,Clear,Not Collision with Motor Vehicle in Transport,no,no,no,yes,no,False
101858724,METROPOLITAN NASHVILLE POLICE DEPT,20171093345,Davidson,Nashville,12/14/2017 5:28:00 PM,2,0,0,36.124190,-86.741100,I 440,,,,0.00,,,,,,,6.80,N,Not at Intersection,N,Non-Junction,None,,,         ,Alyson,Cook,Clear,Front to Rear,no,no,no,no,no,False
101858725,METROPOLITAN NASHVILLE POLICE DEPT,20171093435,Davidson,Nashville,12/14/2017 7:14:00 PM,2,0,0,36.151760,-86.768630,2ND AVS,,,,0.00,,,I40 W EXT RAMP,,,,0.00,Y,Four-Way, ,Intersection,None,,,         ,John,Chambers,Clear,Angle,no,no,no,no,no,False
101858740,METROPOLITAN NASHVILLE POLICE DEPT,20171093273,Davidson,Nashville,12/14/2017 6:14:00 PM,4,1,0,36.239740,-86.745300,BRILEY PKWYE,,,,60.00,Feet,East,BRILEY PKWY E EXT RAMP,,,,0.00,N,Not at Intersection,N,Non-Junction,None,,,         ,Joshua,Lackey,Clear,Front to Rear,no,no,no,no,yes,False
101858743,METROPOLITAN NASHVILLE POLICE DEPT,20171093461,Davidson,Nashville,12/14/2017 8:00:00 PM,2,1,0,36.082100,-86.761700,HARDING PL,,,,0.00,,,SIDCO DR,,,,0.00,Y,Four-Way,N,Intersection,None,,,         ,Jon,Mcvey,Clear,Angle,no,no,no,no,no,False
101858764,METROPOLITAN NASHVILLE POLICE DEPT,20171093544,Davidson,Nashville,12/14/2017 7:26:00 PM,2,0,0,36.127200,-86.707240,THOMPSON PL,,,,0.00,,,PATRICIA DR,,,,0.00,Y,T-Intersection, ,Intersection,None,,,         ,Michael,Apsey,Clear,Front to Rear,no,no,no,no,no,False
101858766,METROPOLITAN NASHVILLE POLICE DEPT,20171093390,Davidson,Nashville,12/14/2017 6:50:00 PM,2,0,0,36.077350,-86.766620,I 65,,,,0.00,,,,,,,77.50,N,Not at Intersection,N,Non-Junction,None,,,         ,Zachary,Goodall,Clear,Front to Rear,no,no,no,no,yes,False
101858788,METROPOLITAN NASHVILLE POLICE DEPT,20171093406,Davidson,Nashville,12/14/2017 6:16:00 PM,3,0,0,36.124850,-86.734730,I 440,,,,0.00,,,,,,,7.15,N,Not at Intersection, ,,None,,,         ,Alyson,Cook,,,no,no,no,no,no,False
101858790,METROPOLITAN NASHVILLE POLICE DEPT,2017-1092714,Davidson,Nashville,12/14/2017 2:43:00 PM,2,0,0,36.163670,-86.777360,3RD AVN,,,,228.00,Feet,South,CHURCH ST,,,,0.00,N,Not at Intersection, ,Non-Junction,None,,,         ,Cory,West,Clear,"Sideswipe, Same Direction",no,no,no,no,no,False
101858800,METROPOLITAN NASHVILLE POLICE DEPT,20171093308,Davidson,Goodlettsville,12/14/2017 4:06:00 PM,4,0,0,36.286570,-86.705510,GALLATIN PKEN,,,,150.00,Feet,South,EDENWOLD RD,,,,0.00,N,Not at Intersection,N,Non-Junction,None,,,         ,Samuel,Miller,Cloudy,Not Collision with Motor Vehicle in Transport,no,no,no,no,no,False
101858809,METROPOLITAN NASHVILLE POLICE DEPT,20171093284,Davidson,Nashville,12/14/2017 5:27:00 PM,2,0,0,36.044950,-86.664990,BELL RD,,,,519.00,Feet,North,CEDAR POINTE PKWY,,,,0.00,N,Not at Intersection, ,Non-Junction,None,,,         ,Pamela,Caulder,Clear,"Sideswipe, Opposite Direction",no,no,no,no,no,False
101858814,METROPOLITAN NASHVILLE POLICE DEPT,20171093704,Davidson,Not in City Limit,12/14/2017 12:00:00 AM,1,0,0,36.324650,-86.859200,UNION HILL RD,,,,132.00,Feet,North,PIPER CT,,,,0.00,N,Not at Intersection, ,Non-Junction,None,,,         ,Melvin,Taylor,Clear,Not Collision with Motor Vehicle in Transport,no,no,no,no,no,False
101858815,METROPOLITAN NASHVILLE POLICE DEPT,20171092774,Davidson,Nashville,12/14/2017 3:18:00 PM,2,0,0,36.155000,-86.627120,I40 E EXT RAMP,,,,0.00,,,I 40,,,,0.00,Y,T-Intersection, ,Entrance/Exit Ramp Related,None,,,         ,Kimberly,Annson,Cloudy,Front to Rear,no,no,no,no,no,False
101858838,METROPOLITAN NASHVILLE POLICE DEPT,20171093076,Davidson,Nashville,12/14/2017 5:14:00 PM,2,2,0,36.237230,-86.786250,I 24,,,,0.00,,,,,,,43.60,N,Not at Intersection,N,Non-Junction,None,,,         ,Cameron,Brown,Clear,"Sideswipe, Same Direction",no,no,no,no,no,False
101858872,METROPOLITAN NASHVILLE POLICE DEPT,20171093701,Davidson,Nashville,12/14/2017 9:09:00 PM,2,0,0,36.182140,-86.608120,OLD HICKORY BLVD,,,,0.00,Feet,,ANDREW JACKSON WAY,,,,0.00,Y,Four-Way,N,Intersection,None,,,         ,Adam,Nicholson,Clear,Angle,no,no,no,no,yes,False
101858883,METROPOLITAN NASHVILLE POLICE DEPT,20171093986,Davidson,Nashville,12/14/2017 9:30:00 PM,2,0,0,36.011650,-86.617260,I 24,,,,0.00,,,,,,,62.80,N,Not at Intersection,N,Non-Junction,None,,,         ,Douglas,Sykes,Clear,Front to Rear,no,no,no,no,yes,False
101858886,WILSON CO SHERIFFS DEPT,1736811,Davidson,Nashville,12/14/2017 6:29:00 PM,2,0,0,36.232900,-86.581710,SAUNDERSVILLE RD,,,,1.00,Feet,North,HUNTERS CROSSING DR,,,,0.00,N,Not at Intersection, ,"Driveway, Alley Access, etc",None,,,         ,Craig,Anderson,Clear,Not Collision with Motor Vehicle in Transport,no,no,no,no,no,False
101858902,METROPOLITAN NASHVILLE POLICE DEPT,20171094255,Davidson,Nashville,12/15/2017 12:32:00 AM,2,0,0,36.030860,-86.639120,I 24,,,,0.00,,,,,,,60.90,N,Not at Intersection,N,Non-Junction,None,,,         ,Douglas,Sykes,Clear,Front to Rear,no,no,no,no,no,False
101858905,METROPOLITAN NASHVILLE POLICE DEPT,20171094191,Davidson,Nashville,12/15/2017 12:18:00 AM,2,0,0,36.151620,-86.800050,20TH AVN,,,,0.00,,,,,,,0.00,,,N,Non-Junction,None,,,         ,Nicholas,Smith,Clear,Rear to Side,no,no,no,yes,yes,Campus
101858906,METROPOLITAN NASHVILLE POLICE DEPT,20171094493,Davidson,Nashville,12/15/2017 1:50:00 AM,2,0,0,36.076200,-86.919600,BELLE FOREST SHOPPING CENTER P,,,,0.00,,,,,,,0.00,,,N,Non-Junction,None,,,         ,Jackson,Smythe,Clear,Unknown,no,no,no,yes,yes,False
101858915,METROPOLITAN NASHVILLE POLICE DEPT,20171094449,Davidson,Nashville,12/15/2017 1:30:00 AM,2,1,0,36.166670,-86.764800,I 24,,,,0.00,,,,,,,48.95,N,Not at Intersection,N,Non-Junction,None,,,         ,Audrean,Manquero,Clear,"Sideswipe, Same Direction",no,no,no,no,yes,False
101858934,METROPOLITAN NASHVILLE POLICE DEPT,20171094550,Davidson,Nashville,12/15/2017 2:26:00 AM,2,0,0,36.115780,-86.782260,I 440,,,,0.00,,,,,,,4.40,N,Not at Intersection, ,Non-Junction,None,,,         ,Joshua,Billotte,Clear,"Sideswipe, Same Direction",no,no,no,no,no,False
101858939,METROPOLITAN NASHVILLE POLICE DEPT,2017-1094258,Davidson,Nashville,12/15/2017 12:30:00 AM,1,0,0,36.064910,-86.825400,OTTER CREEK RD,,,,150.00,Feet,West,ROBERT E LEE DR,,,,0.00,N,Not at Intersection,N,OtherLocation,None,,,         ,Thomas,Miller,Clear,Not Collision with Motor Vehicle in Transport,no,no,no,no,yes,False