master_record_number,agency,agency_tracking_number,county,city,collision_date,vehicles_involved,number_injured,number_dead,latitude,longitude,roadway_name,roadway_suffix,roadway_number,roadway_local_id,distance_from_reference,miles-feet_indicator,direction_from_reference,intersection_road_name,intersection_road_name_suffix,intersection_road_number,intersection_local_id,mile_marker,intersection_indicator,intersect_type,interchange_related_indicator,relation_to_junction,work_zone_type,construction_maintenance_zone,construction_maintenance_zone_location,fatal_case_number,officer_first_name,officer_last_name,weather_condition(s),manner_of_crash,pedestrian,bicycle,scooter,parking,hitrun,mou
101859849,METROPOLITAN NASHVILLE POLICE DEPT,20171096499,Davidson,Nashville,12/15/2017 5:34:00 PM,2,0,0,36.109580,-86.769990,I 65,,,,0.00,,,,,,,79.70,N,Not at Intersection, ,,None,,,         ,Allyson,Reis,,,no,no,no,no,no,False
101859850,METROPOLITAN NASHVILLE POLICE DEPT,20171096523,Davidson,Nashville,12/15/2017 5:42:00 PM,2,0,0,36.085800,-86.701590,I24 E EXT RAMP,,,,0.00,Feet,,I 24,,,,0.00,Y,T-Intersection,N,Entrance/Exit Ramp Related,None,,,         ,Alyson,Cook,Clear,"Sideswipe, Same Direction",no,no,no,no,no,False
101859854,METROPOLITAN NASHVILLE POLICE DEPT,20171096484,Davidson,Nashville,12/15/2017 5:30:00 PM,3,0,0,36.163520,-86.689650,BRILEY PKWYS,,,,751.00,Feet,South,BRILEY PKWY S ENT RAMP,,,,0.00,N,Not at Intersection,N,Non-Junction,None,,,         ,Brent,Hedgcoth,Clear,"Sideswipe, Same Direction",no,no,no,no,yes,False
101859874,METROPOLITAN NASHVILLE POLICE DEPT,20171096409,Davidson,Not in City Limit,12/15/2017 5:02:00 PM,2,0,0,36.261670,-86.712390,GALLATIN PKES,,,,162.00,Feet,North,MAPLE ST,,,,0.00,N,Not at Intersection,N,Non-Junction,None,,,         ,Samuel,Miller,Clear,Angle,no,no,no,no,no,False
101859875,METROPOLITAN NASHVILLE POLICE DEPT,20171096457,Davidson,Nashville,12/15/2017 5:24:00 PM,4,4,0,36.144290,-86.695230,I 40,,,,0.00,,,,,,,215.00,N,Not at Intersection,N,Non-Junction,None,,,         ,Jonathan,Cavezza,Clear,Front to Rear,no,no,no,no,no,False
101859877,METROPOLITAN NASHVILLE POLICE DEPT,20171096741,Davidson,Nashville,12/15/2017 6:10:00 PM,2,0,0,36.045450,-86.712400,OLD HICKORY BLVD,,,,255.00,Feet,East,NOLENSVILLE PKE,,,,0.00,N,Not at Intersection, ,Non-Junction,None,,,         ,Alyson,Cook,Clear,Front to Rear,no,no,no,no,no,False
101859892,METROPOLITAN NASHVILLE POLICE DEPT,20171096387,Davidson,Nashville,12/15/2017 4:26:00 PM,2,0,0,36.149320,-86.857910,WHITE BRIDGE PKE,,,,300.00,Feet,South,CHARLOTTE PKE,,,,0.00,N,Not at Intersection, ,"Driveway, Alley Access, etc",None,,,         ,Walter,Gray II,Clear,Angle,no,no,no,no,no,False
101859893,METROPOLITAN NASHVILLE POLICE DEPT,20171096680,Davidson,Nashville,12/15/2017 6:04:00 PM,2,0,0,36.106960,-86.922300,OLD HICKORY BLVD,,,,200.00,Feet,North,TOLBERT RD,,,,0.00,N,Not at Intersection, ,Non-Junction,None,,,         ,Walter,Gray II,Clear,"Sideswipe, Same Direction",no,no,no,no,no,False
101859897,Nashville Airport Police,2017-04510,Davidson,Nashville,12/15/2017 12:00:00 AM,3,0,0,36.111370,-86.671080,DONELSON PKE,,,,0.00,,,,,,,0.00,,,N,Non-Junction,None,,,         ,Chevy,Estes,Clear,Front to Rear,no,no,no,no,no,False
101859899,METROPOLITAN NASHVILLE POLICE DEPT,20171096736,Davidson,Nashville,12/15/2017 5:30:00 PM,2,0,0,36.098090,-86.763390,I 65,,,,0.00,,,,,,,78.90,N,Not at Intersection,N,Non-Junction,None,,,         ,Bradley,Pope,Clear,Angle,no,no,no,no,yes,False
101859901,METROPOLITAN NASHVILLE POLICE DEPT,20171096799,Davidson,Nashville,12/15/2017 7:08:00 PM,2,0,0,36.164450,-86.793900,I 40,,,,0.00,,,,,,,208.45,N,Not at Intersection, ,Non-Junction,None,,,         ,Joshua,Hausman,Clear,"Sideswipe, Same Direction",no,no,no,no,no,False
101859905,METROPOLITAN NASHVILLE POLICE DEPT,20171096380,Davidson,Madison,12/15/2017 4:50:00 PM,2,0,0,36.262300,-86.680520,E OLD HICKORY BLVD,,,,170.00,Feet,East,RIO VISTA DR,,,,0.00,N,Not at Intersection,N,Non-Junction,None,,,         ,Nathan,Dungan,Clear,Rear to Rear,no,no,no,yes,no,False
101859909,METROPOLITAN NASHVILLE POLICE DEPT,20171092716,Davidson,Nashville,12/14/2017 2:30:00 PM,2,1,0,36.163870,-86.786620,CHARLOTTE AV,,,,0.00,,,YMCA WAY,,,,0.00,Y,Four-Way,N,Intersection,None,,,         ,Michael,Douglas,Cloudy,Angle,no,no,no,no,no,False
101859910,METROPOLITAN NASHVILLE POLICE DEPT,20171096486,Davidson,Nashville,12/15/2017 5:05:00 PM,2,0,0,36.092860,-86.839740,ESTES RD,,,,37.00,Feet,North,HARDING PL,,,,0.00,N,Not at Intersection, ,Non-Junction,None,,,         ,Walter,Gray II,Clear,"Sideswipe, Opposite Direction",no,no,no,no,no,False
101859916,VANDERBILT UNIVERSITY POLICE,17-1096754,Davidson,Nashville,12/15/2017 7:02:00 PM,2,0,0,36.150400,-86.801170,21ST AVS,,,,35.00,Feet,South,WEST END AV,,,,0.00,N,Not at Intersection, ,Non-Junction,None,,,         ,V,Greene,Clear,"Sideswipe, Same Direction",no,no,no,no,no,Campus
101859919,METROPOLITAN NASHVILLE POLICE DEPT,20171096806,Davidson,Nashville,12/15/2017 7:40:00 PM,2,0,0,36.040260,-86.816400,OLD HICKORY BLVD,,,,0.00,,,GRANNY WHITE PKE,,,,0.00,Y,Four-Way,N,Intersection,None,,,         ,Jon,Mcvey,Clear,Angle,no,no,no,no,no,False
101859929,METROPOLITAN NASHVILLE POLICE DEPT,20171096798,Davidson,Nashville,12/15/2017 7:14:00 PM,2,0,0,36.166960,-86.764990,I 24,,,,0.00,,,,,,,48.90,N,Not at Intersection, ,Non-Junction,None,,,         ,Amanda,Fox,Clear,Front to Rear,no,no,no,no,no,False
101859935,METROPOLITAN NASHVILLE POLICE DEPT,20171096330,Davidson,Nashville,12/15/2017 4:29:00 PM,2,1,0,36.156070,-86.777430,6TH AVS,,,,90.00,Feet,North,KOREAN VETERANS BLVD,,,,0.00,N,Not at Intersection,N,Non-Junction,None,,,         ,Joshua,Reece,Clear,Front to Rear,no,no,no,no,no,False
101859953,Nashville Airport Police,2017-04513,Davidson,Nashville,12/15/2017 6:15:00 PM,2,1,0,36.139400,-86.697640,BNA DR,,,,0.00,Feet,,KNIGHTS OF COLUMBUS BLVD,,,,0.00,Y,OTHER,N,Non-Junction,None,,,         ,Patrick,Nicholson,Clear,"Sideswipe, Opposite Direction",no,no,no,no,yes,False
101859954,METROPOLITAN NASHVILLE POLICE DEPT,20171096723,Davidson,Nashville,12/15/2017 7:05:00 PM,2,0,0,36.134230,-86.776370,I65 S ENT RAMP,,,,0.00,,,I65 S EXT RAMP,,,,0.00,Y,Four-Way,Y,Intersection,None,,,         ,Trenton,Searcy,Clear,Angle,no,no,no,no,no,False
101859968,METROPOLITAN NASHVILLE POLICE DEPT,2017-1096423,Davidson,Nashville,12/15/2017 5:10:00 PM,1,1,0,36.176880,-86.776180,SPRING ST,,,,0.00,,,COWAN ST,,,,0.00,Y,Four-Way, ,Intersection,None,,,         ,Cory,West,Clear,Not Collision with Motor Vehicle in Transport,yes,no,no,no,no,False
101859969,METROPOLITAN NASHVILLE POLICE DEPT,20171096926,Davidson,Not in City Limit,12/15/2017 4:51:00 PM,2,0,0,36.263410,-86.711800,GALLATIN PKEN,,,,130.00,Feet,North,STATE RT 45,,,,0.00,N,Not at Intersection, ,Non-Junction,None,,,         ,Samuel,Miller,Clear,"Sideswipe, Same Direction",no,no,no,no,no,False
101859970,METROPOLITAN NASHVILLE POLICE DEPT,20171096973,Davidson,Nashville,12/15/2017 12:00:00 AM,2,0,0,36.198620,-86.776420,I 65,,,,0.00,,,,,,,86.80,N,Not at Intersection, ,Non-Junction,None,,,         ,Melvin,Taylor,Clear,"Sideswipe, Same Direction",no,no,no,no,no,False
101859971,METROPOLITAN NASHVILLE POLICE DEPT,20171096192,Davidson,Nashville,12/15/2017 3:25:00 PM,2,0,0,36.154480,-86.779420,8TH AVS,,,,0.00,,,LAFAYETTE ST,,,,0.00,Y,Roundabout,Y,Intersection,None,,,         ,Michael,Douglas,Clear,Angle,no,no,no,no,no,False
101859981,METROPOLITAN NASHVILLE POLICE DEPT,20171096552,Davidson,Nashville,12/15/2017 5:16:00 PM,2,0,0,36.081530,-86.759920,HARDING PL,,,,488.00,Feet,West,TROUSDALE DR,,,,0.00,N,Not at Intersection, ,Non-Junction,None,,,         ,Zachary,Goodall,Clear,Angle,no,no,no,no,no,False
101859982,GOODLETTSVILLE POLICE DEPT,17-44174,Davidson,Goodlettsville,12/15/2017 5:57:00 PM,6,1,0,36.326429,-86.700320,LONG HOLLOW,PIKE,,,50.00,Feet,East,NORTHCREEK,BLVD,,,0.00,N,Not at Intersection,N,Non-Junction,None,,,         ,Shane,Farrell,Clear,Front to Rear,no,no,no,no,no,False
101859985,METROPOLITAN NASHVILLE POLICE DEPT,20171096714,Davidson,Goodlettsville,12/15/2017 7:01:00 PM,2,0,0,36.290610,-86.703670,GALLATIN PKEN,,,,60.00,Feet,South,ALTUS AV,,,,0.00,N,Not at Intersection,N,Non-Junction,None,,,         ,Samuel,Miller,Clear,"Sideswipe, Same Direction",no,no,no,no,yes,False
101860001,METROPOLITAN NASHVILLE POLICE DEPT,20171096425,Davidson,Nashville,12/15/2017 5:11:00 PM,4,0,0,36.133720,-86.726760,I 24,,,,0.00,,,,,,,52.10,N,Not at Intersection,N,Non-Junction,None,,,         ,Je-Marc,Sears,Clear,Front to Rear,no,no,no,no,no,False
101860029,METROPOLITAN NASHVILLE POLICE DEPT,20171096326,Davidson,Nashville,12/15/2017 12:00:00 AM,2,2,0,36.249740,-86.741680,I 65,,,,0.00,,,,,,,91.20,N,Not at Intersection,Y,Non-Junction,None,,,         ,Joel,Callies,Clear,Front to Rear,no,no,no,no,no,False
101860043,METROPOLITAN NASHVILLE POLICE DEPT,20171097178,Davidson,Nashville,12/15/2017 9:10:00 PM,3,0,0,36.090960,-86.651100,MURFREESBORO PKE,,,,0.00,,,BOROWOOD DR,,,,0.00,Y,T-Intersection, ,Non-Junction,None,,,         ,Brenna,Hosey,Clear,Front to Rear,no,no,no,no,no,False
101860055,VANDERBILT UNIVERSITY POLICE,2017-1096994,Davidson,Nashville,12/15/2017 12:00:00 AM,2,0,0,36.140420,-86.801440,MEDICAL CENTER DR,,,,0.00,,,,,,,0.00,,Not at Intersection,N,Non-Junction,None,,,         ,Gregory,Blocker,Clear,Unknown,no,no,no,yes,yes,Campus
101860069,BERRY HILL POLICE DEPT,17-4154,Davidson,Nashville,12/9/2017 12:00:00 AM,1,0,0,36.126040,-86.778980,ELLIOTT AV,,,,204.00,Feet,South,HILLVIEW HTS,,,,0.00,N,Not at Intersection,N,Non-Junction,None,,,         ,Greg,Colson,Clear,Not Collision with Motor Vehicle in Transport,no,no,no,yes,no,False
101860098,METROPOLITAN NASHVILLE POLICE DEPT,20171097332,Davidson,Nashville,12/15/2017 9:02:00 PM,2,0,0,36.085490,-86.647940,MURFREESBORO PKE,,,,563.00,Feet,South,NASHBORO BLVD,,,,0.00,N,Not at Intersection,N,Non-Junction,None,,,         ,Christopher,Holden,Clear,Front to Rear,no,no,no,no,yes,False
101860187,METROPOLITAN NASHVILLE POLICE DEPT,20171097540,Davidson,Nashville,12/16/2017 12:08:00 AM,2,0,0,36.202730,-86.738980,GALLATIN PKE,,,,126.00,Feet,North,LITTON AV,,,,0.00,N,Not at Intersection, ,Non-Junction,None,,,         ,Samuel,Kersten,Clear,"Sideswipe, Same Direction",no,no,no,no,no,False
101860195,METROPOLITAN NASHVILLE POLICE DEPT,20171097593,Davidson,Nashville,12/16/2017 12:00:00 AM,1,0,0,36.064870,-86.628380,HAMILTON CHURCH RD,,,,39.00,Feet,East,MURFREESBORO PKE,,,,0.00,N,Not at Intersection,N,Non-Junction,None,,,         ,Douglas,Sykes,Clear,Unknown,no,no,no,no,yes,False
101860218,METROPOLITAN NASHVILLE POLICE DEPT,20171097711,Davidson,Nashville,12/16/2017 1:13:00 AM,2,0,0,36.155820,-86.795920,17TH AVN,,,,0.00,Feet,,CHURCH ST,,,,0.00,Y,Four-Way,N,Intersection-Related,None,,,         ,Nicholas,Smith,Clear,"Sideswipe, Same Direction",no,no,no,no,yes,False
101860219,METROPOLITAN NASHVILLE POLICE DEPT,20171097662,Davidson,Nashville,12/16/2017 1:01:00 AM,2,0,0,36.147170,-86.743870,I 40,,,,0.00,,,,,,,212.00,N,Not at Intersection,N,Non-Junction,None,,,         ,Reuben,Hewit,Clear,Front to Rear,no,no,no,no,yes,False
101860228,METROPOLITAN NASHVILLE POLICE DEPT,20171097464,Davidson,Nashville,12/15/2017 11:30:00 PM,2,0,0,36.139980,-86.887570,I 40,,,,0.00,,,,,,,202.00,N,Not at Intersection, ,Non-Junction,None,,,         ,Ian,Ward,Clear,"Sideswipe, Same Direction",no,no,no,no,no,False
101860230,METROPOLITAN NASHVILLE POLICE DEPT,20171097680,Davidson,Nashville,12/16/2017 1:05:00 AM,2,1,0,36.135980,-86.726720,I 24,,,,0.00,,,,,,,52.20,N,Not at Intersection,N,Non-Junction,None,,,         ,Christopher,Holden,Clear,Front to Rear,no,no,no,no,no,False
101860231,METROPOLITAN NASHVILLE POLICE DEPT,20171097639,Davidson,Nashville,12/16/2017 12:40:00 AM,2,0,0,36.134410,-86.723120,MURFREESBORO PKE,,,,217.00,Feet,West,PLUS PARK BLVD,,,,0.00,N,Not at Intersection,N,Non-Junction,None,,,         ,Erik,Dabbs,Clear,Angle,no,no,no,yes,yes,False
101860238,METROPOLITAN NASHVILLE POLICE DEPT,20171097402,Davidson,Nashville,12/15/2017 8:10:00 PM,1,0,0,36.233110,-86.747070,ELLINGTON PKWYN,,,,132.00,Feet,North,I65 N ENT RAMP,,,,0.00,N,Not at Intersection,N,Non-Junction,None,,,         ,Zachariah,Bush,Clear,Not Collision with Motor Vehicle in Transport,no,no,no,no,no,False
101860240,METROPOLITAN NASHVILLE POLICE DEPT,20171097450,Davidson,Nashville,12/15/2017 11:37:00 PM,2,1,0,36.139830,-86.887770,I 40,,,,0.00,,,,,,,202.00,N,Not at Intersection,N,Non-Junction,None,,,         ,Kristen,Morgan,Clear,Front to Rear,no,no,no,no,yes,False
101860246,GOODLETTSVILLE POLICE DEPT,17-44176,Davidson,Goodlettsville,12/15/2017 6:20:00 PM,2,0,0,36.299300,-86.704000,BLUEBIRD DR,,,,0.00,,,MEADOW LARK LN,,,,0.00,Y,T-Intersection,N,Non-Junction,None,,,         ,Brandon,Wright,Clear,"Sideswipe, Opposite Direction",no,no,no,no,yes,False
101860258,METROPOLITAN NASHVILLE POLICE DEPT,20171098002,Davidson,Nashville,12/16/2017 3:13:00 AM,2,0,0,36.161950,-86.793470,I 40,,,,0.00,,,,,,,208.65,N,Not at Intersection,N,Non-Junction,None,,,         ,Ralph,Smith IV,Clear,Front to Rear,no,no,no,no,yes,False
101860266,METROPOLITAN NASHVILLE POLICE DEPT,20171097893,Davidson,Nashville,12/16/2017 2:40:00 AM,2,0,0,36.152950,-86.755600,I 40,,,,0.00,,,,,,,211.25,N,Not at Intersection,N,Non-Junction,None,,,         ,Austin,Childress,Clear,"Sideswipe, Same Direction",no,no,no,no,yes,False
101860271,METROPOLITAN NASHVILLE POLICE DEPT,20171098050,Davidson,Nashville,12/16/2017 12:00:00 AM,1,0,0,36.077630,-86.919920,BELLE FOREST CONDOS PVTDR,,,,1.00,Feet,East,OLD HICKORY BLVD,,,,0.00,N,Not at Intersection,N,Non-Junction,None,,,         ,Terrance,Stuckey,Clear,Not Collision with Motor Vehicle in Transport,no,no,no,no,yes,False
101860300,METROPOLITAN NASHVILLE POLICE DEPT,20171098154,Davidson,Nashville,12/16/2017 5:30:00 AM,2,0,0,36.208720,-86.770200,GRIZZARD AV,,,,810.00,Feet,West,DICKERSON PKE,,,,0.00,N,Not at Intersection,N,Unknown,None,,,         ,Harris,Smith,Clear,Front to Rear,no,no,no,yes,no,False
101860301,METROPOLITAN NASHVILLE POLICE DEPT,20171098195,Davidson,Nashville,12/16/2017 6:09:00 AM,2,0,0,36.110940,-86.745220,THOMPSON LN,,,,0.00,,,NOLENSVILLE PKE,,,,0.00,Y,Four-Way,N,Intersection,None,,,         ,Ralph,Smith IV,Clear,Front to Rear,no,no,no,no,yes,False
101860318,GOODLETTSVILLE POLICE DEPT,17-44172,Davidson,Goodlettsville,12/15/2017 5:00:00 PM,4,0,0,36.312166,-86.674574,VIETNAM VETERANS,BLVD,SR386,,75.00,Feet,East,,,,,1.80,N,Not at Intersection,N,Non-Junction,None,,,         ,Jeremy,Baker,Clear,Front to Rear,no,no,no,no,no,False
101860328,METROPOLITAN NASHVILLE POLICE DEPT,20171098257,Davidson,Not in City Limit,12/16/2017 7:15:00 AM,1,0,0,36.291680,-86.833340,TRANHAM RD,,,,0.58,Miles,North,LAWS RD,,,,0.00,N,Not at Intersection, ,Non-Junction,None,,,         ,Brandon,Evans,Clear,Not Collision with Motor Vehicle in Transport,no,no,no,no,no,False
101860344,METROPOLITAN NASHVILLE POLICE DEPT,20171098322,Davidson,Nashville,12/16/2017 7:49:00 AM,2,0,0,36.072250,-86.636050,BELL RD,,,,141.00,Feet,North,MURFREESBORO PKE,,,,0.00,N,Not at Intersection,N,Non-Junction,None,,,         ,Sara,Lober,Clear,Front to Rear,no,no,no,no,yes,False
101860437,GOODLETTSVILLE POLICE DEPT,17-44271,Davidson,Goodlettsville,12/16/2017 10:30:00 AM,2,0,0,36.309430,-86.695540,VIETNAM VETERANS BLVD SB EXT R,,,,0.00,Feet,East,CONFERENCE DR,,,,0.00,N,Not at Intersection, ,Entrance/Exit Ramp Related,None,,,         ,Jeremy,Baker,Clear,Front to Rear,no,no,no,no,no,False
101860440,METROPOLITAN NASHVILLE POLICE DEPT,20171098572,Davidson,Nashville,12/16/2017 9:58:00 AM,2,0,0,36.189070,-86.818140,26TH AVN,,,,221.00,Feet,North,DOWLAN ST,,,,0.00,N,Not at Intersection, ,,None,,,         ,Justan,Vance,,,no,no,no,no,no,False
101860441,METROPOLITAN NASHVILLE POLICE DEPT,20171098500,Davidson,Nashville,12/16/2017 9:30:00 AM,1,0,0,36.248890,-86.720380,GALLATIN PKES,,,,305.00,Feet,North,DUE WEST AVE,,,,0.00,N,Not at Intersection,N,Non-Junction,None,,,         ,Coleman,McKellar,Clear,Not Collision with Motor Vehicle in Transport,no,no,no,yes,no,False
101860451,METROPOLITAN NASHVILLE POLICE DEPT,20171098532,Davidson,Nashville,12/16/2017 9:53:00 AM,1,1,0,36.158740,-86.641230,STEWARTS FERRY PKE,,,,189.00,Feet,West,HICKORY PL,,,,0.00,N,Not at Intersection,N,Non-Junction,None,,,         ,Steven,Rowlett,Clear,Not Collision with Motor Vehicle in Transport,no,no,no,no,no,False
101860536,METROPOLITAN NASHVILLE POLICE DEPT,2017-1098655,Davidson,Nashville,12/16/2017 11:11:00 AM,2,0,0,36.149370,-86.803470,WEST END AV,,,,0.00,,,LOUISE AV,,,,0.00,Y,T-Intersection,N,Intersection,None,,,         ,Erik,Wagner,Clear,Angle,no,no,no,no,no,Campus
101860545,METROPOLITAN NASHVILLE POLICE DEPT,20171098682,Davidson,Not in City Limit,12/16/2017 10:30:00 AM,2,1,0,36.307040,-86.819290,I 24,,,,0.00,,,,,,,38.15,N,Not at Intersection,N,Non-Junction,None,,,         ,Brandon,Evans,Clear,Front to Rear,no,no,no,no,no,False
101860548,METROPOLITAN NASHVILLE POLICE DEPT,20171098578,Davidson,Nashville,12/16/2017 12:00:00 AM,2,0,0,36.118280,-86.703710,WINTHORNE DR,,,,299.00,Feet,East,GLENGARRY DR,,,,0.00,N,Not at Intersection,N,OtherLocation,None,,,         ,Stephen,Soule,Clear,Angle,no,no,no,yes,yes,False
101860558,METROPOLITAN NASHVILLE POLICE DEPT,20171098754,Davidson,Nashville,12/16/2017 12:19:00 PM,2,1,0,36.089140,-86.627450,BELL RD,,,,0.00,,,NASHBORO BLVD,,,,0.00,Y,T-Intersection,N,Intersection,None,,,         ,MIchael,Mihajlov,Clear,Front to Rear,no,no,no,no,no,False
101860564,GOODLETTSVILLE POLICE DEPT,17-44270,Davidson,Goodlettsville,12/16/2017 10:20:00 AM,3,1,0,36.306470,-86.694150,CONFERENCE DR,,,,148.00,Feet,South,VIETNAM VETERANS BLVD NB ENT R,,,,0.00,N,Not at Intersection,N,Non-Junction,None,,,         ,George,Forbes,Clear,Angle,no,no,no,no,yes,False
101860566,METROPOLITAN NASHVILLE POLICE DEPT,20171098799,Davidson,Nashville,12/16/2017 12:36:00 PM,1,0,0,36.160050,-86.823990,32ND AVN,,,,169.00,Feet,South,BATAVIA ST,,,,0.00,N,Not at Intersection, ,,None,,,         ,James,Jarvis,,,no,no,no,yes,no,False
101860580,METROPOLITAN NASHVILLE POLICE DEPT,20171098617,Davidson,Nashville,12/16/2017 10:32:00 AM,2,2,0,36.068350,-86.683160,ANTIOCH PKE,,,,344.00,Feet,South,RICHARDS RD,,,,0.00,N,Not at Intersection,N,Non-Junction,None,,,         ,Peter,Vaught,Clear,Front to Rear,no,no,no,no,no,False
101860582,METROPOLITAN NASHVILLE POLICE DEPT,20171098639,Davidson,Nashville,12/16/2017 11:00:00 AM,2,0,0,36.070620,-86.634800,MURFREESBORO PKE,,,,612.00,Feet,South,BELL RD,,,,0.00,N,Not at Intersection,N,Non-Junction,None,,,         ,Deandera,Payne,Clear,Angle,no,no,no,no,no,False
101860591,METROPOLITAN NASHVILLE POLICE DEPT,20171098873,Davidson,Nashville,12/16/2017 1:17:00 PM,2,0,0,36.150310,-86.784680,I 40,,,,0.00,,,,,,,209.55,N,Not at Intersection, ,,None,,,         ,Randall,Ward,,,no,no,no,no,no,False
101860601,METROPOLITAN NASHVILLE POLICE DEPT,20171098804,Davidson,Not in City Limit,12/16/2017 12:50:00 PM,2,1,0,36.320090,-86.850070,I 24,,,,0.00,,,,,,,36.00,N,Not at Intersection,N,Non-Junction,None,,,         ,Chase,Burnett,Clear,Front to Rear,no,no,no,no,no,False
101860607,METROPOLITAN NASHVILLE POLICE DEPT,2017-1098871,Davidson,Nashville,12/16/2017 1:22:00 PM,1,0,0,36.239840,-86.619430,ROLLING MILL RD,,,,219.00,Feet,West,LOUVIERS LN,,,,0.00,N,Not at Intersection, ,Non-Junction,None,,,         ,Calvin,Graham,Cloudy,Not Collision with Motor Vehicle in Transport,no,no,no,no,no,False
101860611,METROPOLITAN NASHVILLE POLICE DEPT,20171098791,Davidson,Goodlettsville,12/16/2017 12:24:00 PM,2,0,0,36.300770,-86.694820,SHEPHERD HILLS DR,,,,0.00,,,GALLATIN PKEN,,,,0.00,Y,Four-Way, ,Intersection,None,,,         ,Cyretha,Frazier,Cloudy,Angle,no,no,no,no,no,False
101860617,METROPOLITAN NASHVILLE POLICE DEPT,20171098854,Davidson,Not in City Limit,12/16/2017 12:40:00 PM,2,0,0,36.322000,-86.867760,I24 E EXT RAMP,,,,25.00,Feet,South,WHITES CREEK PKE,,,,0.00,N,Not at Intersection, ,Entrance/Exit Ramp Related,None,,,         ,Jeanine,Sarno,Clear,Front to Rear,no,no,no,no,no,False
101860635,METROPOLITAN NASHVILLE POLICE DEPT,20171098817,Davidson,Nashville,12/16/2017 12:50:00 PM,2,0,0,36.070660,-86.634840,MURFREESBORO PKE,,,,591.00,Feet,South,BELL RD,,,,0.00,N,Not at Intersection, ,Non-Junction,None,,,         ,Deandera,Payne,Clear,"Sideswipe, Same Direction",no,no,no,no,no,False
101860637,METROPOLITAN NASHVILLE POLICE DEPT,20171098869,Davidson,Nashville,12/16/2017 1:27:00 PM,2,1,0,36.159110,-86.772420,1ST AVS,,,,112.00,Feet,South,MOLLOY ST,,,,0.00,N,Not at Intersection,N,Non-Junction,None,,,         ,Kevin,Johnson,Clear,Front to Rear,no,no,no,no,no,False
101860642,METROPOLITAN NASHVILLE POLICE DEPT,20171098786,Davidson,Nashville,12/16/2017 12:16:00 PM,2,0,0,36.151420,-86.770990,4TH AVS,,,,154.00,Feet,North,MULBERRY ST,,,,0.00,N,Not at Intersection, ,Non-Junction,None,,,         ,Nopel,Stella,Clear,Front to Rear,no,no,no,no,no,False
101860656,METROPOLITAN NASHVILLE POLICE DEPT,20171098738,Davidson,Nashville,12/16/2017 11:21:00 AM,3,0,0,36.170650,-86.754290,SHELBY AV,,,,0.00,,,S 9TH ST,,,,0.00,Y,Four-Way,Y,Intersection,None,,,         ,Daniel,Wadham,Clear,Front to Rear,no,no,no,no,yes,False
101860683,METROPOLITAN NASHVILLE POLICE DEPT,20171098946,Davidson,Not in City Limit,12/16/2017 2:43:00 PM,2,0,0,36.264010,-86.711590,GALLATIN PKEN,,,,356.00,Feet,North,STATE RT 45,,,,0.00,N,Not at Intersection,N,Non-Junction,None,,,         ,Christopher,Littles,Clear,Front to Rear,no,no,no,no,no,False
101860688,GOODLETTSVILLE POLICE DEPT,17-44282,Davidson,Goodlettsville,12/16/2017 1:40:00 PM,2,0,0,36.326540,-86.714190,N MAIN ST,,,,188.00,Feet,North,OLD BRICK CHURCH PKE,,,,0.00,N,Not at Intersection, ,Non-Junction,None,,,         ,Jeremy,Baker,Clear,Front to Rear,no,no,no,no,no,False
101860708,METROPOLITAN NASHVILLE POLICE DEPT,20171098601,Davidson,Nashville,12/16/2017 10:38:00 AM,2,2,0,36.157510,-86.852560,ILLINOIS AV,,,,100.00,Feet,East,54TH AVN,,,,0.00,N,Not at Intersection,N,Non-Junction,None,,,         ,Nicholas,Silinsky,Clear,Front to Rear,no,no,no,no,yes,False
101860713,METROPOLITAN NASHVILLE POLICE DEPT,20171098970,Davidson,Not in City Limit,12/16/2017 2:52:00 PM,1,0,0,36.322910,-86.860540,I 24,,,,0.00,,,,,,,35.40,N,Not at Intersection,N,Non-Junction,None,,,         ,Walter,Cothran,Clear,Not Collision with Motor Vehicle in Transport,no,no,no,no,no,False
101860722,METROPOLITAN NASHVILLE POLICE DEPT,20171098975,Davidson,Nashville,12/16/2017 2:50:00 PM,2,0,0,36.196840,-86.775640,I 65,,,,0.00,,,,,,,86.65,N,Not at Intersection, ,Non-Junction,None,,,         ,Andrew,Anoskey,Clear,"Sideswipe, Same Direction",no,no,no,no,no,False
101860734,METROPOLITAN NASHVILLE POLICE DEPT,20171098932,Davidson,Nashville,12/16/2017 2:15:00 PM,2,1,0,36.151760,-86.768630,2ND AVS,,,,0.00,,,I40 W EXT RAMP,,,,0.00,Y,Four-Way,Y,Entrance/Exit Ramp Related,None,,,         ,Byron,Carter,Clear,Angle,no,no,no,no,no,False
101860748,METROPOLITAN NASHVILLE POLICE DEPT,20171099053,Davidson,Nashville,12/16/2017 3:43:00 PM,2,0,0,36.213780,-86.724790,STRATFORD AV,,,,0.00,,,OXFORD ST,,,,0.00,Y,Four-Way, ,Intersection,None,,,         ,James,Smith,Clear,Other,no,no,no,no,no,False
101860750,METROPOLITAN NASHVILLE POLICE DEPT,20171099072,Davidson,Nashville,12/16/2017 3:57:00 PM,2,1,0,36.090700,-86.817370,HARDING PL,,,,0.00,,,HUNTINGTON CIR,,,,0.00,Y,Four-Way,N,Intersection-Related,None,,,         ,Hillary,Sherman,Clear,Angle,no,no,no,no,no,False