master_record_number,agency,agency_tracking_number,county,city,collision_date,vehicles_involved,number_injured,number_dead,latitude,longitude,roadway_name,roadway_suffix,roadway_number,roadway_local_id,distance_from_reference,miles-feet_indicator,direction_from_reference,intersection_road_name,intersection_road_name_suffix,intersection_road_number,intersection_local_id,mile_marker,intersection_indicator,intersect_type,interchange_related_indicator,relation_to_junction,work_zone_type,construction_maintenance_zone,construction_maintenance_zone_location,fatal_case_number,officer_first_name,officer_last_name,weather_condition(s),manner_of_crash,pedestrian,bicycle,scooter,parking,hitrun,mou
101863876,METROPOLITAN NASHVILLE POLICE DEPT,20171107657,Davidson,Nashville,12/19/2017 4:11:00 PM,2,0,0,36.153420,-86.756810,I 40,,,,0.00,,,,,,,211.20,N,Not at Intersection, ,Non-Junction,None,,,         ,John,Daugherty,Cloudy,Front to Rear,no,no,no,no,no,False
101863884,METROPOLITAN NASHVILLE POLICE DEPT,20171108078,Davidson,Nashville,12/19/2017 6:23:00 PM,2,0,0,36.172590,-86.762800,S 6TH ST,,,,0.00,,,WOODLAND ST,,,,0.00,Y,Four-Way, ,Intersection-Related,None,,,         ,Michael,Moss,Rain,Angle,no,no,no,no,no,False
101863885,METROPOLITAN NASHVILLE POLICE DEPT,20171108145,Davidson,Nashville,12/19/2017 8:16:00 PM,2,0,0,36.161520,-86.774930,2ND AVS,,,,150.00,Feet,South,2ND AVN,,,,0.00,N,Not at Intersection, ,Non-Junction,None,,,         ,Jason,King,Rain,"Sideswipe, Same Direction",no,no,no,no,no,False
101863888,METROPOLITAN NASHVILLE POLICE DEPT,20171107952,Davidson,Nashville,12/19/2017 6:48:00 PM,2,1,0,36.144790,-86.740050,I 40,,,,0.00,,,,,,,212.30,N,Not at Intersection,N,Non-Junction,None,,,         ,John,Daugherty,Rain,"Sideswipe, Same Direction",no,no,no,no,no,False
101863890,METROPOLITAN NASHVILLE POLICE DEPT,20171107846,Davidson,Nashville,12/19/2017 5:51:00 PM,2,1,0,36.110590,-86.773330,FRANKLIN PKE,,,,0.00,,,WOODMONT BLVD WB ENT RAMP,,,,0.00,Y,T-Intersection,N,Entrance/Exit Ramp Related,None,,,         ,Brian,Etchison,Rain,Angle,no,no,no,no,no,False
101863891,METROPOLITAN NASHVILLE POLICE DEPT,20171108117,Davidson,Nashville,12/19/2017 6:54:00 PM,2,0,0,36.145780,-86.630940,WEMBERTON DR,,,,123.00,Feet,South,NORWALK DR,,,,0.00,N,Not at Intersection,N,Non-Junction,None,,,         ,Patrick,Taylor,Rain,"Sideswipe, Opposite Direction",no,no,no,no,yes,False
101863901,METROPOLITAN NASHVILLE POLICE DEPT,20171108190,Davidson,Nashville,12/19/2017 8:00:00 PM,2,0,0,36.154370,-86.759780,I 40,,,,0.00,,,,,,,211.00,N,Not at Intersection, ,Non-Junction,None,,,         ,Jonathan,Cavezza,Rain,Angle,no,no,no,no,no,False
101863908,METROPOLITAN NASHVILLE POLICE DEPT,20171107958,Davidson,Nashville,12/19/2017 6:45:00 PM,2,0,0,36.166740,-86.795410,I 40,,,,0.00,,,,,,,208.30,N,Not at Intersection, ,Non-Junction,None,,,         ,Bradley,Pope,Rain,Front to Rear,no,no,no,no,no,False
101863909,METROPOLITAN NASHVILLE POLICE DEPT,20171107873,Davidson,Nashville,12/19/2017 5:00:00 PM,2,0,0,36.117330,-86.725610,I 24,,,,0.00,,,,,,,53.10,N,Not at Intersection, ,Non-Junction,None,,,         ,Richard,Olive,Rain,Front to Rear,no,no,no,no,no,False
101863911,METROPOLITAN NASHVILLE POLICE DEPT,20171108181,Davidson,Nashville,12/19/2017 9:09:00 PM,2,0,0,36.193980,-86.776420,I 65,,,,0.00,,,,,,,86.45,N,Not at Intersection,N,Non-Junction,None,,,         ,Brandon,Rardin,Rain,"Sideswipe, Same Direction",no,no,no,no,yes,False
101863912,METROPOLITAN NASHVILLE POLICE DEPT,20171108150,Davidson,Nashville,12/19/2017 12:00:00 AM,2,2,0,36.160890,-86.793710,14TH AVN,,,,46.00,Feet,North,CHARLOTTE AV,,,,0.00,N,Not at Intersection, ,Non-Junction,None,,,         ,Melvin,Taylor,Clear,Front to Rear,no,no,no,no,no,False
101863914,METROPOLITAN NASHVILLE POLICE DEPT,20171107811,Davidson,Nashville,12/19/2017 5:34:00 PM,1,1,0,36.072420,-86.635990,BELL RD,,,,206.00,Feet,North,MURFREESBORO PKE,,,,0.00,N,Not at Intersection,N,Non-Junction,None,,,         ,Darryl,Williams,Rain,Not Collision with Motor Vehicle in Transport,yes,no,no,no,no,False
101863915,METROPOLITAN NASHVILLE POLICE DEPT,20171107608,Davidson,Nashville,12/19/2017 4:04:00 PM,3,0,0,36.031660,-86.640000,I 24,,,,0.00,,,,,,,60.85,N,Not at Intersection,N,Non-Junction,None,,,         ,Marcus,Darden,Clear,Other,no,no,no,no,no,False
101863920,METROPOLITAN NASHVILLE POLICE DEPT,20171108154,Davidson,Nashville,12/19/2017 8:59:00 PM,2,2,0,36.152460,-86.753990,I 40,,,,0.00,,,,,,,211.35,N,Not at Intersection,N,Non-Junction,None,,,         ,John,Daugherty,Rain,"Sideswipe, Same Direction",no,no,no,no,yes,False
101863923,METROPOLITAN NASHVILLE POLICE DEPT,20171107703,Davidson,Nashville,12/19/2017 4:47:00 PM,2,0,0,36.172060,-86.601810,OLD HICKORY BLVD,,,,219.00,Feet,South,PRINCETON PL,,,,0.00,N,Not at Intersection,N,Non-Junction,None,,,         ,Jefferson,Hughes,Rain,Angle,no,no,no,no,no,False
101863924,METROPOLITAN NASHVILLE POLICE DEPT,20171108257,Davidson,Nashville,12/19/2017 9:38:00 PM,2,0,0,36.085630,-86.769000,HARDING PL,,,,0.00,,,PEACH ORCHARD DR,,,,0.00,Y,T-Intersection,N,Intersection-Related,None,,,         ,Tien,Nguyen,Rain,"Sideswipe, Same Direction",no,no,no,no,yes,False
101863929,METROPOLITAN NASHVILLE POLICE DEPT,20171108236,Davidson,Nashville,12/19/2017 9:20:00 PM,2,0,0,36.159290,-86.792180,I 40,,,,0.00,,,,,,,208.85,N,Not at Intersection,N,Non-Junction,None,,,         ,Eric,Burford,Rain,"Sideswipe, Same Direction",no,no,no,no,yes,False
101863942,METROPOLITAN NASHVILLE POLICE DEPT,20171107967,Davidson,Nashville,12/19/2017 5:15:00 PM,2,0,0,36.110510,-86.755330,SIDCO DR,,,,238.00,Feet,South,THOMPSON LN,,,,0.00,N,Not at Intersection, ,Non-Junction,None,,,         ,Jon,Mcvey,Rain,Angle,no,no,no,no,no,False
101863947,METROPOLITAN NASHVILLE POLICE DEPT,20171108200,Davidson,Nashville,12/19/2017 8:52:00 PM,2,0,0,36.078430,-86.765670,I 65,,,,0.00,,,,,,,77.55,N,Not at Intersection,N,Non-Junction,None,,,         ,Zachary,Goodall,Rain,Front to Rear,no,no,no,no,yes,False
101863969,METROPOLITAN NASHVILLE POLICE DEPT,20171108016,Davidson,Nashville,12/19/2017 7:14:00 PM,2,0,0,36.178140,-86.605020,I40 E EXT RAMP,,,,0.00,Feet,East,OLD HICKORY BLVD,,,,0.00,N,Not at Intersection, ,Entrance/Exit Ramp Related,None,,,         ,Jefferson,Hughes,Rain,"Sideswipe, Same Direction",no,no,no,no,no,False
101863984,METROPOLITAN NASHVILLE POLICE DEPT,20171108196,Davidson,Nashville,12/19/2017 5:49:00 PM,2,0,0,36.113510,-86.690490,MURFREESBORO PKE,,,,492.00,Feet,West,AIR FREIGHT BLVD,,,,0.00,N,Not at Intersection, ,Non-Junction,None,,,         ,James,McDugle,Rain,"Sideswipe, Same Direction",no,no,no,no,no,False
101863985,GOODLETTSVILLE POLICE DEPT,17-44571,Davidson,Goodlettsville,12/19/2017 5:16:00 AM,2,0,0,36.318300,-86.700530,CONFERENCE DR,,,,0.00,,,NORTHCREEK BLVD,,,,0.00,Y,Four-Way,N,Intersection,None,,,         ,Hannah,Poole,Fog,Angle,no,no,no,no,no,False
101864002,METROPOLITAN NASHVILLE POLICE DEPT,20171108332,Davidson,Not in City Limit,12/19/2017 10:37:00 PM,1,0,0,36.104370,-86.931980,I 40,,,,0.00,,,,,,,198.60,N,Not at Intersection,N,Non-Junction,None,,,         ,Kristen,Morgan,Rain,Not Collision with Motor Vehicle in Transport,no,no,no,no,no,False
101864005,METROPOLITAN NASHVILLE POLICE DEPT,20171108336,Davidson,Nashville,12/19/2017 6:04:00 PM,2,0,0,36.115640,-86.725110,I 24,,,,0.00,,,,,,,53.25,N,Not at Intersection, ,Non-Junction,None,,,         ,Eugene,Martino,Rain,Front to Rear,no,no,no,no,no,False
101864008,METROPOLITAN NASHVILLE POLICE DEPT,20171108452,Davidson,Nashville,12/19/2017 10:40:00 PM,2,0,0,36.152480,-86.773240,5TH AVS,,,,0.00,,,5TH AVS,,,,0.00,Y,T-Intersection, ,,None,,,         ,Paxton,Montgomery,,,no,no,no,yes,no,False
101864011,METROPOLITAN NASHVILLE POLICE DEPT,20171108453,Davidson,Nashville,12/19/2017 7:28:00 PM,1,1,0,36.170790,-86.606290,I40 E EXT RAMP,,,,0.00,Feet,East,I 40,,,,0.00,N,Not at Intersection,N,Non-Junction,None,,,         ,Brett,Johns,Rain,Not Collision with Motor Vehicle in Transport,no,no,no,no,no,False
101864016,METROPOLITAN NASHVILLE POLICE DEPT,20171108474,Davidson,Nashville,12/19/2017 5:45:00 PM,2,0,0,36.120210,-86.743030,PEACHTREE ST,,,,0.00,,,FOSTER AV,,,,0.00,Y,Four-Way,N,Intersection-Related,None,,,         ,Brian,Mclarty,Rain,Angle,no,no,no,no,no,False
101864023,METROPOLITAN NASHVILLE POLICE DEPT,20171108327,Davidson,Nashville,12/19/2017 10:14:00 PM,2,0,0,36.083370,-86.763570,I 65,,,,0.00,,,,,,,77.90,N,Not at Intersection,N,Non-Junction,None,,,         ,Ryan,Worstall,Rain,Angle,no,no,no,no,yes,False
101864024,METROPOLITAN NASHVILLE POLICE DEPT,20171108339,Davidson,Nashville,12/19/2017 7:44:00 PM,2,0,0,36.070350,-86.722210,NOLENSVILLE PKE,,,,46.00,Feet,West,COTTON LN,,,,0.00,N,Not at Intersection,N,Non-Junction,None,,,         ,Cody,Jaworski,Rain,Angle,no,no,no,no,yes,False
101864027,METROPOLITAN NASHVILLE POLICE DEPT,20171108073,Davidson,Nashville,12/19/2017 6:40:00 PM,2,0,0,36.128380,-86.728300,I 24,,,,0.00,,,,,,,51.30,N,Not at Intersection,N,Non-Junction,None,,,         ,Dale,Dameron,Rain,"Sideswipe, Same Direction",no,no,no,no,yes,False
101864035,METROPOLITAN NASHVILLE POLICE DEPT,20171108446,Davidson,Nashville,12/19/2017 5:09:00 PM,2,0,0,36.111850,-86.745710,NOLENSVILLE PKE,,,,340.00,Feet,North,THOMPSON LN,,,,0.00,N,Not at Intersection,N,Non-Junction,None,,,         ,Ryan,Worstall,Clear,Angle,no,no,no,no,yes,False
101864037,METROPOLITAN NASHVILLE POLICE DEPT,20171108344,Davidson,Nashville,12/19/2017 9:15:00 PM,2,0,0,36.247630,-86.681320,SIOUX TER,,,,110.00,Feet,East,NEELYS BEND RD,,,,0.00,N,Not at Intersection,N,Non-Junction,None,,,         ,Abbey,Sawl,Rain,Front to Rear,no,no,no,no,yes,False
101864040,METROPOLITAN NASHVILLE POLICE DEPT,20171108405,Davidson,Nashville,12/19/2017 8:44:00 PM,2,0,0,36.101700,-86.765140,I 65,,,,0.00,,,,,,,79.20,N,Not at Intersection,N,Non-Junction,None,,,         ,Cody,Jaworski,Rain,"Sideswipe, Same Direction",no,no,no,no,yes,False
101864048,METROPOLITAN NASHVILLE POLICE DEPT,20171108641,Davidson,Nashville,12/20/2017 12:38:00 AM,1,0,0,36.157200,-86.617700,BELL RD,,,,0.00,Feet,East,STONES RIVER GRNWY,,,,0.00,N,Not at Intersection,N,Non-Junction,None,,,         ,Curtis,Fisher,Rain,Not Collision with Motor Vehicle in Transport,no,no,no,no,no,False
101864067,METROPOLITAN NASHVILLE POLICE DEPT,2017-1108389,Davidson,Nashville,12/19/2017 11:15:00 PM,2,0,0,36.106460,-86.819810,ABBOTT MARTIN RD,,,,112.00,Feet,West,CLEGHORN AV,,,,0.00,N,Not at Intersection,N,OtherLocation,None,,,         ,Kenneth,Bray,Rain,Angle,no,no,no,no,no,False
101864070,METROPOLITAN NASHVILLE POLICE DEPT,2017-1108797,Davidson,Not in City Limit,12/20/2017 1:18:00 AM,1,0,0,36.292810,-86.852050,WHITES CREEK PKE,,,,662.00,Feet,South,SEYMOUR HOLLOW RD,,,,0.00,N,Not at Intersection,N,Non-Junction,None,,,         ,Anthony,Cavis,Rain,Not Collision with Motor Vehicle in Transport,no,no,no,no,yes,False
101864078,METROPOLITAN NASHVILLE POLICE DEPT,20171108789,Davidson,Nashville,12/19/2017 9:30:00 PM,2,0,0,36.170320,-86.598330,I 40,,,,0.00,,,,,,,221.00,N,Not at Intersection,N,Non-Junction,None,,,         ,Emily,Mulready,Rain,Front to Rear,no,no,no,no,yes,False
101864088,METROPOLITAN NASHVILLE POLICE DEPT,20171108333,Davidson,Nashville,12/19/2017 11:00:00 PM,2,0,0,36.152000,-86.772510,ASH ST,,,,93.00,Feet,East,5TH AVS,,,,0.00,N,Not at Intersection,N,Non-Junction,None,,,         ,Hunter,Fikes,Rain,Angle,no,no,no,no,yes,False
101864111,METROPOLITAN NASHVILLE POLICE DEPT,20171109151,Davidson,Nashville,12/20/2017 3:21:00 AM,2,0,0,36.045880,-86.777940,I 65,,,,0.00,,,,,,,75.15,N,Not at Intersection,N,Non-Junction,None,,,         ,Joshua,Dickall,Rain,"Sideswipe, Same Direction",no,no,no,no,no,False
101864120,METROPOLITAN NASHVILLE POLICE DEPT,20171109370,Davidson,Nashville,12/20/2017 5:30:00 AM,2,0,0,36.037620,-86.646700,I 24,,,,0.00,,,,,,,60.25,N,Not at Intersection,N,Non-Junction,None,,,         ,Dale,Dameron,Rain,Not Collision with Motor Vehicle in Transport,no,no,no,no,no,False
101864122,METROPOLITAN NASHVILLE POLICE DEPT,20171109121,Davidson,Nashville,12/20/2017 3:08:00 AM,1,1,0,36.133230,-86.801310,PORTLAND AV,,,,1.00,Feet,East,MAGNOLIA BLVD,,,,0.00,N,Not at Intersection,N,Non-Junction,None,,,         ,Eugene,Martino,Rain,Not Collision with Motor Vehicle in Transport,no,no,no,no,no,False
101864130,METROPOLITAN NASHVILLE POLICE DEPT,20171109430,Davidson,Nashville,12/20/2017 6:04:00 AM,2,0,0,36.117030,-86.770340,I 440,,,,0.00,,,,,,,5.10,N,Not at Intersection, ,,None,,,         ,Ralph,Smith IV,,,no,no,no,no,no,False
101864137,METROPOLITAN NASHVILLE POLICE DEPT,20171109409,Davidson,Nashville,12/20/2017 6:01:00 AM,1,0,0,36.138860,-86.775860,I 65,,,,0.00,,,,,,,81.70,N,Not at Intersection, ,Non-Junction,None,,,         ,Jamel,Griffin,Rain,Not Collision with Motor Vehicle in Transport,no,no,no,no,no,False
101864177,METROPOLITAN NASHVILLE POLICE DEPT,20171109508,Davidson,Nashville,12/20/2017 7:19:00 AM,1,0,0,36.169230,-86.606600,I40 E EXT RAMP,,,,1806.00,Feet,South,CENTRAL PKE,,,,0.00,N,Not at Intersection, ,Entrance/Exit Ramp Related,None,,,         ,James,Curtis,Cloudy,Not Collision with Motor Vehicle in Transport,no,no,no,no,no,False
101864196,METROPOLITAN NASHVILLE POLICE DEPT,20171109474,Davidson,Nashville,12/20/2017 6:54:00 AM,2,0,0,36.156340,-86.807100,CHARLOTTE AV,,,,45.00,Feet,East,22ND AVN,,,,0.00,N,Not at Intersection, ,Non-Junction,None,,,         ,Bradley,Fort,Rain,Front to Rear,no,no,no,no,no,False
101864199,METROPOLITAN NASHVILLE POLICE DEPT,2017-1109486,Davidson,Nashville,12/20/2017 7:04:00 AM,2,2,0,36.134850,-86.741320,FOSTER AV,,,,0.00,,,WOODYCREST AV,,,,0.00,Y,T-Intersection,N,Intersection,None,,,         ,William,Whitworth,Rain,Front to Rear,no,no,no,no,no,False
101864200,METROPOLITAN NASHVILLE POLICE DEPT,20171103082,Davidson,Nashville,12/18/2017 7:10:00 AM,2,0,0,36.086880,-86.696510,HARDING PL,,,,163.00,Feet,West,S PERIMETER PARK DR,,,,0.00,N,Not at Intersection,N,Non-Junction,None,,,         ,Sara,Lober,Rain,HeadOn,no,no,no,no,no,False
101864202,METROPOLITAN NASHVILLE POLICE DEPT,20171105770,Davidson,Nashville,12/19/2017 1:54:00 AM,2,0,0,36.171840,-86.764770,S 5TH ST,,,,0.00,,,WOODLAND ST,,,,0.00,Y,Four-Way,N,Intersection,None,,,         ,Derrick,Toney,Clear,Angle,no,no,no,no,no,False
101864207,METROPOLITAN NASHVILLE POLICE DEPT,20171103439,Davidson,Nashville,12/18/2017 9:47:00 AM,2,0,0,36.087520,-86.607220,ANDERSON RD,,,,77.00,Feet,South,SMITH SPRINGS RD,,,,0.00,N,Not at Intersection,N,Non-Junction,None,,,         ,Michael,Dance,Cloudy,Angle,no,no,no,no,no,False
101864227,METROPOLITAN NASHVILLE POLICE DEPT,20171109595,Davidson,Nashville,12/20/2017 7:51:00 AM,2,1,0,36.134020,-86.697110,BRILEY PKWYN,,,,369.00,Feet,North,BRILEY PKWYS,,,,0.00,N,Not at Intersection, ,Non-Junction,None,,,         ,Michael,Dance,Rain,Front to Rear,no,no,no,no,no,False
101864232,METROPOLITAN NASHVILLE POLICE DEPT,20171109550,Davidson,Nashville,12/20/2017 7:30:00 AM,2,0,0,36.206760,-86.776450,I 65,,,,0.00,,,,,,,87.35,N,Not at Intersection,N,Non-Junction,None,,,         ,Joshua,Baker,Rain,Front to Rear,no,no,no,no,yes,False
101864233,METROPOLITAN NASHVILLE POLICE DEPT,20171109457,Davidson,Madison,12/20/2017 5:50:00 AM,2,0,0,36.264600,-86.731490,OLD HICKORY BLVD,,,,0.00,Feet,,OLD HICKORY BLVD,,SR31,,0.00,Y,Four-Way,N,Intersection,None,,,         ,Faye,Denson,Rain,Front to Rear,no,no,no,no,no,False
101864238,METROPOLITAN NASHVILLE POLICE DEPT,20171109645,Davidson,Nashville,12/20/2017 8:09:00 AM,2,0,0,36.153920,-86.757270,I 40,,,,0.00,,,,,,,211.15,N,Not at Intersection, ,Non-Junction,None,,,         ,Michael,Dance,Rain,Front to Rear,no,no,no,no,no,False
101864246,METROPOLITAN NASHVILLE POLICE DEPT,20171109588,Davidson,Nashville,12/20/2017 7:46:00 AM,1,0,0,36.242100,-86.750280,I65 S EXT RAMP,,,,0.00,,,I 65,,,,0.00,Y,OTHER,Y,Entrance/Exit Ramp Related,None,,,         ,Daniel,Wadham,Rain,Not Collision with Motor Vehicle in Transport,no,no,no,no,no,False
101864252,METROPOLITAN NASHVILLE POLICE DEPT,20171109568,Davidson,Nashville,12/20/2017 7:30:00 AM,3,0,0,36.086050,-86.699950,I 24,,,,0.00,,,,,,,55.75,N,Not at Intersection, ,Non-Junction,None,,,         ,Deandera,Payne,Rain,"Sideswipe, Same Direction",no,no,no,no,no,False
101864257,METROPOLITAN NASHVILLE POLICE DEPT,20171109513,Davidson,Nashville,12/20/2017 7:22:00 AM,2,0,0,36.155990,-86.800860,PATTERSON ST,,,,167.00,Feet,West,19TH AVN,,,,0.00,N,Not at Intersection, ,Non-Junction,None,,,         ,Phillip,Murphy,Rain,Angle,no,no,no,no,no,False
101864265,METROPOLITAN NASHVILLE POLICE DEPT,20171109461,Davidson,Nashville,12/20/2017 6:38:00 AM,3,1,0,36.175860,-86.766610,ELLINGTON PKWYS,,,,78.00,Feet,South,ELLINGTON PKWYN,,,,0.00,N,Not at Intersection,N,Entrance/Exit Ramp Related,None,,,         ,Richard,Conger,Rain,Front to Rear,no,no,no,no,no,False
101864266,METROPOLITAN NASHVILLE POLICE DEPT,20171109653,Davidson,Nashville,12/20/2017 8:13:00 AM,2,2,0,36.228660,-86.759400,DICKERSON PKE,,,,265.00,Feet,South,BROADMOOR DR,,,,0.00,N,Not at Intersection,N,Non-Junction,None,,,         ,Richard,Conger,Rain,Angle,no,no,no,no,no,False
101864276,METROPOLITAN NASHVILLE POLICE DEPT,2017-1109743,Davidson,Nashville,12/20/2017 8:25:00 AM,2,0,0,36.102610,-86.666360,TOWN PARK DR,,,,171.00,Feet,South,MURFREESBORO PKE,,,,0.00,N,Not at Intersection,N,OtherLocation,None,,,         ,William,Whitworth,Rain,"Sideswipe, Same Direction",no,no,no,yes,yes,False
101864277,METROPOLITAN NASHVILLE POLICE DEPT,20171109822,Davidson,Nashville,12/20/2017 9:22:00 AM,2,0,0,36.130210,-86.900240,CHARLOTTE PKE,,,,95.00,Feet,West,I40 W EXT RAMP,,,,0.00,N,Not at Intersection, ,Non-Junction,None,,,         ,Curtis,Rich,Cloudy,Other,no,no,no,no,yes,False
101864280,METROPOLITAN NASHVILLE POLICE DEPT,20171109707,Davidson,Nashville,12/20/2017 8:27:00 AM,2,0,0,36.116790,-86.799540,I 440,,,,0.00,,,,,,,3.30,N,Not at Intersection, ,Non-Junction,None,,,         ,Phillip,Murphy,Rain,Rear to Rear,no,no,no,no,no,False
101864302,METROPOLITAN NASHVILLE POLICE DEPT,20171109713,Davidson,Nashville,12/20/2017 8:34:00 AM,2,0,0,36.170830,-86.746800,SHELBY AV,,,,0.00,,,S 14TH ST,,,,0.00,Y,Four-Way, ,Intersection,None,,,         ,Alex,Moore,Cloudy,Angle,no,no,no,no,no,False
101864306,METROPOLITAN NASHVILLE POLICE DEPT,2017-1109789,Davidson,Nashville,12/20/2017 8:56:00 AM,2,0,0,36.081870,-86.701890,LINBAR DR,,,,0.00,,,WALLACE RD,,,,0.00,Y,T-Intersection,N,Non-Junction,None,,,         ,Stanley,Collins,Rain,Angle,no,no,no,no,no,False
101864314,METROPOLITAN NASHVILLE POLICE DEPT,20171110072,Davidson,Nashville,12/20/2017 10:26:00 AM,2,0,0,36.154140,-86.757780,I 40,,,,0.00,,,,,,,211.10,N,Not at Intersection, ,Entrance/Exit Ramp Related,None,,,         ,Michael,Brooks,Rain,Front to Rear,no,no,no,no,no,False
101864323,METROPOLITAN NASHVILLE POLICE DEPT,20171110084,Davidson,Not in City Limit,12/20/2017 10:00:00 AM,2,0,0,36.075470,-86.940400,HIGHWAY 70S,,,,0.00,,,BELLEVUE RD,,,,0.00,Y,Four-Way, ,Intersection,None,,,         ,Wesley,Tilley,Rain,Front to Rear,no,no,no,no,no,False
101864325,METROPOLITAN NASHVILLE POLICE DEPT,20171109787,Davidson,Nashville,12/20/2017 9:00:00 AM,2,0,0,36.111200,-86.724850,EAST THOMPSON LN,,,,861.00,Feet,East,EAST THOMPSON LN PVTDR,,,,0.00,N,Not at Intersection,N,Non-Junction,None,,,         ,Brandon,O'Guin,Rain,Angle,no,no,no,no,no,False
101864326,METROPOLITAN NASHVILLE POLICE DEPT,20171109967,Davidson,Nashville,12/20/2017 9:47:00 AM,2,0,0,36.087430,-86.692210,ANTIOCH PKE,,,,0.00,,,HARDING PL,,,,0.00,Y,Four-Way,Y,Intersection,None,,,         ,Zachary,Scott,Rain,Angle,no,no,no,no,yes,False
101864329,THP District 3 - Nashville,317074640,Davidson,Nashville,12/13/2017 6:18:00 PM,3,3,0,36.026130,-86.878930,HILLSBORO RD,,,,40.00,Feet,East,SUNNYSIDE DR,,,,0.00,N,Not at Intersection,N,Non-Junction,None,,,         ,Jason,Cannon,Clear,Front to Rear,no,no,no,no,no,False
101864341,METROPOLITAN NASHVILLE POLICE DEPT,20171110137,Davidson,Not in City Limit,12/20/2017 10:05:00 AM,1,0,0,36.103100,-86.932950,I 40,,,,0.00,,,,,,,198.40,N,Not at Intersection,N,Non-Junction,None,,,         ,Douglas,Atwood,Rain,Not Collision with Motor Vehicle in Transport,no,no,no,no,no,False
101864373,METROPOLITAN NASHVILLE POLICE DEPT,20171109919,Davidson,Nashville,12/20/2017 9:30:00 AM,1,1,0,36.159560,-86.774640,3RD AVS,,,,0.00,,,DEMONBREUN ST,,,,0.00,Y,Four-Way,N,Intersection,None,,,         ,Charles,Coe,Rain,Not Collision with Motor Vehicle in Transport,yes,no,no,no,yes,False
101864374,METROPOLITAN NASHVILLE POLICE DEPT,20171110048,Davidson,Not in City Limit,12/20/2017 10:07:00 AM,1,0,0,36.103100,-86.932950,I 40,,,,0.00,,,,,,,198.40,N,Not at Intersection, ,Non-Junction,None,,,         ,Douglas,Atwood,Rain,Not Collision with Motor Vehicle in Transport,no,no,no,no,no,False
101864378,METROPOLITAN NASHVILLE POLICE DEPT,2017-1109532,Davidson,Nashville,12/20/2017 7:28:00 AM,2,0,0,36.070870,-86.769940,I 65,,,,0.00,,,,,,,77.00,N,Not at Intersection,N,Non-Junction,None,,,         ,Erik,Wagner,Rain,Angle,no,no,no,no,yes,False
101864379,METROPOLITAN NASHVILLE POLICE DEPT,2017-1109974,Davidson,Nashville,12/20/2017 9:56:00 AM,2,0,0,36.149920,-86.798230,20TH AVS,,,,126.00,Feet,North,BROADWAY,,,,0.00,N,Not at Intersection, ,Non-Junction,None,,,         ,Erik,Wagner,Cloudy,Angle,no,no,no,no,no,Campus
101864383,METROPOLITAN NASHVILLE POLICE DEPT,20171109855,Davidson,Nashville,12/20/2017 9:21:00 AM,1,0,0,36.143950,-86.699530,I40 E ENT RAMP,,,,0.00,,,I 40,,,,0.00,Y,OTHER,N,Entrance/Exit Ramp Related,None,,,         ,James,Curtis,Cloudy,Not Collision with Motor Vehicle in Transport,no,no,no,no,no,False
101864384,METROPOLITAN NASHVILLE POLICE DEPT,20171110189,Davidson,Nashville,12/20/2017 11:14:00 AM,2,0,0,36.140220,-86.722410,I 40,,,,0.00,,,,,,,213.50,N,Not at Intersection, ,Non-Junction,None,,,         ,James,Curtis,Rain,Front to Rear,no,no,no,no,no,False
101864391,METROPOLITAN NASHVILLE POLICE DEPT,20171110031,Davidson,Not in City Limit,12/20/2017 10:22:00 AM,2,1,0,36.103630,-86.932480,I 40,,,,0.00,,,,,,,198.45,N,Not at Intersection,N,Non-Junction,None,,,         ,Curtis,Rich,Rain,"Sideswipe, Same Direction",no,no,no,no,no,False
101864392,METROPOLITAN NASHVILLE POLICE DEPT,20171109973,Davidson,Nashville,12/20/2017 9:57:00 AM,2,1,0,36.169170,-86.606610,I40 E EXT RAMP,,,,0.00,,,I 40,,,,0.00,Y,OTHER,N,Entrance/Exit Ramp Related,None,,,         ,William,Waters,Cloudy,"Sideswipe, Same Direction",no,no,no,no,no,False
101864393,METROPOLITAN NASHVILLE POLICE DEPT,20171110206,Davidson,Nashville,12/20/2017 11:19:00 AM,2,0,0,36.187950,-86.607770,ANDREW JACKSON PKWY,,,,0.00,,,OLD LEBANON DIRT RD,,,,0.00,Y,Four-Way,N,Intersection,None,,,         ,Michael,Dance,Rain,Front to Rear,no,no,no,no,no,False
101864394,METROPOLITAN NASHVILLE POLICE DEPT,20171110167,Davidson,Not in City Limit,12/20/2017 11:00:00 AM,2,0,0,36.097510,-86.936150,I 40,,,,0.00,,,,,,,198.00,N,Not at Intersection, ,Non-Junction,None,,,         ,George,Spencer,Rain,Front to Rear,no,no,no,no,no,False
101864397,METROPOLITAN NASHVILLE POLICE DEPT,20171109447,Davidson,Nashville,12/20/2017 6:29:00 AM,2,2,0,36.195120,-86.776160,I 65,,,,0.00,,,,,,,86.55,N,Not at Intersection,N,Non-Junction,None,,,         ,Michael,McCord,Rain,Angle,no,no,no,no,no,False