master_record_number,agency,agency_tracking_number,county,city,collision_date,vehicles_involved,number_injured,number_dead,latitude,longitude,roadway_name,roadway_suffix,roadway_number,roadway_local_id,distance_from_reference,miles-feet_indicator,direction_from_reference,intersection_road_name,intersection_road_name_suffix,intersection_road_number,intersection_local_id,mile_marker,intersection_indicator,intersect_type,interchange_related_indicator,relation_to_junction,work_zone_type,construction_maintenance_zone,construction_maintenance_zone_location,fatal_case_number,officer_first_name,officer_last_name,weather_condition(s),manner_of_crash,pedestrian,bicycle,scooter,parking,hitrun,mou
101864811,METROPOLITAN NASHVILLE POLICE DEPT,20171111351,Davidson,Nashville,12/20/2017 5:08:00 PM,2,0,0,36.046430,-86.713390,NOLENSVILLE PKE,,,,388.00,Feet,North,OLD HICKORY BLVD,,,,0.00,N,Not at Intersection, ,Non-Junction,None,,,         ,Ryan,Cagle,Cloudy,Front to Rear,no,no,no,no,no,False
101864814,GOODLETTSVILLE POLICE DEPT,17-44727,Davidson,Not in City Limit,12/20/2017 5:30:00 PM,2,0,0,36.309800,-86.687800,VIETNAM VETERANS,BLVD,SR386 E,,0.00,,,,,,,1.50,N,Not at Intersection, ,Non-Junction,None,,,         ,William,Hunter,Rain,Front to Rear,no,no,no,no,no,False
101864822,METROPOLITAN NASHVILLE POLICE DEPT,20171111054,Davidson,Nashville,12/20/2017 4:59:00 PM,1,1,0,36.093320,-86.736200,NOLENSVILLE PKE,,,,0.00,,,MCNALLY DR,,,,0.00,Y,T-Intersection,N,Intersection,None,,,         ,Patrick,Martin,Rain,Not Collision with Motor Vehicle in Transport,yes,no,no,no,no,False
101864824,METROPOLITAN NASHVILLE POLICE DEPT,20171111254,Davidson,Nashville,12/20/2017 5:44:00 PM,4,0,0,36.140730,-86.732280,I 40,,,,0.00,,,,,,,213.00,N,Not at Intersection, ,Non-Junction,None,,,         ,Jonathan,Cavezza,Rain,Front to Rear,no,no,no,no,no,False
101864827,METROPOLITAN NASHVILLE POLICE DEPT,20171110958,Davidson,Not in City Limit,12/20/2017 3:58:00 PM,1,1,0,36.284480,-86.863430,OLD HICKORY BLVD,,,,0.66,Miles,East,SIMPKINS RD,,,,0.00,N,Not at Intersection,N,Non-Junction,None,,,         ,Timothy,Morgan,Rain,Not Collision with Motor Vehicle in Transport,no,no,no,no,no,False
101864829,METROPOLITAN NASHVILLE POLICE DEPT,20171111394,Davidson,Nashville,12/20/2017 6:14:00 PM,2,0,0,36.154710,-86.773120,LEA AV,,,,0.00,,,4TH AVS,,,,0.00,Y,Four-Way, ,Intersection,None,,,         ,Jason,King,Cloudy,"Sideswipe, Same Direction",no,no,no,no,no,False
101864831,METROPOLITAN NASHVILLE POLICE DEPT,20171111117,Davidson,Nashville,12/20/2017 4:06:00 PM,2,0,0,36.081160,-86.683150,FRANKLIN LIMESTONE RD,,,,806.00,Feet,East,ANTIOCH PKE,,,,0.00,N,Not at Intersection,N,Non-Junction,None,,,         ,Marcus,Darden,Clear,Front to Rear,no,no,no,no,yes,False
101864832,METROPOLITAN NASHVILLE POLICE DEPT,20171111199,Davidson,Nashville,12/20/2017 5:21:00 PM,2,1,0,36.131600,-86.801470,21ST AVS,,,,62.00,Feet,South,BERNARD AV,,,,0.00,N,Not at Intersection,N,Non-Junction,None,,,         ,Nicholas,Carroll,Rain,Front to Rear,no,no,no,no,no,False
101864835,METROPOLITAN NASHVILLE POLICE DEPT,20171111177,Davidson,Nashville,12/20/2017 3:55:00 PM,4,1,0,36.119520,-86.773540,I 65,,,,0.00,,,,,,,80.40,N,Not at Intersection,N,Non-Junction,None,,,         ,Jon,Mcvey,Rain,Front to Rear,no,no,no,no,no,False
101864841,METROPOLITAN NASHVILLE POLICE DEPT,20171111404,Davidson,Goodlettsville,12/20/2017 6:42:00 PM,2,0,0,36.296910,-86.699160,GALLATIN PKEN,,,,0.00,,,RIVERGATE PKWY,,,,0.00,Y,Four-Way, ,Intersection,None,,,         ,Christopher,Littles,Cloudy,"Sideswipe, Same Direction",no,no,no,no,no,False
101864848,METROPOLITAN NASHVILLE POLICE DEPT,20171111458,Davidson,Nashville,12/20/2017 7:16:00 PM,2,0,0,36.115370,-86.917480,I 40,,,,0.00,,,,,,,199.60,N,Not at Intersection,N,Non-Junction,None,,,         ,Walter,Gray II,Cloudy,"Sideswipe, Same Direction",no,no,no,no,yes,False
101864849,METROPOLITAN NASHVILLE POLICE DEPT,20171111345,Davidson,Nashville,12/20/2017 6:38:00 PM,2,0,0,36.087430,-86.692210,ANTIOCH PKE,,,,0.00,Feet,,HARDING PL,,,,0.00,Y,Four-Way, ,Non-Junction,None,,,         ,Marcus,Darden,Clear,Front to Rear,no,no,no,no,no,False
101864858,METROPOLITAN NASHVILLE POLICE DEPT,20171111341,Davidson,Not in City Limit,12/20/2017 5:50:00 PM,2,0,0,36.293250,-86.741490,CAMPBELL RD,,,,0.00,Feet,,OLD DICKERSON PKE,,,,0.00,Y,Four-Way,N,OtherLocation,None,,,         ,Jerry,Pirtle,Cloudy,Angle,no,no,no,no,no,False
101864863,METROPOLITAN NASHVILLE POLICE DEPT,20171111435,Davidson,Not in City Limit,12/20/2017 7:05:00 PM,2,0,0,36.332850,-86.824600,UNION HILL RD,,,,0.00,,,CROCKER SPRINGS RD,,,,0.00,Y,T-Intersection,Y,Intersection,None,,,         ,Samuel,Miller,Clear,Angle,no,no,no,no,no,False
101864866,METROPOLITAN NASHVILLE POLICE DEPT,20171111333,Davidson,Nashville,12/20/2017 5:10:00 PM,1,0,0,36.158100,-86.799870,18TH AVN,,,,0.00,,,CHARLOTTE AV,,,,0.00,Y,Four-Way,N,Intersection-Related,None,,,         ,Eric,Burford,Rain,Not Collision with Motor Vehicle in Transport,no,no,no,no,no,False
101864868,METROPOLITAN NASHVILLE POLICE DEPT,2017-1111477,Davidson,Nashville,12/20/2017 7:10:00 PM,2,0,0,36.214610,-86.604660,LEBANON PKE,,,,0.00,,,SHUTE LN,,,,0.00,Y,T-Intersection, ,,None,,,         ,Sandra,Talavera,,,no,no,no,no,no,False
101864869,METROPOLITAN NASHVILLE POLICE DEPT,20171111507,Davidson,Nashville,12/20/2017 6:25:00 PM,2,0,0,36.163110,-86.761590,I 24,,,,0.00,,,,,,,49.25,N,Not at Intersection, ,Non-Junction,None,,,         ,Meghan,Pope,Clear,"Sideswipe, Same Direction",no,no,no,no,no,False
101864885,METROPOLITAN NASHVILLE POLICE DEPT,20171104642,Davidson,Nashville,12/18/2017 5:30:00 PM,2,0,0,36.137270,-86.699710,BRILEY PKWY,,,,0.00,Feet,,GLASTONBURY RD,,,,0.00,Y,T-Intersection,N,Intersection-Related,None,,,         ,Nathan,Dungan,Clear,Front to Rear,no,no,no,no,no,False
101864886,METROPOLITAN NASHVILLE POLICE DEPT,20171111679,Davidson,Nashville,12/20/2017 3:14:00 PM,2,0,0,36.144290,-86.695230,I 40,,,,0.00,,,,,,,215.00,N,Not at Intersection,N,Non-Junction,None,,,         ,Jonathan,Cavezza,Rain,Front to Rear,no,no,no,no,no,False
101864890,METROPOLITAN NASHVILLE POLICE DEPT,20171111532,Davidson,Nashville,12/20/2017 7:25:00 PM,2,0,0,36.077150,-86.734090,HARDING PL,,,,0.00,,,OVERCREST DR,,,,0.00,Y,T-Intersection, ,Intersection,None,,,         ,Ryan,Cagle,Clear,Angle,no,no,no,no,no,False
101864895,METROPOLITAN NASHVILLE POLICE DEPT,20171111622,Davidson,Nashville,12/20/2017 8:30:00 PM,1,2,0,36.149830,-86.762330,CHARLES E DAVIS BLVD,,,,363.00,Feet,North,LAFAYETTE ST,,,,0.00,N,Not at Intersection,N,OtherLocation,None,,,         ,Jaby,Djabbarov,Clear,Not Collision with Motor Vehicle in Transport,no,no,no,no,yes,False
101864940,METROPOLITAN NASHVILLE POLICE DEPT,20171111471,Davidson,Nashville,12/20/2017 7:07:00 PM,2,1,0,36.192910,-86.830000,CLARKSVILLE PKE,,,,350.00,Feet,West,CLIFF DR,,,,0.00,N,Not at Intersection,N,Non-Junction,None,,,         ,Raymond,Heymann,Cloudy,"Sideswipe, Same Direction",no,no,no,no,no,False
101864941,VANDERBILT UNIVERSITY POLICE,17-1111667,Davidson,Nashville,12/20/2017 12:00:00 AM,2,0,0,36.110280,-86.768100,POWELL AV,,,,0.00,,,,,,,0.00,,Not at Intersection,N,Non-Junction,None,,,         ,Cheryl,Bradley,Cloudy,Rear to Rear,no,no,no,yes,yes,False
101864943,METROPOLITAN NASHVILLE POLICE DEPT,20171110806,Davidson,Not in City Limit,12/20/2017 3:48:00 PM,2,1,0,36.264120,-86.725150,OLD HICKORY BLVDW,,,,0.00,,,BEVERLY DR,,,,0.00,Y,T-Intersection,Y,Intersection-Related,None,,,         ,Samuel,Miller,Rain,Angle,no,no,no,no,yes,False
101864962,METROPOLITAN NASHVILLE POLICE DEPT,20171111725,Davidson,Nashville,12/20/2017 9:06:00 PM,2,0,0,36.161090,-86.777020,BROADWAY,,,,350.00,Feet,West,3RD AVN,,,,0.00,N,Not at Intersection, ,Non-Junction,None,,,         ,John,Chambers,Cloudy,"Sideswipe, Same Direction",no,no,no,no,no,False
101864966,METROPOLITAN NASHVILLE POLICE DEPT,20171111702,Davidson,Nashville,12/20/2017 8:00:00 PM,2,0,0,36.169690,-86.766670,I 24,,,,0.00,,,,,,,48.70,N,Not at Intersection, ,Non-Junction,None,,,         ,Ryan,Howard,Cloudy,"Sideswipe, Same Direction",no,no,no,no,no,False
101864971,METROPOLITAN NASHVILLE POLICE DEPT,20171111780,Davidson,Nashville,12/20/2017 9:43:00 PM,2,0,0,36.037480,-86.785940,OLD HICKORY BLVD,,,,29.00,Feet,West,WILSON PIKE CIR,,,,0.00,N,Not at Intersection, ,,None,,,         ,Edin,Plancic,,,no,no,no,no,no,False
101864983,METROPOLITAN NASHVILLE POLICE DEPT,20171110686,Davidson,Not in City Limit,12/20/2017 3:07:00 PM,2,2,0,36.263810,-86.687120,STATE RT 45,,,,0.00,,,ARCHWOOD DR,,,,0.00,Y,Four-Way,Y,Intersection,None,,,         ,Samuel,Miller,Rain,Angle,no,no,no,no,no,False
101864984,METROPOLITAN NASHVILLE POLICE DEPT,20171111758,Davidson,Nashville,12/20/2017 8:40:00 PM,2,0,0,36.145320,-86.751910,MURFREESBORO PKE,,,,198.00,Feet,East,LESTER AV,,,,0.00,N,Not at Intersection,N,Non-Junction,None,,,         ,Noah,Melton,Cloudy,Angle,no,no,no,no,no,False
101864998,METROPOLITAN NASHVILLE POLICE DEPT,20171111740,Davidson,Nashville,12/20/2017 9:21:00 PM,2,1,0,36.135530,-86.775760,I 65,,,,0.00,,,,,,,81.45,N,Not at Intersection,N,Non-Junction,None,,,         ,Jon,Mcvey,Cloudy,"Sideswipe, Same Direction",no,no,no,no,no,False
101865009,Nashville Airport Police,17-04589,Davidson,Nashville,12/20/2017 12:00:00 AM,2,0,0,36.136680,-86.667020,TERMINAL DR,,,,250.00,Feet,North,I40 E EXT RAMP,,,,0.00,N,Not at Intersection, ,Non-Junction,None,,,         ,John,Herd,Cloudy,"Sideswipe, Same Direction",no,no,no,yes,no,False
101865032,METROPOLITAN NASHVILLE POLICE DEPT,20171111892,Davidson,Nashville,12/20/2017 10:53:00 PM,1,1,0,36.089100,-86.636710,NASHBORO BLVD,,,,97.00,Feet,West,FLINTLOCK CT,,,,0.00,N,Not at Intersection,N,Non-Junction,None,,,         ,David,Moser,Clear,Not Collision with Motor Vehicle in Transport,no,no,no,no,no,False
101865082,METROPOLITAN NASHVILLE POLICE DEPT,20171112184,Davidson,Not in City Limit,12/20/2017 11:50:00 PM,1,0,0,36.266910,-86.703600,DELAWARE AV,,,,103.00,Feet,South,CUMBERLAND AV,,,,0.00,N,Not at Intersection, ,Non-Junction,None,,,         ,Michael,Reid,Clear,Not Collision with Motor Vehicle in Transport,no,no,no,no,no,False
101865087,METROPOLITAN NASHVILLE POLICE DEPT,20171112317,Davidson,Nashville,12/21/2017 1:15:00 AM,2,0,0,36.044890,-86.663950,BELL RD,,,,718.00,Feet,West,CANE RIDGE RD,,,,0.00,N,Not at Intersection, ,Non-Junction,None,,,         ,Kevin,McGinniss,Cloudy,"Sideswipe, Same Direction",no,no,no,no,no,False
101865089,METROPOLITAN NASHVILLE POLICE DEPT,20171112099,Davidson,Nashville,12/20/2017 11:51:00 PM,2,0,0,36.248550,-86.728630,SAUNDERS AV,,,,17.00,Feet,South,DUE WEST AVW,,,,0.00,N,Not at Intersection,N,Non-Junction,None,,,         ,Craig,Amabile,Clear,"Sideswipe, Opposite Direction",no,no,no,no,yes,False
101865093,GOODLETTSVILLE POLICE DEPT,17-44740,Davidson,Goodlettsville,12/20/2017 7:30:00 PM,1,0,0,36.295100,-86.705170,GLEAVES ST,,,,226.00,Feet,North,ALTA LOMA RD,,,,0.00,N,Not at Intersection,N,Non-Junction,None,,,         ,Donald,Brinton,Cloudy,Not Collision with Motor Vehicle in Transport,no,no,no,no,yes,False
101865094,METROPOLITAN NASHVILLE POLICE DEPT,20171111889,Davidson,Not in City Limit,12/20/2017 10:55:00 PM,2,0,0,36.077140,-86.945590,HIGHWAY 70S,,,,0.00,,,,,,,0.00,,,N,Non-Junction,None,,,         ,Jackson,Smythe,Clear,"Sideswipe, Same Direction",no,no,no,yes,yes,False
101865098,METROPOLITAN NASHVILLE POLICE DEPT,20171112137,Davidson,Nashville,12/20/2017 12:00:00 AM,1,0,0,36.086790,-86.704330,PARAGON MILLS RD,,,,75.00,Feet,West,SUNLIGHT DR,,,,0.00,N,Not at Intersection,N,Non-Junction,None,,,         ,Zachary,Lang,Clear,Not Collision with Motor Vehicle in Transport,no,no,no,yes,yes,False
101865115,METROPOLITAN NASHVILLE POLICE DEPT,20171112582,Davidson,Not in City Limit,12/21/2017 1:30:00 AM,1,0,0,36.095610,-87.001290,HIGHWAY 70,,,,639.00,Feet,North,HARPETH RIV RIVERWALK GRNWY,,,,0.00,N,Not at Intersection,N,Non-Junction,None,,,         ,Aaron,Wigginton,Clear,Not Collision with Motor Vehicle in Transport,no,no,no,no,no,False
101865121,METROPOLITAN NASHVILLE POLICE DEPT,20171112609,Davidson,Nashville,12/21/2017 12:00:00 AM,1,0,0,36.088400,-86.716810,PARAGON MILLS RD,,,,99.00,Feet,East,BENITA DR,,,,0.00,N,Not at Intersection,N,Non-Junction,None,,,         ,Zachary,Lang,Clear,Not Collision with Motor Vehicle in Transport,no,no,no,no,yes,False
101865151,METROPOLITAN NASHVILLE POLICE DEPT,20171112650,Davidson,Not in City Limit,12/21/2017 12:00:00 AM,1,0,0,36.107580,-87.020320,OLD CHARLOTTE PKE,,,,1073.00,Feet,West,SEARS RD,,,,0.00,N,Not at Intersection,N,Non-Junction,None,,,         ,Conor,Cronin,Clear,Not Collision with Motor Vehicle in Transport,no,no,no,no,yes,False
101865159,METROPOLITAN NASHVILLE POLICE DEPT,20171112743,Davidson,Nashville,12/21/2017 4:45:00 AM,2,0,0,36.154090,-86.757650,I 40,,,,0.00,,,,,,,211.10,N,Not at Intersection, ,Non-Junction,None,,,         ,Joseph,Zambardi,Clear,"Sideswipe, Same Direction",no,no,no,no,no,False
101865165,Nashville Airport Police,17-4539,Davidson,Nashville,12/18/2017 12:39:00 AM,1,0,0,36.135900,-86.664150,LONG TERM B PARKING LOT,,,,0.50,Miles,East,DONELSON,PIKE,US255,,0.00,N,Not at Intersection,N,Non-Junction,None,,,         ,Brian,Robbins,Rain,Not Collision with Motor Vehicle in Transport,no,no,no,yes,no,False
101865183,METROPOLITAN NASHVILLE POLICE DEPT,20171112700,Davidson,Nashville,12/21/2017 4:20:00 AM,5,0,0,36.167230,-86.759700,S 6TH ST,,,,0.00,,,SYLVAN ST,,,,0.00,Y,Four-Way,N,Non-Junction,None,,,         ,Brady,Reynolds,Clear,Front to Rear,no,no,no,no,no,False
101865193,METROPOLITAN NASHVILLE POLICE DEPT,20171112944,Davidson,Nashville,12/21/2017 6:45:00 AM,2,0,0,36.143960,-86.722570,SPENCE LN,,,,0.00,,,ELM HILL PKE,,,,0.00,Y,Four-Way, ,,None,,,         ,James,Curtis,,,no,no,no,no,no,False
101865218,METROPOLITAN NASHVILLE POLICE DEPT,20171113021,Davidson,Nashville,12/21/2017 12:00:00 AM,2,0,0,36.086240,-86.613550,CASTLEGATE,DR,,,100.00,Feet,South,HOLDER,DR,,,0.00,N,Not at Intersection,N,Non-Junction,None,,,         ,Michael,Dance,Unknown,Unknown,no,no,no,no,yes,False
101865224,METROPOLITAN NASHVILLE POLICE DEPT,20171112997,Davidson,Nashville,12/21/2017 7:10:00 AM,2,1,0,36.208090,-86.767500,DICKERSON PKE,,,,61.00,Feet,South,GRIZZARD AV,,,,0.00,N,Not at Intersection,N,Non-Junction,None,,,         ,Steven,Spillers,Clear,Angle,no,no,no,no,no,False
101865230,METROPOLITAN NASHVILLE POLICE DEPT,20171113007,Davidson,Nashville,12/21/2017 7:05:00 AM,2,0,0,36.134280,-86.779090,WEDGEWOOD AV,,,,0.00,,,8TH AVS,,,,0.00,Y,Four-Way,N,Intersection,None,,,         ,Justin,Pinkelton,Cloudy,"Sideswipe, Same Direction",no,no,no,no,yes,False
101865250,METROPOLITAN NASHVILLE POLICE DEPT,20171113059,Davidson,Nashville,12/21/2017 7:30:00 AM,3,0,0,36.168520,-86.755380,S 8TH ST,,,,121.00,Feet,South,SYLVAN ST,,,,0.00,N,Not at Intersection, ,Non-Junction,None,,,         ,John,Hoesli,Cloudy,"Sideswipe, Same Direction",no,no,no,no,yes,False
101865253,METROPOLITAN NASHVILLE POLICE DEPT,20171113102,Davidson,Nashville,12/21/2017 7:40:00 AM,2,0,0,36.172640,-86.781880,2ND AVN,,,,0.00,,,STOCKYARD ST,,,,0.00,Y,Four-Way,N,Intersection,None,,,         ,Charles,Coe,Cloudy,Angle,no,no,no,no,no,False
101865259,METROPOLITAN NASHVILLE POLICE DEPT,20171113141,Davidson,Nashville,12/21/2017 12:00:00 AM,1,0,0,36.031930,-86.967920,PASQUO RD,,,,0.00,,,UNION BRIDGE RD,,,,0.00,Y,T-Intersection,N,Intersection,None,,,         ,Curtis,Rich,Unknown,Not Collision with Motor Vehicle in Transport,no,no,no,no,yes,False
101865265,METROPOLITAN NASHVILLE POLICE DEPT,20171113026,Davidson,Nashville,12/21/2017 12:00:00 AM,1,0,0,36.052950,-86.672210,I 24,,,,0.00,,,,,,,58.50,N,Not at Intersection,N,Non-Junction,None,,,         ,Sara,Lober,Unknown,Not Collision with Motor Vehicle in Transport,no,no,no,no,yes,False
101865269,METROPOLITAN NASHVILLE POLICE DEPT,20171113151,Davidson,Nashville,12/21/2017 8:00:00 AM,2,0,0,36.114050,-86.811990,WOODMONT BLVD,,,,95.00,Feet,East,VALLEY BROOK RD,,,,0.00,N,Not at Intersection, ,Non-Junction,None,,,         ,Paul,Junkmann,Cloudy,"Sideswipe, Same Direction",no,no,no,no,no,False
101865296,METROPOLITAN NASHVILLE POLICE DEPT,20171113157,Davidson,Nashville,12/21/2017 8:15:00 AM,2,0,0,36.214490,-86.730520,GALLATIN PKE,,,,0.00,,,STRATFORD AV,,,,0.00,Y,T-Intersection,N,Intersection,None,,,         ,Alex,Moore,Clear,Angle,no,no,no,no,no,False
101865301,METROPOLITAN NASHVILLE POLICE DEPT,2017-1110328,Davidson,Nashville,12/20/2017 12:17:00 PM,2,1,0,36.137470,-86.799660,WEDGEWOOD AV,,,,450.00,Feet,West,19TH AVS,,,,0.00,N,Not at Intersection,N,"Driveway, Alley Access, etc",None,,,         ,Allen,Bates,Rain,Angle,no,no,no,no,no,Campus
101865323,METROPOLITAN NASHVILLE POLICE DEPT,20171113195,Davidson,Antioch,12/21/2017 8:29:00 AM,1,1,0,36.029510,-86.603790,LOGISTICS WAY,,,,0.00,,,,,,,0.00,,,N,Non-Junction,None,,,         ,Steven,Williams,Cloudy,Not Collision with Motor Vehicle in Transport,yes,no,no,no,no,False
101865338,METROPOLITAN NASHVILLE POLICE DEPT,20171113318,Davidson,Not in City Limit,12/21/2017 9:19:00 AM,2,0,0,36.264010,-86.727190,E MARTHONA RD,,,,55.00,Feet,South,OLD HICKORY BLVDW,,,,0.00,N,Not at Intersection, ,Non-Junction,None,,,         ,DuJuan,Kendrick,Clear,Front to Rear,no,no,no,no,no,False
101865343,METROPOLITAN NASHVILLE POLICE DEPT,20171113463,Davidson,Nashville,12/21/2017 10:10:00 AM,2,0,0,36.125330,-86.847160,HARDING PKE,,,,192.00,Feet,East,WHITE BRIDGE PKE,,,,0.00,N,Not at Intersection, ,Non-Junction,None,,,         ,Curtis,Rich,Cloudy,Front to Rear,no,no,no,no,no,False
101865368,METROPOLITAN NASHVILLE POLICE DEPT,20171113460,Davidson,Hermitage,12/21/2017 8:31:00 AM,2,0,0,36.246610,-86.636270,DABBS AV,,,,75.00,Feet,North,32ND ST,,,,0.00,N,Not at Intersection, ,Non-Junction,None,,,         ,Russell,Jones,Cloudy,Rear to Side,no,no,no,yes,no,False
101865391,METROPOLITAN NASHVILLE POLICE DEPT,20171113546,Davidson,Antioch,12/21/2017 10:22:00 AM,1,0,0,36.052060,-86.604590,GROVEDALE TRC,,,,0.00,,,,,,,0.00,,,N,Non-Junction,None,,,         ,Steven,Williams,Cloudy,Not Collision with Motor Vehicle in Transport,no,no,no,no,yes,False
101865402,METROPOLITAN NASHVILLE POLICE DEPT,20171113589,Davidson,Nashville,12/21/2017 10:58:00 AM,2,0,0,36.171320,-86.803050,I 40,,,,0.00,,,,,,,207.70,N,Not at Intersection, ,Non-Junction,None,,,         ,Bradley,Fort,Cloudy,"Sideswipe, Same Direction",no,no,no,no,no,False
101865403,METROPOLITAN NASHVILLE POLICE DEPT,20171113300,Davidson,Nashville,12/21/2017 9:14:00 AM,2,2,0,36.141320,-86.667640,I 40,,,,0.00,,,,,,,218.00,N,Not at Intersection,N,Non-Junction,None,,,         ,James,Curtis,Cloudy,Front to Rear,no,no,no,no,no,False
101865415,METROPOLITAN NASHVILLE POLICE DEPT,20171113129,Davidson,Nashville,12/21/2017 8:04:00 AM,2,0,0,36.183650,-86.610660,ANDREW JACKSON PKWY,,,,0.00,,,OLD HICKORY BLVD,,,,0.00,Y,Four-Way, ,,None,,,         ,James,Curtis,,,no,no,no,no,no,False
101865422,METROPOLITAN NASHVILLE POLICE DEPT,20171113442,Davidson,Madison,12/21/2017 10:02:00 AM,2,0,0,36.268950,-86.754100,,,US31,,0.00,,,,,US31,,0.00,Y,Four-Way, ,,None,,,         ,Faye,Denson,,,no,no,no,no,no,False
101865425,METROPOLITAN NASHVILLE POLICE DEPT,20171113583,Davidson,Nashville,12/21/2017 10:55:00 AM,2,0,0,36.124610,-86.855580,HILLWOOD BLVD,,,,0.00,,,POST RD,,,,0.00,Y,Four-Way, ,Intersection,None,,,         ,Charles,Boles,Clear,Angle,no,no,no,no,no,False
101865428,METROPOLITAN NASHVILLE POLICE DEPT,20171113533,Davidson,Nashville,12/21/2017 10:30:00 AM,2,0,0,36.124980,-86.847640,HARDING PKE,,,,0.00,,,WHITE BRIDGE PKE,,,,0.00,Y,Four-Way, ,Intersection,None,,,         ,Christopher,Royer,Cloudy,Angle,no,no,no,no,no,False
101865439,Nashville Airport Police,17-04593,Davidson,Nashville,12/21/2017 7:25:00 AM,2,0,0,36.131610,-86.668690,TERMINAL DR,,,,1397.00,Feet,West,BNA DR,,,,0.00,N,Not at Intersection, ,Non-Junction,None,,,         ,John,Herd,Clear,Rear to Side,no,no,no,no,no,False
101865444,METROPOLITAN NASHVILLE POLICE DEPT,20171113699,Davidson,Nashville,12/21/2017 12:22:00 PM,2,0,0,36.096530,-86.873680,HIGHWAY 100,,,,235.00,Feet,South,W TYNE DR,,,,0.00,N,Not at Intersection, ,Non-Junction,None,,,         ,Curtis,Rich,Cloudy,Front to Rear,no,no,no,no,no,False
101865450,METROPOLITAN NASHVILLE POLICE DEPT,20171113729,Davidson,Nashville,12/21/2017 12:15:00 PM,2,0,0,36.214060,-86.779380,BRICK CHURCH PKE,,,,0.00,,,SOUTHERLAND DR,,,,0.00,Y,T-Intersection, ,Intersection,None,,,         ,Ronald,Bright,Cloudy,Angle,no,no,no,no,no,False
101865460,METROPOLITAN NASHVILLE POLICE DEPT,20171113735,Davidson,Nashville,12/21/2017 12:22:00 PM,1,0,0,36.239810,-86.773350,BRILEY PKWYW,,,,91.00,Feet,West,BRILEY PKWYE,,,,0.00,N,Not at Intersection,N,Non-Junction,None,,,         ,Brian,Otto,Cloudy,Not Collision with Motor Vehicle in Transport,no,no,no,no,no,False
101865462,METROPOLITAN NASHVILLE POLICE DEPT,2017-1113693,Davidson,Nashville,12/21/2017 11:31:00 AM,2,0,0,36.086480,-86.691480,ANTIOCH PKE,,,,408.00,Feet,North,PERIMETER HILL DR,,,,0.00,N,Not at Intersection,N,Non-Junction,None,,,         ,Stanley,Collins,Cloudy,Front to Rear,no,no,no,no,yes,False
101865471,METROPOLITAN NASHVILLE POLICE DEPT,20171113705,Davidson,Nashville,12/21/2017 12:00:00 PM,2,0,0,36.154030,-86.787570,I40 W EXT RAMP,,,,0.00,,,I 40,,,,0.00,Y,Y-Intersection, ,Non-Junction,None,,,         ,Nopel,Stella,Clear,"Sideswipe, Same Direction",no,no,no,no,yes,False
101865475,METROPOLITAN NASHVILLE POLICE DEPT,20171113770,Davidson,Nashville,12/21/2017 12:00:00 AM,2,0,0,36.165780,-86.835280,DR WALTER S DAVIS BLVD,,,,135.00,Feet,North,JOHN L DRIVER BLVD,,,,0.00,N,Not at Intersection, ,Non-Junction,None,,,         ,Melvin,Taylor,Clear,Angle,no,no,no,no,no,False
101865476,METROPOLITAN NASHVILLE POLICE DEPT,20171113711,Davidson,Not in City Limit,12/21/2017 12:09:00 PM,2,0,0,35.996810,-86.689810,NOLENSVILLE PKE,,,,31.00,Feet,East,CONCORD RD,,,,0.00,N,Not at Intersection, ,Non-Junction,None,,,         ,Gary,Sneed,Cloudy,Angle,no,no,no,no,no,False
101865483,METROPOLITAN NASHVILLE POLICE DEPT,20171113756,Davidson,Nashville,12/21/2017 12:27:00 PM,1,0,0,36.138740,-86.628460,BELL RD,,,,434.00,Feet,East,REELFOOT CIR,,,,0.00,N,Not at Intersection, ,Non-Junction,None,,,         ,Michael,Dance,Cloudy,Not Collision with Motor Vehicle in Transport,no,no,no,no,no,False
101865494,METROPOLITAN NASHVILLE POLICE DEPT,2017-1113694,Davidson,Nashville,12/21/2017 11:55:00 AM,2,0,0,36.195970,-86.767750,LUCILE ST,,,,179.00,Feet,West,MERIDIAN ST,,,,0.00,N,Not at Intersection,N,Non-Junction,None,,,         ,George,Patonis,Cloudy,Other,no,no,no,no,no,False
101865506,METROPOLITAN NASHVILLE POLICE DEPT,20171113737,Davidson,Not in City Limit,12/21/2017 12:20:00 PM,2,0,0,36.077450,-86.947140,HIGHWAY 70S,,,,0.00,,,BELLEVUE CTR PVTDR,,,,0.00,Y,OTHER,N,Non-Junction,None,,,         ,Wesley,Tilley,Cloudy,Angle,no,no,no,no,no,False
101865523,METROPOLITAN NASHVILLE POLICE DEPT,20171113754,Davidson,Nashville,12/21/2017 12:29:00 PM,2,0,0,36.157290,-86.762330,ANTHES DR,,,,565.00,Feet,West,I40 W ENT RAMP,,,,0.00,N,Not at Intersection, ,Non-Junction,None,,,         ,Deandera,Payne,Clear,Front to Rear,no,no,no,no,no,False
101865542,METROPOLITAN NASHVILLE POLICE DEPT,20171113619,Davidson,Nashville,12/21/2017 11:16:00 AM,4,2,0,36.077100,-86.737050,HARDING PL,,,,124.00,Feet,West,SHADESCREST DR,,,,0.00,N,Not at Intersection,N,Non-Junction,None,,,         ,Phillip,Murphy,Clear,Front to Rear,no,no,no,no,no,False