master_record_number,agency,agency_tracking_number,county,city,collision_date,vehicles_involved,number_injured,number_dead,latitude,longitude,roadway_name,roadway_suffix,roadway_number,roadway_local_id,distance_from_reference,miles-feet_indicator,direction_from_reference,intersection_road_name,intersection_road_name_suffix,intersection_road_number,intersection_local_id,mile_marker,intersection_indicator,intersect_type,interchange_related_indicator,relation_to_junction,work_zone_type,construction_maintenance_zone,construction_maintenance_zone_location,fatal_case_number,officer_first_name,officer_last_name,weather_condition(s),manner_of_crash,pedestrian,bicycle,scooter,parking,hitrun,mou
101867443,METROPOLITAN NASHVILLE POLICE DEPT,20171118747,Davidson,Nashville,12/22/2017 11:44:00 PM,1,0,0,36.230240,-86.812650,WHITES CREEK PKE,,,,2383.00,Feet,North,KNIGHT DR,,,,0.00,N,Not at Intersection,N,Non-Junction,None,,,         ,James,Murphy,Rain,Not Collision with Motor Vehicle in Transport,no,no,no,no,yes,False
101867448,METROPOLITAN NASHVILLE POLICE DEPT,20171118648,Davidson,Nashville,12/23/2017 12:30:00 AM,2,0,0,36.185490,-86.608170,ANDREW JACKSON WAY,,,,425.00,Feet,South,JACKSON PASS,,,,0.00,N,Not at Intersection,N,Non-Junction,None,,,         ,Leonard,Spadavecchia,Other,"Sideswipe, Same Direction",no,no,no,yes,no,False
101867457,METROPOLITAN NASHVILLE POLICE DEPT,20171119092,Davidson,Nashville,12/23/2017 12:00:00 AM,1,0,0,36.238030,-86.742920,ELLINGTON PKWYS,,,,323.00,Feet,South,I65 N ENT RAMP,,,,0.00,N,Not at Intersection,N,Entrance/Exit Ramp Related,None,,,         ,Amanda,Hane,Rain,Not Collision with Motor Vehicle in Transport,no,no,no,no,no,False
101867460,METROPOLITAN NASHVILLE POLICE DEPT,20171119219,Davidson,Nashville,12/23/2017 5:30:00 AM,2,0,0,36.201360,-86.764360,MARSHALL ST,,,,596.00,Feet,East,MERIDIAN ST,,,,0.00,N,Not at Intersection,N,Non-Junction,None,,,         ,Jessica,Johann,Rain,HeadOn,no,no,no,no,no,False
101867463,METROPOLITAN NASHVILLE POLICE DEPT,20171119281,Davidson,Nashville,12/23/2017 5:45:00 AM,1,0,0,36.050810,-86.668190,I 24,,,,0.00,,,,,,,58.80,N,Not at Intersection,N,Non-Junction,None,,,         ,Michael,Dudley,Rain,Not Collision with Motor Vehicle in Transport,no,no,no,no,no,False
101867464,METROPOLITAN NASHVILLE POLICE DEPT,20171119267,Davidson,Nashville,12/23/2017 6:30:00 AM,2,0,0,36.074830,-86.635010,BELL RD,,,,0.00,,,ANDERSON RD,,,,0.00,Y,T-Intersection,N,Intersection-Related,None,,,         ,Steven,Rowlett,Rain,Front to Rear,no,no,no,no,no,False
101867476,METROPOLITAN NASHVILLE POLICE DEPT,20171119254,Davidson,Nashville,12/23/2017 6:29:00 AM,2,0,0,36.036880,-86.645890,I 24,,,,0.00,,,,,,,60.35,N,Not at Intersection,N,Non-Junction,None,,,         ,Blake,Lutz,Rain,Angle,no,no,no,no,no,False
101867507,GOODLETTSVILLE POLICE DEPT,17-44909,Davidson,Goodlettsville,12/22/2017 1:02:00 PM,2,0,0,36.300620,-86.710990,I 65,,,,0.00,,,,,,,95.20,N,Not at Intersection, ,Non-Junction,None,,,         ,John,Spencer,Rain,Front to Rear,no,no,no,no,no,False
101867510,METROPOLITAN NASHVILLE POLICE DEPT,20171119285,Davidson,Nashville,12/23/2017 7:08:00 AM,1,1,0,36.061960,-86.681940,I 24,,,,0.00,,,,,,,57.65,N,Not at Intersection,N,Non-Junction,None,,,         ,Sharissa,Perez,Rain,Not Collision with Motor Vehicle in Transport,no,no,no,no,no,False
101867511,METROPOLITAN NASHVILLE POLICE DEPT,20171119340,Davidson,Nashville,12/23/2017 7:50:00 AM,1,0,0,36.077140,-86.641460,DOVER GLEN DR,,,,0.00,,,MURFREESBORO PKE,,,,0.00,Y,Four-Way,N,Intersection,None,,,         ,MIchael,Mihajlov,Rain,Not Collision with Motor Vehicle in Transport,no,no,no,no,no,False
101867531,METROPOLITAN NASHVILLE POLICE DEPT,2017-1119451,Davidson,Nashville,12/23/2017 9:10:00 AM,1,1,0,36.218320,-86.604410,SHUTE LN,,,,213.00,Feet,South,MEADOWGREEN DR,,,,0.00,N,Not at Intersection,N,Non-Junction,None,,,         ,Calvin,Graham,Rain,Not Collision with Motor Vehicle in Transport,no,no,no,no,no,False
101867537,METROPOLITAN NASHVILLE POLICE DEPT,20171119504,Davidson,Nashville,12/23/2017 9:40:00 AM,2,0,0,36.241660,-86.750600,I 65,,,,0.00,,,,,,,90.45,N,Not at Intersection,N,Non-Junction,None,,,         ,Steven,Folliard,Rain,"Sideswipe, Same Direction",no,no,no,no,yes,False
101867557,METROPOLITAN NASHVILLE POLICE DEPT,20171119480,Davidson,Nashville,12/23/2017 9:30:00 AM,1,0,0,36.126540,-86.870080,W HILLWOOD DR,,,,47.00,Feet,East,DUNHAM SPRINGS RD,,,,0.00,N,Not at Intersection, ,,None,,,         ,Eric,Cunningham,,,yes,no,no,no,no,False
101867563,METROPOLITAN NASHVILLE POLICE DEPT,20171119472,Davidson,Nashville,12/23/2017 8:54:00 AM,1,0,0,36.118440,-86.726270,I 24,,,,0.00,,,,,,,53.00,N,Not at Intersection,N,Non-Junction,None,,,         ,Deandera,Payne,Rain,Not Collision with Motor Vehicle in Transport,no,no,no,no,no,False
101867579,METROPOLITAN NASHVILLE POLICE DEPT,20171119514,Davidson,Antioch,12/23/2017 9:30:00 AM,2,0,0,36.052700,-86.591070,PIN OAK DR,,,,443.00,Feet,North,LAKEWALK DR,,,,0.00,N,Not at Intersection, ,Non-Junction,None,,,         ,Roderic,Williams,Rain,Angle,no,no,no,no,no,False
101867581,METROPOLITAN NASHVILLE POLICE DEPT,2017-1119559,Davidson,Madison,12/23/2017 10:00:00 AM,2,0,0,36.264130,-86.726520,OLD HICKORY BLVDW,,,,14.00,Feet,East,RONNIE RD,,,,0.00,N,Not at Intersection, ,,None,,,         ,Terrence,Bradley,,,no,no,no,no,no,False
101867584,GOODLETTSVILLE POLICE DEPT,17-44918,Davidson,Goodlettsville,12/22/2017 1:39:00 PM,2,0,0,36.299000,-86.712450,I 65,,,,0.00,,,,,,,95.10,N,Not at Intersection,N,Non-Junction,None,,,         ,John,Spencer,Rain,Front to Rear,no,no,no,no,no,False
101867586,METROPOLITAN NASHVILLE POLICE DEPT,20171119613,Davidson,Nashville,12/23/2017 11:06:00 AM,2,0,0,36.099620,-86.739340,MCCALL ST,,,,29.00,Feet,East,NOLENSVILLE PKE,,,,0.00,N,Not at Intersection, ,Non-Junction,None,,,         ,Darren,White,Cloudy,Angle,no,no,no,no,no,False
101867594,METROPOLITAN NASHVILLE POLICE DEPT,20171119560,Davidson,Nashville,12/23/2017 10:15:00 AM,2,0,0,36.197790,-86.687810,BRILEY PKWY N EXT RAMP,,,,0.00,,,OPRY MILLS DR,,,,0.00,Y,OTHER, ,Entrance/Exit Ramp Related,None,,,         ,Ralph,Harvey,Rain,Front to Rear,no,no,no,no,no,False
101867614,METROPOLITAN NASHVILLE POLICE DEPT,20171119612,Davidson,Nashville,12/23/2017 11:30:00 AM,3,0,0,36.150070,-86.858310,CHARLOTTE PKE,,,,108.00,Feet,West,WHITE BRIDGE PKE,,,,0.00,N,Not at Intersection, ,OtherLocation,None,,,         ,Brian,Myatt,Cloudy,"Sideswipe, Same Direction",no,no,no,no,no,False
101867630,METROPOLITAN NASHVILLE POLICE DEPT,20171119694,Davidson,Nashville,12/23/2017 12:08:00 PM,2,1,0,36.210420,-86.699520,OPRY MILLS DR,,,,487.00,Feet,South,OPRYLAND DR,,,,0.00,N,Not at Intersection, ,OtherLocation,None,,,         ,FELIKS,ABRAHAMYAN,Cloudy,"Sideswipe, Same Direction",no,no,no,yes,no,False
101867662,METROPOLITAN NASHVILLE POLICE DEPT,20171119800,Davidson,Not in City Limit,12/23/2017 1:15:00 PM,2,0,0,36.154730,-86.951370,RIVER ROAD PKE,,,,377.00,Feet,North,RIVER ROAD PKE PVTDR,,,,0.00,N,Not at Intersection,N,Non-Junction,None,,,         ,Wesley,Tilley,Cloudy,Angle,no,no,no,no,no,False
101867667,METROPOLITAN NASHVILLE POLICE DEPT,20171119741,Davidson,Nashville,12/23/2017 12:35:00 PM,1,1,0,36.111530,-86.711610,BRILEY PKWYS,,,,311.00,Feet,East,BRILEY PKWYN,,,,0.00,N,Not at Intersection,N,Non-Junction,None,,,         ,Lee,Davis,Cloudy,Not Collision with Motor Vehicle in Transport,no,no,no,no,no,False
101867668,VANDERBILT UNIVERSITY POLICE,17-1114012,Davidson,Nashville,12/21/2017 1:50:00 PM,2,0,0,36.145210,-86.806070,VANDERBILT PL,,,,254.00,Feet,East,25TH AVS,,,,0.00,N,Not at Intersection, ,Non-Junction,None,,,         ,Anthony,Jones,Cloudy,"Sideswipe, Same Direction",no,no,no,no,no,Campus
101867671,METROPOLITAN NASHVILLE POLICE DEPT,20171119811,Davidson,Nashville,12/23/2017 1:15:00 PM,2,0,0,36.120740,-86.704220,GLENGARRY DR,,,,186.00,Feet,West,MURFREESBORO PKE,,,,0.00,N,Not at Intersection,N,"Driveway, Alley Access, etc",None,,,         ,Terry,Denton,Clear,Rear to Rear,no,no,no,yes,yes,False
101867674,METROPOLITAN NASHVILLE POLICE DEPT,20171119699,Davidson,Nashville,12/23/2017 12:11:00 PM,2,1,0,36.067570,-86.682450,ANTIOCH PKE,,,,634.00,Feet,South,MILL CREEK BLUE HOLE GRNWY,,,,0.00,N,Not at Intersection,N,Non-Junction,None,,,         ,Roderic,Williams,Cloudy,"Sideswipe, Same Direction",no,no,no,no,no,False
101867712,GOODLETTSVILLE POLICE DEPT,17-45014,Davidson,Goodlettsville,12/23/2017 10:44:00 AM,2,0,0,36.306770,-86.694840,VIETNAM VETERANS BLVD NB EXT R,,,,141.00,Feet,West,CONFERENCE DR,,,,0.00,N,Not at Intersection, ,Entrance/Exit Ramp Related,None,,,         ,John,Spencer,Rain,Front to Rear,no,no,no,no,no,False
101867738,METROPOLITAN NASHVILLE POLICE DEPT,20171119916,Davidson,Nashville,12/23/2017 2:57:00 PM,2,2,0,36.156010,-86.788850,BROADWAY,,,,0.00,,,13TH AVS,,,,0.00,Y,Four-Way,Y,Intersection,None,,,         ,Derek,Betty,Clear,Front to Rear,no,no,no,no,no,False
101867749,METROPOLITAN NASHVILLE POLICE DEPT,20171119854,Davidson,Not in City Limit,12/23/2017 1:57:00 PM,2,0,0,36.283010,-86.707140,GALLATIN PKEN,,,,146.00,Feet,South,EDGEMEADE BLVD,,,,0.00,N,Not at Intersection,N,Non-Junction,None,,,         ,Cecilia,Gomez,Cloudy,Angle,no,no,no,no,yes,False
101867752,METROPOLITAN NASHVILLE POLICE DEPT,20171119913,Davidson,Nashville,12/23/2017 2:55:00 PM,2,0,0,36.130580,-86.637640,TIMBER VALLEY DR,,,,88.00,Feet,North,HAMMACK CT,,,,0.00,N,Not at Intersection,N,Non-Junction,None,,,         ,Patrick,Taylor,Clear,Not Collision with Motor Vehicle in Transport,no,no,no,no,no,False
101867754,METROPOLITAN NASHVILLE POLICE DEPT,20171119961,Davidson,Nashville,12/23/2017 3:23:00 PM,1,0,0,36.059590,-86.670490,UNA ANTIOCH PKE,,,,15.00,Feet,West,PAYNE RDS,,,,0.00,N,Not at Intersection,N,Non-Junction,None,,,         ,Kevin,Clausius,Cloudy,Not Collision with Motor Vehicle in Transport,no,no,no,no,yes,False
101867757,METROPOLITAN NASHVILLE POLICE DEPT,20171120016,Davidson,Nashville,12/23/2017 3:28:00 PM,2,0,0,36.065110,-86.738610,EDMONDSON PKE,,,,108.00,Feet,North,CANDLESTICK DR,,,,0.00,N,Not at Intersection, ,Non-Junction,None,,,         ,Edin,Plancic,Cloudy,Front to Rear,no,no,no,no,no,False
101867762,METROPOLITAN NASHVILLE POLICE DEPT,20171119956,Davidson,Not in City Limit,12/23/2017 3:16:00 PM,2,0,0,36.308930,-86.680240,GALLATIN PKEN,,,,399.00,Feet,East,RIVERCHASE BLVD,,,,0.00,N,Not at Intersection,N,Non-Junction,None,,,         ,Christopher,Littles,Cloudy,Angle,no,no,no,no,no,False
101867764,BRENTWOOD POLICE DEPT,BPD-17-01269,Davidson,Nashville,12/23/2017 2:52:00 PM,2,0,0,36.025500,-86.800710,MEADOW LAKE RD,,,,0.00,,,CORNWALL DR,,,,0.00,Y,Four-Way, ,Intersection,None,,,         ,Scott,Willey,Clear,Angle,no,no,no,no,no,False
101867767,GOODLETTSVILLE POLICE DEPT,17-45034,Davidson,Goodlettsville,12/23/2017 2:48:00 PM,2,0,0,36.339370,-86.719550,OLD SPRINGFIELD PKE,,,,0.00,,,HITT LN,,,,0.00,Y,T-Intersection, ,Intersection,None,,,         ,John,Spencer,Rain,Front to Rear,no,no,no,no,no,False
101867768,METROPOLITAN NASHVILLE POLICE DEPT,20171119955,Davidson,Not in City Limit,12/23/2017 1:24:00 PM,1,0,0,36.095420,-86.529430,COUCHVILLE PKE,,,,196.00,Feet,East,S MOUNT JULIET RD,,,,0.00,N,Not at Intersection,N,Non-Junction,None,,,         ,Luis,De Los Santos,Cloudy,Not Collision with Motor Vehicle in Transport,no,no,no,no,no,False
101867778,METROPOLITAN NASHVILLE POLICE DEPT,2017-1119994,Davidson,Nashville,12/23/2017 1:53:00 PM,2,0,0,36.172930,-86.600940,CENTRAL PKE,,,,0.00,,,BURNING TREE DR,,,,0.00,Y,T-Intersection, ,Intersection-Related,None,,,         ,Sandra,Talavera,Cloudy,Angle,no,no,no,no,no,False
101867792,METROPOLITAN NASHVILLE POLICE DEPT,20171119967,Davidson,Nashville,12/23/2017 3:25:00 PM,2,0,0,36.130790,-86.716360,MURFREESBORO PKE,,,,209.00,Feet,East,FOOTHILL DR,,,,0.00,N,Not at Intersection, ,Non-Junction,None,,,         ,Je-Marc,Sears,Cloudy,Angle,no,no,no,no,no,False
101867798,METROPOLITAN NASHVILLE POLICE DEPT,20171120078,Davidson,Nashville,12/23/2017 4:31:00 PM,2,0,0,36.216710,-86.624320,GRANWOOD BLVD,,,,239.00,Feet,West,OLD HICKORY BLVD,,,,0.00,N,Not at Intersection,N,Non-Junction,None,,,         ,Jonathon,Sheppard,Clear,"Sideswipe, Opposite Direction",no,no,no,no,no,False
101867803,METROPOLITAN NASHVILLE POLICE DEPT,20171120037,Davidson,Nashville,12/23/2017 4:00:00 PM,2,0,0,36.169340,-86.815600,SCOVEL ST,,,,418.00,Feet,East,26TH AVN,,,,0.00,N,Not at Intersection, ,Non-Junction,None,,,         ,Roy,Sain Jr.,Clear,"Sideswipe, Opposite Direction",no,no,no,no,no,False
101867804,METROPOLITAN NASHVILLE POLICE DEPT,20171120089,Davidson,Nashville,12/23/2017 4:37:00 PM,2,0,0,36.183520,-86.610390,OLD HICKORY BLVD,,,,91.00,Feet,East,ANDREW JACKSON PKWY,,,,0.00,N,Not at Intersection, ,Non-Junction,None,,,         ,Brenna,Hosey,Clear,Front to Rear,no,no,no,no,no,False
101867816,METROPOLITAN NASHVILLE POLICE DEPT,20171120217,Davidson,Goodlettsville,12/23/2017 5:37:00 PM,3,0,0,36.304790,-86.688860,GALLATIN PKEN,,,,100.00,Feet,East,LIBERTY LN,,,,0.00,N,Not at Intersection, ,Non-Junction,None,,,         ,Christopher,Littles,Cloudy,Front to Rear,no,no,no,no,no,False
101867817,METROPOLITAN NASHVILLE POLICE DEPT,20171120158,Davidson,Nashville,12/23/2017 5:02:00 PM,2,0,0,36.195690,-86.619310,OLD HICKORY BLVD,,,,0.00,,,OLD HICKORY BLVD PVTDR,,,,0.00,Y,Four-Way, ,Intersection-Related,None,,,         ,Adam,Nicholson,Clear,Angle,no,no,no,no,no,False
101867837,METROPOLITAN NASHVILLE POLICE DEPT,20171120278,Davidson,Nashville,12/23/2017 6:05:00 PM,2,0,0,36.233560,-86.725130,JOYCE LN,,,,92.00,Feet,West,GALLATIN PKE,,,,0.00,N,Not at Intersection,N,Non-Junction,None,,,         ,Benjamin,Williams,Clear,Angle,no,no,no,yes,yes,False
101867838,METROPOLITAN NASHVILLE POLICE DEPT,20171120277,Davidson,Not in City Limit,12/23/2017 6:08:00 PM,2,1,0,36.269260,-86.755740,OLD HICKORY BLVDW,,,,0.00,Feet,,DICKERSON PKE,,,,0.00,Y,Four-Way,Y,Intersection,None,,,         ,Joanna,D'Agostino,Clear,HeadOn,no,no,no,no,no,False
101867843,METROPOLITAN NASHVILLE POLICE DEPT,20171120287,Davidson,Nashville,12/23/2017 6:10:00 PM,2,0,0,36.204120,-86.759340,EDWIN ST,,,,377.00,Feet,North,JONES AV,,,,0.00,N,Not at Intersection, ,"Driveway, Alley Access, etc",None,,,         ,Meghan,Pope,Clear,Rear to Side,no,no,no,yes,no,False
101867846,METROPOLITAN NASHVILLE POLICE DEPT,2017-1120253,Davidson,Nashville,12/23/2017 5:56:00 PM,2,1,0,36.124980,-86.847640,HARDING PKE,,,,0.00,,,WHITE BRIDGE PKE,,,,0.00,Y,Four-Way,N,Intersection,None,,,         ,Ryan,Allen,Clear,Angle,no,no,no,no,no,False
101867849,METROPOLITAN NASHVILLE POLICE DEPT,20171120264,Davidson,Nashville,12/23/2017 5:37:00 PM,2,0,0,36.124530,-86.751930,NOLENSVILLE PKE,,,,196.00,Feet,South,ROSEDALE AV,,,,0.00,N,Not at Intersection,N,Non-Junction,None,,,         ,Patrick,Martin,Cloudy,Front to Rear,no,no,no,no,yes,False
101867864,METROPOLITAN NASHVILLE POLICE DEPT,20171120292,Davidson,Nashville,12/23/2017 6:17:00 PM,2,1,0,36.203550,-86.738530,GALLATIN PKE,,,,0.00,,,E TRINITY LN,,,,0.00,Y,T-Intersection,N,Non-Junction,None,,,         ,Amanda,Fox,Clear,"Sideswipe, Same Direction",no,no,no,no,no,False
101867865,METROPOLITAN NASHVILLE POLICE DEPT,20171120369,Davidson,Nashville,12/23/2017 6:51:00 PM,2,0,0,36.166960,-86.763700,S 4TH ST,,,,21.00,Feet,South,SHELBY AV,,,,0.00,N,Not at Intersection, ,Non-Junction,None,,,         ,Michael,Moss,Clear,"Sideswipe, Same Direction",no,no,no,no,no,False
101867867,METROPOLITAN NASHVILLE POLICE DEPT,20171120199,Davidson,Not in City Limit,12/23/2017 5:25:00 PM,2,0,0,36.264350,-86.732760,OLD HICKORY BLVDW,,,,150.00,Feet,West,N GRAYCROFT AV,,,,0.00,N,Not at Intersection,N,Non-Junction,None,,,         ,Christopher,Littles,Cloudy,Front to Rear,no,no,no,no,no,False
101867878,METROPOLITAN NASHVILLE POLICE DEPT,20171120469,Davidson,Nashville,12/23/2017 7:50:00 PM,2,0,0,36.217140,-86.697610,MCGAVOCK PKE,,,,319.00,Feet,East,AUTOMATED COLLECTION SERVICES,,,,0.00,N,Not at Intersection, ,Non-Junction,None,,,         ,Craig,Gentry,Clear,"Sideswipe, Same Direction",no,no,no,no,no,False
101867882,METROPOLITAN NASHVILLE POLICE DEPT,20171120530,Davidson,Nashville,12/23/2017 8:00:00 PM,2,0,0,36.164630,-86.819660,I40 W EXT RAMP,,,,0.00,,,I 40,,,,0.00,Y,T-Intersection,N,Entrance/Exit Ramp Related,None,,,         ,Seth,Vaughn,Clear,Front to Rear,no,no,no,no,yes,False
101867932,METROPOLITAN NASHVILLE POLICE DEPT,2017-1120417,Davidson,Nashville,12/23/2017 7:08:00 PM,2,0,0,36.154870,-86.586530,JOHN HAGAR RD,,,,0.00,,,S NEW HOPE RD,,,,0.00,Y,Four-Way,N,Intersection-Related,None,,,         ,Sandra,Talavera,Cloudy,Front to Rear,no,no,no,no,no,False
101867943,METROPOLITAN NASHVILLE POLICE DEPT,20171120715,Davidson,Nashville,12/23/2017 9:26:00 PM,2,0,0,36.044870,-86.713200,NOLENSVILLE PKE,,,,183.00,Feet,South,OLD HICKORY BLVD,,,,0.00,N,Not at Intersection, ,,None,,,         ,Trenton,Searcy,,,no,no,no,no,no,False
101867964,METROPOLITAN NASHVILLE POLICE DEPT,20171120654,Davidson,Nashville,12/23/2017 9:12:00 PM,2,1,0,36.169360,-86.679890,LEBANON PKE,,,,0.00,Feet,,MCGAVOCK PKE,,,,0.00,Y,Four-Way,Y,Intersection,None,,,         ,Craig,Gentry,Clear,HeadOn,no,no,no,no,no,False
101868021,METROPOLITAN NASHVILLE POLICE DEPT,20171120815,Davidson,Nashville,12/23/2017 10:38:00 PM,2,2,0,36.145950,-86.666600,ROYAL PKWY,,,,0.00,Feet,,DONELSON PKE,,,,0.00,Y,Four-Way,Y,Intersection-Related,None,,,         ,Samuel,Sundra,Clear,Front to Rear,no,no,no,no,yes,False
101868023,METROPOLITAN NASHVILLE POLICE DEPT,20171120931,Davidson,Nashville,12/23/2017 11:21:00 PM,2,0,0,36.179650,-86.800700,I 65,,,,0.00,,,,,,,85.00,N,Not at Intersection, ,Non-Junction,None,,,         ,Myriah,Iles,Clear,Front to Rear,no,no,no,no,no,False
101868033,METROPOLITAN NASHVILLE POLICE DEPT,20171120949,Davidson,Not in City Limit,12/23/2017 6:27:00 PM,2,0,0,36.281260,-86.876200,CLARKSVILLE PKE,,,,904.00,Feet,South,OLD HICKORY BLVD,,,,0.00,N,Not at Intersection,N,Non-Junction,None,,,         ,John,Deiterick,Clear,Front to Rear,no,no,no,no,yes,False
101868040,METROPOLITAN NASHVILLE POLICE DEPT,20171121084,Davidson,Nashville,12/23/2017 11:04:00 PM,2,0,0,36.167970,-86.818120,JEFFERSON ST,,,,163.00,Feet,East,27TH AVN,,,,0.00,N,Not at Intersection,N,Non-Junction,None,,,         ,Myriah,Iles,Clear,Angle,no,no,no,no,no,False
101868048,METROPOLITAN NASHVILLE POLICE DEPT,20171120977,Davidson,Nashville,12/23/2017 11:41:00 PM,2,3,0,36.146360,-86.742300,I 40,,,,0.00,,,,,,,212.15,N,Not at Intersection,N,Non-Junction,None,,,         ,Wallis,Massey,Clear,"Sideswipe, Same Direction",no,no,no,no,yes,False
101868103,METROPOLITAN NASHVILLE POLICE DEPT,20171121394,Davidson,Nashville,12/22/2017 12:00:00 AM,2,0,0,36.064100,-86.697170,KEELEY DR,,,,451.00,Feet,North,PACKARD DR,,,,0.00,N,Not at Intersection, ,Non-Junction,None,,,         ,Daniel,Garrett,Clear,"Sideswipe, Opposite Direction",no,no,no,no,yes,False
101868110,METROPOLITAN NASHVILLE POLICE DEPT,20171120935,Davidson,Nashville,12/23/2017 7:58:00 PM,2,0,0,36.143980,-86.776880,I 65,,,,0.00,,,,,,,82.10,N,Not at Intersection,N,Non-Junction,None,,,         ,Jamel,Griffin,Cloudy,"Sideswipe, Same Direction",no,no,no,no,yes,False
101868132,METROPOLITAN NASHVILLE POLICE DEPT,20171120956,Davidson,Nashville,12/23/2017 11:38:00 PM,2,0,0,36.154700,-86.779790,8TH AVS,,,,187.00,Feet,West,LAFAYETTE ST,,,,0.00,N,Not at Intersection, ,Non-Junction,None,,,         ,Hunter,Fikes,Clear,Angle,no,no,no,no,no,False
101868412,METROPOLITAN NASHVILLE POLICE DEPT,20171122189,Davidson,Nashville,12/23/2017 12:00:00 AM,2,0,0,36.146060,-86.781290,SOUTHSIDE PL,,,,264.00,Feet,West,9TH AVS,,,,0.00,N,Not at Intersection,N,Non-Junction,None,,,         ,Michael,Quinn,Unknown,Unknown,no,no,no,no,yes,False
101869897,METROPOLITAN NASHVILLE POLICE DEPT,20171102145,Davidson,Nashville,12/17/2017 10:41:00 PM,1,1,0,36.082780,-86.698110,I 24,,,,0.00,,,,,,,56.00,N,Not at Intersection,N,Non-Junction,None,,,         ,Donald,Davidson,Cloudy,Not Collision with Motor Vehicle in Transport,no,no,no,no,no,False
101869952,METROPOLITAN NASHVILLE POLICE DEPT,20171128053,Davidson,Nashville,12/19/2017 8:35:00 PM,1,1,0,36.080740,-86.723640,HARDING MALL DR,,,,94.00,Feet,East,HARDING MALL PVTDR,,,,0.00,N,Not at Intersection,N,Non-Junction,None,,,         ,David,Smith,Unknown,Not Collision with Motor Vehicle in Transport,no,yes,no,yes,yes,False
101870064,METROPOLITAN NASHVILLE POLICE DEPT,20171102511,Davidson,Nashville,12/18/2017 1:55:00 AM,1,1,1,36.148640,-86.775540,I 40,,,,0.00,,,,,,,210.10,N,Not at Intersection,N,Non-Junction,None,,,17-0923  ,Donald,Davidson,Cloudy,Not Collision with Motor Vehicle in Transport,yes,no,no,no,no,False
101870503,THP District 3 - Nashville,317076191,Davidson,Nashville,12/21/2017 8:53:00 PM,2,0,0,36.164840,-86.614350,I 40,,,,0.00,,,,,,,220.00,N,Not at Intersection, ,Non-Junction,None,,,         ,Aaron,Rumford,Clear,Front to Rear,no,no,no,no,no,False
101870635,Nashville Airport Police,17-04573,Davidson,Nashville,12/19/2017 11:03:00 PM,2,0,0,36.129140,-86.665380,TERMINAL DR,,,,0.00,,,TERMINAL DR,,,,0.00,Y,T-Intersection, ,Intersection-Related,Construction Zone,,,         ,Joyce,Page,Rain,Angle,no,no,no,no,no,False
101870809,THP District 3 - Nashville,317075815,Davidson,Nashville,12/19/2017 6:10:00 PM,2,0,0,36.070880,-86.769700,I 65,,,,0.00,,,,,,,77.00,N,Not at Intersection, ,Non-Junction,None,,,         ,Tonya,Hunt,Rain,"Sideswipe, Same Direction",no,no,no,no,no,False
101871662,GOODLETTSVILLE POLICE DEPT,17-45053,Davidson,Goodlettsville,12/23/2017 7:15:00 PM,2,1,0,36.309530,-86.695690,VIETNAM VETERANS BLVD SB EXT R,,,,22.00,Feet,North,CONFERENCE DR,,,,0.00,N,Not at Intersection,N,Entrance/Exit Ramp Related,None,,,         ,Wesley,Kinnaird,Clear,Front to Rear,no,no,no,no,no,False
101873121,THP District 3 - Nashville,317076411,Davidson,Nashville,12/23/2017 6:05:00 AM,1,2,0,36.169830,-86.591390,I 40,,,,0.00,,,,,,,221.40,N,Not at Intersection,N,Non-Junction,None,,,         ,Joseph,Agee,Rain,Not Collision with Motor Vehicle in Transport,no,no,no,no,no,False
101873590,THP District 9 - Administrative,317075771,Davidson,Nashville,12/19/2017 1:20:00 PM,1,1,0,36.231160,-86.828280,BRILEY PKWYW,,,,1047.00,Feet,West,BUENA VISTA PKE,,,,0.00,N,Not at Intersection,N,Non-Junction,None,,,         ,Maureen,Velez,Rain,Not Collision with Motor Vehicle in Transport,no,no,no,no,no,False
101878086,METROPOLITAN NASHVILLE POLICE DEPT,20171114901,Davidson,Nashville,12/21/2017 8:17:00 PM,2,0,1,36.185630,-86.635610,LEBANON PKE,,,,288.00,Feet,East,STONES RIVER GRNWY,,,,0.00,N,Not at Intersection,N,Non-Junction,None,,,17-0934  ,Christopher,Augustin,Clear,Not Collision with Motor Vehicle in Transport,yes,no,no,no,no,False
101878322,METROPOLITAN NASHVILLE POLICE DEPT,20171084458,Davidson,Nashville,12/12/2017 7:20:00 AM,2,0,1,36.174510,-86.602510,OLD HICKORY BLVD,,,,0.00,,,BURNING TREE DR,,,,0.00,Y,OTHER,N,Intersection,None,,,17-0910  ,Donald,Davidson,Cloudy,Angle,no,no,no,no,no,False
101879260,WILLIAMSON CO SHERIFFS OFFICE,1725644,Davidson,Nashville,12/6/2017 5:15:00 AM,2,0,0,36.043900,-86.899600,STONEBRIDGE PARK DR,,,,200.00,Feet,North,GRAFTON DR,,,,0.00,N,Not at Intersection,Y,Non-Junction,None,,,         ,Robert,Givens,Clear,Front to Rear,no,no,no,no,no,False
101889373,Nashville Airport Police,2017-04538,Davidson,Nashville,12/17/2017 9:33:00 PM,3,0,0,36.136880,-86.665030,TERMINAL DR,,,,295.00,Feet,East,I40 W ENT RAMP,,,,0.00,N,Not at Intersection, ,Non-Junction,None,,,         ,Christopher,Kullman,Rain,Other,no,no,no,yes,no,False