master_record_number,agency,agency_tracking_number,county,city,collision_date,vehicles_involved,number_injured,number_dead,latitude,longitude,roadway_name,roadway_suffix,roadway_number,roadway_local_id,distance_from_reference,miles-feet_indicator,direction_from_reference,intersection_road_name,intersection_road_name_suffix,intersection_road_number,intersection_local_id,mile_marker,intersection_indicator,intersect_type,interchange_related_indicator,relation_to_junction,work_zone_type,construction_maintenance_zone,construction_maintenance_zone_location,fatal_case_number,officer_first_name,officer_last_name,weather_condition(s),manner_of_crash,pedestrian,bicycle,scooter,parking,hitrun,mou
101871671,METROPOLITAN NASHVILLE POLICE DEPT,20171132164,Davidson,Nashville,12/28/2017 6:21:00 PM,3,2,0,36.144660,-86.744040,FESSLERS LN,,,,0.00,Feet,,ELM HILL PKE,,,,0.00,Y,Four-Way,N,Intersection-Related,None,,,         ,Codey,Mullins,Clear,"Sideswipe, Opposite Direction",no,no,no,no,yes,False
101871677,METROPOLITAN NASHVILLE POLICE DEPT,20171132763,Davidson,Nashville,12/28/2017 11:30:00 PM,2,0,0,36.044770,-86.661530,CANE RIDGE RD,,,,0.00,,,BELL RD,,,,0.00,Y,Four-Way,N,Intersection,None,,,         ,David,Moser,Clear,Front to Rear,no,no,no,no,yes,False
101871706,METROPOLITAN NASHVILLE POLICE DEPT,20171133306,Davidson,Not in City Limit,12/29/2017 2:45:00 AM,1,1,0,36.120460,-86.937390,OLD CHARLOTTE PKE,,,,1400.00,Feet,West,GOWER RD,,,,0.00,N,Not at Intersection,N,Non-Junction,None,,,         ,Ian,Ward,Clear,Not Collision with Motor Vehicle in Transport,no,no,no,no,no,False
101871742,METROPOLITAN NASHVILLE POLICE DEPT,20171133477,Davidson,Nashville,12/29/2017 4:25:00 AM,1,0,0,36.225860,-86.862560,BRILEY PKWYE,,,,1171.00,Feet,East,BRILEY PKWYW,,,,0.00,N,Not at Intersection, ,Non-Junction,None,,,         ,Charles,Duke,Clear,Not Collision with Motor Vehicle in Transport,no,no,no,no,no,False
101871775,METROPOLITAN NASHVILLE POLICE DEPT,20171133544,Davidson,Nashville,12/29/2017 5:06:00 AM,1,1,0,36.143760,-86.626530,BELL RD,,,,361.00,Feet,East,LAKERIDGE RUN,,,,0.00,N,Not at Intersection,N,Non-Junction,None,,,         ,Mekisha,Page,Clear,Not Collision with Motor Vehicle in Transport,no,no,no,no,no,False
101871795,METROPOLITAN NASHVILLE POLICE DEPT,20171133628,Davidson,Nashville,12/29/2017 6:05:00 AM,2,1,0,36.237020,-86.792610,BRILEY PKWYW,,,,297.00,Feet,North,BRILEY PKWYE,,,,0.00,N,Not at Intersection,N,Non-Junction,None,,,         ,James,Murphy,Clear,Front to Rear,no,no,no,no,yes,False
101871806,METROPOLITAN NASHVILLE POLICE DEPT,20171133604,Davidson,Nashville,12/29/2017 5:59:00 AM,2,1,0,36.062320,-86.682010,I 24,,,,0.00,,,,,,,57.65,N,Not at Intersection,N,Non-Junction,None,,,         ,William,Williams,Clear,"Sideswipe, Same Direction",no,no,no,no,no,False
101871816,GOODLETTSVILLE POLICE DEPT,17-45401,Davidson,Goodlettsville,12/26/2017 4:56:00 PM,2,1,0,36.298590,-86.722650,DICKERSON PKES,,,,196.00,Feet,North,DRY CREEK LN,,,,0.00,N,Not at Intersection,N,Non-Junction,None,,,         ,George,Forbes,Clear,Angle,no,no,no,no,no,False
101871821,METROPOLITAN NASHVILLE POLICE DEPT,20171131597,Davidson,Nashville,12/28/2017 1:21:00 PM,2,0,0,36.062790,-86.630950,HAMILTON CROSSINGS,,,,87.00,Feet,North,HAMILTON CHURCH RD,,,,0.00,N,Not at Intersection, ,Non-Junction,None,,,         ,Brandon,O'Guin,Clear,Angle,no,no,no,yes,no,False
101871838,METROPOLITAN NASHVILLE POLICE DEPT,20171133666,Davidson,Nashville,12/29/2017 6:30:00 AM,2,0,0,36.235830,-86.758760,DICKERSON PKE,,,,297.00,Feet,North,HOMESTEAD RD,,,,0.00,N,Not at Intersection,N,Non-Junction,None,,,         ,Daniel,Wadham,Clear,Rear to Rear,no,no,no,yes,yes,False
101871868,METROPOLITAN NASHVILLE POLICE DEPT,2017-1133670,Davidson,Nashville,12/29/2017 7:01:00 AM,1,1,0,36.123100,-86.756400,WINFORD AV,,,,71.00,Feet,West,CRUZEN ST,,,,0.00,N,Not at Intersection,N,OtherLocation,None,,,         ,Erik,Wagner,Clear,Not Collision with Motor Vehicle in Transport,yes,no,no,yes,no,False
101871915,METROPOLITAN NASHVILLE POLICE DEPT,2017-1133985,Davidson,Nashville,12/29/2017 9:46:00 AM,2,0,0,36.161050,-86.793020,CHARLOTTE AV,,,,99.00,Feet,East,I40 E EXT RAMP,,,,0.00,N,Not at Intersection, ,Non-Junction,None,,,         ,Erik,Wagner,Clear,Angle,no,no,no,no,no,False
101871934,METROPOLITAN NASHVILLE POLICE DEPT,20171134043,Davidson,Nashville,12/29/2017 10:10:00 AM,2,0,0,36.168740,-86.783760,JAMES ROBERTSON PKWY,,,,0.00,,,5TH AVN,,,,0.00,Y,Four-Way, ,Intersection,None,,,         ,Charles,Coe,Cloudy,Angle,no,no,no,no,no,False
101871935,METROPOLITAN NASHVILLE POLICE DEPT,20171134017,Davidson,Nashville,12/29/2017 9:45:00 AM,2,0,0,36.231600,-86.770220,I 65,,,,0.00,,,,,,,89.10,N,Not at Intersection, ,Non-Junction,None,,,         ,David,Williford,Clear,Front to Rear,no,no,no,no,no,False
101871947,METROPOLITAN NASHVILLE POLICE DEPT,20171134078,Davidson,Nashville,12/29/2017 10:39:00 AM,2,1,0,36.038090,-86.784090,OLD HICKORY BLVD,,,,350.00,Feet,East,I65 S ENT RAMP,,,,0.00,N,Not at Intersection, ,Non-Junction,None,,,         ,Earl,Davis,Clear,Front to Rear,no,no,no,no,no,False
101871949,METROPOLITAN NASHVILLE POLICE DEPT,20171134072,Davidson,Nashville,12/29/2017 9:40:00 AM,2,0,0,36.046110,-86.657820,BELL RD,,,,45.00,Feet,East,COLLINS PARK DR,,,,0.00,N,Not at Intersection, ,Non-Junction,None,,,         ,James,Thomas,Clear,Front to Rear,no,no,no,no,no,False
101871958,METROPOLITAN NASHVILLE POLICE DEPT,20171134167,Davidson,Nashville,12/29/2017 11:26:00 AM,2,0,0,36.139430,-86.880110,CHARLOTTE PKE,,,,186.00,Feet,East,HILLWOOD BLVD,,,,0.00,N,Not at Intersection, ,,None,,,         ,Benjamin,Spees,,,no,no,no,no,no,False
101871960,METROPOLITAN NASHVILLE POLICE DEPT,20171133937,Davidson,Nashville,12/29/2017 9:30:00 AM,2,0,0,36.153780,-86.755350,HERMITAGE AV,,,,217.00,Feet,East,FAIRFIELD AV,,,,0.00,N,Not at Intersection, ,Non-Junction,None,,,         ,Gerry,Hutcheson,Clear,"Sideswipe, Same Direction",no,no,no,no,no,False
101871963,METROPOLITAN NASHVILLE POLICE DEPT,20171134076,Davidson,Nashville,12/29/2017 10:35:00 AM,2,0,0,36.161160,-86.780970,COMMERCE ST,,,,125.00,Feet,West,6TH AVN,,,,0.00,N,Not at Intersection, ,Non-Junction,None,,,         ,Kevin,Johnson,Clear,Angle,no,no,no,no,no,False
101872018,METROPOLITAN NASHVILLE POLICE DEPT,20171134219,Davidson,Nashville,12/29/2017 11:53:00 AM,2,0,0,36.177770,-86.776060,COWAN ST,,,,326.00,Feet,North,SPRING ST,,,,0.00,N,Not at Intersection, ,Non-Junction,None,,,         ,William,Gibbs,Clear,Front to Rear,no,no,no,no,no,False
101872019,METROPOLITAN NASHVILLE POLICE DEPT,20171134244,Davidson,Nashville,12/29/2017 12:00:00 PM,2,0,0,36.133850,-86.727100,I 24,,,,0.00,,,,,,,52.10,N,Not at Intersection, ,Non-Junction,None,,,         ,David,Smith,Clear,Front to Rear,no,no,no,no,no,False
101872023,METROPOLITAN NASHVILLE POLICE DEPT,20171134177,Davidson,Nashville,12/29/2017 11:27:00 AM,2,0,0,36.234540,-86.805390,BRILEY PKWYW,,,,554.00,Feet,West,BRILEY PKWYE,,,,0.00,N,Not at Intersection,N,Non-Junction,None,,,         ,Cyretha,Frazier,Cloudy,Not Collision with Motor Vehicle in Transport,no,no,no,no,no,False
101872029,METROPOLITAN NASHVILLE POLICE DEPT,20171134299,Davidson,Nashville,12/29/2017 12:24:00 PM,2,0,0,36.204780,-86.776500,I 65,,,,0.00,,,,,,,87.20,N,Not at Intersection, ,Non-Junction,None,,,         ,Richard,Conger,Clear,Front to Rear,no,no,no,no,no,False
101872031,METROPOLITAN NASHVILLE POLICE DEPT,20171134211,Davidson,Nashville,12/29/2017 10:23:00 AM,2,0,0,36.130430,-86.899990,I40 W EXT RAMP,,,,0.00,Feet,East,I 40,,,,0.00,N,Not at Intersection, ,,None,,,         ,Eric,Cunningham,,,no,no,no,no,no,False
101872037,METROPOLITAN NASHVILLE POLICE DEPT,20171134198,Davidson,Nashville,12/29/2017 10:00:00 AM,2,0,0,36.144340,-86.749470,NANCE LN,,,,55.00,Feet,South,MURFREESBORO PKE,,,,0.00,N,Not at Intersection,N,Non-Junction,None,,,         ,Zachary,Scott,Clear,Angle,no,no,no,no,yes,False
101872041,METROPOLITAN NASHVILLE POLICE DEPT,20171134221,Davidson,Nashville,12/29/2017 11:53:00 AM,2,0,0,36.050200,-86.648770,BELL RD,,,,231.00,Feet,East,MT VIEW RD,,,,0.00,N,Not at Intersection, ,Non-Junction,None,,,         ,Jason,Dudley,Clear,"Sideswipe, Same Direction",no,no,no,no,no,False
101872104,METROPOLITAN NASHVILLE POLICE DEPT,20171133886,Davidson,Nashville,12/29/2017 9:01:00 AM,2,0,0,36.134390,-86.781410,WEDGEWOOD AV,,,,128.00,Feet,West,ACKLEN AV,,,,0.00,N,Not at Intersection,N,Non-Junction,None,,,         ,Phillip,Murphy,Clear,Front to Rear,no,no,no,no,no,False
101872108,METROPOLITAN NASHVILLE POLICE DEPT,2017-1134369,Davidson,Nashville,12/29/2017 12:52:00 PM,2,0,0,36.080040,-86.792350,TYNE BLVD,,,,142.00,Feet,West,LEALAND LN,,,,0.00,N,Not at Intersection, ,,None,,,         ,Erik,Wagner,,,no,no,no,no,no,False
101872114,METROPOLITAN NASHVILLE POLICE DEPT,20171134171,Davidson,Nashville,12/29/2017 11:45:00 AM,2,0,0,36.150060,-86.802090,WEST END AV,,,,299.00,Feet,West,21ST AVN,,,,0.00,N,Not at Intersection,N,Non-Junction,None,,,         ,Russell,Freeman,Clear,Angle,no,no,no,no,no,Campus
101872115,METROPOLITAN NASHVILLE POLICE DEPT,20171134325,Davidson,Not in City Limit,12/29/2017 12:42:00 PM,2,0,0,36.260370,-86.712860,HICKORY ST,,,,0.00,Feet,,GALLATIN PKES,,,,0.00,Y,T-Intersection,N,Intersection,None,,,         ,Thomas,Odom,Clear,Angle,no,no,no,no,no,False
101872116,METROPOLITAN NASHVILLE POLICE DEPT,20171134154,Davidson,Nashville,12/29/2017 11:11:00 AM,2,0,0,36.098720,-86.659560,MURFREESBORO PKE,,,,68.00,Feet,West,HARDING PL,,,,0.00,N,Not at Intersection,N,Non-Junction,None,,,         ,Sara,Lober,Clear,Front to Rear,no,no,no,no,no,False
101872154,METROPOLITAN NASHVILLE POLICE DEPT,20171134462,Davidson,Nashville,12/29/2017 1:23:00 PM,2,0,0,36.145670,-86.659590,ELM HILL PKE,,,,137.00,Feet,West,COLFAX DR,,,,0.00,N,Not at Intersection, ,"Driveway, Alley Access, etc",None,,,         ,James,Curtis,Clear,Front to Rear,no,no,no,no,no,False
101872155,METROPOLITAN NASHVILLE POLICE DEPT,20171134291,Davidson,Nashville,12/29/2017 12:17:00 PM,2,0,0,36.156810,-86.771900,2ND AVS,,,,0.00,,,PEABODY ST,,,,0.00,Y,Four-Way, ,,None,,,         ,Byron,Carter,,,no,no,no,no,no,False
101872172,METROPOLITAN NASHVILLE POLICE DEPT,20171134308,Davidson,Nashville,12/29/2017 1:00:00 PM,2,2,0,36.111250,-86.751420,THOMPSON LN,,,,621.00,Feet,East,FOSTER CREIGHTON DR,,,,0.00,N,Not at Intersection,N,Non-Junction,None,,,         ,Russell,Freeman,Clear,Front to Rear,no,no,no,no,no,False
101872179,METROPOLITAN NASHVILLE POLICE DEPT,20171134477,Davidson,Nashville,12/29/2017 2:14:00 PM,1,0,0,36.159070,-86.774330,3RD AVS,,,,119.00,Feet,North,MOLLOY ST,,,,0.00,N,Not at Intersection, ,Non-Junction,None,,,         ,Kevin,Johnson,Clear,Not Collision with Motor Vehicle in Transport,no,no,no,no,no,False
101872181,METROPOLITAN NASHVILLE POLICE DEPT,20171134341,Davidson,Nashville,12/29/2017 10:55:00 AM,2,0,0,36.073140,-86.920660,OLD HICKORY BLVD,,,,0.00,,,BELLEVUE VALLEY PLAZA PVTDR,,,,0.00,Y,T-Intersection, ,Non-Junction,None,,,         ,Charles,Boles,Clear,Angle,no,no,no,no,no,False
101872210,METROPOLITAN NASHVILLE POLICE DEPT,20171134469,Davidson,Nashville,12/29/2017 1:20:00 PM,3,2,0,36.176060,-86.780150,JEFFERSON ST,,,,546.00,Feet,West,OLDHAM ST PVTDR,,,,0.00,N,Not at Intersection,N,Non-Junction,None,,,         ,Shawn,Taylor,Clear,Front to Rear,no,no,no,no,no,False
101872254,METROPOLITAN NASHVILLE POLICE DEPT,20171134517,Davidson,Nashville,12/29/2017 2:03:00 PM,1,1,0,36.141570,-86.884480,ANNEX AV,,,,68.00,Feet,West,PREMIER DR,,,,0.00,N,Not at Intersection,N,Non-Junction,None,,,         ,Eric,Cunningham,Clear,Not Collision with Motor Vehicle in Transport,no,no,no,no,no,False
101872303,METROPOLITAN NASHVILLE POLICE DEPT,20171134231,Davidson,Nashville,12/29/2017 12:00:00 PM,1,1,0,36.124700,-86.727600,I24 W EXT RAMP,,,,0.00,Feet,East,I 24,,,,0.00,N,Not at Intersection,N,Non-Junction,None,,,         ,James,Thomas,Clear,Not Collision with Motor Vehicle in Transport,no,no,no,no,no,False
101872334,METROPOLITAN NASHVILLE POLICE DEPT,20171134571,Davidson,Nashville,12/29/2017 2:30:00 PM,2,0,0,36.086520,-86.771200,HARDING PL,,,,228.00,Feet,East,FRANKLIN PKE,,,,0.00,N,Not at Intersection, ,Non-Junction,None,,,         ,Jon,Mcvey,Clear,Front to Rear,no,no,no,no,no,False
101872361,METROPOLITAN NASHVILLE POLICE DEPT,20171134586,Davidson,Nashville,12/29/2017 2:30:00 PM,2,0,0,36.235030,-86.626360,OLD HICKORY BLVD,,,,232.00,Feet,North,MONTCHANIN RD,,,,0.00,N,Not at Intersection, ,,None,,,         ,Jonathon,Sheppard,,,no,no,no,no,no,False
101872381,METROPOLITAN NASHVILLE POLICE DEPT,20171134605,Davidson,Nashville,12/29/2017 2:57:00 PM,2,0,0,36.179080,-86.785990,2ND AVN,,,,350.00,Feet,North,MONROE ST,,,,0.00,N,Not at Intersection, ,Non-Junction,None,,,         ,David,Snowden,Clear,Front to Rear,no,no,no,no,no,False
101872417,METROPOLITAN NASHVILLE POLICE DEPT,20171134622,Davidson,Nashville,12/29/2017 2:28:00 PM,2,0,0,36.192780,-86.623910,LEBANON PKE,,,,40.00,Feet,South,JUAREZ DR,,,,0.00,N,Not at Intersection, ,Non-Junction,None,,,         ,Brenna,Hosey,Clear,"Sideswipe, Same Direction",no,no,no,no,no,False
101872418,GOODLETTSVILLE POLICE DEPT,17-45861,Davidson,Goodlettsville,12/29/2017 2:40:00 PM,2,0,0,36.331500,-86.708670,I 65,,,,0.00,,,,,,,97.50,N,Not at Intersection,N,Non-Junction,None,,,         ,George,Forbes,Clear,"Sideswipe, Same Direction",no,no,no,no,no,False
101872426,METROPOLITAN NASHVILLE POLICE DEPT,20171134686,Davidson,Nashville,12/29/2017 3:35:00 PM,2,0,0,36.108720,-86.721160,I 24,,,,0.00,,,,,,,53.80,N,Not at Intersection, ,Non-Junction,None,,,         ,Je-Marc,Sears,Clear,Front to Rear,no,no,no,no,no,False
101872457,METROPOLITAN NASHVILLE POLICE DEPT,20171134696,Davidson,Nashville,12/29/2017 3:00:00 PM,1,0,0,36.044610,-86.668360,ARBOR COMMON,,,,87.00,Feet,South,BELL RD,,,,0.00,N,Not at Intersection,N,Non-Junction,None,,,         ,Pamela,Caulder,Clear,Not Collision with Motor Vehicle in Transport,no,no,no,no,no,False
101872458,METROPOLITAN NASHVILLE POLICE DEPT,20171134599,Davidson,Nashville,12/29/2017 2:43:00 PM,2,0,0,36.151490,-86.751890,I 40,,,,0.00,,,,,,,211.50,N,Not at Intersection, ,Non-Junction,None,,,         ,Johnathan,Pannell,Clear,Front to Rear,no,no,no,no,no,False
101872464,METROPOLITAN NASHVILLE POLICE DEPT,20171134692,Davidson,Nashville,12/29/2017 3:00:00 PM,2,0,0,36.151900,-86.784230,12TH AVS,,,,0.00,,,11TH AVS,,,,0.00,Y,Y-Intersection, ,Intersection,None,,,         ,Jason,King,Clear,"Sideswipe, Same Direction",no,no,no,no,no,False
101872471,METROPOLITAN NASHVILLE POLICE DEPT,20171134787,Davidson,Nashville,12/29/2017 3:06:00 PM,2,0,0,36.143490,-86.873860,CHARLOTTE PKE,,,,146.00,Feet,North,CHARLOTTE ROAD CIR,,,,0.00,N,Not at Intersection,N,Non-Junction,None,,,         ,Anthony,Cucci,Clear,Front to Rear,no,no,no,no,yes,False
101872476,METROPOLITAN NASHVILLE POLICE DEPT,20171133949,Davidson,Nashville,12/29/2017 9:30:00 AM,2,0,0,36.183650,-86.610660,OLD HICKORY BLVD,,,,0.00,,,ANDREW JACKSON PKWY,,,,0.00,Y,Four-Way, ,,None,,,         ,Cody,O'Quinn,,,no,no,no,no,no,False
101872477,GOODLETTSVILLE POLICE DEPT,17-45845,Davidson,Goodlettsville,12/29/2017 12:35:00 PM,2,0,0,36.323010,-86.713370,N MAIN ST,,,,0.00,,,W CEDAR ST,,,,0.00,Y,T-Intersection, ,Intersection-Related,None,,,         ,Charles,Hauskin,Clear,Angle,no,no,no,no,no,False
101872506,METROPOLITAN NASHVILLE POLICE DEPT,20171134685,Davidson,Nashville,12/29/2017 3:42:00 PM,2,0,0,36.156860,-86.796520,STATE ST,,,,46.00,Feet,East,17TH AVN,,,,0.00,N,Not at Intersection, ,Non-Junction,None,,,         ,Jon,Mcvey,Clear,Angle,no,no,no,no,no,False
101872518,METROPOLITAN NASHVILLE POLICE DEPT,20171134717,Davidson,Nashville,12/29/2017 1:36:00 PM,2,0,0,36.083260,-86.725540,WELCH RD,,,,0.00,,,TRAVIS DR,,,,0.00,Y,T-Intersection,N,Intersection,None,,,         ,Luis,De Los Santos,Clear,"Sideswipe, Same Direction",no,no,no,no,yes,False
101872529,METROPOLITAN NASHVILLE POLICE DEPT,20171134824,Davidson,Nashville,12/29/2017 4:21:00 PM,2,0,0,36.198440,-86.620270,LEBANON PKE,,,,0.00,,,OLD HICKORY BLVD,,,,0.00,Y,Four-Way, ,Intersection-Related,None,,,         ,Kyle,Burks,Clear,Front to Rear,no,no,no,no,no,False
101872546,METROPOLITAN NASHVILLE POLICE DEPT,20171134913,Davidson,Nashville,12/29/2017 12:00:00 AM,2,0,0,36.136570,-86.663880,DONELSON PKE,,,,233.00,Feet,North,DONELSON PKES,,,,0.00,N,Not at Intersection, ,Non-Junction,None,,,         ,Craig,Gentry,Clear,"Sideswipe, Opposite Direction",no,no,no,no,no,False
101872547,METROPOLITAN NASHVILLE POLICE DEPT,20171134470,Davidson,Nashville,12/29/2017 1:38:00 PM,4,4,0,36.207070,-86.776410,I 65,,,,0.00,,,,,,,87.35,N,Not at Intersection,N,Non-Junction,None,,,         ,Royce,McLester,Cloudy,Front to Rear,no,no,no,no,no,False
101872549,METROPOLITAN NASHVILLE POLICE DEPT,20171134774,Davidson,Nashville,12/29/2017 4:10:00 PM,2,0,0,36.155210,-86.852830,MORROW RD,,,,0.00,,,GEORGIA AV,,,,0.00,Y,Four-Way,Y,Intersection,None,,,         ,Barrett,Teague,Clear,Angle,no,no,no,no,no,False
101872552,METROPOLITAN NASHVILLE POLICE DEPT,20171134757,Davidson,Nashville,12/29/2017 12:00:00 AM,2,0,0,36.176590,-86.750010,S 11TH ST,,,,134.00,Feet,North,HOLLY ST,,,,0.00,N,Not at Intersection,N,Non-Junction,None,,,         ,James,Smith,Clear,Other,no,no,no,no,yes,False
101872559,METROPOLITAN NASHVILLE POLICE DEPT,20171134578,Davidson,Nashville,12/29/2017 2:45:00 PM,2,0,0,36.107170,-86.816080,GREEN HILLS VILLAGE DR,,,,0.00,,,,,,,0.00,,,N,Non-Junction,None,,,         ,Justin,Coyle,Clear,Front to Rear,no,no,no,yes,yes,False
101872560,METROPOLITAN NASHVILLE POLICE DEPT,20171134801,Davidson,Nashville,12/29/2017 2:50:00 PM,2,0,0,36.105030,-86.815250,HILLSBORO PKE,,,,0.00,,,,,,,0.00,,, ,,None,,,         ,Justin,Coyle,,,no,no,no,yes,no,False
101872563,METROPOLITAN NASHVILLE POLICE DEPT,20171134963,Davidson,Nashville,12/29/2017 4:15:00 PM,2,0,0,36.086700,-86.698020,I24 W ENT RAMP,,,,0.00,Feet,East,I 24,,,,0.00,N,Not at Intersection,N,Non-Junction,None,,,         ,William,McDaniel,Clear,Front to Rear,no,no,no,no,yes,False
101872575,METROPOLITAN NASHVILLE POLICE DEPT,20171134966,Davidson,Nashville,12/29/2017 4:40:00 PM,2,0,0,36.059100,-86.714290,RAYWOOD LN,,,,0.00,,,TUSCULUM RD,,,,0.00,Y,Four-Way,N,Intersection,None,,,         ,Richard,Olive,Clear,Angle,no,no,no,no,no,False
101872576,METROPOLITAN NASHVILLE POLICE DEPT,20171134903,Davidson,Nashville,12/29/2017 5:00:00 PM,3,2,0,36.046270,-86.676800,BELL RD,,,,750.00,Feet,West,BLUE HOLE RD,,,,0.00,N,Not at Intersection,N,Non-Junction,None,,,         ,Nathaniel,Myers,Clear,Front to Rear,no,no,no,no,no,False
101872581,Nashville Airport Police,2017-04697,Davidson,Nashville,12/29/2017 12:00:00 AM,2,0,0,36.135150,-86.667900,TERMINAL DR,,,,392.00,Feet,South,I40 E EXT RAMP,,,,0.00,N,Not at Intersection, ,Non-Junction,None,,,         ,Nathan,Holt,Clear,"Sideswipe, Opposite Direction",no,no,no,yes,no,False
101872603,METROPOLITAN NASHVILLE POLICE DEPT,20171135040,Davidson,Nashville,12/29/2017 5:29:00 PM,2,0,0,36.125470,-86.696180,BRILEY PKWY,,,,37.00,Feet,North,KERMIT DR,,,,0.00,N,Not at Intersection, ,Non-Junction,None,,,         ,Kimberly,Annson,Clear,Front to Rear,no,no,no,no,no,False
101872605,METROPOLITAN NASHVILLE POLICE DEPT,20171134970,Davidson,Nashville,12/29/2017 4:24:00 PM,2,0,0,36.071230,-86.684190,ANTIOCH PKE,,,,0.00,,,HAYSTACK LN,,,,0.00,Y,T-Intersection, ,Non-Junction,None,,,         ,Eric,Keller,Clear,Angle,no,no,no,no,no,False
101872613,METROPOLITAN NASHVILLE POLICE DEPT,20171134890,Davidson,Nashville,12/29/2017 4:59:00 PM,3,0,0,36.166710,-86.764990,I 24,,,,0.00,,,,,,,48.95,N,Not at Intersection,Y,Non-Junction,None,,,         ,David,Snowden,Clear,Front to Rear,no,no,no,no,no,False
101872616,METROPOLITAN NASHVILLE POLICE DEPT,20171134835,Davidson,Nashville,12/29/2017 4:35:00 PM,2,0,0,36.250290,-86.741310,I 65,,,,0.00,,,,,,,91.20,N,Not at Intersection,N,Non-Junction,None,,,         ,Samuel,Miller,Clear,Front to Rear,no,no,no,no,yes,False
101872627,METROPOLITAN NASHVILLE POLICE DEPT,20171135074,Davidson,Nashville,12/29/2017 5:56:00 PM,3,0,0,36.113770,-86.724360,I24 E EXT RAMP,,,,0.00,,,I 24,,,,0.00,Y,OTHER, ,Non-Junction,None,,,         ,Luis,De Los Santos,Clear,Front to Rear,no,no,no,no,yes,False
101872634,METROPOLITAN NASHVILLE POLICE DEPT,20171135057,Davidson,Nashville,12/29/2017 6:07:00 PM,2,1,0,36.216780,-86.623510,OLD HICKORY BLVD,,,,0.00,,,GRANWOOD BLVD,,,,0.00,Y,Four-Way,N,Intersection,None,,,         ,Russell,Ward,Clear,Angle,no,no,no,no,no,False
101872646,METROPOLITAN NASHVILLE POLICE DEPT,20171135131,Davidson,Nashville,12/29/2017 12:00:00 AM,2,0,0,36.201210,-86.776820,I 65,,,,0.00,,,,,,,87.00,N,Not at Intersection, ,Non-Junction,None,,,         ,Melvin,Taylor,Clear,Front to Rear,no,no,no,no,no,False
101872647,METROPOLITAN NASHVILLE POLICE DEPT,2017-1135068,Davidson,Nashville,12/29/2017 6:10:00 PM,2,2,0,36.158890,-86.782110,8TH AVS,,,,0.00,,,BROADWAY,,,,0.00,Y,Four-Way,N,Intersection,None,,,         ,Michael,Schlegel,Clear,Angle,no,no,no,no,no,False
101872648,METROPOLITAN NASHVILLE POLICE DEPT,20171135169,Davidson,Nashville,12/29/2017 6:58:00 PM,2,0,0,36.147460,-86.744290,I 40,,,,0.00,,,,,,,212.00,N,Not at Intersection, ,,None,,,         ,Jonathan,Cavezza,,,no,no,no,no,no,False
101872652,METROPOLITAN NASHVILLE POLICE DEPT,20171135158,Davidson,Nashville,12/29/2017 12:00:00 AM,2,1,0,36.215120,-86.597670,LEBANON PKE,,,,0.00,,,ANDREW JACKSON PKWY,,,,0.00,Y,Four-Way,Y,Intersection,None,,,         ,Craig,Gentry,Clear,Angle,no,no,no,no,no,False
101872678,METROPOLITAN NASHVILLE POLICE DEPT,20171135159,Davidson,Nashville,12/29/2017 6:24:00 PM,2,0,0,36.168150,-86.777420,JAMES ROBERTSON PKWY,,,,0.00,,,GAY ST,,,,0.00,Y,OTHER,N,Non-Junction,None,,,         ,Michael,Douglas,Clear,Angle,no,no,no,no,no,False
101872691,METROPOLITAN NASHVILLE POLICE DEPT,20171135313,Davidson,Not in City Limit,12/29/2017 6:50:00 PM,2,0,0,36.263740,-86.718580,OLD HICKORY BLVDW,,,,200.00,Feet,West,GIBSON DR,,,,0.00,N,Not at Intersection,N,Non-Junction,None,,,         ,Samuel,Miller,Clear,Not Collision with Motor Vehicle in Transport,no,no,no,no,yes,False
101872692,METROPOLITAN NASHVILLE POLICE DEPT,20171135318,Davidson,Nashville,12/29/2017 8:12:00 PM,2,0,0,36.174540,-86.770840,I 24,,,,0.00,,,,,,,48.10,N,Not at Intersection, ,,Construction Zone,,,         ,Jonathan,Hadley,,,no,no,no,no,no,False
101872693,METROPOLITAN NASHVILLE POLICE DEPT,20171135280,Davidson,Nashville,12/29/2017 7:30:00 PM,2,0,0,36.153970,-86.762550,I 40,,,,0.00,,,,,,,210.85,N,Not at Intersection, ,Non-Junction,None,,,         ,Johnathan,Pannell,Clear,"Sideswipe, Same Direction",no,no,no,no,no,False
101872694,METROPOLITAN NASHVILLE POLICE DEPT,20171135257,Davidson,Nashville,12/29/2017 12:00:00 AM,2,0,0,36.217320,-86.692530,BRILEY PKWYN,,,,177.00,Feet,North,BRILEY PKWYS,,,,0.00,N,Not at Intersection,Y,Entrance/Exit Ramp Related,None,,,         ,Craig,Gentry,Clear,Front to Rear,no,no,no,no,no,False
101872700,METROPOLITAN NASHVILLE POLICE DEPT,20171135077,Davidson,Nashville,12/29/2017 6:02:00 PM,2,0,0,36.110860,-86.786810,WOODMONT BLVD,,,,214.00,Feet,East,LEALAND LN,,,,0.00,N,Not at Intersection,N,Non-Junction,None,,,         ,Jon,Mcvey,Clear,Front to Rear,no,no,no,no,no,False