master_record_number,agency,agency_tracking_number,county,city,collision_date,vehicles_involved,number_injured,number_dead,latitude,longitude,roadway_name,roadway_suffix,roadway_number,roadway_local_id,distance_from_reference,miles-feet_indicator,direction_from_reference,intersection_road_name,intersection_road_name_suffix,intersection_road_number,intersection_local_id,mile_marker,intersection_indicator,intersect_type,interchange_related_indicator,relation_to_junction,work_zone_type,construction_maintenance_zone,construction_maintenance_zone_location,fatal_case_number,officer_first_name,officer_last_name,weather_condition(s),manner_of_crash,pedestrian,bicycle,scooter,parking,hitrun,mou
101872701,METROPOLITAN NASHVILLE POLICE DEPT,20171134940,Davidson,Nashville,12/29/2017 5:15:00 PM,2,0,0,36.076830,-86.726170,EDMONDSON PKE,,,,205.00,Feet,West,WALLACE RD,,,,0.00,N,Not at Intersection, ,Non-Junction,None,,,         ,Jon,Mcvey,Clear,Angle,no,no,no,no,no,False
101872706,METROPOLITAN NASHVILLE POLICE DEPT,20171135084,Davidson,Nashville,12/29/2017 6:00:00 PM,2,0,0,36.232490,-86.624780,OLD HICKORY BLVD,,,,74.00,Feet,North,SHUTE LN,,,,0.00,N,Not at Intersection, ,Non-Junction,None,,,         ,Jonathon,Sheppard,Clear,Front to Rear,no,no,no,no,no,False
101872718,VANDERBILT UNIVERSITY POLICE,2017-1135278,Davidson,Nashville,12/29/2017 2:45:00 PM,2,0,0,36.142040,-86.806370,25TH AVS,,,,0.00,,,,,,,0.00,,, ,Non-Junction,None,,,         ,Christopher,Dion,Clear,Front to Rear,no,no,no,yes,no,Campus
101872728,METROPOLITAN NASHVILLE POLICE DEPT,20171135189,Davidson,Nashville,12/29/2017 5:47:00 PM,2,0,0,36.151590,-86.852100,CHARLOTTE AV,,,,0.00,Feet,East,MORROW RD,,,,0.00,N,Not at Intersection, ,"Driveway, Alley Access, etc",None,,,         ,Justin,Coyle,Clear,Angle,no,no,no,no,no,False
101872729,METROPOLITAN NASHVILLE POLICE DEPT,20171135337,Davidson,Nashville,12/29/2017 8:26:00 PM,2,0,0,36.174850,-86.614230,DODSON CHAPEL RD,,,,44.00,Feet,North,CENTRAL PKE,,,,0.00,N,Not at Intersection, ,Non-Junction,None,,,         ,Brenna,Hosey,Clear,Front to Rear,no,no,no,no,no,False
101872751,METROPOLITAN NASHVILLE POLICE DEPT,2017-1135157,Davidson,Nashville,12/29/2017 6:56:00 PM,2,0,0,36.038730,-86.733190,OLD HICKORY BLVD,,,,50.00,Feet,East,MONTELLE LN,,,,0.00,N,Not at Intersection,N,Non-Junction,None,,,         ,William,King,Clear,Front to Rear,no,no,no,no,no,False
101872768,METROPOLITAN NASHVILLE POLICE DEPT,20171135297,Davidson,Nashville,12/29/2017 8:05:00 PM,2,4,0,36.062540,-86.626020,MURFREESBORO PKE,,,,2000.00,Feet,South,HAMILTON CHURCH RD,,,,0.00,N,Not at Intersection,N,Non-Junction,None,,,         ,Joseph,Progar,Cloudy,Front to Rear,no,no,no,no,no,False
101872777,METROPOLITAN NASHVILLE POLICE DEPT,20171135357,Davidson,Nashville,12/29/2017 8:32:00 PM,4,0,0,36.187260,-86.794920,I 65,,,,0.00,,,,,,,85.40,N,Not at Intersection, ,Non-Junction,None,,,         ,David,Snowden,Clear,Front to Rear,no,no,no,no,no,False
101872822,METROPOLITAN NASHVILLE POLICE DEPT,20171135384,Davidson,Nashville,12/29/2017 8:35:00 PM,2,0,0,36.033520,-86.712980,CELEBRATION WAY,,,,0.00,Feet,,NOLENSVILLE PKE,,,,0.00,Y,Four-Way,N,Intersection,None,,,         ,Pamela,Caulder,Cloudy,"Sideswipe, Same Direction",no,no,no,no,yes,False
101872838,METROPOLITAN NASHVILLE POLICE DEPT,20171135281,Davidson,Nashville,12/29/2017 7:38:00 PM,2,0,0,36.079600,-86.726320,NOLENSVILLE PKE,,,,0.00,Feet,,HARDING PL,,,,0.00,Y,Four-Way, ,Intersection,None,,,         ,David,Robberson,Clear,Unknown,no,no,no,no,no,False
101872868,METROPOLITAN NASHVILLE POLICE DEPT,20171135606,Davidson,Nashville,12/29/2017 11:16:00 PM,1,0,0,36.132500,-86.779250,8TH AVS,,,,0.00,,,BENTON AV,,,,0.00,Y,T-Intersection,N,Intersection,None,,,         ,Ralph,Smith IV,Clear,Not Collision with Motor Vehicle in Transport,no,no,no,no,no,False
101872872,METROPOLITAN NASHVILLE POLICE DEPT,20171135245,Davidson,Nashville,12/29/2017 7:30:00 PM,2,4,0,36.086990,-86.730340,NOLENSVILLE PKE,,,,53.00,Feet,North,ELYSIAN FIELDS CT,,,,0.00,N,Not at Intersection,N,Non-Junction,None,,,         ,William,McDaniel,Clear,HeadOn,no,no,no,no,no,False
101872879,METROPOLITAN NASHVILLE POLICE DEPT,20171135355,Davidson,Nashville,12/29/2017 8:06:00 PM,1,0,0,36.035860,-86.783190,I 65,,,,0.00,,,,,,,74.35,N,Not at Intersection,N,Non-Junction,None,,,         ,Jon,Mcvey,Clear,Not Collision with Motor Vehicle in Transport,no,no,no,no,no,False
101872880,METROPOLITAN NASHVILLE POLICE DEPT,20171135435,Davidson,Nashville,12/29/2017 9:15:00 PM,3,2,0,36.075210,-86.724970,NOLENSVILLE PKE,,,,57.00,Feet,North,FLORA MAXWELL RD,,,,0.00,N,Not at Intersection,N,Non-Junction,None,,,         ,Jon,Mcvey,Clear,HeadOn,no,no,no,no,no,False
101872886,METROPOLITAN NASHVILLE POLICE DEPT,20171135624,Davidson,Nashville,12/29/2017 6:00:00 PM,1,0,0,36.049000,-86.675480,HARPER RIDGE PL,,,,569.00,Feet,South,TIMBERLAKE CIR,,,,0.00,N,Not at Intersection, ,Non-Junction,None,,,         ,Autumn,Manning,Clear,Not Collision with Motor Vehicle in Transport,no,no,no,yes,no,False
101872891,METROPOLITAN NASHVILLE POLICE DEPT,20171135632,Davidson,Nashville,12/29/2017 11:20:00 PM,2,0,0,36.171430,-86.769040,JAMES ROBERTSON PKWY,,,,0.00,,,INTERSTATE DR,,,,0.00,Y,OTHER, ,,None,,,         ,Damon,Hutcheson,,,no,no,no,no,no,False
101872932,METROPOLITAN NASHVILLE POLICE DEPT,20171135819,Davidson,Nashville,12/30/2017 12:32:00 AM,1,0,0,36.156070,-86.769980,RUTLEDGE ST,,,,0.00,,,LEA AV,,,,0.00,Y,T-Intersection, ,,None,,,         ,Ryan,Caulfield,,,no,no,no,no,no,False
101872933,METROPOLITAN NASHVILLE POLICE DEPT,20171135688,Davidson,Nashville,12/29/2017 11:55:00 PM,2,0,0,36.203360,-86.750290,ELLINGTON PKWY N EXT RAMP,,,,0.00,Feet,East,ELLINGTON PKWYS,,,,0.00,N,Not at Intersection,N,Non-Junction,None,,,         ,Brady,Reynolds,Clear,"Sideswipe, Same Direction",no,no,no,no,no,False
101872934,METROPOLITAN NASHVILLE POLICE DEPT,20171135846,Davidson,Nashville,12/30/2017 12:29:00 AM,2,0,0,36.153910,-86.631440,I40 E EXT RAMP,,,,0.00,Feet,East,I 40,,,,0.00,N,Not at Intersection,Y,Entrance/Exit Ramp Related,None,,,         ,Bridget,Griepentrog,Clear,Front to Rear,no,no,no,no,yes,False
101872963,METROPOLITAN NASHVILLE POLICE DEPT,20171135701,Davidson,Nashville,12/29/2017 11:35:00 PM,2,0,0,36.153230,-86.777210,7TH AVS,,,,0.00,,,,,,,0.00,,,N,Non-Junction,None,,,         ,John,Anderson,Clear,Angle,no,no,no,yes,yes,False
101872969,METROPOLITAN NASHVILLE POLICE DEPT,20171135944,Davidson,Nashville,12/30/2017 2:35:00 AM,1,1,0,36.126280,-86.772690,I 65,,,,0.00,,,,,,,80.80,N,Not at Intersection,N,Non-Junction,None,,,         ,Ralph,Smith IV,Clear,Not Collision with Motor Vehicle in Transport,no,no,no,no,no,False
101872980,METROPOLITAN NASHVILLE POLICE DEPT,20171135915,Davidson,Not in City Limit,12/30/2017 2:10:00 AM,1,1,0,36.363470,-86.869220,JACKMAN RD,,,,877.00,Feet,East,JACKMAN RD PVTDR,,,,0.00,N,Not at Intersection,N,Non-Junction,None,,,         ,Phillip,Black,Clear,Not Collision with Motor Vehicle in Transport,no,no,no,no,no,False
101872982,METROPOLITAN NASHVILLE POLICE DEPT,20171136003,Davidson,Nashville,12/29/2017 11:50:00 PM,2,0,0,36.159390,-86.772590,MOLLOY ST,,,,0.00,,,1ST AVS,,,,0.00,Y,T-Intersection,N,Intersection-Related,None,,,         ,John,Anderson,Clear,Front to Rear,no,no,no,no,yes,False
101872999,METROPOLITAN NASHVILLE POLICE DEPT,2017-1135808,Davidson,Nashville,12/30/2017 1:00:00 AM,2,0,0,36.044410,-86.780390,I 65,,,,0.00,,,,,,,75.00,N,Not at Intersection,N,Non-Junction,None,,,         ,Thomas,Miller,Clear,Front to Rear,no,no,no,no,no,False
101873000,METROPOLITAN NASHVILLE POLICE DEPT,20171135957,Davidson,Nashville,12/29/2017 11:50:00 PM,1,0,0,36.045020,-86.666660,BELL RD,,,,139.00,Feet,East,CEDAR POINTE PKWY,,,,0.00,N,Not at Intersection, ,Non-Junction,None,,,         ,Travis,Baxter,Clear,Not Collision with Motor Vehicle in Transport,no,no,no,no,no,False
101873001,METROPOLITAN NASHVILLE POLICE DEPT,20171135938,Davidson,Nashville,12/30/2017 2:33:00 AM,2,1,0,36.084360,-86.698650,I24 W EXT RAMP,,,,0.00,Feet,East,I 24,,,,0.00,N,Not at Intersection,N,Entrance/Exit Ramp Related,None,,,         ,Ciarra,Rench,Clear,"Sideswipe, Same Direction",no,no,no,no,no,False
101873013,METROPOLITAN NASHVILLE POLICE DEPT,20171136108,Davidson,Nashville,12/30/2017 4:00:00 AM,1,0,0,36.137760,-86.727640,I 24,,,,0.00,,,,,,,51.35,N,Not at Intersection,Y,Entrance/Exit Ramp Related,None,,,         ,Douglas,Sykes,Clear,Not Collision with Motor Vehicle in Transport,no,no,no,no,no,False
101873014,METROPOLITAN NASHVILLE POLICE DEPT,20171136022,Davidson,Nashville,12/30/2017 3:21:00 AM,2,0,0,36.193660,-86.831220,CLARKSVILLE PKE,,,,0.00,Feet,,BUENA VISTA PKE,,,,0.00,Y,Four-Way,N,Intersection-Related,None,,,         ,James,Murphy,Clear,Front to Rear,no,no,no,no,yes,False
101873015,METROPOLITAN NASHVILLE POLICE DEPT,20171136048,Davidson,Nashville,12/30/2017 3:33:00 AM,2,0,0,36.144790,-86.665270,ROYAL PKWY,,,,0.00,,,,,,,0.00,,,N,OtherLocation,None,,,         ,Mekisha,Page,Clear,Front to Rear,no,no,no,yes,yes,False
101873017,METROPOLITAN NASHVILLE POLICE DEPT,20171136021,Davidson,Nashville,12/30/2017 2:37:00 AM,2,0,0,36.160900,-86.777120,4TH AVS,,,,50.00,Feet,South,BROADWAY,,,,0.00,N,Not at Intersection, ,Non-Junction,None,,,         ,Austin,Bass,Clear,"Sideswipe, Same Direction",no,no,no,no,no,False
101873019,THP District 3 - Nashville,317076832,Davidson,Nashville,12/26/2017 1:25:00 AM,1,4,0,36.238080,-86.787210,I24 E ENT RAMP,,,,0.00,Feet,East,I 24,,,,0.00,N,Not at Intersection,Y,Entrance/Exit Ramp Related,None,,,         ,Jason,Ayers,Clear,Not Collision with Motor Vehicle in Transport,no,no,no,no,no,False
101873031,METROPOLITAN NASHVILLE POLICE DEPT,20171135549,Davidson,Not in City Limit,12/29/2017 10:18:00 PM,1,1,0,36.272950,-86.700980,ANDERSON LN,,,,0.00,,,BECKLEA DR,,,,0.00,Y,T-Intersection,N,Non-Junction,None,,,         ,Colin,Bleem,Clear,Not Collision with Motor Vehicle in Transport,no,no,no,no,no,False
101873041,METROPOLITAN NASHVILLE POLICE DEPT,2017-1134496,Davidson,Nashville,12/29/2017 1:50:00 PM,2,1,0,36.155750,-86.766680,HERMITAGE,,,,100.00,Feet,North,,,,,1.00,N,Not at Intersection,N,Non-Junction,None,,,         ,Daniel,Russett,Clear,Front to Rear,no,no,no,no,yes,False
101873069,METROPOLITAN NASHVILLE POLICE DEPT,20171136427,Davidson,Nashville,12/30/2017 8:00:00 AM,2,0,0,36.047030,-86.713460,NOLENSVILLE PKE,,,,607.00,Feet,North,OLD HICKORY BLVD,,,,0.00,N,Not at Intersection, ,Non-Junction,None,,,         ,Robert,Erickson,Cloudy,"Sideswipe, Same Direction",no,no,no,no,no,False
101873078,METROPOLITAN NASHVILLE POLICE DEPT,20171136470,Davidson,Nashville,12/30/2017 8:22:00 AM,1,0,0,36.119770,-86.623520,WOODLAND POINTE DR,,,,353.00,Feet,South,BRANCH OAK TRL,,,,0.00,N,Not at Intersection, ,Non-Junction,None,,,         ,MIchael,Mihajlov,Unknown,Not Collision with Motor Vehicle in Transport,no,no,no,no,yes,False
101873135,METROPOLITAN NASHVILLE POLICE DEPT,20171136611,Davidson,Nashville,12/30/2017 9:55:00 AM,2,0,0,36.041140,-86.776210,OLD HICKORY BLVD,,,,0.00,,,BRENTWOOD COMMONS WAY,,,,0.00,Y,Four-Way, ,Intersection,None,,,         ,Earl,Davis,Cloudy,Front to Rear,no,no,no,no,no,False
101873159,METROPOLITAN NASHVILLE POLICE DEPT,20171136687,Davidson,Nashville,12/30/2017 10:42:00 AM,2,0,0,36.192710,-86.744370,DOUGLAS AV,,,,0.00,,,GALLATIN AV,,,,0.00,Y,Four-Way, ,Intersection-Related,None,,,         ,Michael,Thompson,Cloudy,Front to Rear,no,no,no,no,no,False
101873225,METROPOLITAN NASHVILLE POLICE DEPT,20171136845,Davidson,Nashville,12/30/2017 12:25:00 PM,1,0,0,36.238200,-86.784110,BRILEY PKWYW,,,,274.00,Feet,West,I24 W ENT RAMP,,,,0.00,N,Not at Intersection,N,Non-Junction,None,,,         ,Cyretha,Frazier,Cloudy,Not Collision with Motor Vehicle in Transport,no,no,no,no,no,False
101873259,METROPOLITAN NASHVILLE POLICE DEPT,20171136697,Davidson,Not in City Limit,12/30/2017 10:50:00 AM,2,0,0,36.081940,-86.956640,I40 W EXT RAMP,,,,0.00,Feet,East,I 40,,,,0.00,N,Not at Intersection, ,Entrance/Exit Ramp Related,None,,,         ,Douglas,Atwood,Clear,Front to Rear,no,no,no,no,no,False
101873371,METROPOLITAN NASHVILLE POLICE DEPT,20171136956,Davidson,Nashville,12/30/2017 1:42:00 PM,2,0,0,36.210130,-86.691420,OPRYLAND DR,,,,896.00,Feet,South,BRILEY PKWY N EXT RAMP,,,,0.00,N,Not at Intersection,N,Non-Junction,None,,,         ,FELIKS,ABRAHAMYAN,Cloudy,Front to Rear,no,no,no,no,no,False
101873375,METROPOLITAN NASHVILLE POLICE DEPT,20171136867,Davidson,Nashville,12/30/2017 12:44:00 PM,2,1,0,36.123460,-86.717160,EAST THOMPSON LN,,,,829.00,Feet,West,WIMPOLE DR,,,,0.00,N,Not at Intersection,N,Non-Junction,None,,,         ,David,Simmonds,Clear,Angle,no,no,no,no,no,False
101873378,METROPOLITAN NASHVILLE POLICE DEPT,20171136913,Davidson,Nashville,12/30/2017 12:00:00 AM,2,0,0,36.167010,-86.763730,S 4TH ST,,,,0.00,,,SHELBY AV,,,,0.00,Y,Four-Way,Y,Intersection-Related,None,,,         ,Russell,Jones,Cloudy,Angle,no,no,no,no,no,False
101873394,METROPOLITAN NASHVILLE POLICE DEPT,20171136970,Davidson,Nashville,12/30/2017 2:10:00 PM,2,2,0,36.205600,-86.776570,I 65,,,,0.00,,,,,,,87.25,N,Not at Intersection,N,Non-Junction,None,,,         ,Brandon,Evans,Cloudy,Front to Rear,no,no,no,no,no,False
101873398,METROPOLITAN NASHVILLE POLICE DEPT,20171137013,Davidson,Nashville,12/30/2017 12:00:00 AM,1,0,0,36.181960,-86.799500,I65 N EXT RAMP,,,,0.00,Feet,East,I 65,,,,0.00,N,Not at Intersection, ,Non-Junction,None,,,         ,Adam,Gartner,Cloudy,Not Collision with Motor Vehicle in Transport,no,no,no,no,no,False
101873399,GOODLETTSVILLE POLICE DEPT,17-45994,Davidson,Goodlettsville,12/30/2017 2:20:00 PM,2,0,0,36.324850,-86.701550,CONFERENCE DR,,,,110.00,Feet,South,LONG HOLLOW PKE,,,,0.00,N,Not at Intersection, ,Non-Junction,None,,,         ,Charles,Hauskin,Clear,Angle,no,no,no,no,no,False
101873402,METROPOLITAN NASHVILLE POLICE DEPT,20171137041,Davidson,Nashville,12/30/2017 2:10:00 PM,2,0,0,36.184330,-86.692870,BRILEY PKWYS,,,,683.00,Feet,West,TWO RIVERS CT,,,,0.00,N,Not at Intersection, ,Non-Junction,None,,,         ,Jonathan,Cavezza,Cloudy,Front to Rear,no,no,no,no,no,False
101873407,METROPOLITAN NASHVILLE POLICE DEPT,20171136968,Davidson,Nashville,12/30/2017 2:06:00 PM,1,1,0,36.230720,-86.759050,DICKERSON PKE,,,,206.00,Feet,South,OAK VALLEY DR,,,,0.00,N,Not at Intersection,N,Unknown,None,,,         ,Tony,Folad,Cloudy,Unknown,no,no,no,no,no,False
101873412,METROPOLITAN NASHVILLE POLICE DEPT,20171137015,Davidson,Nashville,12/30/2017 2:42:00 PM,1,0,0,36.163850,-86.822450,ALBION ST,,,,31.00,Feet,West,30TH AVN,,,,0.00,N,Not at Intersection, ,Non-Junction,None,,,         ,Andrew,Delke,Cloudy,Not Collision with Motor Vehicle in Transport,no,no,no,no,no,False
101873417,METROPOLITAN NASHVILLE POLICE DEPT,20171137030,Davidson,Nashville,12/30/2017 3:05:00 PM,2,0,0,36.247640,-86.720580,GALLATIN PKES,,,,100.00,Feet,South,DUE WEST AVW,,,,0.00,N,Not at Intersection,N,Non-Junction,None,,,         ,Christopher,Littles,Cloudy,Front to Rear,no,no,no,no,no,False
101873472,METROPOLITAN NASHVILLE POLICE DEPT,20171137147,Davidson,Nashville,12/30/2017 4:00:00 PM,2,0,0,36.091410,-86.635510,VILLAGE GREEN DR,,,,775.00,Feet,South,FAIRWAY POINTE PVTDR,,,,0.00,N,Not at Intersection,N,Non-Junction,None,,,         ,Matthew,Turppa,Cloudy,Angle,no,no,no,yes,yes,False
101873492,METROPOLITAN NASHVILLE POLICE DEPT,20171137131,Davidson,Nashville,12/30/2017 3:11:00 PM,2,0,0,36.205940,-86.690110,BRILEY PKWYS,,,,447.00,Feet,North,OPRY MILLS DR,,,,0.00,N,Not at Intersection,N,Non-Junction,None,,,         ,Jonathan,Cavezza,Cloudy,Front to Rear,no,no,no,no,no,False
101873494,METROPOLITAN NASHVILLE POLICE DEPT,20171137141,Davidson,Goodlettsville,12/30/2017 3:50:00 PM,2,0,0,36.299400,-86.696170,CUDE LN,,,,190.00,Feet,South,GALLATIN PKEN,,,,0.00,N,Not at Intersection,N,Non-Junction,None,,,         ,Joanna,D'Agostino,Clear,Rear to Rear,no,no,no,yes,yes,False
101873497,METROPOLITAN NASHVILLE POLICE DEPT,20171137110,Davidson,Nashville,12/30/2017 3:54:00 PM,1,0,0,36.195880,-86.734060,CAHAL AV,,,,421.00,Feet,West,SCOTT AV,,,,0.00,N,Not at Intersection,N,Non-Junction,None,,,         ,James,Smith,Cloudy,Not Collision with Motor Vehicle in Transport,no,no,no,no,no,False
101873499,METROPOLITAN NASHVILLE POLICE DEPT,20171137179,Davidson,Nashville,12/30/2017 3:35:00 PM,2,0,0,36.203660,-86.689580,BRILEY PKWYS,,,,409.00,Feet,West,BRILEY PKWYN,,,,0.00,N,Not at Intersection,N,Non-Junction,None,,,         ,Johnathan,Pannell,Clear,Front to Rear,no,no,no,no,no,False
101873543,METROPOLITAN NASHVILLE POLICE DEPT,20171137168,Davidson,Nashville,12/30/2017 4:04:00 PM,2,0,0,36.147460,-86.744290,I 40,,,,0.00,,,,,,,212.00,N,Not at Intersection, ,,None,,,         ,Jonathan,Cavezza,,,no,no,no,no,no,False
101873544,METROPOLITAN NASHVILLE POLICE DEPT,20171137144,Davidson,Nashville,12/30/2017 3:50:00 PM,2,0,0,36.251940,-86.743220,DUE WEST AVN,,,,562.00,Feet,North,OLD DUE WEST AV,,,,0.00,N,Not at Intersection,N,Non-Junction,None,,,         ,Janelle,Keslar,Clear,Other,no,no,no,yes,yes,False
101873549,METROPOLITAN NASHVILLE POLICE DEPT,20171137080,Davidson,Nashville,12/30/2017 3:04:00 PM,2,0,0,36.147320,-86.798140,GRAND AV,,,,0.00,,,20TH AVS,,,,0.00,Y,T-Intersection, ,Non-Junction,None,,,         ,David,Collins,Cloudy,"Sideswipe, Same Direction",no,no,no,no,no,Campus
101873550,METROPOLITAN NASHVILLE POLICE DEPT,20171137238,Davidson,Nashville,12/30/2017 5:15:00 PM,3,0,0,36.136280,-86.699050,BRILEY PKWY,,,,126.00,Feet,North,BRILEY PKWYN,,,,0.00,N,Not at Intersection,N,Non-Junction,None,,,         ,Tyler,Maupin,Cloudy,Front to Rear,no,no,no,no,yes,False
101873552,METROPOLITAN NASHVILLE POLICE DEPT,20171137261,Davidson,Nashville,12/30/2017 5:28:00 PM,2,0,0,36.165450,-86.776440,1ST AVN,,,,0.00,Feet,,BANK ST,,,,0.00,Y,Four-Way, ,Non-Junction,None,,,         ,Chad,Wilkinson,Clear,Angle,no,no,no,no,no,False
101873560,METROPOLITAN NASHVILLE POLICE DEPT,20171137301,Davidson,Nashville,12/30/2017 6:01:00 PM,2,0,0,36.180590,-86.774480,I 24,,,,0.00,,,,,,,47.65,N,Not at Intersection,N,Non-Junction,None,,,         ,Derek,Betty,Clear,Front to Rear,no,no,no,no,yes,False
101873562,METROPOLITAN NASHVILLE POLICE DEPT,20171137205,Davidson,Nashville,12/30/2017 5:01:00 PM,2,1,0,36.057000,-86.620570,MURFREESBORO PKE,,,,1119.00,Feet,North,MT VIEW RD,,,,0.00,N,Not at Intersection,N,Non-Junction,None,,,         ,Pamela,Caulder,Cloudy,Front to Rear,no,no,no,no,yes,False
101873565,METROPOLITAN NASHVILLE POLICE DEPT,20171137281,Davidson,Nashville,12/30/2017 5:47:00 PM,1,1,0,36.173430,-86.769850,I 24,,,,0.00,,,,,,,48.20,N,Not at Intersection,N,Non-Junction,None,,,         ,Thomas,Miller,Clear,Not Collision with Motor Vehicle in Transport,no,no,no,no,no,False
101873566,METROPOLITAN NASHVILLE POLICE DEPT,20171137231,Davidson,Nashville,12/30/2017 5:08:00 PM,2,0,0,36.147460,-86.744290,I 40,,,,0.00,,,,,,,212.00,N,Not at Intersection, ,Non-Junction,None,,,         ,Jonathan,Cavezza,Cloudy,Front to Rear,no,no,no,no,no,False
101873567,METROPOLITAN NASHVILLE POLICE DEPT,20171137257,Davidson,Nashville,12/30/2017 12:00:00 AM,2,1,0,36.045250,-86.714500,OLD HICKORY BLVD,,,,89.00,Feet,East,BRENTWOOD EAST DR,,,,0.00,N,Not at Intersection,N,Non-Junction,None,,,         ,David,Robberson,Clear,Front to Rear,no,no,no,no,yes,False
101873569,METROPOLITAN NASHVILLE POLICE DEPT,20171137229,Davidson,Nashville,12/30/2017 5:00:00 PM,3,0,0,36.132390,-86.726870,I24E,,,,765.00,Feet,North,I24 W EXT RAMP,,,,0.00,N,Not at Intersection,N,Non-Junction,None,,,         ,Patrick,Martin,Cloudy,Front to Rear,no,no,no,no,yes,False
101873576,METROPOLITAN NASHVILLE POLICE DEPT,20171137328,Davidson,Nashville,12/30/2017 12:00:00 AM,2,1,0,36.175280,-86.798300,CHEATHAM PL,,,,17.00,Feet,South,ARTHUR AV,,,,0.00,N,Not at Intersection, ,Non-Junction,None,,,         ,Adam,Gartner,Cloudy,Angle,no,no,no,no,no,False
101873578,METROPOLITAN NASHVILLE POLICE DEPT,20171137272,Davidson,Not in City Limit,12/30/2017 5:35:00 PM,1,0,0,35.984100,-86.626240,BATTLE RD,,,,262.00,Feet,South,CAROTHERS RD,,,,0.00,N,Not at Intersection, ,Non-Junction,None,,,         ,Darryl,Williams,Clear,Not Collision with Motor Vehicle in Transport,no,no,no,no,no,False
101873589,METROPOLITAN NASHVILLE POLICE DEPT,20171137280,Davidson,Nashville,12/30/2017 5:45:00 PM,3,1,0,36.203060,-86.689440,BRILEY PKWYS,,,,426.00,Feet,West,BRILEY PKWYN,,,,0.00,N,Not at Intersection,N,Non-Junction,None,,,         ,John,Kelley,Clear,Front to Rear,no,no,no,no,no,False
101873591,METROPOLITAN NASHVILLE POLICE DEPT,20171137325,Davidson,Nashville,12/30/2017 6:05:00 PM,2,1,0,36.045600,-86.658470,I24 W EXT RAMP,,,,0.00,Feet,,I 24,,,,0.00,Y,Four-Way,Y,Entrance/Exit Ramp Related,None,,,         ,Devonte,Coleman,Clear,Angle,no,no,no,no,no,False
101873595,METROPOLITAN NASHVILLE POLICE DEPT,20171137296,Davidson,Not in City Limit,12/30/2017 5:58:00 PM,3,1,0,36.273610,-86.735870,I 65,,,,0.00,,,,,,,92.90,N,Not at Intersection,N,Non-Junction,None,,,         ,Joanna,D'Agostino,Clear,Front to Rear,no,no,no,no,no,False
101873622,METROPOLITAN NASHVILLE POLICE DEPT,20171137270,Davidson,Nashville,12/30/2017 5:30:00 PM,2,0,0,36.240890,-86.752100,BRILEY PKWYW,,,,46.00,Feet,South,I65 S ENT RAMP,,,,0.00,N,Not at Intersection,N,Non-Junction,None,,,         ,Joanna,D'Agostino,Clear,"Sideswipe, Same Direction",no,no,no,no,yes,False
101873633,METROPOLITAN NASHVILLE POLICE DEPT,20171137526,Davidson,Nashville,12/30/2017 8:12:00 PM,2,0,0,36.176920,-86.775920,SPRING ST,,,,78.00,Feet,East,COWAN ST,,,,0.00,N,Not at Intersection, ,Non-Junction,None,,,         ,Chad,Wilkinson,Clear,Angle,no,no,no,no,no,False
101873653,METROPOLITAN NASHVILLE POLICE DEPT,20171137291,Davidson,Nashville,12/30/2017 5:50:00 PM,3,1,0,36.172690,-86.807990,DR D B TODD JR BLVD,,,,0.00,,,,,,,0.00,,,N,Non-Junction,None,,,         ,Seth,Vaughn,Clear,Angle,no,no,no,yes,no,False
101873714,METROPOLITAN NASHVILLE POLICE DEPT,20171137527,Davidson,Nashville,12/30/2017 8:00:00 PM,2,1,0,36.084880,-86.728090,PARAGON MILLS RD,,,,33.00,Feet,East,NOLENSVILLE PKE,,,,0.00,N,Not at Intersection,Y,Non-Junction,None,,,         ,William,McDaniel,Clear,HeadOn,no,no,no,no,yes,False
101873715,METROPOLITAN NASHVILLE POLICE DEPT,20171137121,Davidson,Nashville,12/30/2017 2:55:00 PM,2,0,0,36.221360,-86.693710,BRILEY PKWYS,,,,562.00,Feet,North,BRILEY PKWY S EXT RAMP,,,,0.00,N,Not at Intersection, ,,None,,,         ,Brent,Hedgcoth,,,no,no,no,no,no,False
101873723,METROPOLITAN NASHVILLE POLICE DEPT,20171137697,Davidson,Nashville,12/30/2017 9:45:00 PM,2,1,0,36.045320,-86.713740,OLD HICKORY BLVD,,,,141.00,Feet,West,NOLENSVILLE PKE,,,,0.00,N,Not at Intersection,N,Non-Junction,None,,,         ,Edin,Plancic,Clear,HeadOn,no,no,no,no,yes,False
101873738,METROPOLITAN NASHVILLE POLICE DEPT,20171137559,Davidson,Nashville,12/30/2017 6:15:00 PM,2,0,0,36.067300,-86.774210,FRANKLIN PKE,,,,304.00,Feet,South,EVANSDALE DR,,,,0.00,N,Not at Intersection, ,Non-Junction,None,,,         ,David,Robberson,Clear,"Sideswipe, Same Direction",no,no,no,no,yes,False
101873745,METROPOLITAN NASHVILLE POLICE DEPT,20171137725,Davidson,Nashville,12/30/2017 10:12:00 PM,2,0,0,36.179780,-86.750060,GALLATIN AV,,,,92.00,Feet,North,N 11TH ST,,,,0.00,N,Not at Intersection, ,Non-Junction,None,,,         ,Thomas,Miller,Clear,"Sideswipe, Opposite Direction",no,no,no,no,no,False
101873749,METROPOLITAN NASHVILLE POLICE DEPT,20171137170,Davidson,Nashville,12/30/2017 4:20:00 PM,3,1,0,36.203910,-86.689450,BRILEY PKWYN,,,,1673.00,Feet,North,BRILEY PKWYS,,,,0.00,N,Not at Intersection,N,Non-Junction,None,,,         ,Brent,Hedgcoth,Cloudy,Front to Rear,no,no,no,no,no,False