master_record_number,agency,agency_tracking_number,county,city,collision_date,vehicles_involved,number_injured,number_dead,latitude,longitude,roadway_name,roadway_suffix,roadway_number,roadway_local_id,distance_from_reference,miles-feet_indicator,direction_from_reference,intersection_road_name,intersection_road_name_suffix,intersection_road_number,intersection_local_id,mile_marker,intersection_indicator,intersect_type,interchange_related_indicator,relation_to_junction,work_zone_type,construction_maintenance_zone,construction_maintenance_zone_location,fatal_case_number,officer_first_name,officer_last_name,weather_condition(s),manner_of_crash,pedestrian,bicycle,scooter,parking,hitrun,mou
101873750,METROPOLITAN NASHVILLE POLICE DEPT,20171137543,Davidson,Nashville,12/30/2017 8:05:00 PM,1,0,0,36.142520,-86.651450,I 40,,,,0.00,,,,,,,217.50,N,Not at Intersection,N,Non-Junction,None,,,         ,Brent,Hedgcoth,Clear,Not Collision with Motor Vehicle in Transport,no,no,no,no,no,False
101873780,METROPOLITAN NASHVILLE POLICE DEPT,20171137749,Davidson,Nashville,12/30/2017 10:24:00 PM,2,0,0,36.085280,-86.702040,I24 E ENT RAMP,,,,0.00,Feet,East,I 24,,,,0.00,N,Not at Intersection,N,Non-Junction,None,,,         ,Patrick,Martin,Cloudy,Front to Rear,no,no,no,no,no,False
101873841,METROPOLITAN NASHVILLE POLICE DEPT,20171137806,Davidson,Nashville,12/30/2017 11:01:00 PM,1,1,0,36.154430,-86.788490,I 40,,,,0.00,,,,,,,209.25,N,Not at Intersection,N,Non-Junction,None,,,         ,Nicholas,Smith,Clear,Not Collision with Motor Vehicle in Transport,no,no,no,no,no,False
101873860,METROPOLITAN NASHVILLE POLICE DEPT,20171138048,Davidson,Nashville,12/31/2017 12:45:00 AM,2,0,0,36.045740,-86.674350,BELL RD,,,,0.00,,,BLUE HOLE RD,,,,0.00,Y,Four-Way,N,Intersection,None,,,         ,Erik,Schall,Clear,Front to Rear,no,no,no,no,yes,False
101873878,METROPOLITAN NASHVILLE POLICE DEPT,20171138079,Davidson,Nashville,12/31/2017 12:59:00 AM,3,0,0,36.154340,-86.798960,19TH AVN,,,,0.00,,,CHURCH ST,,,,0.00,Y,Four-Way, ,Intersection,None,,,         ,Eric,Westbrook,Clear,Angle,no,no,no,no,no,False
101873887,METROPOLITAN NASHVILLE POLICE DEPT,20171137999,Davidson,Not in City Limit,12/31/2017 12:25:00 AM,1,1,0,36.054770,-86.948600,OLD HARDING PKE,,,,444.00,Feet,East,BROOK GLEN CV,,,,0.00,N,Not at Intersection,N,Non-Junction,None,,,         ,Ian,Ward,Clear,Not Collision with Motor Vehicle in Transport,no,no,no,no,no,False
101873889,METROPOLITAN NASHVILLE POLICE DEPT,20171137940,Davidson,Nashville,12/30/2017 11:30:00 PM,2,0,0,36.248610,-86.719950,GALLATIN PKES,,,,231.00,Feet,North,DUE WEST AVE,,,,0.00,N,Not at Intersection, ,Non-Junction,None,,,         ,Patrick,Lancaster,Clear,"Sideswipe, Same Direction",no,no,no,no,no,False
101873890,METROPOLITAN NASHVILLE POLICE DEPT,20171137962,Davidson,Nashville,12/30/2017 11:06:00 PM,1,1,0,36.138930,-86.822750,I 440,,,,0.00,,,,,,,0.30,N,Not at Intersection,N,Non-Junction,None,,,         ,Justin,Vaughn,Clear,Not Collision with Motor Vehicle in Transport,no,no,no,no,no,False
101873896,METROPOLITAN NASHVILLE POLICE DEPT,20171137896,Davidson,Nashville,12/30/2017 11:30:00 PM,2,0,0,36.111620,-86.792580,WOODMONT BLVD,,,,0.00,,,GRANNY WHITE PKE,,,,0.00,Y,Four-Way, ,Non-Junction,None,,,         ,Akira,McSwain,Clear,Angle,no,no,no,no,no,False
101873898,METROPOLITAN NASHVILLE POLICE DEPT,20171137796,Davidson,Nashville,12/30/2017 10:37:00 PM,1,0,0,36.187520,-86.800190,DOMINICAN DR,,,,49.00,Feet,West,ATHENS WAY,,,,0.00,N,Not at Intersection, ,Non-Junction,None,,,         ,Jamel,Griffin,Clear,Not Collision with Motor Vehicle in Transport,no,no,no,no,no,False
101873903,METROPOLITAN NASHVILLE POLICE DEPT,20171138252,Davidson,Nashville,12/31/2017 12:00:00 AM,1,0,0,36.167090,-86.825640,32ND AVN,,,,95.00,Feet,South,JOHN A MERRITT BLVD,,,,0.00,N,Not at Intersection,N,Non-Junction,None,,,         ,Myriah,Iles,Clear,Not Collision with Motor Vehicle in Transport,no,no,no,no,yes,False
101873910,METROPOLITAN NASHVILLE POLICE DEPT,20171138128,Davidson,Antioch,12/31/2017 1:18:00 AM,2,0,0,36.028350,-86.590470,MURFREESBORO PKE,,,,0.00,,,LAVERGNE COUCHVILLE PKE,,,,0.00,Y,Four-Way,N,Intersection,None,,,         ,Sandra,Fly,Clear,Front to Rear,no,no,no,no,no,False
101873911,METROPOLITAN NASHVILLE POLICE DEPT,20171138275,Davidson,Nashville,12/31/2017 2:47:00 AM,2,0,0,36.162230,-86.774360,1ST AVS,,,,0.00,,,BROADWAY,,,,0.00,Y,T-Intersection,N,Intersection-Related,None,,,         ,Joseph,Zambardi,Clear,Front to Rear,no,no,no,no,yes,False
101873927,METROPOLITAN NASHVILLE POLICE DEPT,20171138256,Davidson,Nashville,12/31/2017 12:00:00 AM,1,1,0,36.172370,-86.768790,I24 W EXT RAMP,,,,0.00,,,I 24,,,,0.00,Y,Y-Intersection,N,Entrance/Exit Ramp Related,None,,,         ,Amanda,Hane,,Unknown,no,no,no,no,yes,False
101873937,METROPOLITAN NASHVILLE POLICE DEPT,20171138303,Davidson,Nashville,12/31/2017 3:07:00 AM,2,0,0,36.189490,-86.746750,SHARPE AV,,,,246.00,Feet,West,GALLATIN AV,,,,0.00,N,Not at Intersection, ,Non-Junction,None,,,         ,Samuel,Kersten,Clear,"Sideswipe, Same Direction",no,no,no,no,yes,False
101873939,METROPOLITAN NASHVILLE POLICE DEPT,20171138162,Davidson,Nashville,12/31/2017 1:40:00 AM,2,0,0,36.241970,-86.757130,BRILEY PKWY W ENT RAMP,,,,0.00,,,DICKERSON PKE ENT RAMP,,,,0.00,Y,Y-Intersection,Y,Entrance/Exit Ramp Related,None,,,         ,Rudy,Basaldua,Clear,Angle,no,no,no,no,yes,False
101873941,METROPOLITAN NASHVILLE POLICE DEPT,20171138064,Davidson,Nashville,12/31/2017 12:45:00 AM,2,0,0,36.166340,-86.779070,3RD AVN,,,,0.00,Feet,East,DEADERICK ST,,,,0.00,N,Not at Intersection, ,Non-Junction,None,,,         ,Damon,Hutcheson,Clear,"Sideswipe, Same Direction",no,no,no,no,no,False
101873943,METROPOLITAN NASHVILLE POLICE DEPT,20171138336,Davidson,Nashville,12/31/2017 3:33:00 AM,2,0,0,36.142200,-86.666600,I40 W EXT RAMP,,,,0.00,,,DONELSON PKE,,,,0.00,Y,Four-Way,N,Intersection,None,,,         ,Joseph,Zambardi,Clear,Front to Rear,no,no,no,no,no,False
101873949,METROPOLITAN NASHVILLE POLICE DEPT,20171138228,Davidson,Nashville,12/31/2017 1:30:00 AM,2,1,0,36.160470,-86.778440,5TH AVS,,,,0.00,Feet,North,BROADWAY,,,,0.00,N,Not at Intersection,N,Non-Junction,None,,,         ,Paxton,Montgomery,Clear,"Sideswipe, Same Direction",no,no,no,no,no,False
101873973,METROPOLITAN NASHVILLE POLICE DEPT,20171138273,Davidson,Nashville,12/31/2017 12:15:00 AM,2,0,0,36.243170,-86.750490,I65 S EXT RAMP,,,,0.00,Feet,East,I 65,,,,0.00,N,Not at Intersection,N,Non-Junction,None,,,         ,Rudy,Basaldua,Clear,Angle,no,no,no,yes,yes,False
101873980,METROPOLITAN NASHVILLE POLICE DEPT,20171138189,Davidson,Nashville,12/31/2017 1:54:00 AM,1,0,0,36.069590,-86.703010,HAYWOOD LN,,,,248.00,Feet,North,LOCUSTWOOD DR,,,,0.00,N,Not at Intersection,N,Non-Junction,None,,,         ,Kevin,McGinniss,Clear,Not Collision with Motor Vehicle in Transport,no,no,no,no,yes,False
101873992,METROPOLITAN NASHVILLE POLICE DEPT,20171138524,Davidson,Nashville,12/31/2017 6:15:00 AM,3,0,0,36.167200,-86.762000,S 5TH ST,,,,186.00,Feet,South,SHELBY AV,,,,0.00,N,Not at Intersection,N,Non-Junction,None,,,         ,Gregory,Cenicola,Clear,Angle,no,no,no,yes,no,False
101873999,METROPOLITAN NASHVILLE POLICE DEPT,20171138562,Davidson,Nashville,12/31/2017 6:40:00 AM,3,0,0,36.083900,-86.714000,TANGLEWOOD CT,,,,569.00,Feet,North,WHISPERING OAKS PL,,,,0.00,N,Not at Intersection,N,Non-Junction,None,,,         ,Michael,Dudley,Clear,"Sideswipe, Same Direction",no,no,no,yes,no,False
101874004,METROPOLITAN NASHVILLE POLICE DEPT,20171138597,Davidson,Nashville,12/31/2017 12:00:00 AM,2,0,0,36.149960,-86.762310,CHARLES E DAVIS BLVD,,,,296.00,Feet,North,J C NAPIER CT,,,,0.00,N,Not at Intersection, ,Non-Junction,None,,,         ,Jed,Baldoni,Clear,Angle,no,no,no,no,yes,False
101874005,METROPOLITAN NASHVILLE POLICE DEPT,20171138583,Davidson,Nashville,12/31/2017 12:00:00 AM,1,0,0,36.089180,-86.617090,BUTLER RD,,,,31.00,Feet,South,SMITH SPRINGS RD,,,,0.00,N,Not at Intersection,N,Non-Junction,None,,,         ,Terry,Denton,Clear,Not Collision with Motor Vehicle in Transport,no,no,no,no,no,False
101874012,METROPOLITAN NASHVILLE POLICE DEPT,20171138651,Davidson,Nashville,12/31/2017 8:14:00 AM,2,1,0,36.082100,-86.761700,HARDING PL,,,,0.00,,,SIDCO DR,,,,0.00,Y,Four-Way,N,Intersection,None,,,         ,Ian,Hammond,Clear,Angle,no,no,no,no,no,False
101874014,METROPOLITAN NASHVILLE POLICE DEPT,20171138699,Davidson,Nashville,12/31/2017 8:57:00 AM,2,0,0,36.256190,-86.714390,NEELYS BEND RD,,,,0.00,Feet,North,GALLATIN PKES,,,,0.00,N,Not at Intersection, ,Non-Junction,None,,,         ,Peter,Vaught,Clear,"Sideswipe, Same Direction",no,no,no,no,no,False
101874048,METROPOLITAN NASHVILLE POLICE DEPT,20171138753,Davidson,Nashville,12/31/2017 8:50:00 AM,2,1,0,36.147230,-86.757700,LAFAYETTE ST,,,,72.00,Feet,East,FAIRFIELD AV,,,,0.00,N,Not at Intersection,N,Non-Junction,None,,,         ,Gerry,Hutcheson,Clear,Front to Rear,no,no,no,no,no,False
101874105,METROPOLITAN NASHVILLE POLICE DEPT,20171138829,Davidson,Nashville,12/31/2017 10:19:00 AM,2,0,0,36.171530,-86.768760,JAMES ROBERTSON PKWY,,,,89.00,Feet,East,INTERSTATE DR,,,,0.00,N,Not at Intersection, ,,None,,,         ,Michael,Agee,,,no,no,no,no,no,False
101874106,METROPOLITAN NASHVILLE POLICE DEPT,20171138924,Davidson,Not in City Limit,12/31/2017 10:50:00 AM,1,0,0,36.077540,-87.034490,I 40,,,,0.00,,,,,,,191.75,N,Not at Intersection, ,,None,,,         ,John,Frazier,,,no,no,no,no,no,False
101874139,METROPOLITAN NASHVILLE POLICE DEPT,20171138948,Davidson,Nashville,12/31/2017 11:30:00 AM,2,0,0,36.168570,-86.762730,EDGEFIELD MANOR PVTDR,,,,8.00,Feet,East,S 5TH ST,,,,0.00,N,Not at Intersection,Y,"Driveway, Alley Access, etc",None,,,         ,Daniel,Wadham,Clear,"Sideswipe, Same Direction",no,no,no,no,no,False
101874178,METROPOLITAN NASHVILLE POLICE DEPT,20171139080,Davidson,Nashville,12/31/2017 1:00:00 PM,2,3,0,36.152240,-86.625070,BELL RD,,,,0.00,,,STEWARTS FERRY PKE,,,,0.00,Y,Four-Way,N,Intersection-Related,None,,,         ,MIchael,Mihajlov,Clear,HeadOn,no,no,no,no,no,False
101874215,METROPOLITAN NASHVILLE POLICE DEPT,20171139086,Davidson,Nashville,12/31/2017 12:54:00 PM,3,0,0,36.197210,-86.776200,I 65,,,,0.00,,,,,,,86.70,N,Not at Intersection,N,Non-Junction,None,,,         ,Brandon,Evans,Clear,Front to Rear,no,no,no,no,yes,False
101874216,METROPOLITAN NASHVILLE POLICE DEPT,20171138801,Davidson,Nashville,12/31/2017 1:45:00 PM,2,0,0,36.150510,-86.767830,2ND AVS,,,,11.00,Feet,South,MCCANN ST,,,,0.00,N,Not at Intersection, ,Non-Junction,None,,,         ,Gerry,Hutcheson,Cloudy,Front to Rear,no,no,no,no,no,False
101874225,METROPOLITAN NASHVILLE POLICE DEPT,20171139178,Davidson,Nashville,12/31/2017 2:06:00 PM,2,0,0,36.154600,-86.786200,12TH AVS,,,,0.00,Feet,East,DEMONBREUN ST,,,,0.00,N,Not at Intersection,N,Non-Junction,None,,,         ,Kevin,Johnson,Clear,Front to Rear,no,no,no,no,yes,False
101874276,METROPOLITAN NASHVILLE POLICE DEPT,20171139064,Davidson,Nashville,12/31/2017 12:53:00 PM,2,0,0,36.045430,-86.703610,OLD HICKORY BLVD,,,,0.00,,,EULALA DR,,,,0.00,Y,Four-Way,N,Intersection-Related,None,,,         ,Caleb,Jernigan,Clear,Front to Rear,no,no,no,no,no,False
101874303,METROPOLITAN NASHVILLE POLICE DEPT,20171139186,Davidson,Nashville,12/31/2017 2:10:00 PM,2,0,0,36.255490,-86.714790,US HWY 31E,,,,218.00,Feet,North,MADISON SQ,,,,0.00,N,Not at Intersection, ,,None,,,         ,Brittani,Campbell,,,no,no,no,no,no,False
101874306,METROPOLITAN NASHVILLE POLICE DEPT,20171139249,Davidson,Nashville,12/31/2017 2:52:00 PM,2,0,0,36.198000,-86.687850,BRILEY PKWY N EXT RAMP,,,,0.00,Feet,East,OPRY MILLS DR,,,,0.00,N,Not at Intersection, ,Entrance/Exit Ramp Related,None,,,         ,John,Kelley,Clear,Front to Rear,no,no,no,no,no,False
101874312,METROPOLITAN NASHVILLE POLICE DEPT,20171139257,Davidson,Nashville,12/31/2017 2:44:00 PM,2,0,0,36.164950,-86.776090,CHURCH ST,,,,0.00,,,1ST AVN,,,,0.00,Y,Four-Way, ,Intersection,None,,,         ,David,Snowden,Clear,Front to Rear,no,no,no,no,no,False
101874315,METROPOLITAN NASHVILLE POLICE DEPT,20171139265,Davidson,Nashville,12/31/2017 2:59:00 PM,2,0,0,36.127570,-86.843880,WOODLAWN DR,,,,0.00,,,HARDING PKE,,,,0.00,Y,Four-Way,N,Intersection,None,,,         ,Ethan,Usherwood,Clear,Angle,no,no,no,no,no,False
101874356,METROPOLITAN NASHVILLE POLICE DEPT,20171139374,Davidson,Nashville,12/31/2017 2:43:00 PM,2,0,0,36.171880,-86.773730,N 1ST ST,,,,639.00,Feet,North,MAIN ST,,,,0.00,N,Not at Intersection, ,Non-Junction,None,,,         ,David,Snowden,Clear,"Sideswipe, Same Direction",no,no,no,no,no,False
101874366,METROPOLITAN NASHVILLE POLICE DEPT,20171139391,Davidson,Nashville,12/31/2017 4:04:00 PM,2,1,0,36.157650,-86.773410,KOREAN VETERANS BLVD,,,,0.00,,,3RD AVS,,,,0.00,Y,Four-Way,N,Intersection,None,,,         ,Brian,Woodard,Clear,Angle,no,no,no,no,no,False
101874369,METROPOLITAN NASHVILLE POLICE DEPT,20171139424,Davidson,Nashville,12/31/2017 4:20:00 PM,2,0,0,36.169270,-86.655550,LEBANON PKE,,,,16.00,Feet,East,CEDARSTONE WAY,,,,0.00,N,Not at Intersection,N,Non-Junction,None,,,         ,John,Kelley,Clear,Front to Rear,no,no,no,no,no,False
101874403,METROPOLITAN NASHVILLE POLICE DEPT,20171139573,Davidson,Antioch,12/31/2017 5:40:00 PM,2,3,0,36.037390,-86.586390,MAXWELL RD,,,,0.00,,,LAVERGNE COUCHVILLE PKE,,,,0.00,Y,Four-Way,N,Intersection,None,,,         ,Candice,Soper,Clear,Angle,no,no,no,no,no,False
101874420,METROPOLITAN NASHVILLE POLICE DEPT,20171139578,Davidson,Nashville,12/31/2017 12:00:00 AM,2,0,0,36.160020,-86.825270,33RD AVN,,,,109.00,Feet,South,BATAVIA ST,,,,0.00,N,Not at Intersection, ,Non-Junction,None,,,         ,Melvin,Taylor,Clear,"Sideswipe, Opposite Direction",no,no,no,no,no,False
101874421,METROPOLITAN NASHVILLE POLICE DEPT,20171139596,Davidson,Nashville,12/31/2017 6:04:00 PM,2,0,0,36.244570,-86.735680,LEWIS RD,,,,0.00,,,LEWIS CT,,,,0.00,Y,T-Intersection, ,Intersection,None,,,         ,Christopher,Littles,Clear,Angle,no,no,no,no,no,False
101874423,METROPOLITAN NASHVILLE POLICE DEPT,20171139543,Davidson,Nashville,12/31/2017 5:15:00 PM,2,1,0,36.065130,-86.697200,KEELEY DR,,,,683.00,Feet,West,CREEKSIDE DR,,,,0.00,N,Not at Intersection,N,Non-Junction,None,,,         ,Devonte,Coleman,Clear,HeadOn,no,no,no,no,no,False
101874442,BERRY HILL POLICE DEPT,17-4398,Davidson,Berry Hill,12/31/2017 6:30:00 PM,2,0,0,36.112160,-86.765280,THOMPSON LN,,,,334.00,Feet,South,DOGWOOD PL,,,,0.00,N,Not at Intersection,N,Non-Junction,None,,,         ,Stephen,Reece,Clear,HeadOn,no,no,no,no,no,False
101874443,METROPOLITAN NASHVILLE POLICE DEPT,20171139683,Davidson,Nashville,12/31/2017 7:02:00 PM,2,0,0,36.154890,-86.773240,4TH AVS,,,,74.00,Feet,North,LEA AV,,,,0.00,N,Not at Intersection, ,Non-Junction,None,,,         ,Brian,Woodard,Clear,Angle,no,no,no,no,no,False
101874448,METROPOLITAN NASHVILLE POLICE DEPT,20171139695,Davidson,Nashville,12/31/2017 6:32:00 PM,2,0,0,36.105360,-86.814220,HILLSBORO PKE,,,,206.00,Feet,South,ABBOTT MARTIN RD,,,,0.00,N,Not at Intersection, ,,None,,,         ,Ethan,Usherwood,,,no,no,no,no,no,False
101874452,METROPOLITAN NASHVILLE POLICE DEPT,20171139672,Davidson,Nashville,12/31/2017 6:49:00 PM,2,0,0,36.167840,-86.765540,I 24,,,,0.00,,,,,,,48.85,N,Not at Intersection, ,Non-Junction,None,,,         ,Michael,Moss,Clear,Front to Rear,no,no,no,no,no,False
101874464,METROPOLITAN NASHVILLE POLICE DEPT,20171139674,Davidson,Nashville,12/31/2017 12:00:00 AM,2,0,0,36.168720,-86.766070,I 24,,,,0.00,,,,,,,48.80,N,Not at Intersection, ,Non-Junction,None,,,         ,Gordon,Stovall,Clear,Front to Rear,no,no,no,no,no,False
101874466,METROPOLITAN NASHVILLE POLICE DEPT,20171139723,Davidson,Nashville,12/31/2017 7:23:00 PM,2,0,0,36.153570,-86.787570,I40 W EXT RAMP,,,,147.00,Feet,South,I 40,,,,0.00,N,Not at Intersection, ,,None,,,         ,Jacob,Dick,,,no,no,no,no,no,False
101874483,METROPOLITAN NASHVILLE POLICE DEPT,20171139461,Davidson,Nashville,12/31/2017 4:30:00 PM,2,0,0,36.137610,-86.820890,WEST END AV,,,,7.00,Feet,South,I440 W EXT RAMP,,,,0.00,N,Not at Intersection,N,Entrance/Exit Ramp Related,None,,,         ,Torian,Cox,Clear,Front to Rear,no,no,no,no,no,False
101874491,METROPOLITAN NASHVILLE POLICE DEPT,20171139810,Davidson,Nashville,12/31/2017 8:06:00 PM,2,0,0,36.142900,-86.815140,WEST END AV,,,,154.00,Feet,North,31ST AVN,,,,0.00,N,Not at Intersection, ,Non-Junction,None,,,         ,Nicholas,Carroll,Clear,Front to Rear,no,no,no,no,no,Campus
101874518,METROPOLITAN NASHVILLE POLICE DEPT,20171139670,Davidson,Nashville,12/31/2017 6:53:00 PM,2,0,0,36.158260,-86.790480,GEORGE L DAVIS BLVD,,,,64.00,Feet,South,I40 W ENT RAMP,,,,0.00,N,Not at Intersection, ,,None,,,         ,Ryan,Cagle,,,no,no,no,no,no,False
101874533,METROPOLITAN NASHVILLE POLICE DEPT,20171139680,Davidson,Not in City Limit,12/31/2017 6:31:00 PM,2,0,0,36.043750,-86.958900,HIGHWAY 100,,,,12.00,Feet,West,COLLINS RD,,,,0.00,N,Not at Intersection, ,Non-Junction,None,,,         ,Anthony,Cucci,Clear,HeadOn,no,no,no,no,no,False
101874535,METROPOLITAN NASHVILLE POLICE DEPT,20171139706,Davidson,Nashville,12/31/2017 7:10:00 PM,2,1,0,36.234390,-86.720850,BRILEY PKWYW,,,,150.00,Feet,East,BRILEY PKWYE,,,,0.00,N,Not at Intersection,N,Non-Junction,None,,,         ,Broderick,Jones,Clear,"Sideswipe, Same Direction",no,no,no,no,no,False
101874539,METROPOLITAN NASHVILLE POLICE DEPT,20171139500,Davidson,Not in City Limit,12/31/2017 5:00:00 PM,2,0,0,36.073910,-86.926280,HIGHWAY 70S,,,,1.00,Feet,West,HICKS RD,,,,0.00,N,Not at Intersection,N,Non-Junction,None,,,         ,Andrew,Brazee,Clear,"Sideswipe, Same Direction",no,no,no,no,yes,False
101874541,METROPOLITAN NASHVILLE POLICE DEPT,20171139794,Davidson,Nashville,12/31/2017 8:14:00 PM,1,0,0,36.051360,-86.623340,MT VIEW RD,,,,187.00,Feet,West,MT VIEW CIR,,,,0.00,N,Not at Intersection,N,Non-Junction,None,,,         ,Kevin,Clausius,Clear,Not Collision with Motor Vehicle in Transport,no,no,no,no,no,False
101874542,METROPOLITAN NASHVILLE POLICE DEPT,20171139628,Davidson,Nashville,12/31/2017 6:29:00 PM,2,0,0,36.086460,-86.698690,I24 W EXT RAMP,,,,0.00,Feet,East,I 24,,,,0.00,N,Not at Intersection,N,Non-Junction,None,,,         ,Je-Marc,Sears,Clear,Front to Rear,no,no,no,no,no,False
101874553,GOODLETTSVILLE POLICE DEPT,17-46130,Davidson,Goodlettsville,12/31/2017 9:20:00 PM,2,1,0,36.305978,-86.693735,MALL ACCESS,RD,,,0.00,Feet,,CONFERENCE,DR,,,0.00,Y,T-Intersection, ,Intersection,None,,,         ,Donald,Brinton,Clear,Angle,no,no,no,no,no,False
101874587,METROPOLITAN NASHVILLE POLICE DEPT,20171139474,Davidson,Nashville,12/31/2017 4:25:00 PM,2,0,0,36.130100,-86.855600,WHITE BRIDGE PKE,,,,305.00,Feet,East,WHITE BRIDGE RD PVTDR,,,,0.00,N,Not at Intersection, ,Non-Junction,None,,,         ,Regina,Lewis,Clear,Angle,no,no,no,no,no,False
101874595,METROPOLITAN NASHVILLE POLICE DEPT,20171139809,Davidson,Not in City Limit,12/31/2017 8:21:00 PM,1,1,0,36.090200,-86.940140,I 40,,,,0.00,,,,,,,197.45,N,Not at Intersection,N,Non-Junction,None,,,         ,Jeremy,Huffine,Clear,Not Collision with Motor Vehicle in Transport,no,no,no,no,no,False
101874596,METROPOLITAN NASHVILLE POLICE DEPT,20171140127,Davidson,Nashville,12/31/2017 11:36:00 PM,2,0,0,36.155400,-86.796800,CHURCH ST,,,,251.00,Feet,East,18TH AVN,,,,0.00,N,Not at Intersection,N,Non-Junction,None,,,         ,Nicholas,Smith,Clear,Angle,no,no,no,no,yes,False
101874610,METROPOLITAN NASHVILLE POLICE DEPT,20171140136,Davidson,Nashville,12/31/2017 11:41:00 PM,2,0,0,36.195510,-86.737200,N 16TH ST,,,,190.00,Feet,North,CHESTER AV,,,,0.00,N,Not at Intersection,N,Non-Junction,None,,,         ,Derrick,Toney,Clear,"Sideswipe, Opposite Direction",no,no,no,no,yes,False
101874615,METROPOLITAN NASHVILLE POLICE DEPT,20171140082,Davidson,Nashville,12/31/2017 11:14:00 PM,2,3,0,36.044470,-86.650970,HICKORY HOLLOW PKWY,,,,0.00,,,CROSSINGS BLVD,,,,0.00,Y,T-Intersection,N,Intersection,None,,,         ,William,Coy,Clear,Angle,no,no,no,no,no,False
101874616,METROPOLITAN NASHVILLE POLICE DEPT,20171140099,Davidson,Nashville,12/31/2017 11:11:00 PM,2,0,0,36.079600,-86.726320,HARDING PL,,,,0.00,,,NOLENSVILLE PKE,,,,0.00,Y,Four-Way, ,Intersection-Related,None,,,         ,Dale,Dameron,Clear,Front to Rear,no,no,no,no,no,False
101874640,METROPOLITAN NASHVILLE POLICE DEPT,20171140165,Davidson,Nashville,12/31/2017 11:30:00 PM,1,0,0,36.084190,-86.637520,FLINTLOCK PL,,,,181.00,Feet,South,FLINTLOCK CT,,,,0.00,N,Not at Intersection,N,Non-Junction,None,,,         ,Kyle,Berkheiser,Clear,Not Collision with Motor Vehicle in Transport,no,no,no,no,no,False
101874687,METROPOLITAN NASHVILLE POLICE DEPT,20171140077,Davidson,Nashville,12/31/2017 11:10:00 PM,3,1,0,36.131430,-86.834320,WEST END AV,,,,0.00,,,WILSON BLVDS,,,,0.00,Y,T-Intersection,N,Intersection,None,,,         ,Edward,Holden,Clear,Other,no,no,no,no,no,False
101874722,METROPOLITAN NASHVILLE POLICE DEPT,20171140033,Davidson,Nashville,12/31/2017 10:11:00 PM,2,0,0,36.168350,-86.813710,I40 E EXT RAMP,,,,0.00,Feet,East,I 40,,,,0.00,N,Not at Intersection, ,Non-Junction,None,,,         ,Joshua,Green,Clear,Front to Rear,no,no,no,no,no,False
101875446,METROPOLITAN NASHVILLE POLICE DEPT,20171137343,Davidson,Nashville,12/30/2017 6:19:00 PM,2,0,0,36.044770,-86.661300,BELL RD,,,,67.00,Feet,East,CANE RIDGE RD,,,,0.00,N,Not at Intersection, ,,None,,,         ,Pamela,Caulder,,,no,no,no,no,no,False
101875725,METROPOLITAN NASHVILLE POLICE DEPT,20171135193,Davidson,Nashville,12/29/2017 7:10:00 PM,2,0,0,36.164220,-86.769470,S 1ST ST,,,,300.00,Feet,South,VICTORY AV,,,,0.00,N,Not at Intersection,N,Non-Junction,None,,,         ,Donald,Davidson,Clear,"Sideswipe, Same Direction",no,no,no,no,no,False
101876416,VANDERBILT UNIVERSITY POLICE,17-11311338,Davidson,Nashville,12/28/2017 12:00:00 AM,2,0,0,36.109310,-86.763510,POWELL AV,,,,0.00,,,,,,,0.00,,, ,"Driveway, Alley Access, etc",None,,,         ,Donald,Clark,Clear,Front to Rear,no,no,no,yes,no,False
101879036,THP District 3 - Nashville,317077195,Davidson,Not in City Limit,12/27/2017 8:10:00 PM,4,4,0,36.343660,-86.923250,I 24,,,,0.00,,,,,,,31.50,N,Not at Intersection,N,Non-Junction,None,,,         ,Devin,Bargatze,Clear,Front to Rear,no,no,no,no,no,False
101882924,METROPOLITAN NASHVILLE POLICE DEPT,20171138443,Davidson,Nashville,12/31/2017 5:14:00 AM,1,0,1,36.094090,-86.758520,SIDCO DR,,,,110.00,Feet,West,POWELL AV,,,,0.00,N,Not at Intersection,N,Non-Junction,None,,,17-0957  ,Donald,Davidson,Clear,Not Collision with Motor Vehicle in Transport,no,no,no,no,no,False
101883082,METROPOLITAN NASHVILLE POLICE DEPT,20171138028,Davidson,Nashville,12/31/2017 12:00:00 AM,2,0,0,36.129950,-86.639010,HAMMACK DR,,,,206.00,Feet,East,WOODMAKER CT,,,,0.00,N,Not at Intersection,N,Non-Junction,None,,,         ,Michael,Dance,Unknown,Unknown,no,no,no,no,yes,False
101889031,METROPOLITAN NASHVILLE POLICE DEPT,20171139651,Davidson,Nashville,12/31/2017 6:43:00 PM,1,2,0,36.275780,-86.726230,E CAMPBELL RD,,,,166.00,Feet,West,RONNIE RD,,,,0.00,N,Not at Intersection,N,Non-Junction,None,,,17-0956  ,Donald,Davidson,Clear,Not Collision with Motor Vehicle in Transport,no,no,no,no,no,False
101911463,GOODLETTSVILLE POLICE DEPT,17-45883,Davidson,Goodlettsville,12/29/2017 4:15:00 PM,2,0,0,36.320760,-86.703330,I 65,,,,0.00,,,,,,,96.75,N,Not at Intersection, ,Non-Junction,None,,,         ,Charles,Hauskin,Clear,"Sideswipe, Same Direction",no,no,no,no,yes,False